INSERT INTO WEATHER_STATION (City, Prefecture, StationOP, Altitude, Latitude, Longitude) VALUES('Νάξος Γαλανάδον', 'Κυκλάδες', 'P.W.S.', '90', '37.075016', '25.410635');
INSERT INTO WEATHER_STATION (City, Prefecture, StationOP, Altitude, Latitude, Longitude) VALUES('Σύρος', 'Κυκλάδες', 'P.W.S.', '123', '37.438502', '24.913934');
INSERT INTO WEATHER_STATION (City, Prefecture, StationOP, Altitude, Latitude, Longitude) VALUES('Αρτα', 'Αρτα', 'N.O.A.', '50', '39.158242', '20.987683');
INSERT INTO WEATHER_STATION (City, Prefecture, StationOP, Altitude, Latitude, Longitude) VALUES('Θεοδώριανα', 'Αρτα', 'N.O.A.', '960', '39.435522', '21.209928');
INSERT INTO WEATHER_STATION (City, Prefecture, StationOP, Altitude, Latitude, Longitude) VALUES('Λεπιανά', 'Αρτα', 'N.O.A.', '600', '39.416292', '21.089916');
INSERT INTO WEATHER_STATION (City, Prefecture, StationOP, Altitude, Latitude, Longitude) VALUES('Ηγουμενίτσα', 'Θεσπρωτία', 'N.O.A.', '77', '39.506149', '20.265533');
INSERT INTO WEATHER_STATION (City, Prefecture, StationOP, Altitude, Latitude, Longitude) VALUES('Φιλοθέη', 'Θεσπρωτία', 'M.C.', '150', '39.489361', '20.284095');
INSERT INTO WEATHER_STATION (City, Prefecture, StationOP, Altitude, Latitude, Longitude) VALUES('Alexan', 'Ιωάννινα', 'P.W.S.', '485', '39.658779', '20.850036');
INSERT INTO WEATHER_STATION (City, Prefecture, StationOP, Altitude, Latitude, Longitude) VALUES('Αγία Κυριακή', 'Ιωάννινα', 'N.O.A.', '515', '39.520706', '20.879215');
INSERT INTO WEATHER_STATION (City, Prefecture, StationOP, Altitude, Latitude, Longitude) VALUES('Αγία Παρασκευή Κεράσοβο', 'Ιωάννινα', 'N.O.A.', '960', '40.145586', '20.894085');
INSERT INTO WEATHER_STATION (City, Prefecture, StationOP, Altitude, Latitude, Longitude) VALUES('Ανατολή Κέντρο', 'Ιωάννινα', 'P.W.S.', '505', '39.636773', '20.864732');
INSERT INTO WEATHER_STATION (City, Prefecture, StationOP, Altitude, Latitude, Longitude) VALUES('Δερβίζιανα', 'Ιωάννινα', 'N.O.A.', '585', '39.400846', '20.782126');
INSERT INTO WEATHER_STATION (City, Prefecture, StationOP, Altitude, Latitude, Longitude) VALUES('Δωδώνη', 'Ιωάννινα', 'N.O.A.', '675', '39.543250', '20.773505');
INSERT INTO WEATHER_STATION (City, Prefecture, StationOP, Altitude, Latitude, Longitude) VALUES('Ελεούσα', 'Ιωάννινα', 'P.W.S.', '540', '39.706856', '20.792654');
INSERT INTO WEATHER_STATION (City, Prefecture, StationOP, Altitude, Latitude, Longitude) VALUES('Ζίτσα', 'Ιωάννινα', 'N.O.A.', '740', '39.754603', '20.649482');
INSERT INTO WEATHER_STATION (City, Prefecture, StationOP, Altitude, Latitude, Longitude) VALUES('Ζαγοροχώρια Τρίστενο', 'Ιωάννινα', 'N.O.A.', '950', '39.793596', '21.001801');
INSERT INTO WEATHER_STATION (City, Prefecture, StationOP, Altitude, Latitude, Longitude) VALUES('Ιωάννινα Αμπελόκηποι', 'Ιωάννινα', 'P.W.S.', '477', '39.678219', '20.837839');
INSERT INTO WEATHER_STATION (City, Prefecture, StationOP, Altitude, Latitude, Longitude) VALUES('Ιωάννινα Κέντρο', 'Ιωάννινα', 'P.W.S.', '475', '39.665028', '20.853746');
INSERT INTO WEATHER_STATION (City, Prefecture, StationOP, Altitude, Latitude, Longitude) VALUES('Ιωάννινα', 'Ιωάννινα', 'N.O.A.', '475', '39.665028', '20.853746');
INSERT INTO WEATHER_STATION (City, Prefecture, StationOP, Altitude, Latitude, Longitude) VALUES('Καρδαμίτσια', 'Ιωάννινα', 'P.W.S.', '505', '39.680691', '20.821839');
INSERT INTO WEATHER_STATION (City, Prefecture, StationOP, Altitude, Latitude, Longitude) VALUES('Μέτσοβο', 'Ιωάννινα', 'N.O.A.', '1240', '39.770246', '21.182861');
INSERT INTO WEATHER_STATION (City, Prefecture, StationOP, Altitude, Latitude, Longitude) VALUES('Πληκάτι', 'Ιωάννινα', 'N.O.A.', '1240', '40.296900', '20.768835');
INSERT INTO WEATHER_STATION (City, Prefecture, StationOP, Altitude, Latitude, Longitude) VALUES('Πράμαντα', 'Ιωάννινα', 'N.O.A.', '840', '39.522839', '21.104446');
INSERT INTO WEATHER_STATION (City, Prefecture, StationOP, Altitude, Latitude, Longitude) VALUES('Τύρια', 'Ιωάννινα', 'N.O.A.', '340', '39.530990', '20.691483');
INSERT INTO WEATHER_STATION (City, Prefecture, StationOP, Altitude, Latitude, Longitude) VALUES('Καστροσυκιά', 'Πρέβεζα', 'P.W.S.', '62', '39.104760', '20.640795');
INSERT INTO WEATHER_STATION (City, Prefecture, StationOP, Altitude, Latitude, Longitude) VALUES('Φυλακτή Λίμνη Πλαστήρα', 'Καρδίτσα', 'P.W.S.', '1150', '39.303328', '21.678907');
INSERT INTO WEATHER_STATION (City, Prefecture, StationOP, Altitude, Latitude, Longitude) VALUES('Βελίκα', 'Λάρισα', 'P.W.S.', '40', '39.748860', '22.862184');
INSERT INTO WEATHER_STATION (City, Prefecture, StationOP, Altitude, Latitude, Longitude) VALUES('Λάρισα 6 Δρόμοι', 'Λάρισα', 'P.W.S.', '85', '39.616027', '22.402582');
INSERT INTO WEATHER_STATION (City, Prefecture, StationOP, Altitude, Latitude, Longitude) VALUES('Λάρισα ΑΤΑ', 'Λάρισα', 'M.C.', '81', '39.642487', '22.430543');
INSERT INTO WEATHER_STATION (City, Prefecture, StationOP, Altitude, Latitude, Longitude) VALUES('Λάρισα Σίφνου', 'Λάρισα', 'P.W.S.', '82', '39.626625', '22.413493');
INSERT INTO WEATHER_STATION (City, Prefecture, StationOP, Altitude, Latitude, Longitude) VALUES('Συκούριο', 'Λάρισα', 'M.C.', '185', '39.757535', '22.579755');
INSERT INTO WEATHER_STATION (City, Prefecture, StationOP, Altitude, Latitude, Longitude) VALUES('Πηγάδι', 'Μαγνησία', 'P.W.S.', '15', '39.037850', '22.979841');
INSERT INTO WEATHER_STATION (City, Prefecture, StationOP, Altitude, Latitude, Longitude) VALUES('Πορταριά', 'Μαγνησία', 'P.W.S.', '678', '39.389716', '22.998225');
INSERT INTO WEATHER_STATION (City, Prefecture, StationOP, Altitude, Latitude, Longitude) VALUES('Σκιάθος Ερασιτεχνικό Αστεροσκοπείο', 'Μαγνησία', 'P.W.S.', '35', '39.16352', '23.490166');
INSERT INTO WEATHER_STATION (City, Prefecture, StationOP, Altitude, Latitude, Longitude) VALUES('Σκόπελος', 'Μαγνησία', 'N.O.A.', '60', '39.18506', '22.769844');
INSERT INTO WEATHER_STATION (City, Prefecture, StationOP, Altitude, Latitude, Longitude) VALUES('Διδυμότειχο', 'Εβρος', 'M.C.', '52', '41.347649', '26.495637');
INSERT INTO WEATHER_STATION (City, Prefecture, StationOP, Altitude, Latitude, Longitude) VALUES('Γέρακας', 'Ξάνθη', 'M.C.', '225', '41.196164', '24.824084');
INSERT INTO WEATHER_STATION (City, Prefecture, StationOP, Altitude, Latitude, Longitude) VALUES('Αιολικό Πάρκο Μοναστήρι I', 'Ροδόπη', 'P.W.S.', '710', '41.079568', '25.568108');
INSERT INTO WEATHER_STATION (City, Prefecture, StationOP, Altitude, Latitude, Longitude) VALUES('Παντοκράτορας', 'Κέρκυρα', 'M.C.', '640', '39.746944', '19.871111');
INSERT INTO WEATHER_STATION (City, Prefecture, StationOP, Altitude, Latitude, Longitude) VALUES('Ιθάκη', 'Κεφαλληνία', 'N.O.A.', '10', '38.428460', '20.676487');
INSERT INTO WEATHER_STATION (City, Prefecture, StationOP, Altitude, Latitude, Longitude) VALUES('Πλατρειθιάς Ιθάκη', 'Κεφαλληνία', 'P.W.S.', '107', '38.459933', '20.648949');
INSERT INTO WEATHER_STATION (City, Prefecture, StationOP, Altitude, Latitude, Longitude) VALUES('Σπαρτιά', 'Κεφαλληνία', 'P.W.S.', '149', '38.111101', '20.562284');
INSERT INTO WEATHER_STATION (City, Prefecture, StationOP, Altitude, Latitude, Longitude) VALUES('Λευκάδα', 'Λευκάδα', 'N.O.A.', '12', '38.706646', '20.64073');
INSERT INTO WEATHER_STATION (City, Prefecture, StationOP, Altitude, Latitude, Longitude) VALUES('Πλατύστομα', 'Λευκάδα', 'P.W.S.', '490', '38.742167', '20.666288');
INSERT INTO WEATHER_STATION (City, Prefecture, StationOP, Altitude, Latitude, Longitude) VALUES('Παντάνασσα Γάζι', 'Ηράκλειο', 'P.W.S.', '17', '35.353109', '25.042588');
INSERT INTO WEATHER_STATION (City, Prefecture, StationOP, Altitude, Latitude, Longitude) VALUES('Σταυράκια', 'Ηράκλειο', 'N.O.A.', '245', '35.253215', '25.061827');
INSERT INTO WEATHER_STATION (City, Prefecture, StationOP, Altitude, Latitude, Longitude) VALUES('Ελούντα', 'Λασίθι', 'P.W.S.', '7', '35.261350', '25.723416');
INSERT INTO WEATHER_STATION (City, Prefecture, StationOP, Altitude, Latitude, Longitude) VALUES('Ρούστικα', 'Ρέθυμνο', 'P.W.S.', '310', '35.287641', '24.373487');
INSERT INTO WEATHER_STATION (City, Prefecture, StationOP, Altitude, Latitude, Longitude) VALUES('Κουντούρα', 'Χανιά', 'P.W.S.', '50', '35.240576', '23.621219');
INSERT INTO WEATHER_STATION (City, Prefecture, StationOP, Altitude, Latitude, Longitude) VALUES('Δράμα Νέα Αμισός  Δράμα', 'Δράμα', 'P.W.S.', '115', '41.131626', '24.121075');
INSERT INTO WEATHER_STATION (City, Prefecture, StationOP, Altitude, Latitude, Longitude) VALUES('Δράμα Αμπελόκηποι', 'Δράμα', 'P.W.S.', '102', '41.045201', '24.18452');
INSERT INTO WEATHER_STATION (City, Prefecture, StationOP, Altitude, Latitude, Longitude) VALUES('Δράμα Κέντρο', 'Δράμα', 'P.W.S.', '110', '41.149001', '24.147079');
INSERT INTO WEATHER_STATION (City, Prefecture, StationOP, Altitude, Latitude, Longitude) VALUES('Καλαμώνας', 'Δράμα', 'P.W.S.', '55', '41.011069', '24.212838');
INSERT INTO WEATHER_STATION (City, Prefecture, StationOP, Altitude, Latitude, Longitude) VALUES('Βέροια', 'Ημαθία', 'P.W.S.', '105', '40.519361', '22.205216');
INSERT INTO WEATHER_STATION (City, Prefecture, StationOP, Altitude, Latitude, Longitude) VALUES('Στενήμαχος', 'Ημαθία', 'M.C.', '140', '40.603935', '22.126004');
INSERT INTO WEATHER_STATION (City, Prefecture, StationOP, Altitude, Latitude, Longitude) VALUES('Επταπύργιο', 'Θεσσαλονίκη', 'P.W.S.', '200', '40.644149', '22.961918');
INSERT INTO WEATHER_STATION (City, Prefecture, StationOP, Altitude, Latitude, Longitude) VALUES('Θεσσαλονίκη Ευκαρπία', 'Θεσσαλονίκη', 'P.W.S.', '89', '40.689740', '22.954116');
INSERT INTO WEATHER_STATION (City, Prefecture, StationOP, Altitude, Latitude, Longitude) VALUES('Θεσσαλονίκη Κέντρο', 'Θεσσαλονίκη', 'P.W.S.', '34', '40.640062', '22.944419');
INSERT INTO WEATHER_STATION (City, Prefecture, StationOP, Altitude, Latitude, Longitude) VALUES('Ιωνία SV2BZQ', 'Θεσσαλονίκη', 'P.W.S.', '32', '40.640062', '22.944419');
INSERT INTO WEATHER_STATION (City, Prefecture, StationOP, Altitude, Latitude, Longitude) VALUES('Κάτω Πυλαία', 'Θεσσαλονίκη', 'P.W.S.', '21', '40.611080', '22.965733');
INSERT INTO WEATHER_STATION (City, Prefecture, StationOP, Altitude, Latitude, Longitude) VALUES('Καλαμαριά 2', 'Θεσσαλονίκη', 'P.W.S.', '38', '40.585715', '22.962196');
INSERT INTO WEATHER_STATION (City, Prefecture, StationOP, Altitude, Latitude, Longitude) VALUES('Καλαμαριά SV2BNL 2', 'Θεσσαλονίκη', 'P.W.S.', '72', '40.578542', '22.959498');
INSERT INTO WEATHER_STATION (City, Prefecture, StationOP, Altitude, Latitude, Longitude) VALUES('Καρδία SV2HNE', 'Θεσσαλονίκη', 'P.W.S.', '180', '40.468507', '22.994542');
INSERT INTO WEATHER_STATION (City, Prefecture, StationOP, Altitude, Latitude, Longitude) VALUES('Νέα Κρήνη', 'Θεσσαλονίκη', 'P.W.S.', '17', '40.572584', '22.956238');
INSERT INTO WEATHER_STATION (City, Prefecture, StationOP, Altitude, Latitude, Longitude) VALUES('Πεντάλοφος SV2BZQ', 'Θεσσαλονίκη', 'P.W.S.', '250', '40.743909', '22.854005');
INSERT INTO WEATHER_STATION (City, Prefecture, StationOP, Altitude, Latitude, Longitude) VALUES('Φίλυρο (Οικοισμος Γερακίνα)', 'Θεσσαλονίκη', 'P.W.S.', '400', '40.693041', '23.006081');
INSERT INTO WEATHER_STATION (City, Prefecture, StationOP, Altitude, Latitude, Longitude) VALUES('Ωραιόκαστρο', 'Θεσσαλονίκη', 'P.W.S.', '240', '40.727788', '22.920521');
INSERT INTO WEATHER_STATION (City, Prefecture, StationOP, Altitude, Latitude, Longitude) VALUES('Ελευθερούπολη', 'Καβάλα', 'P.W.S.', '115', '40.915654', '24.254745');
INSERT INTO WEATHER_STATION (City, Prefecture, StationOP, Altitude, Latitude, Longitude) VALUES('Θάσος Λιμένας', 'Καβάλα', 'M.T.C.', '25', '40.684499', '24.648370');
INSERT INTO WEATHER_STATION (City, Prefecture, StationOP, Altitude, Latitude, Longitude) VALUES('Καβάλα', 'Καβάλα', 'P.W.S.', '90', '40.937607', '24.412866');
INSERT INTO WEATHER_STATION (City, Prefecture, StationOP, Altitude, Latitude, Longitude) VALUES('Παλαιοχώρι Παγγαίο', 'Καβάλα', 'P.W.S.', '130', '40.943451', '24.177358');
INSERT INTO WEATHER_STATION (City, Prefecture, StationOP, Altitude, Latitude, Longitude) VALUES('Βεγορίτιδα', 'Πέλλα', 'N.O.A.', '647', '40.761994', '21.797238');
INSERT INTO WEATHER_STATION (City, Prefecture, StationOP, Altitude, Latitude, Longitude) VALUES('Μακρύγιαλος SV2BZQ', 'Πιερία', 'P.W.S.', '60', '40.415984', '22.603750');
INSERT INTO WEATHER_STATION (City, Prefecture, StationOP, Altitude, Latitude, Longitude) VALUES('Ηράκλεια Σέρρες', 'Σέρρες', 'P.W.S.', '35', '41.283333', '23.45');
INSERT INTO WEATHER_STATION (City, Prefecture, StationOP, Altitude, Latitude, Longitude) VALUES('Πρώτη', 'Σέρρες', 'P.W.S.', '310', '40.943924', '24.001271');
INSERT INTO WEATHER_STATION (City, Prefecture, StationOP, Altitude, Latitude, Longitude) VALUES('Ροδολίβος', 'Σέρρες', 'P.W.S.', '354', '40.920195', '23.974203');
INSERT INTO WEATHER_STATION (City, Prefecture, StationOP, Altitude, Latitude, Longitude) VALUES('Χρυσοχώραφα Σέρρες', 'Σέρρες', 'M.C.', '33', '41.179771', '23.235360');
INSERT INTO WEATHER_STATION (City, Prefecture, StationOP, Altitude, Latitude, Longitude) VALUES('Nέα Μουδανιά', 'Χαλκιδική', 'P.W.S.', '4', '40.240972', '23.286561');
INSERT INTO WEATHER_STATION (City, Prefecture, StationOP, Altitude, Latitude, Longitude) VALUES('Άγιος Νικόλαος', 'Χαλκιδική', 'P.W.S.', '91', '40.248883', '23.695265');
INSERT INTO WEATHER_STATION (City, Prefecture, StationOP, Altitude, Latitude, Longitude) VALUES('Νέα Ηράκλεια', 'Χαλκιδική', 'P.W.S.', '54', '40.345945', '23.016038');
INSERT INTO WEATHER_STATION (City, Prefecture, StationOP, Altitude, Latitude, Longitude) VALUES('Ναύπλιο', 'Αργολίδα', 'M.C.', '14', '37.567317', '22.801553');
INSERT INTO WEATHER_STATION (City, Prefecture, StationOP, Altitude, Latitude, Longitude) VALUES('Νεοχώρι Φαλαισία Β. Ταΰγετος', 'Αρκαδία', 'P.W.S.', '1175', '37.185195', '22.233247');
INSERT INTO WEATHER_STATION (City, Prefecture, StationOP, Altitude, Latitude, Longitude) VALUES('Ακράτα Συλιβαινιώτικα', 'Αχαΐα', 'P.W.S.', '22', '38.160521', '22.331161');
INSERT INTO WEATHER_STATION (City, Prefecture, StationOP, Altitude, Latitude, Longitude) VALUES('Κάτω Βλασία', 'Αχαΐα', 'N.O.A.', '800', '38.007802', '21.913664');
INSERT INTO WEATHER_STATION (City, Prefecture, StationOP, Altitude, Latitude, Longitude) VALUES('Πάτρα Αγιά', 'Αχαΐα', 'P.W.S.', '36', '38.273683', '21.747039');
INSERT INTO WEATHER_STATION (City, Prefecture, StationOP, Altitude, Latitude, Longitude) VALUES('Πάτρα Κετχ', 'Αχαΐα', 'P.W.S.', '56', '38.246639', '21.734574');
INSERT INTO WEATHER_STATION (City, Prefecture, StationOP, Altitude, Latitude, Longitude) VALUES('Ρίο Καστελόκαμπος', 'Αχαΐα', 'P.W.S.', '39', '38.291842', '21.769503');
INSERT INTO WEATHER_STATION (City, Prefecture, StationOP, Altitude, Latitude, Longitude) VALUES('Καπελέτο Βάρδας', 'Ηλεία', 'P.W.S.', '29', '37.996777', '21.370288');
INSERT INTO WEATHER_STATION (City, Prefecture, StationOP, Altitude, Latitude, Longitude) VALUES('Πύργος Νεάπολη', 'Ηλεία', 'P.W.S.', '14', '38.050035', '21.387589');
INSERT INTO WEATHER_STATION (City, Prefecture, StationOP, Altitude, Latitude, Longitude) VALUES('Πύργος', 'Ηλεία', 'N.O.A.', '22', '37.671848', '21.443225');
INSERT INTO WEATHER_STATION (City, Prefecture, StationOP, Altitude, Latitude, Longitude) VALUES('Δερβένι', 'Κορινθία', 'H.U.A.', '5', '38.130886', '22.412280');
INSERT INTO WEATHER_STATION (City, Prefecture, StationOP, Altitude, Latitude, Longitude) VALUES('Καίσαρι - Ζήρια', 'Κορινθία', 'P.W.S.', '950', '37.947308', '22.431132');
INSERT INTO WEATHER_STATION (City, Prefecture, StationOP, Altitude, Latitude, Longitude) VALUES('Κόρινθος', 'Κορινθία', 'P.W.S.', '13', '37.938636', '22.932238');
INSERT INTO WEATHER_STATION (City, Prefecture, StationOP, Altitude, Latitude, Longitude) VALUES('Λαλιώτη', 'Κορινθία', 'P.W.S.', '366', '38.012757', '22.673984');
INSERT INTO WEATHER_STATION (City, Prefecture, StationOP, Altitude, Latitude, Longitude) VALUES('Συκιά', 'Κορινθία', 'P.W.S.', '8', '38.062580', '22.658896');
INSERT INTO WEATHER_STATION (City, Prefecture, StationOP, Altitude, Latitude, Longitude) VALUES('Γεράκι', 'Λακωνία', 'H.U.A.', '330', '36.992254', '22.705913');
INSERT INTO WEATHER_STATION (City, Prefecture, StationOP, Altitude, Latitude, Longitude) VALUES('Βελανιδιά Κρεμμύδια', 'Μεσσηνία', 'M.C.', '350', '36.994395', '21.777209');
INSERT INTO WEATHER_STATION (City, Prefecture, StationOP, Altitude, Latitude, Longitude) VALUES('Καλαμάτα Κέντρο', 'Μεσσηνία', 'M.C.', '38', '37.042237', '22.114126');
INSERT INTO WEATHER_STATION (City, Prefecture, StationOP, Altitude, Latitude, Longitude) VALUES('Καλαμάτα Νησάκι', 'Μεσσηνία', 'P.W.S.', '18', '37.042237', '22.114126');
INSERT INTO WEATHER_STATION (City, Prefecture, StationOP, Altitude, Latitude, Longitude) VALUES('Κορομηλιά', 'Μεσσηνία', 'P.W.S.', '509', '37.155496', '21.849085');
INSERT INTO WEATHER_STATION (City, Prefecture, StationOP, Altitude, Latitude, Longitude) VALUES('Μάνεσης', 'Μεσσηνία', 'P.W.S.', '200', '37.085212', '21.89708');
INSERT INTO WEATHER_STATION (City, Prefecture, StationOP, Altitude, Latitude, Longitude) VALUES('Νέδουσα Ταϋγέτου', 'Μεσσηνία', 'P.W.S.', '712', '36.953268', '22.350704');
INSERT INTO WEATHER_STATION (City, Prefecture, StationOP, Altitude, Latitude, Longitude) VALUES('Φοινικούντα', 'Μεσσηνία', 'M.T.C.', '5', '36.808105', '21.806970');
INSERT INTO WEATHER_STATION (City, Prefecture, StationOP, Altitude, Latitude, Longitude) VALUES('Αμφιλοχία', 'Αιτωλοακαρνανία', 'N.O.A.', '40', '38.863256', '21.166618');
INSERT INTO WEATHER_STATION (City, Prefecture, StationOP, Altitude, Latitude, Longitude) VALUES('Ναύπακτος', 'Αιτωλοακαρνανία', 'P.W.S.', '60', '38.392977', '21.834872');
INSERT INTO WEATHER_STATION (City, Prefecture, StationOP, Altitude, Latitude, Longitude) VALUES('Παναιτώλιο', 'Αιτωλοακαρνανία', 'M.C.', '34', '38.582529', '21.446768');
INSERT INTO WEATHER_STATION (City, Prefecture, StationOP, Altitude, Latitude, Longitude) VALUES('Άγιος Δημήτριος', 'Αττική', 'M.C.', '79', '37.935693', '23.729455');
INSERT INTO WEATHER_STATION (City, Prefecture, StationOP, Altitude, Latitude, Longitude) VALUES('Άνω Μελίσσια', 'Αττική', 'P.W.S.', '377', '38.065312', '23.843893');
INSERT INTO WEATHER_STATION (City, Prefecture, StationOP, Altitude, Latitude, Longitude) VALUES('Ύδρα', 'Αττική', 'P.W.S.', '30', '37.328789', '23.471656');
INSERT INTO WEATHER_STATION (City, Prefecture, StationOP, Altitude, Latitude, Longitude) VALUES('Αγία Παρασκευή', 'Αττική', 'P.W.S.', '255', '38.013582', '23.821807');
INSERT INTO WEATHER_STATION (City, Prefecture, StationOP, Altitude, Latitude, Longitude) VALUES('Αγιος Στέφανος 2', 'Αττική', 'P.W.S.', '385', '37.999806', '24.019798');
INSERT INTO WEATHER_STATION (City, Prefecture, StationOP, Altitude, Latitude, Longitude) VALUES('Αγιος Στέφανος', 'Αττική', 'P.W.S.', '380', '38.141707', '23.858688');
INSERT INTO WEATHER_STATION (City, Prefecture, StationOP, Altitude, Latitude, Longitude) VALUES('Αθήνα Άνω Κυψέλη', 'Αττική', 'P.W.S.', '180', '38.005914', '23.746920');
INSERT INTO WEATHER_STATION (City, Prefecture, StationOP, Altitude, Latitude, Longitude) VALUES('Αθήνα Χαροκόπειο Πανεπιστήμιο', 'Αττική', 'N.O.A.', '37', '37.961092', '23.708382');
INSERT INTO WEATHER_STATION (City, Prefecture, StationOP, Altitude, Latitude, Longitude) VALUES('Αιγάλεω', 'Αττική', 'M.C.', '50', '37.990183', '23.674025');
INSERT INTO WEATHER_STATION (City, Prefecture, StationOP, Altitude, Latitude, Longitude) VALUES('Ανάβυσσος', 'Αττική', 'N.O.A.', '10', '37.733796', '23.943771');
INSERT INTO WEATHER_STATION (City, Prefecture, StationOP, Altitude, Latitude, Longitude) VALUES('Ασπρόπυργος SV1EJD', 'Αττική', 'N.O.A.', '48', '38.060906', '23.591060');
INSERT INTO WEATHER_STATION (City, Prefecture, StationOP, Altitude, Latitude, Longitude) VALUES('Αυλώνας', 'Αττική', 'P.W.S.', '165', '38.250963', '23.695497');
INSERT INTO WEATHER_STATION (City, Prefecture, StationOP, Altitude, Latitude, Longitude) VALUES('Αχαρναί 2', 'Αττική', 'P.W.S.', '211', '38.085220', '23.738064');
INSERT INTO WEATHER_STATION (City, Prefecture, StationOP, Altitude, Latitude, Longitude) VALUES('Αχαρναί', 'Αττική', 'M.C.', '191', '38.085220', '23.738064');
INSERT INTO WEATHER_STATION (City, Prefecture, StationOP, Altitude, Latitude, Longitude) VALUES('Βάρκιζα', 'Αττική', 'P.W.S.', '15', '37.817550', '23.799247');
INSERT INTO WEATHER_STATION (City, Prefecture, StationOP, Altitude, Latitude, Longitude) VALUES('Βύρωνας', 'Αττική', 'P.W.S.', '160', '37.959333', '23.751301');
INSERT INTO WEATHER_STATION (City, Prefecture, StationOP, Altitude, Latitude, Longitude) VALUES('Γαλάτσι 2', 'Αττική', 'M.C.', '155', '38.015566', '23.735683');
INSERT INTO WEATHER_STATION (City, Prefecture, StationOP, Altitude, Latitude, Longitude) VALUES('Γαλάτσι', 'Αττική', 'M.C.', '180', '38.013074', '23.753032');
INSERT INTO WEATHER_STATION (City, Prefecture, StationOP, Altitude, Latitude, Longitude) VALUES('Διόνυσσος 2', 'Αττική', 'M.C.', '500', '38.098743', '23.879018');
INSERT INTO WEATHER_STATION (City, Prefecture, StationOP, Altitude, Latitude, Longitude) VALUES('Διόνυσσος', 'Αττική', 'N.O.A.', '575', '38.098743', '23.879018');
INSERT INTO WEATHER_STATION (City, Prefecture, StationOP, Altitude, Latitude, Longitude) VALUES('Δροσιά', 'Αττική', 'P.W.S.', '390', '38.119756', '23.866130');
INSERT INTO WEATHER_STATION (City, Prefecture, StationOP, Altitude, Latitude, Longitude) VALUES('Εκάλη', 'Αττική', 'N.O.A.', '340', '38.100877', '23.835079');
INSERT INTO WEATHER_STATION (City, Prefecture, StationOP, Altitude, Latitude, Longitude) VALUES('Ζωγράφου - Ε.Μ.Π. - Σχολή Τοπογράφων', 'Αττική', 'P.W.S.', '210', '37.975167', '23.779986');
INSERT INTO WEATHER_STATION (City, Prefecture, StationOP, Altitude, Latitude, Longitude) VALUES('Ηλιούπολη', 'Αττική', 'P.W.S.', '130', '37.929858', '23.769232');
INSERT INTO WEATHER_STATION (City, Prefecture, StationOP, Altitude, Latitude, Longitude) VALUES('Ιπποκράτειος Πολιτεία', 'Αττική', 'P.W.S.', '596', '38.203152', '23.802742');
INSERT INTO WEATHER_STATION (City, Prefecture, StationOP, Altitude, Latitude, Longitude) VALUES('Καλαμάκι - AirMar', 'Αττική', 'P.W.S.', '32', '37.916854', '23.718614');
INSERT INTO WEATHER_STATION (City, Prefecture, StationOP, Altitude, Latitude, Longitude) VALUES('Καλύβια Θορικού', 'Αττική', 'P.W.S.', '150', '37.840513', '23.928404');
INSERT INTO WEATHER_STATION (City, Prefecture, StationOP, Altitude, Latitude, Longitude) VALUES('Κηφισιά', 'Αττική', 'P.W.S.', '290', '38.076784', '23.814697');
INSERT INTO WEATHER_STATION (City, Prefecture, StationOP, Altitude, Latitude, Longitude) VALUES('Κορυδαλλός', 'Αττική', 'P.W.S.', '155', '37.989633', '23.641294');
INSERT INTO WEATHER_STATION (City, Prefecture, StationOP, Altitude, Latitude, Longitude) VALUES('Λαύριο 2', 'Αττική', 'M.C.', '20', '38.008725', '23.844533');
INSERT INTO WEATHER_STATION (City, Prefecture, StationOP, Altitude, Latitude, Longitude) VALUES('Λαύριο', 'Αττική', 'N.O.A.', '3', '37.714177', '24.057663');
INSERT INTO WEATHER_STATION (City, Prefecture, StationOP, Altitude, Latitude, Longitude) VALUES('Λυκόβρυση', 'Αττική', 'M.C.', '253', '38.067613', '23.780405');
INSERT INTO WEATHER_STATION (City, Prefecture, StationOP, Altitude, Latitude, Longitude) VALUES('Μαραθώνας Παραλία', 'Αττική', 'M.C.', '3', '38.108897', '23.981925');
INSERT INTO WEATHER_STATION (City, Prefecture, StationOP, Altitude, Latitude, Longitude) VALUES('Μαρούσι Κοκκινιά', 'Αττική', 'P.W.S.', '235', '37.974619', '23.641294');
INSERT INTO WEATHER_STATION (City, Prefecture, StationOP, Altitude, Latitude, Longitude) VALUES('Νέα Κηφισιά', 'Αττική', 'P.W.S.', '278', '38.093811', '23.797283');
INSERT INTO WEATHER_STATION (City, Prefecture, StationOP, Altitude, Latitude, Longitude) VALUES('Νέο Φάληρο 2', 'Αττική', 'M.C.', '25', '37.894584', '23.761435');
INSERT INTO WEATHER_STATION (City, Prefecture, StationOP, Altitude, Latitude, Longitude) VALUES('Νίκαια Περιβολάκι', 'Αττική', 'M.C.', '26', '37.970285', '23.652709');
INSERT INTO WEATHER_STATION (City, Prefecture, StationOP, Altitude, Latitude, Longitude) VALUES('Παλαιό Φάληρο 2', 'Αττική', 'P.W.S.', '35', '37.894584', '23.761435');
INSERT INTO WEATHER_STATION (City, Prefecture, StationOP, Altitude, Latitude, Longitude) VALUES('Παλλήνη Κάντζα', 'Αττική', 'P.W.S.', '180', '37.986876', '23.855411');
INSERT INTO WEATHER_STATION (City, Prefecture, StationOP, Altitude, Latitude, Longitude) VALUES('Πειραιάς Λόφος Βώκου', 'Αττική', 'M.C.', '60', '37.959184', '23.644988');
INSERT INTO WEATHER_STATION (City, Prefecture, StationOP, Altitude, Latitude, Longitude) VALUES('Πειραιάς', 'Αττική', 'M.C.', '40', '37.942985', '23.646983');
INSERT INTO WEATHER_STATION (City, Prefecture, StationOP, Altitude, Latitude, Longitude) VALUES('Περαμα', 'Αττική', 'M.C.', '19', '37.965608', '23.567708');
INSERT INTO WEATHER_STATION (City, Prefecture, StationOP, Altitude, Latitude, Longitude) VALUES('Πόρτο Ράφτη Λιμικό', 'Αττική', 'P.W.', '60', '37.891171', '24.002686');
INSERT INTO WEATHER_STATION (City, Prefecture, StationOP, Altitude, Latitude, Longitude) VALUES('Ρέα', 'Αττική', 'P.W.S.', '450', '38.109015', '23.855247');
INSERT INTO WEATHER_STATION (City, Prefecture, StationOP, Altitude, Latitude, Longitude) VALUES('Σαλαμίνα', 'Αττική', 'H.U.A.', '5', '37.929078', '23.513326');
INSERT INTO WEATHER_STATION (City, Prefecture, StationOP, Altitude, Latitude, Longitude) VALUES('Σχινιάς', 'Αττική', 'M.T.C.', '5', '38.151058', '24.003939');
INSERT INTO WEATHER_STATION (City, Prefecture, StationOP, Altitude, Latitude, Longitude) VALUES('Υμηττός', 'Αττική', 'P.W.S.', '122', '37.952590', '23.746452');
INSERT INTO WEATHER_STATION (City, Prefecture, StationOP, Altitude, Latitude, Longitude) VALUES('Χαλάνδρι 2', 'Αττική', 'M.C.', '180', '38.013727', '23.820239');
INSERT INTO WEATHER_STATION (City, Prefecture, StationOP, Altitude, Latitude, Longitude) VALUES('Αράχωβα', 'Βοιωτία', 'P.W.S.', '950', '38.480000', '22.584366');
INSERT INTO WEATHER_STATION (City, Prefecture, StationOP, Altitude, Latitude, Longitude) VALUES('Λιβαδειά', 'Βοιωτία', 'P.W.S.', '190', '38.438708', '22.875399');
INSERT INTO WEATHER_STATION (City, Prefecture, StationOP, Altitude, Latitude, Longitude) VALUES('Οινόφυτα', 'Βοιωτία', 'P.W.S.', '110', '38.308064', '23.639117');
INSERT INTO WEATHER_STATION (City, Prefecture, StationOP, Altitude, Latitude, Longitude) VALUES('Παρνασσός Σκαμνός', 'Βοιωτία', 'P.W.S.', '1210', '38.550515', '22.527074');
INSERT INTO WEATHER_STATION (City, Prefecture, StationOP, Altitude, Latitude, Longitude) VALUES('Ιστιαία', 'Εύβοια', 'P.W.S.', '55', '38.91783', '23.215624');
INSERT INTO WEATHER_STATION (City, Prefecture, StationOP, Altitude, Latitude, Longitude) VALUES('Κάρυστος', 'Εύβοια', 'P.W.S.', '45', '38.013999', '24.419899');
INSERT INTO WEATHER_STATION (City, Prefecture, StationOP, Altitude, Latitude, Longitude) VALUES('Καβοντόρος Πρινιά', 'Εύβοια', 'N.O.A.', '386', '38.523603', '23.858473');
INSERT INTO WEATHER_STATION (City, Prefecture, StationOP, Altitude, Latitude, Longitude) VALUES('Σέττα', 'Εύβοια', 'N.O.A.', '925', '38.533132', '23.920619');
INSERT INTO WEATHER_STATION (City, Prefecture, StationOP, Altitude, Latitude, Longitude) VALUES('Χαλκίδα, Δροσιά Ανθηδώνος', 'Εύβοια', 'P.W.S.', '20', '38.497973', '23.461617');
INSERT INTO WEATHER_STATION (City, Prefecture, StationOP, Altitude, Latitude, Longitude) VALUES('Χαλκίδα', 'Εύβοια', 'P.W.S.', '15', '38.464524', '23.605069');
INSERT INTO WEATHER_STATION (City, Prefecture, StationOP, Altitude, Latitude, Longitude) VALUES('Ωρεοί', 'Εύβοια', 'P.W.S.', '30', '38.950724', '23.092765');
INSERT INTO WEATHER_STATION (City, Prefecture, StationOP, Altitude, Latitude, Longitude) VALUES('Καμμένα Βούρλα, Καινούργιο', 'Φθιώτιδα', 'P.W.S.', '35', '38.792157', '22.724445');
INSERT INTO WEATHER_STATION (City, Prefecture, StationOP, Altitude, Latitude, Longitude) VALUES('Λαμία Άμπλιανη', 'Φθιώτιδα', 'M.T.C.', '45', '38.889999', '22.433312');
INSERT INTO WEATHER_STATION (City, Prefecture, StationOP, Altitude, Latitude, Longitude) VALUES('Παρνασσός Πολύδροσο', 'Φωκίδα', 'M.C.', '392', '38.640384', '22.531720');
INSERT INTO SENSOR (SerialNumber, CityPlaced, SensorModel, MinimValue, MaximValue, Unit, SensorType) VALUES (443463, 'Νάξος Γαλανάδον', 'TNCYM-235', -53.0, 73.9, '°C', 'Temperature');
INSERT INTO MEASUREMENT (DateTime, SensorID, MeasValue) VALUES (TO_DATE('08/05/18 23:30', 'DD/MM/YY HH24:MI'), 443463, 17.9);
INSERT INTO SENSOR (SerialNumber, CityPlaced, SensorModel, MinimValue, MaximValue, Unit, SensorType) VALUES (915903, 'Νάξος Γαλανάδον', 'OWEIC-6125', 0, 100, '%', 'Humidity');
INSERT INTO MEASUREMENT (DateTime, SensorID, MeasValue) VALUES (TO_DATE('08/05/18 23:30', 'DD/MM/YY HH24:MI'), 915903, 62);
INSERT INTO SENSOR (SerialNumber, CityPlaced, SensorModel, MinimValue, MaximValue, Unit, SensorType) VALUES (53979, 'Νάξος Γαλανάδον', 'FFTI-342', 744.0, 1058.9, 'hPa', 'Pressure');
INSERT INTO MEASUREMENT (DateTime, SensorID, MeasValue) VALUES (TO_DATE('08/05/18 23:30', 'DD/MM/YY HH24:MI'), 53979, 1008.3);
INSERT INTO SENSOR (SerialNumber, CityPlaced, SensorModel, MinimValue, MaximValue, Unit, SensorType) VALUES (86816, 'Νάξος Γαλανάδον', 'ZNFP-2636', 0.0, 22.9, 'km/h', 'Wind');
INSERT INTO MEASUREMENT (DateTime, SensorID, MeasValue) VALUES (TO_DATE('08/05/18 23:30', 'DD/MM/YY HH24:MI'), 86816, 1.5);
INSERT INTO SENSOR (SerialNumber, CityPlaced, SensorModel, MinimValue, MaximValue, Unit, SensorType) VALUES (483379, 'Σύρος', 'OHSLX-019', -57.0, 71.9, '°C', 'Temperature');
INSERT INTO MEASUREMENT (DateTime, SensorID, MeasValue) VALUES (TO_DATE('08/05/18 23:30', 'DD/MM/YY HH24:MI'), 483379, 19.6);
INSERT INTO SENSOR (SerialNumber, CityPlaced, SensorModel, MinimValue, MaximValue, Unit, SensorType) VALUES (833340, 'Σύρος', 'UKPRO-3532', 0, 100, '%', 'Humidity');
INSERT INTO MEASUREMENT (DateTime, SensorID, MeasValue) VALUES (TO_DATE('08/05/18 23:30', 'DD/MM/YY HH24:MI'), 833340, 71);
INSERT INTO SENSOR (SerialNumber, CityPlaced, SensorModel, MinimValue, MaximValue, Unit, SensorType) VALUES (99926, 'Σύρος', 'VTZP-881', 742.0, 1096.9, 'hPa', 'Pressure');
INSERT INTO MEASUREMENT (DateTime, SensorID, MeasValue) VALUES (TO_DATE('08/05/18 23:30', 'DD/MM/YY HH24:MI'), 99926, 1006.3);
INSERT INTO SENSOR (SerialNumber, CityPlaced, SensorModel, MinimValue, MaximValue, Unit, SensorType) VALUES (18309, 'Σύρος', 'ETYX-4022', 0.0, 25.9, 'km/h', 'Wind');
INSERT INTO MEASUREMENT (DateTime, SensorID, MeasValue) VALUES (TO_DATE('08/05/18 23:30', 'DD/MM/YY HH24:MI'), 18309, 2.7);
INSERT INTO SENSOR (SerialNumber, CityPlaced, SensorModel, MinimValue, MaximValue, Unit, SensorType) VALUES (759664, 'Αρτα', 'GHXMV-049', -60.0, 65.9, '°C', 'Temperature');
INSERT INTO MEASUREMENT (DateTime, SensorID, MeasValue) VALUES (TO_DATE('08/05/18 23:19', 'DD/MM/YY HH24:MI'), 759664, 18.2);
INSERT INTO SENSOR (SerialNumber, CityPlaced, SensorModel, MinimValue, MaximValue, Unit, SensorType) VALUES (290624, 'Αρτα', 'ACPYH-4716', 0, 100, '%', 'Humidity');
INSERT INTO MEASUREMENT (DateTime, SensorID, MeasValue) VALUES (TO_DATE('08/05/18 23:19', 'DD/MM/YY HH24:MI'), 290624, 87);
INSERT INTO SENSOR (SerialNumber, CityPlaced, SensorModel, MinimValue, MaximValue, Unit, SensorType) VALUES (80041, 'Αρτα', 'HKLN-588', 742.0, 1095.9, 'hPa', 'Pressure');
INSERT INTO MEASUREMENT (DateTime, SensorID, MeasValue) VALUES (TO_DATE('08/05/18 23:19', 'DD/MM/YY HH24:MI'), 80041, 1007.8);
INSERT INTO SENSOR (SerialNumber, CityPlaced, SensorModel, MinimValue, MaximValue, Unit, SensorType) VALUES (60723, 'Αρτα', 'SJEI-0144', 0.0, 22.9, 'km/h', 'Wind');
INSERT INTO MEASUREMENT (DateTime, SensorID, MeasValue) VALUES (TO_DATE('08/05/18 23:19', 'DD/MM/YY HH24:MI'), 60723, 0.0);
INSERT INTO SENSOR (SerialNumber, CityPlaced, SensorModel, MinimValue, MaximValue, Unit, SensorType) VALUES (719384, 'Θεοδώριανα', 'NSTBK-996', -52.0, 78.9, '°C', 'Temperature');
INSERT INTO MEASUREMENT (DateTime, SensorID, MeasValue) VALUES (TO_DATE('08/05/18 23:28', 'DD/MM/YY HH24:MI'), 719384, 11.1);
INSERT INTO SENSOR (SerialNumber, CityPlaced, SensorModel, MinimValue, MaximValue, Unit, SensorType) VALUES (973127, 'Θεοδώριανα', 'RUNTD-0743', 0, 100, '%', 'Humidity');
INSERT INTO MEASUREMENT (DateTime, SensorID, MeasValue) VALUES (TO_DATE('08/05/18 23:28', 'DD/MM/YY HH24:MI'), 973127, 95);
INSERT INTO SENSOR (SerialNumber, CityPlaced, SensorModel, MinimValue, MaximValue, Unit, SensorType) VALUES (60152, 'Θεοδώριανα', 'HFOF-918', 713.0, 1052.9, 'hPa', 'Pressure');
INSERT INTO MEASUREMENT (DateTime, SensorID, MeasValue) VALUES (TO_DATE('08/05/18 23:28', 'DD/MM/YY HH24:MI'), 60152, 1006.4);
INSERT INTO SENSOR (SerialNumber, CityPlaced, SensorModel, MinimValue, MaximValue, Unit, SensorType) VALUES (42827, 'Θεοδώριανα', 'GUAE-6933', 0.0, 24.9, 'km/h', 'Wind');
INSERT INTO MEASUREMENT (DateTime, SensorID, MeasValue) VALUES (TO_DATE('08/05/18 23:28', 'DD/MM/YY HH24:MI'), 42827, 0.5);
INSERT INTO SENSOR (SerialNumber, CityPlaced, SensorModel, MinimValue, MaximValue, Unit, SensorType) VALUES (983499, 'Λεπιανά', 'ZJEJO-024', -55.0, 77.9, '°C', 'Temperature');
INSERT INTO MEASUREMENT (DateTime, SensorID, MeasValue) VALUES (TO_DATE('08/05/18 23:31', 'DD/MM/YY HH24:MI'), 983499, 13.2);
INSERT INTO SENSOR (SerialNumber, CityPlaced, SensorModel, MinimValue, MaximValue, Unit, SensorType) VALUES (701962, 'Λεπιανά', 'ZFJYG-2969', 0, 100, '%', 'Humidity');
INSERT INTO MEASUREMENT (DateTime, SensorID, MeasValue) VALUES (TO_DATE('08/05/18 23:31', 'DD/MM/YY HH24:MI'), 701962, 94);
INSERT INTO SENSOR (SerialNumber, CityPlaced, SensorModel, MinimValue, MaximValue, Unit, SensorType) VALUES (53012, 'Λεπιανά', 'SONW-319', 747.0, 1091.9, 'hPa', 'Pressure');
INSERT INTO MEASUREMENT (DateTime, SensorID, MeasValue) VALUES (TO_DATE('08/05/18 23:31', 'DD/MM/YY HH24:MI'), 53012, 1006.0);
INSERT INTO SENSOR (SerialNumber, CityPlaced, SensorModel, MinimValue, MaximValue, Unit, SensorType) VALUES (91104, 'Λεπιανά', 'OPVX-3264', 0.0, 25.9, 'km/h', 'Wind');
INSERT INTO MEASUREMENT (DateTime, SensorID, MeasValue) VALUES (TO_DATE('08/05/18 23:31', 'DD/MM/YY HH24:MI'), 91104, 1.6);
INSERT INTO SENSOR (SerialNumber, CityPlaced, SensorModel, MinimValue, MaximValue, Unit, SensorType) VALUES (784668, 'Ηγουμενίτσα', 'GAFJC-218', -60.0, 80.9, '°C', 'Temperature');
INSERT INTO MEASUREMENT (DateTime, SensorID, MeasValue) VALUES (TO_DATE('08/05/18 23:28', 'DD/MM/YY HH24:MI'), 784668, 16.9);
INSERT INTO SENSOR (SerialNumber, CityPlaced, SensorModel, MinimValue, MaximValue, Unit, SensorType) VALUES (746423, 'Ηγουμενίτσα', 'EXWML-1709', 0, 100, '%', 'Humidity');
INSERT INTO MEASUREMENT (DateTime, SensorID, MeasValue) VALUES (TO_DATE('08/05/18 23:28', 'DD/MM/YY HH24:MI'), 746423, 92);
INSERT INTO SENSOR (SerialNumber, CityPlaced, SensorModel, MinimValue, MaximValue, Unit, SensorType) VALUES (78982, 'Ηγουμενίτσα', 'KOXV-526', 739.0, 1071.9, 'hPa', 'Pressure');
INSERT INTO MEASUREMENT (DateTime, SensorID, MeasValue) VALUES (TO_DATE('08/05/18 23:28', 'DD/MM/YY HH24:MI'), 78982, 1006.9);
INSERT INTO SENSOR (SerialNumber, CityPlaced, SensorModel, MinimValue, MaximValue, Unit, SensorType) VALUES (55758, 'Ηγουμενίτσα', 'SPXP-8910', 0.0, 21.9, 'km/h', 'Wind');
INSERT INTO MEASUREMENT (DateTime, SensorID, MeasValue) VALUES (TO_DATE('08/05/18 23:28', 'DD/MM/YY HH24:MI'), 55758, 5.6);
INSERT INTO SENSOR (SerialNumber, CityPlaced, SensorModel, MinimValue, MaximValue, Unit, SensorType) VALUES (852256, 'Φιλοθέη', 'ERJZU-686', -55.0, 67.9, '°C', 'Temperature');
INSERT INTO MEASUREMENT (DateTime, SensorID, MeasValue) VALUES (TO_DATE('08/05/18 23:33', 'DD/MM/YY HH24:MI'), 852256, 18.4);
INSERT INTO SENSOR (SerialNumber, CityPlaced, SensorModel, MinimValue, MaximValue, Unit, SensorType) VALUES (557532, 'Φιλοθέη', 'SNVNB-7743', 0, 100, '%', 'Humidity');
INSERT INTO MEASUREMENT (DateTime, SensorID, MeasValue) VALUES (TO_DATE('08/05/18 23:33', 'DD/MM/YY HH24:MI'), 557532, 94);
INSERT INTO SENSOR (SerialNumber, CityPlaced, SensorModel, MinimValue, MaximValue, Unit, SensorType) VALUES (50994, 'Φιλοθέη', 'XZMU-501', 704.0, 1092.9, 'hPa', 'Pressure');
INSERT INTO MEASUREMENT (DateTime, SensorID, MeasValue) VALUES (TO_DATE('08/05/18 23:33', 'DD/MM/YY HH24:MI'), 50994, 1007.9);
INSERT INTO SENSOR (SerialNumber, CityPlaced, SensorModel, MinimValue, MaximValue, Unit, SensorType) VALUES (77963, 'Φιλοθέη', 'YCPV-0142', 0.0, 23.9, 'km/h', 'Wind');
INSERT INTO MEASUREMENT (DateTime, SensorID, MeasValue) VALUES (TO_DATE('08/05/18 23:33', 'DD/MM/YY HH24:MI'), 77963, 5.3);
INSERT INTO SENSOR (SerialNumber, CityPlaced, SensorModel, MinimValue, MaximValue, Unit, SensorType) VALUES (519814, 'Alexan', 'JCJFB-677', -53.0, 78.9, '°C', 'Temperature');
INSERT INTO MEASUREMENT (DateTime, SensorID, MeasValue) VALUES (TO_DATE('08/05/18 23:13', 'DD/MM/YY HH24:MI'), 519814, 15.0);
INSERT INTO SENSOR (SerialNumber, CityPlaced, SensorModel, MinimValue, MaximValue, Unit, SensorType) VALUES (497930, 'Alexan', 'XVXET-7669', 0, 100, '%', 'Humidity');
INSERT INTO MEASUREMENT (DateTime, SensorID, MeasValue) VALUES (TO_DATE('08/05/18 23:13', 'DD/MM/YY HH24:MI'), 497930, 96);
INSERT INTO SENSOR (SerialNumber, CityPlaced, SensorModel, MinimValue, MaximValue, Unit, SensorType) VALUES (85481, 'Alexan', 'SRGL-854', 708.0, 1076.9, 'hPa', 'Pressure');
INSERT INTO MEASUREMENT (DateTime, SensorID, MeasValue) VALUES (TO_DATE('08/05/18 23:13', 'DD/MM/YY HH24:MI'), 85481, 1005.9);
INSERT INTO SENSOR (SerialNumber, CityPlaced, SensorModel, MinimValue, MaximValue, Unit, SensorType) VALUES (54760, 'Alexan', 'PVTD-1486', 0.0, 20.9, 'km/h', 'Wind');
INSERT INTO MEASUREMENT (DateTime, SensorID, MeasValue) VALUES (TO_DATE('08/05/18 23:13', 'DD/MM/YY HH24:MI'), 54760, 0.0);
INSERT INTO SENSOR (SerialNumber, CityPlaced, SensorModel, MinimValue, MaximValue, Unit, SensorType) VALUES (135057, 'Αγία Κυριακή', 'FKUAD-769', -52.0, 72.9, '°C', 'Temperature');
INSERT INTO MEASUREMENT (DateTime, SensorID, MeasValue) VALUES (TO_DATE('08/05/18 23:31', 'DD/MM/YY HH24:MI'), 135057, 13.7);
INSERT INTO SENSOR (SerialNumber, CityPlaced, SensorModel, MinimValue, MaximValue, Unit, SensorType) VALUES (544683, 'Αγία Κυριακή', 'OMLAJ-1810', 0, 100, '%', 'Humidity');
INSERT INTO MEASUREMENT (DateTime, SensorID, MeasValue) VALUES (TO_DATE('08/05/18 23:31', 'DD/MM/YY HH24:MI'), 544683, 96);
INSERT INTO SENSOR (SerialNumber, CityPlaced, SensorModel, MinimValue, MaximValue, Unit, SensorType) VALUES (10708, 'Αγία Κυριακή', 'IYOO-377', 734.0, 1053.9, 'hPa', 'Pressure');
INSERT INTO MEASUREMENT (DateTime, SensorID, MeasValue) VALUES (TO_DATE('08/05/18 23:31', 'DD/MM/YY HH24:MI'), 10708, 1008.2);
INSERT INTO SENSOR (SerialNumber, CityPlaced, SensorModel, MinimValue, MaximValue, Unit, SensorType) VALUES (97804, 'Αγία Κυριακή', 'PAWK-4118', 0.0, 22.9, 'km/h', 'Wind');
INSERT INTO MEASUREMENT (DateTime, SensorID, MeasValue) VALUES (TO_DATE('08/05/18 23:31', 'DD/MM/YY HH24:MI'), 97804, 0.5);
INSERT INTO SENSOR (SerialNumber, CityPlaced, SensorModel, MinimValue, MaximValue, Unit, SensorType) VALUES (637172, 'Αγία Παρασκευή Κεράσοβο', 'AUEZY-380', -59.0, 65.9, '°C', 'Temperature');
INSERT INTO MEASUREMENT (DateTime, SensorID, MeasValue) VALUES (TO_DATE('08/05/18 23:30', 'DD/MM/YY HH24:MI'), 637172, 12.9);
INSERT INTO SENSOR (SerialNumber, CityPlaced, SensorModel, MinimValue, MaximValue, Unit, SensorType) VALUES (762069, 'Αγία Παρασκευή Κεράσοβο', 'YCVRV-3275', 0, 100, '%', 'Humidity');
INSERT INTO MEASUREMENT (DateTime, SensorID, MeasValue) VALUES (TO_DATE('08/05/18 23:30', 'DD/MM/YY HH24:MI'), 762069, 94);
INSERT INTO SENSOR (SerialNumber, CityPlaced, SensorModel, MinimValue, MaximValue, Unit, SensorType) VALUES (49635, 'Αγία Παρασκευή Κεράσοβο', 'AHZR-722', 721.0, 1062.9, 'hPa', 'Pressure');
INSERT INTO MEASUREMENT (DateTime, SensorID, MeasValue) VALUES (TO_DATE('08/05/18 23:30', 'DD/MM/YY HH24:MI'), 49635, 1006.0);
INSERT INTO SENSOR (SerialNumber, CityPlaced, SensorModel, MinimValue, MaximValue, Unit, SensorType) VALUES (63653, 'Αγία Παρασκευή Κεράσοβο', 'MSDS-5286', 0.0, 23.9, 'km/h', 'Wind');
INSERT INTO MEASUREMENT (DateTime, SensorID, MeasValue) VALUES (TO_DATE('08/05/18 23:30', 'DD/MM/YY HH24:MI'), 63653, 1.1);
INSERT INTO SENSOR (SerialNumber, CityPlaced, SensorModel, MinimValue, MaximValue, Unit, SensorType) VALUES (541052, 'Ανατολή Κέντρο', 'DPJQD-455', -58.0, 79.9, '°C', 'Temperature');
INSERT INTO MEASUREMENT (DateTime, SensorID, MeasValue) VALUES (TO_DATE('08/05/18 23:30', 'DD/MM/YY HH24:MI'), 541052, 14.0);
INSERT INTO SENSOR (SerialNumber, CityPlaced, SensorModel, MinimValue, MaximValue, Unit, SensorType) VALUES (987717, 'Ανατολή Κέντρο', 'VIIYQ-3022', 0, 100, '%', 'Humidity');
INSERT INTO MEASUREMENT (DateTime, SensorID, MeasValue) VALUES (TO_DATE('08/05/18 23:30', 'DD/MM/YY HH24:MI'), 987717, 94);
INSERT INTO SENSOR (SerialNumber, CityPlaced, SensorModel, MinimValue, MaximValue, Unit, SensorType) VALUES (49685, 'Ανατολή Κέντρο', 'JHOC-736', 717.0, 1054.9, 'hPa', 'Pressure');
INSERT INTO MEASUREMENT (DateTime, SensorID, MeasValue) VALUES (TO_DATE('08/05/18 23:30', 'DD/MM/YY HH24:MI'), 49685, 1010.0);
INSERT INTO SENSOR (SerialNumber, CityPlaced, SensorModel, MinimValue, MaximValue, Unit, SensorType) VALUES (20558, 'Ανατολή Κέντρο', 'RZZC-2967', 0.0, 20.9, 'km/h', 'Wind');
INSERT INTO MEASUREMENT (DateTime, SensorID, MeasValue) VALUES (TO_DATE('08/05/18 23:30', 'DD/MM/YY HH24:MI'), 20558, 4.1);
INSERT INTO SENSOR (SerialNumber, CityPlaced, SensorModel, MinimValue, MaximValue, Unit, SensorType) VALUES (860012, 'Δερβίζιανα', 'FEROV-323', -54.0, 79.9, '°C', 'Temperature');
INSERT INTO MEASUREMENT (DateTime, SensorID, MeasValue) VALUES (TO_DATE('08/05/18 23:26', 'DD/MM/YY HH24:MI'), 860012, 12.9);
INSERT INTO SENSOR (SerialNumber, CityPlaced, SensorModel, MinimValue, MaximValue, Unit, SensorType) VALUES (876142, 'Δερβίζιανα', 'YMBUE-4982', 0, 100, '%', 'Humidity');
INSERT INTO MEASUREMENT (DateTime, SensorID, MeasValue) VALUES (TO_DATE('08/05/18 23:26', 'DD/MM/YY HH24:MI'), 876142, 95);
INSERT INTO SENSOR (SerialNumber, CityPlaced, SensorModel, MinimValue, MaximValue, Unit, SensorType) VALUES (71251, 'Δερβίζιανα', 'PSJH-286', 709.0, 1072.9, 'hPa', 'Pressure');
INSERT INTO MEASUREMENT (DateTime, SensorID, MeasValue) VALUES (TO_DATE('08/05/18 23:26', 'DD/MM/YY HH24:MI'), 71251, 1006.7);
INSERT INTO SENSOR (SerialNumber, CityPlaced, SensorModel, MinimValue, MaximValue, Unit, SensorType) VALUES (92580, 'Δερβίζιανα', 'HJWU-1327', 0.0, 23.9, 'km/h', 'Wind');
INSERT INTO MEASUREMENT (DateTime, SensorID, MeasValue) VALUES (TO_DATE('08/05/18 23:26', 'DD/MM/YY HH24:MI'), 92580, 0.8);
INSERT INTO SENSOR (SerialNumber, CityPlaced, SensorModel, MinimValue, MaximValue, Unit, SensorType) VALUES (123385, 'Δωδώνη', 'KJBLD-060', -58.0, 64.9, '°C', 'Temperature');
INSERT INTO MEASUREMENT (DateTime, SensorID, MeasValue) VALUES (TO_DATE('08/05/18 23:29', 'DD/MM/YY HH24:MI'), 123385, 12.8);
INSERT INTO SENSOR (SerialNumber, CityPlaced, SensorModel, MinimValue, MaximValue, Unit, SensorType) VALUES (782004, 'Δωδώνη', 'XPBKL-3896', 0, 100, '%', 'Humidity');
INSERT INTO MEASUREMENT (DateTime, SensorID, MeasValue) VALUES (TO_DATE('08/05/18 23:29', 'DD/MM/YY HH24:MI'), 782004, 93);
INSERT INTO SENSOR (SerialNumber, CityPlaced, SensorModel, MinimValue, MaximValue, Unit, SensorType) VALUES (53499, 'Δωδώνη', 'UGKA-017', 721.0, 1078.9, 'hPa', 'Pressure');
INSERT INTO MEASUREMENT (DateTime, SensorID, MeasValue) VALUES (TO_DATE('08/05/18 23:29', 'DD/MM/YY HH24:MI'), 53499, 1006.2);
INSERT INTO SENSOR (SerialNumber, CityPlaced, SensorModel, MinimValue, MaximValue, Unit, SensorType) VALUES (70782, 'Δωδώνη', 'FTJU-2641', 0.0, 25.9, 'km/h', 'Wind');
INSERT INTO MEASUREMENT (DateTime, SensorID, MeasValue) VALUES (TO_DATE('08/05/18 23:29', 'DD/MM/YY HH24:MI'), 70782, 1.6);
INSERT INTO SENSOR (SerialNumber, CityPlaced, SensorModel, MinimValue, MaximValue, Unit, SensorType) VALUES (314276, 'Ελεούσα', 'BVSDL-600', -59.0, 80.9, '°C', 'Temperature');
INSERT INTO MEASUREMENT (DateTime, SensorID, MeasValue) VALUES (TO_DATE('08/05/18 23:33', 'DD/MM/YY HH24:MI'), 314276, 15.7);
INSERT INTO SENSOR (SerialNumber, CityPlaced, SensorModel, MinimValue, MaximValue, Unit, SensorType) VALUES (782262, 'Ελεούσα', 'FMQIB-1508', 0, 100, '%', 'Humidity');
INSERT INTO MEASUREMENT (DateTime, SensorID, MeasValue) VALUES (TO_DATE('08/05/18 23:33', 'DD/MM/YY HH24:MI'), 782262, 91);
INSERT INTO SENSOR (SerialNumber, CityPlaced, SensorModel, MinimValue, MaximValue, Unit, SensorType) VALUES (73070, 'Ελεούσα', 'ZEHK-730', 710.0, 1085.9, 'hPa', 'Pressure');
INSERT INTO MEASUREMENT (DateTime, SensorID, MeasValue) VALUES (TO_DATE('08/05/18 23:33', 'DD/MM/YY HH24:MI'), 73070, 1013.2);
INSERT INTO SENSOR (SerialNumber, CityPlaced, SensorModel, MinimValue, MaximValue, Unit, SensorType) VALUES (29886, 'Ελεούσα', 'VHGX-9463', 0.0, 24.9, 'km/h', 'Wind');
INSERT INTO MEASUREMENT (DateTime, SensorID, MeasValue) VALUES (TO_DATE('08/05/18 23:33', 'DD/MM/YY HH24:MI'), 29886, 0.0);
INSERT INTO SENSOR (SerialNumber, CityPlaced, SensorModel, MinimValue, MaximValue, Unit, SensorType) VALUES (562414, 'Ζίτσα', 'YKRQO-824', -54.0, 78.9, '°C', 'Temperature');
INSERT INTO MEASUREMENT (DateTime, SensorID, MeasValue) VALUES (TO_DATE('08/05/18 23:31', 'DD/MM/YY HH24:MI'), 562414, 13.7);
INSERT INTO SENSOR (SerialNumber, CityPlaced, SensorModel, MinimValue, MaximValue, Unit, SensorType) VALUES (833649, 'Ζίτσα', 'ZNSFL-5927', 0, 100, '%', 'Humidity');
INSERT INTO MEASUREMENT (DateTime, SensorID, MeasValue) VALUES (TO_DATE('08/05/18 23:31', 'DD/MM/YY HH24:MI'), 833649, 93);
INSERT INTO SENSOR (SerialNumber, CityPlaced, SensorModel, MinimValue, MaximValue, Unit, SensorType) VALUES (86051, 'Ζίτσα', 'SQQQ-495', 718.0, 1092.9, 'hPa', 'Pressure');
INSERT INTO MEASUREMENT (DateTime, SensorID, MeasValue) VALUES (TO_DATE('08/05/18 23:31', 'DD/MM/YY HH24:MI'), 86051, 1006.7);
INSERT INTO SENSOR (SerialNumber, CityPlaced, SensorModel, MinimValue, MaximValue, Unit, SensorType) VALUES (94542, 'Ζίτσα', 'JSVD-4725', 0.0, 21.9, 'km/h', 'Wind');
INSERT INTO MEASUREMENT (DateTime, SensorID, MeasValue) VALUES (TO_DATE('08/05/18 23:31', 'DD/MM/YY HH24:MI'), 94542, 0.0);
INSERT INTO SENSOR (SerialNumber, CityPlaced, SensorModel, MinimValue, MaximValue, Unit, SensorType) VALUES (903965, 'Ζαγοροχώρια Τρίστενο', 'TZVWO-801', -55.0, 77.9, '°C', 'Temperature');
INSERT INTO MEASUREMENT (DateTime, SensorID, MeasValue) VALUES (TO_DATE('08/05/18 23:21', 'DD/MM/YY HH24:MI'), 903965, 12.4);
INSERT INTO SENSOR (SerialNumber, CityPlaced, SensorModel, MinimValue, MaximValue, Unit, SensorType) VALUES (399401, 'Ζαγοροχώρια Τρίστενο', 'TZTYI-0107', 0, 100, '%', 'Humidity');
INSERT INTO MEASUREMENT (DateTime, SensorID, MeasValue) VALUES (TO_DATE('08/05/18 23:21', 'DD/MM/YY HH24:MI'), 399401, 95);
INSERT INTO SENSOR (SerialNumber, CityPlaced, SensorModel, MinimValue, MaximValue, Unit, SensorType) VALUES (29119, 'Ζαγοροχώρια Τρίστενο', 'HOKB-085', 748.0, 1085.9, 'hPa', 'Pressure');
INSERT INTO MEASUREMENT (DateTime, SensorID, MeasValue) VALUES (TO_DATE('08/05/18 23:21', 'DD/MM/YY HH24:MI'), 29119, 1006.0);
INSERT INTO SENSOR (SerialNumber, CityPlaced, SensorModel, MinimValue, MaximValue, Unit, SensorType) VALUES (45501, 'Ζαγοροχώρια Τρίστενο', 'JSHN-6094', 0.0, 25.9, 'km/h', 'Wind');
INSERT INTO MEASUREMENT (DateTime, SensorID, MeasValue) VALUES (TO_DATE('08/05/18 23:21', 'DD/MM/YY HH24:MI'), 45501, 1.1);
INSERT INTO SENSOR (SerialNumber, CityPlaced, SensorModel, MinimValue, MaximValue, Unit, SensorType) VALUES (450191, 'Ιωάννινα Αμπελόκηποι', 'YUCGS-000', -57.0, 68.9, '°C', 'Temperature');
INSERT INTO MEASUREMENT (DateTime, SensorID, MeasValue) VALUES (TO_DATE('08/05/18 23:20', 'DD/MM/YY HH24:MI'), 450191, 15.7);
INSERT INTO SENSOR (SerialNumber, CityPlaced, SensorModel, MinimValue, MaximValue, Unit, SensorType) VALUES (131208, 'Ιωάννινα Αμπελόκηποι', 'XSEIS-0862', 0, 100, '%', 'Humidity');
INSERT INTO MEASUREMENT (DateTime, SensorID, MeasValue) VALUES (TO_DATE('08/05/18 23:20', 'DD/MM/YY HH24:MI'), 131208, 99);
INSERT INTO SENSOR (SerialNumber, CityPlaced, SensorModel, MinimValue, MaximValue, Unit, SensorType) VALUES (44865, 'Ιωάννινα Αμπελόκηποι', 'YTPO-030', 735.0, 1085.9, 'hPa', 'Pressure');
INSERT INTO MEASUREMENT (DateTime, SensorID, MeasValue) VALUES (TO_DATE('08/05/18 23:20', 'DD/MM/YY HH24:MI'), 44865, 1005.7);
INSERT INTO SENSOR (SerialNumber, CityPlaced, SensorModel, MinimValue, MaximValue, Unit, SensorType) VALUES (92186, 'Ιωάννινα Αμπελόκηποι', 'YBDC-8481', 0.0, 20.9, 'km/h', 'Wind');
INSERT INTO MEASUREMENT (DateTime, SensorID, MeasValue) VALUES (TO_DATE('08/05/18 23:20', 'DD/MM/YY HH24:MI'), 92186, 1.4);
INSERT INTO SENSOR (SerialNumber, CityPlaced, SensorModel, MinimValue, MaximValue, Unit, SensorType) VALUES (188043, 'Ιωάννινα Κέντρο', 'ZKIFJ-726', -60.0, 68.9, '°C', 'Temperature');
INSERT INTO MEASUREMENT (DateTime, SensorID, MeasValue) VALUES (TO_DATE('08/05/18 23:30', 'DD/MM/YY HH24:MI'), 188043, 16.1);
INSERT INTO SENSOR (SerialNumber, CityPlaced, SensorModel, MinimValue, MaximValue, Unit, SensorType) VALUES (452440, 'Ιωάννινα Κέντρο', 'AWQOM-3021', 0, 100, '%', 'Humidity');
INSERT INTO MEASUREMENT (DateTime, SensorID, MeasValue) VALUES (TO_DATE('08/05/18 23:30', 'DD/MM/YY HH24:MI'), 452440, 93);
INSERT INTO SENSOR (SerialNumber, CityPlaced, SensorModel, MinimValue, MaximValue, Unit, SensorType) VALUES (14736, 'Ιωάννινα Κέντρο', 'VIXG-3273', 0.0, 25.9, 'km/h', 'Wind');
INSERT INTO MEASUREMENT (DateTime, SensorID, MeasValue) VALUES (TO_DATE('08/05/18 23:30', 'DD/MM/YY HH24:MI'), 14736, 0.0);
INSERT INTO SENSOR (SerialNumber, CityPlaced, SensorModel, MinimValue, MaximValue, Unit, SensorType) VALUES (628324, 'Ιωάννινα', 'XCVPV-832', -50.0, 60.9, '°C', 'Temperature');
INSERT INTO MEASUREMENT (DateTime, SensorID, MeasValue) VALUES (TO_DATE('08/05/18 23:26', 'DD/MM/YY HH24:MI'), 628324, 14.1);
INSERT INTO SENSOR (SerialNumber, CityPlaced, SensorModel, MinimValue, MaximValue, Unit, SensorType) VALUES (220333, 'Ιωάννινα', 'WYSUW-8087', 0, 100, '%', 'Humidity');
INSERT INTO MEASUREMENT (DateTime, SensorID, MeasValue) VALUES (TO_DATE('08/05/18 23:26', 'DD/MM/YY HH24:MI'), 220333, 92);
INSERT INTO SENSOR (SerialNumber, CityPlaced, SensorModel, MinimValue, MaximValue, Unit, SensorType) VALUES (94939, 'Ιωάννινα', 'YSHJ-163', 733.0, 1083.9, 'hPa', 'Pressure');
INSERT INTO MEASUREMENT (DateTime, SensorID, MeasValue) VALUES (TO_DATE('08/05/18 23:26', 'DD/MM/YY HH24:MI'), 94939, 1005.9);
INSERT INTO SENSOR (SerialNumber, CityPlaced, SensorModel, MinimValue, MaximValue, Unit, SensorType) VALUES (20573, 'Ιωάννινα', 'RSBH-0274', 0.0, 21.9, 'km/h', 'Wind');
INSERT INTO MEASUREMENT (DateTime, SensorID, MeasValue) VALUES (TO_DATE('08/05/18 23:26', 'DD/MM/YY HH24:MI'), 20573, 1.1);
INSERT INTO SENSOR (SerialNumber, CityPlaced, SensorModel, MinimValue, MaximValue, Unit, SensorType) VALUES (584682, 'Καρδαμίτσια', 'QQDJX-115', -57.0, 78.9, '°C', 'Temperature');
INSERT INTO MEASUREMENT (DateTime, SensorID, MeasValue) VALUES (TO_DATE('08/05/18 23:29', 'DD/MM/YY HH24:MI'), 584682, 14.8);
INSERT INTO SENSOR (SerialNumber, CityPlaced, SensorModel, MinimValue, MaximValue, Unit, SensorType) VALUES (480051, 'Καρδαμίτσια', 'IZPLS-7101', 0, 100, '%', 'Humidity');
INSERT INTO MEASUREMENT (DateTime, SensorID, MeasValue) VALUES (TO_DATE('08/05/18 23:29', 'DD/MM/YY HH24:MI'), 480051, 94);
INSERT INTO SENSOR (SerialNumber, CityPlaced, SensorModel, MinimValue, MaximValue, Unit, SensorType) VALUES (72753, 'Καρδαμίτσια', 'CIPT-780', 719.0, 1066.9, 'hPa', 'Pressure');
INSERT INTO MEASUREMENT (DateTime, SensorID, MeasValue) VALUES (TO_DATE('08/05/18 23:29', 'DD/MM/YY HH24:MI'), 72753, 1004.2);
INSERT INTO SENSOR (SerialNumber, CityPlaced, SensorModel, MinimValue, MaximValue, Unit, SensorType) VALUES (78404, 'Καρδαμίτσια', 'VCMJ-7453', 0.0, 21.9, 'km/h', 'Wind');
INSERT INTO MEASUREMENT (DateTime, SensorID, MeasValue) VALUES (TO_DATE('08/05/18 23:29', 'DD/MM/YY HH24:MI'), 78404, 0.0);
INSERT INTO SENSOR (SerialNumber, CityPlaced, SensorModel, MinimValue, MaximValue, Unit, SensorType) VALUES (821254, 'Μέτσοβο', 'AXHST-782', -50.0, 63.9, '°C', 'Temperature');
INSERT INTO MEASUREMENT (DateTime, SensorID, MeasValue) VALUES (TO_DATE('08/05/18 23:29', 'DD/MM/YY HH24:MI'), 821254, 10.9);
INSERT INTO SENSOR (SerialNumber, CityPlaced, SensorModel, MinimValue, MaximValue, Unit, SensorType) VALUES (953940, 'Μέτσοβο', 'DJFDX-5798', 0, 100, '%', 'Humidity');
INSERT INTO MEASUREMENT (DateTime, SensorID, MeasValue) VALUES (TO_DATE('08/05/18 23:29', 'DD/MM/YY HH24:MI'), 953940, 92);
INSERT INTO SENSOR (SerialNumber, CityPlaced, SensorModel, MinimValue, MaximValue, Unit, SensorType) VALUES (43992, 'Μέτσοβο', 'MZQV-166', 705.0, 1057.9, 'hPa', 'Pressure');
INSERT INTO MEASUREMENT (DateTime, SensorID, MeasValue) VALUES (TO_DATE('08/05/18 23:29', 'DD/MM/YY HH24:MI'), 43992, 1006.7);
INSERT INTO SENSOR (SerialNumber, CityPlaced, SensorModel, MinimValue, MaximValue, Unit, SensorType) VALUES (18319, 'Μέτσοβο', 'ULWP-7590', 0.0, 20.9, 'km/h', 'Wind');
INSERT INTO MEASUREMENT (DateTime, SensorID, MeasValue) VALUES (TO_DATE('08/05/18 23:29', 'DD/MM/YY HH24:MI'), 18319, 1.9);
INSERT INTO SENSOR (SerialNumber, CityPlaced, SensorModel, MinimValue, MaximValue, Unit, SensorType) VALUES (871990, 'Πληκάτι', 'BIHHT-855', -57.0, 77.9, '°C', 'Temperature');
INSERT INTO MEASUREMENT (DateTime, SensorID, MeasValue) VALUES (TO_DATE('08/05/18 23:29', 'DD/MM/YY HH24:MI'), 871990, 9.8);
INSERT INTO SENSOR (SerialNumber, CityPlaced, SensorModel, MinimValue, MaximValue, Unit, SensorType) VALUES (498439, 'Πληκάτι', 'QVUQU-4153', 0, 100, '%', 'Humidity');
INSERT INTO MEASUREMENT (DateTime, SensorID, MeasValue) VALUES (TO_DATE('08/05/18 23:29', 'DD/MM/YY HH24:MI'), 498439, 90);
INSERT INTO SENSOR (SerialNumber, CityPlaced, SensorModel, MinimValue, MaximValue, Unit, SensorType) VALUES (99978, 'Πληκάτι', 'LTSZ-942', 731.0, 1100.9, 'hPa', 'Pressure');
INSERT INTO MEASUREMENT (DateTime, SensorID, MeasValue) VALUES (TO_DATE('08/05/18 23:29', 'DD/MM/YY HH24:MI'), 99978, 1006.8);
INSERT INTO SENSOR (SerialNumber, CityPlaced, SensorModel, MinimValue, MaximValue, Unit, SensorType) VALUES (41463, 'Πληκάτι', 'JAAF-0209', 0.0, 23.9, 'km/h', 'Wind');
INSERT INTO MEASUREMENT (DateTime, SensorID, MeasValue) VALUES (TO_DATE('08/05/18 23:29', 'DD/MM/YY HH24:MI'), 41463, 2.9);
INSERT INTO SENSOR (SerialNumber, CityPlaced, SensorModel, MinimValue, MaximValue, Unit, SensorType) VALUES (189347, 'Πράμαντα', 'JNYMD-195', -57.0, 63.9, '°C', 'Temperature');
INSERT INTO MEASUREMENT (DateTime, SensorID, MeasValue) VALUES (TO_DATE('08/05/18 23:32', 'DD/MM/YY HH24:MI'), 189347, 12.9);
INSERT INTO SENSOR (SerialNumber, CityPlaced, SensorModel, MinimValue, MaximValue, Unit, SensorType) VALUES (833679, 'Πράμαντα', 'MFFPJ-6717', 0, 100, '%', 'Humidity');
INSERT INTO MEASUREMENT (DateTime, SensorID, MeasValue) VALUES (TO_DATE('08/05/18 23:32', 'DD/MM/YY HH24:MI'), 833679, 95);
INSERT INTO SENSOR (SerialNumber, CityPlaced, SensorModel, MinimValue, MaximValue, Unit, SensorType) VALUES (90234, 'Πράμαντα', 'XBDX-389', 705.0, 1055.9, 'hPa', 'Pressure');
INSERT INTO MEASUREMENT (DateTime, SensorID, MeasValue) VALUES (TO_DATE('08/05/18 23:32', 'DD/MM/YY HH24:MI'), 90234, 1008.3);
INSERT INTO SENSOR (SerialNumber, CityPlaced, SensorModel, MinimValue, MaximValue, Unit, SensorType) VALUES (96215, 'Πράμαντα', 'QNND-1732', 0.0, 21.9, 'km/h', 'Wind');
INSERT INTO MEASUREMENT (DateTime, SensorID, MeasValue) VALUES (TO_DATE('08/05/18 23:32', 'DD/MM/YY HH24:MI'), 96215, 3.0);
INSERT INTO SENSOR (SerialNumber, CityPlaced, SensorModel, MinimValue, MaximValue, Unit, SensorType) VALUES (461628, 'Τύρια', 'QASIH-323', -59.0, 68.9, '°C', 'Temperature');
INSERT INTO MEASUREMENT (DateTime, SensorID, MeasValue) VALUES (TO_DATE('08/05/18 23:26', 'DD/MM/YY HH24:MI'), 461628, 15.7);
INSERT INTO SENSOR (SerialNumber, CityPlaced, SensorModel, MinimValue, MaximValue, Unit, SensorType) VALUES (104279, 'Τύρια', 'LAXIK-3862', 0, 100, '%', 'Humidity');
INSERT INTO MEASUREMENT (DateTime, SensorID, MeasValue) VALUES (TO_DATE('08/05/18 23:26', 'DD/MM/YY HH24:MI'), 104279, 96);
INSERT INTO SENSOR (SerialNumber, CityPlaced, SensorModel, MinimValue, MaximValue, Unit, SensorType) VALUES (95130, 'Τύρια', 'RDLB-579', 735.0, 1059.9, 'hPa', 'Pressure');
INSERT INTO MEASUREMENT (DateTime, SensorID, MeasValue) VALUES (TO_DATE('08/05/18 23:26', 'DD/MM/YY HH24:MI'), 95130, 1006.9);
INSERT INTO SENSOR (SerialNumber, CityPlaced, SensorModel, MinimValue, MaximValue, Unit, SensorType) VALUES (72004, 'Τύρια', 'VGQN-5558', 0.0, 22.9, 'km/h', 'Wind');
INSERT INTO MEASUREMENT (DateTime, SensorID, MeasValue) VALUES (TO_DATE('08/05/18 23:26', 'DD/MM/YY HH24:MI'), 72004, 0.5);
INSERT INTO SENSOR (SerialNumber, CityPlaced, SensorModel, MinimValue, MaximValue, Unit, SensorType) VALUES (125738, 'Καστροσυκιά', 'GVLXE-937', -60.0, 77.9, '°C', 'Temperature');
INSERT INTO MEASUREMENT (DateTime, SensorID, MeasValue) VALUES (TO_DATE('08/05/18 23:32', 'DD/MM/YY HH24:MI'), 125738, 17.8);
INSERT INTO SENSOR (SerialNumber, CityPlaced, SensorModel, MinimValue, MaximValue, Unit, SensorType) VALUES (570804, 'Καστροσυκιά', 'IVTGJ-4206', 0, 100, '%', 'Humidity');
INSERT INTO MEASUREMENT (DateTime, SensorID, MeasValue) VALUES (TO_DATE('08/05/18 23:32', 'DD/MM/YY HH24:MI'), 570804, 92);
INSERT INTO SENSOR (SerialNumber, CityPlaced, SensorModel, MinimValue, MaximValue, Unit, SensorType) VALUES (48232, 'Καστροσυκιά', 'YGHZ-786', 709.0, 1081.9, 'hPa', 'Pressure');
INSERT INTO MEASUREMENT (DateTime, SensorID, MeasValue) VALUES (TO_DATE('08/05/18 23:32', 'DD/MM/YY HH24:MI'), 48232, 1005.9);
INSERT INTO SENSOR (SerialNumber, CityPlaced, SensorModel, MinimValue, MaximValue, Unit, SensorType) VALUES (99825, 'Καστροσυκιά', 'VWRQ-3079', 0.0, 24.9, 'km/h', 'Wind');
INSERT INTO MEASUREMENT (DateTime, SensorID, MeasValue) VALUES (TO_DATE('08/05/18 23:32', 'DD/MM/YY HH24:MI'), 99825, 2.7);
INSERT INTO SENSOR (SerialNumber, CityPlaced, SensorModel, MinimValue, MaximValue, Unit, SensorType) VALUES (945873, 'Φυλακτή Λίμνη Πλαστήρα', 'BOAIE-807', -59.0, 74.9, '°C', 'Temperature');
INSERT INTO MEASUREMENT (DateTime, SensorID, MeasValue) VALUES (TO_DATE('08/05/18 23:30', 'DD/MM/YY HH24:MI'), 945873, 12.3);
INSERT INTO SENSOR (SerialNumber, CityPlaced, SensorModel, MinimValue, MaximValue, Unit, SensorType) VALUES (346464, 'Φυλακτή Λίμνη Πλαστήρα', 'QLUCO-2089', 0, 100, '%', 'Humidity');
INSERT INTO MEASUREMENT (DateTime, SensorID, MeasValue) VALUES (TO_DATE('08/05/18 23:30', 'DD/MM/YY HH24:MI'), 346464, 43);
INSERT INTO SENSOR (SerialNumber, CityPlaced, SensorModel, MinimValue, MaximValue, Unit, SensorType) VALUES (42189, 'Φυλακτή Λίμνη Πλαστήρα', 'SXQF-312', 749.0, 1058.9, 'hPa', 'Pressure');
INSERT INTO MEASUREMENT (DateTime, SensorID, MeasValue) VALUES (TO_DATE('08/05/18 23:30', 'DD/MM/YY HH24:MI'), 42189, 1006.3);
INSERT INTO SENSOR (SerialNumber, CityPlaced, SensorModel, MinimValue, MaximValue, Unit, SensorType) VALUES (95175, 'Φυλακτή Λίμνη Πλαστήρα', 'FNYH-5153', 0.0, 23.9, 'km/h', 'Wind');
INSERT INTO MEASUREMENT (DateTime, SensorID, MeasValue) VALUES (TO_DATE('08/05/18 23:30', 'DD/MM/YY HH24:MI'), 95175, 1.4);
INSERT INTO SENSOR (SerialNumber, CityPlaced, SensorModel, MinimValue, MaximValue, Unit, SensorType) VALUES (745724, 'Βελίκα', 'QBANX-983', -55.0, 79.9, '°C', 'Temperature');
INSERT INTO MEASUREMENT (DateTime, SensorID, MeasValue) VALUES (TO_DATE('08/05/18 23:33', 'DD/MM/YY HH24:MI'), 745724, 18.2);
INSERT INTO SENSOR (SerialNumber, CityPlaced, SensorModel, MinimValue, MaximValue, Unit, SensorType) VALUES (899199, 'Βελίκα', 'AVJDE-0217', 0, 100, '%', 'Humidity');
INSERT INTO MEASUREMENT (DateTime, SensorID, MeasValue) VALUES (TO_DATE('08/05/18 23:33', 'DD/MM/YY HH24:MI'), 899199, 82);
INSERT INTO SENSOR (SerialNumber, CityPlaced, SensorModel, MinimValue, MaximValue, Unit, SensorType) VALUES (94340, 'Βελίκα', 'VNKF-276', 714.0, 1079.9, 'hPa', 'Pressure');
INSERT INTO MEASUREMENT (DateTime, SensorID, MeasValue) VALUES (TO_DATE('08/05/18 23:33', 'DD/MM/YY HH24:MI'), 94340, 1006.3);
INSERT INTO SENSOR (SerialNumber, CityPlaced, SensorModel, MinimValue, MaximValue, Unit, SensorType) VALUES (90735, 'Βελίκα', 'EJNG-5274', 0.0, 24.9, 'km/h', 'Wind');
INSERT INTO MEASUREMENT (DateTime, SensorID, MeasValue) VALUES (TO_DATE('08/05/18 23:33', 'DD/MM/YY HH24:MI'), 90735, 1.8);
INSERT INTO SENSOR (SerialNumber, CityPlaced, SensorModel, MinimValue, MaximValue, Unit, SensorType) VALUES (804924, 'Λάρισα 6 Δρόμοι', 'AMIIO-951', -58.0, 77.9, '°C', 'Temperature');
INSERT INTO MEASUREMENT (DateTime, SensorID, MeasValue) VALUES (TO_DATE('08/05/18 23:29', 'DD/MM/YY HH24:MI'), 804924, 17.8);
INSERT INTO SENSOR (SerialNumber, CityPlaced, SensorModel, MinimValue, MaximValue, Unit, SensorType) VALUES (545611, 'Λάρισα 6 Δρόμοι', 'KRAED-5849', 0, 100, '%', 'Humidity');
INSERT INTO MEASUREMENT (DateTime, SensorID, MeasValue) VALUES (TO_DATE('08/05/18 23:29', 'DD/MM/YY HH24:MI'), 545611, 81);
INSERT INTO SENSOR (SerialNumber, CityPlaced, SensorModel, MinimValue, MaximValue, Unit, SensorType) VALUES (78048, 'Λάρισα 6 Δρόμοι', 'PRMX-360', 718.0, 1067.9, 'hPa', 'Pressure');
INSERT INTO MEASUREMENT (DateTime, SensorID, MeasValue) VALUES (TO_DATE('08/05/18 23:29', 'DD/MM/YY HH24:MI'), 78048, 1005.1);
INSERT INTO SENSOR (SerialNumber, CityPlaced, SensorModel, MinimValue, MaximValue, Unit, SensorType) VALUES (32403, 'Λάρισα 6 Δρόμοι', 'HMCM-8004', 0.0, 23.9, 'km/h', 'Wind');
INSERT INTO MEASUREMENT (DateTime, SensorID, MeasValue) VALUES (TO_DATE('08/05/18 23:29', 'DD/MM/YY HH24:MI'), 32403, 0.8);
INSERT INTO SENSOR (SerialNumber, CityPlaced, SensorModel, MinimValue, MaximValue, Unit, SensorType) VALUES (307442, 'Λάρισα ΑΤΑ', 'BICBE-228', -56.0, 65.9, '°C', 'Temperature');
INSERT INTO MEASUREMENT (DateTime, SensorID, MeasValue) VALUES (TO_DATE('08/05/18 23:22', 'DD/MM/YY HH24:MI'), 307442, 18.6);
INSERT INTO SENSOR (SerialNumber, CityPlaced, SensorModel, MinimValue, MaximValue, Unit, SensorType) VALUES (302860, 'Λάρισα ΑΤΑ', 'TLYHL-1232', 0, 100, '%', 'Humidity');
INSERT INTO MEASUREMENT (DateTime, SensorID, MeasValue) VALUES (TO_DATE('08/05/18 23:22', 'DD/MM/YY HH24:MI'), 302860, 77);
INSERT INTO SENSOR (SerialNumber, CityPlaced, SensorModel, MinimValue, MaximValue, Unit, SensorType) VALUES (91127, 'Λάρισα ΑΤΑ', 'TBWR-456', 744.0, 1068.9, 'hPa', 'Pressure');
INSERT INTO MEASUREMENT (DateTime, SensorID, MeasValue) VALUES (TO_DATE('08/05/18 23:22', 'DD/MM/YY HH24:MI'), 91127, 1003.6);
INSERT INTO SENSOR (SerialNumber, CityPlaced, SensorModel, MinimValue, MaximValue, Unit, SensorType) VALUES (66567, 'Λάρισα ΑΤΑ', 'YTEQ-9963', 0.0, 22.9, 'km/h', 'Wind');
INSERT INTO MEASUREMENT (DateTime, SensorID, MeasValue) VALUES (TO_DATE('08/05/18 23:22', 'DD/MM/YY HH24:MI'), 66567, 1.6);
INSERT INTO SENSOR (SerialNumber, CityPlaced, SensorModel, MinimValue, MaximValue, Unit, SensorType) VALUES (924155, 'Λάρισα Σίφνου', 'YDJCD-975', -60.0, 68.9, '°C', 'Temperature');
INSERT INTO MEASUREMENT (DateTime, SensorID, MeasValue) VALUES (TO_DATE('08/05/18 23:33', 'DD/MM/YY HH24:MI'), 924155, 17.8);
INSERT INTO SENSOR (SerialNumber, CityPlaced, SensorModel, MinimValue, MaximValue, Unit, SensorType) VALUES (565773, 'Λάρισα Σίφνου', 'AEVEK-5431', 0, 100, '%', 'Humidity');
INSERT INTO MEASUREMENT (DateTime, SensorID, MeasValue) VALUES (TO_DATE('08/05/18 23:33', 'DD/MM/YY HH24:MI'), 565773, 77);
INSERT INTO SENSOR (SerialNumber, CityPlaced, SensorModel, MinimValue, MaximValue, Unit, SensorType) VALUES (59137, 'Λάρισα Σίφνου', 'LEBM-207', 744.0, 1082.9, 'hPa', 'Pressure');
INSERT INTO MEASUREMENT (DateTime, SensorID, MeasValue) VALUES (TO_DATE('08/05/18 23:33', 'DD/MM/YY HH24:MI'), 59137, 1005.7);
INSERT INTO SENSOR (SerialNumber, CityPlaced, SensorModel, MinimValue, MaximValue, Unit, SensorType) VALUES (42327, 'Λάρισα Σίφνου', 'KQJC-8207', 0.0, 23.9, 'km/h', 'Wind');
INSERT INTO MEASUREMENT (DateTime, SensorID, MeasValue) VALUES (TO_DATE('08/05/18 23:33', 'DD/MM/YY HH24:MI'), 42327, 1.7);
INSERT INTO SENSOR (SerialNumber, CityPlaced, SensorModel, MinimValue, MaximValue, Unit, SensorType) VALUES (768606, 'Συκούριο', 'VEMKZ-576', -58.0, 67.9, '°C', 'Temperature');
INSERT INTO MEASUREMENT (DateTime, SensorID, MeasValue) VALUES (TO_DATE('08/05/18 23:32', 'DD/MM/YY HH24:MI'), 768606, 17.3);
INSERT INTO SENSOR (SerialNumber, CityPlaced, SensorModel, MinimValue, MaximValue, Unit, SensorType) VALUES (529040, 'Συκούριο', 'HDMTK-1866', 0, 100, '%', 'Humidity');
INSERT INTO MEASUREMENT (DateTime, SensorID, MeasValue) VALUES (TO_DATE('08/05/18 23:32', 'DD/MM/YY HH24:MI'), 529040, 79);
INSERT INTO SENSOR (SerialNumber, CityPlaced, SensorModel, MinimValue, MaximValue, Unit, SensorType) VALUES (50881, 'Συκούριο', 'MGPC-630', 732.0, 1080.9, 'hPa', 'Pressure');
INSERT INTO MEASUREMENT (DateTime, SensorID, MeasValue) VALUES (TO_DATE('08/05/18 23:32', 'DD/MM/YY HH24:MI'), 50881, 1004.2);
INSERT INTO SENSOR (SerialNumber, CityPlaced, SensorModel, MinimValue, MaximValue, Unit, SensorType) VALUES (76650, 'Συκούριο', 'SXDT-4350', 0.0, 20.9, 'km/h', 'Wind');
INSERT INTO MEASUREMENT (DateTime, SensorID, MeasValue) VALUES (TO_DATE('08/05/18 23:32', 'DD/MM/YY HH24:MI'), 76650, 3.8);
INSERT INTO SENSOR (SerialNumber, CityPlaced, SensorModel, MinimValue, MaximValue, Unit, SensorType) VALUES (428238, 'Πηγάδι', 'SKOLZ-848', -54.0, 71.9, '°C', 'Temperature');
INSERT INTO MEASUREMENT (DateTime, SensorID, MeasValue) VALUES (TO_DATE('08/05/18 23:20', 'DD/MM/YY HH24:MI'), 428238, 17.6);
INSERT INTO SENSOR (SerialNumber, CityPlaced, SensorModel, MinimValue, MaximValue, Unit, SensorType) VALUES (173274, 'Πηγάδι', 'JXHYQ-2302', 0, 100, '%', 'Humidity');
INSERT INTO MEASUREMENT (DateTime, SensorID, MeasValue) VALUES (TO_DATE('08/05/18 23:20', 'DD/MM/YY HH24:MI'), 173274, 93);
INSERT INTO SENSOR (SerialNumber, CityPlaced, SensorModel, MinimValue, MaximValue, Unit, SensorType) VALUES (19568, 'Πηγάδι', 'UDMD-137', 704.0, 1070.9, 'hPa', 'Pressure');
INSERT INTO MEASUREMENT (DateTime, SensorID, MeasValue) VALUES (TO_DATE('08/05/18 23:20', 'DD/MM/YY HH24:MI'), 19568, 1004.7);
INSERT INTO SENSOR (SerialNumber, CityPlaced, SensorModel, MinimValue, MaximValue, Unit, SensorType) VALUES (63251, 'Πηγάδι', 'NWEU-4846', 0.0, 21.9, 'km/h', 'Wind');
INSERT INTO MEASUREMENT (DateTime, SensorID, MeasValue) VALUES (TO_DATE('08/05/18 23:20', 'DD/MM/YY HH24:MI'), 63251, 0.0);
INSERT INTO SENSOR (SerialNumber, CityPlaced, SensorModel, MinimValue, MaximValue, Unit, SensorType) VALUES (764060, 'Πορταριά', 'UNIKE-078', -53.0, 62.9, '°C', 'Temperature');
INSERT INTO MEASUREMENT (DateTime, SensorID, MeasValue) VALUES (TO_DATE('08/05/18 23:30', 'DD/MM/YY HH24:MI'), 764060, 15.1);
INSERT INTO SENSOR (SerialNumber, CityPlaced, SensorModel, MinimValue, MaximValue, Unit, SensorType) VALUES (907025, 'Πορταριά', 'DAWDN-6755', 0, 100, '%', 'Humidity');
INSERT INTO MEASUREMENT (DateTime, SensorID, MeasValue) VALUES (TO_DATE('08/05/18 23:30', 'DD/MM/YY HH24:MI'), 907025, 50);
INSERT INTO SENSOR (SerialNumber, CityPlaced, SensorModel, MinimValue, MaximValue, Unit, SensorType) VALUES (29649, 'Πορταριά', 'MZFD-864', 724.0, 1068.9, 'hPa', 'Pressure');
INSERT INTO MEASUREMENT (DateTime, SensorID, MeasValue) VALUES (TO_DATE('08/05/18 23:30', 'DD/MM/YY HH24:MI'), 29649, 1003.2);
INSERT INTO SENSOR (SerialNumber, CityPlaced, SensorModel, MinimValue, MaximValue, Unit, SensorType) VALUES (40308, 'Πορταριά', 'MSYH-7287', 0.0, 22.9, 'km/h', 'Wind');
INSERT INTO MEASUREMENT (DateTime, SensorID, MeasValue) VALUES (TO_DATE('08/05/18 23:30', 'DD/MM/YY HH24:MI'), 40308, 3.8);
INSERT INTO SENSOR (SerialNumber, CityPlaced, SensorModel, MinimValue, MaximValue, Unit, SensorType) VALUES (228548, 'Σκιάθος Ερασιτεχνικό Αστεροσκοπείο', 'DKHFS-661', -55.0, 79.9, '°C', 'Temperature');
INSERT INTO MEASUREMENT (DateTime, SensorID, MeasValue) VALUES (TO_DATE('08/05/18 23:32', 'DD/MM/YY HH24:MI'), 228548, 18.9);
INSERT INTO SENSOR (SerialNumber, CityPlaced, SensorModel, MinimValue, MaximValue, Unit, SensorType) VALUES (832166, 'Σκιάθος Ερασιτεχνικό Αστεροσκοπείο', 'ZAVYB-2094', 0, 100, '%', 'Humidity');
INSERT INTO MEASUREMENT (DateTime, SensorID, MeasValue) VALUES (TO_DATE('08/05/18 23:32', 'DD/MM/YY HH24:MI'), 832166, 85);
INSERT INTO SENSOR (SerialNumber, CityPlaced, SensorModel, MinimValue, MaximValue, Unit, SensorType) VALUES (63274, 'Σκιάθος Ερασιτεχνικό Αστεροσκοπείο', 'EZIJ-035', 724.0, 1057.9, 'hPa', 'Pressure');
INSERT INTO MEASUREMENT (DateTime, SensorID, MeasValue) VALUES (TO_DATE('08/05/18 23:32', 'DD/MM/YY HH24:MI'), 63274, 1005.0);
INSERT INTO SENSOR (SerialNumber, CityPlaced, SensorModel, MinimValue, MaximValue, Unit, SensorType) VALUES (72585, 'Σκιάθος Ερασιτεχνικό Αστεροσκοπείο', 'UQHF-4020', 0.0, 23.9, 'km/h', 'Wind');
INSERT INTO MEASUREMENT (DateTime, SensorID, MeasValue) VALUES (TO_DATE('08/05/18 23:32', 'DD/MM/YY HH24:MI'), 72585, 6.7);
INSERT INTO SENSOR (SerialNumber, CityPlaced, SensorModel, MinimValue, MaximValue, Unit, SensorType) VALUES (675905, 'Σκόπελος', 'QNILR-381', -57.0, 72.9, '°C', 'Temperature');
INSERT INTO MEASUREMENT (DateTime, SensorID, MeasValue) VALUES (TO_DATE('08/05/18 23:25', 'DD/MM/YY HH24:MI'), 675905, 19.5);
INSERT INTO SENSOR (SerialNumber, CityPlaced, SensorModel, MinimValue, MaximValue, Unit, SensorType) VALUES (822343, 'Σκόπελος', 'QMIZA-5126', 0, 100, '%', 'Humidity');
INSERT INTO MEASUREMENT (DateTime, SensorID, MeasValue) VALUES (TO_DATE('08/05/18 23:25', 'DD/MM/YY HH24:MI'), 822343, 80);
INSERT INTO SENSOR (SerialNumber, CityPlaced, SensorModel, MinimValue, MaximValue, Unit, SensorType) VALUES (59514, 'Σκόπελος', 'NBQO-278', 700.0, 1084.9, 'hPa', 'Pressure');
INSERT INTO MEASUREMENT (DateTime, SensorID, MeasValue) VALUES (TO_DATE('08/05/18 23:25', 'DD/MM/YY HH24:MI'), 59514, 1007.8);
INSERT INTO SENSOR (SerialNumber, CityPlaced, SensorModel, MinimValue, MaximValue, Unit, SensorType) VALUES (81782, 'Σκόπελος', 'BMCS-6543', 0.0, 22.9, 'km/h', 'Wind');
INSERT INTO MEASUREMENT (DateTime, SensorID, MeasValue) VALUES (TO_DATE('08/05/18 23:25', 'DD/MM/YY HH24:MI'), 81782, 8.3);
INSERT INTO SENSOR (SerialNumber, CityPlaced, SensorModel, MinimValue, MaximValue, Unit, SensorType) VALUES (731009, 'Διδυμότειχο', 'ZYSQP-248', -58.0, 64.9, '°C', 'Temperature');
INSERT INTO MEASUREMENT (DateTime, SensorID, MeasValue) VALUES (TO_DATE('08/05/18 23:32', 'DD/MM/YY HH24:MI'), 731009, 17.5);
INSERT INTO SENSOR (SerialNumber, CityPlaced, SensorModel, MinimValue, MaximValue, Unit, SensorType) VALUES (860340, 'Διδυμότειχο', 'UBCEE-1540', 0, 100, '%', 'Humidity');
INSERT INTO MEASUREMENT (DateTime, SensorID, MeasValue) VALUES (TO_DATE('08/05/18 23:32', 'DD/MM/YY HH24:MI'), 860340, 66);
INSERT INTO SENSOR (SerialNumber, CityPlaced, SensorModel, MinimValue, MaximValue, Unit, SensorType) VALUES (47148, 'Διδυμότειχο', 'NHLZ-322', 707.0, 1083.9, 'hPa', 'Pressure');
INSERT INTO MEASUREMENT (DateTime, SensorID, MeasValue) VALUES (TO_DATE('08/05/18 23:32', 'DD/MM/YY HH24:MI'), 47148, 1004.4);
INSERT INTO SENSOR (SerialNumber, CityPlaced, SensorModel, MinimValue, MaximValue, Unit, SensorType) VALUES (42644, 'Διδυμότειχο', 'HVZL-6990', 0.0, 20.9, 'km/h', 'Wind');
INSERT INTO MEASUREMENT (DateTime, SensorID, MeasValue) VALUES (TO_DATE('08/05/18 23:32', 'DD/MM/YY HH24:MI'), 42644, 4.8);
INSERT INTO SENSOR (SerialNumber, CityPlaced, SensorModel, MinimValue, MaximValue, Unit, SensorType) VALUES (700247, 'Γέρακας', 'RDMJT-743', -59.0, 66.9, '°C', 'Temperature');
INSERT INTO MEASUREMENT (DateTime, SensorID, MeasValue) VALUES (TO_DATE('08/05/18 23:33', 'DD/MM/YY HH24:MI'), 700247, 15.6);
INSERT INTO SENSOR (SerialNumber, CityPlaced, SensorModel, MinimValue, MaximValue, Unit, SensorType) VALUES (984232, 'Γέρακας', 'QZJEZ-6764', 0, 100, '%', 'Humidity');
INSERT INTO MEASUREMENT (DateTime, SensorID, MeasValue) VALUES (TO_DATE('08/05/18 23:33', 'DD/MM/YY HH24:MI'), 984232, 93);
INSERT INTO SENSOR (SerialNumber, CityPlaced, SensorModel, MinimValue, MaximValue, Unit, SensorType) VALUES (24868, 'Γέρακας', 'OEEN-444', 704.0, 1092.9, 'hPa', 'Pressure');
INSERT INTO MEASUREMENT (DateTime, SensorID, MeasValue) VALUES (TO_DATE('08/05/18 23:33', 'DD/MM/YY HH24:MI'), 24868, 1007.8);
INSERT INTO SENSOR (SerialNumber, CityPlaced, SensorModel, MinimValue, MaximValue, Unit, SensorType) VALUES (32309, 'Γέρακας', 'PTID-5922', 0.0, 23.9, 'km/h', 'Wind');
INSERT INTO MEASUREMENT (DateTime, SensorID, MeasValue) VALUES (TO_DATE('08/05/18 23:33', 'DD/MM/YY HH24:MI'), 32309, 0.0);
INSERT INTO SENSOR (SerialNumber, CityPlaced, SensorModel, MinimValue, MaximValue, Unit, SensorType) VALUES (983135, 'Αιολικό Πάρκο Μοναστήρι I', 'TWKTP-084', -51.0, 80.9, '°C', 'Temperature');
INSERT INTO MEASUREMENT (DateTime, SensorID, MeasValue) VALUES (TO_DATE('08/05/18 23:33', 'DD/MM/YY HH24:MI'), 983135, 14.8);
INSERT INTO SENSOR (SerialNumber, CityPlaced, SensorModel, MinimValue, MaximValue, Unit, SensorType) VALUES (437911, 'Αιολικό Πάρκο Μοναστήρι I', 'GLJXU-6322', 0, 100, '%', 'Humidity');
INSERT INTO MEASUREMENT (DateTime, SensorID, MeasValue) VALUES (TO_DATE('08/05/18 23:33', 'DD/MM/YY HH24:MI'), 437911, 57);
INSERT INTO SENSOR (SerialNumber, CityPlaced, SensorModel, MinimValue, MaximValue, Unit, SensorType) VALUES (82186, 'Αιολικό Πάρκο Μοναστήρι I', 'HOQF-614', 709.0, 1057.9, 'hPa', 'Pressure');
INSERT INTO MEASUREMENT (DateTime, SensorID, MeasValue) VALUES (TO_DATE('08/05/18 23:33', 'DD/MM/YY HH24:MI'), 82186, 1000.3);
INSERT INTO SENSOR (SerialNumber, CityPlaced, SensorModel, MinimValue, MaximValue, Unit, SensorType) VALUES (32470, 'Αιολικό Πάρκο Μοναστήρι I', 'HBJR-0857', 0.0, 20.9, 'km/h', 'Wind');
INSERT INTO MEASUREMENT (DateTime, SensorID, MeasValue) VALUES (TO_DATE('08/05/18 23:33', 'DD/MM/YY HH24:MI'), 32470, 8.3);
INSERT INTO SENSOR (SerialNumber, CityPlaced, SensorModel, MinimValue, MaximValue, Unit, SensorType) VALUES (563344, 'Παντοκράτορας', 'PDCBL-305', -52.0, 69.9, '°C', 'Temperature');
INSERT INTO MEASUREMENT (DateTime, SensorID, MeasValue) VALUES (TO_DATE('08/05/18 23:33', 'DD/MM/YY HH24:MI'), 563344, 13.6);
INSERT INTO SENSOR (SerialNumber, CityPlaced, SensorModel, MinimValue, MaximValue, Unit, SensorType) VALUES (106965, 'Παντοκράτορας', 'JOSWS-7775', 0, 100, '%', 'Humidity');
INSERT INTO MEASUREMENT (DateTime, SensorID, MeasValue) VALUES (TO_DATE('08/05/18 23:33', 'DD/MM/YY HH24:MI'), 106965, 88);
INSERT INTO SENSOR (SerialNumber, CityPlaced, SensorModel, MinimValue, MaximValue, Unit, SensorType) VALUES (19145, 'Παντοκράτορας', 'RHGM-242', 710.0, 1056.9, 'hPa', 'Pressure');
INSERT INTO MEASUREMENT (DateTime, SensorID, MeasValue) VALUES (TO_DATE('08/05/18 23:33', 'DD/MM/YY HH24:MI'), 19145, 1008.9);
INSERT INTO SENSOR (SerialNumber, CityPlaced, SensorModel, MinimValue, MaximValue, Unit, SensorType) VALUES (26942, 'Παντοκράτορας', 'UHAJ-3869', 0.0, 21.9, 'km/h', 'Wind');
INSERT INTO MEASUREMENT (DateTime, SensorID, MeasValue) VALUES (TO_DATE('08/05/18 23:33', 'DD/MM/YY HH24:MI'), 26942, 1.0);
INSERT INTO SENSOR (SerialNumber, CityPlaced, SensorModel, MinimValue, MaximValue, Unit, SensorType) VALUES (459450, 'Ιθάκη', 'HPDPB-706', -55.0, 75.9, '°C', 'Temperature');
INSERT INTO MEASUREMENT (DateTime, SensorID, MeasValue) VALUES (TO_DATE('08/05/18 23:29', 'DD/MM/YY HH24:MI'), 459450, 19.3);
INSERT INTO SENSOR (SerialNumber, CityPlaced, SensorModel, MinimValue, MaximValue, Unit, SensorType) VALUES (246162, 'Ιθάκη', 'FJVRQ-6712', 0, 100, '%', 'Humidity');
INSERT INTO MEASUREMENT (DateTime, SensorID, MeasValue) VALUES (TO_DATE('08/05/18 23:29', 'DD/MM/YY HH24:MI'), 246162, 81);
INSERT INTO SENSOR (SerialNumber, CityPlaced, SensorModel, MinimValue, MaximValue, Unit, SensorType) VALUES (99371, 'Ιθάκη', 'OXCF-343', 708.0, 1054.9, 'hPa', 'Pressure');
INSERT INTO MEASUREMENT (DateTime, SensorID, MeasValue) VALUES (TO_DATE('08/05/18 23:29', 'DD/MM/YY HH24:MI'), 99371, 1006.8);
INSERT INTO SENSOR (SerialNumber, CityPlaced, SensorModel, MinimValue, MaximValue, Unit, SensorType) VALUES (62487, 'Ιθάκη', 'KYPT-6145', 0.0, 22.9, 'km/h', 'Wind');
INSERT INTO MEASUREMENT (DateTime, SensorID, MeasValue) VALUES (TO_DATE('08/05/18 23:29', 'DD/MM/YY HH24:MI'), 62487, 0.5);
INSERT INTO SENSOR (SerialNumber, CityPlaced, SensorModel, MinimValue, MaximValue, Unit, SensorType) VALUES (885038, 'Πλατρειθιάς Ιθάκη', 'QNSDR-905', -50.0, 69.9, '°C', 'Temperature');
INSERT INTO MEASUREMENT (DateTime, SensorID, MeasValue) VALUES (TO_DATE('08/05/18 23:31', 'DD/MM/YY HH24:MI'), 885038, 17.3);
INSERT INTO SENSOR (SerialNumber, CityPlaced, SensorModel, MinimValue, MaximValue, Unit, SensorType) VALUES (711474, 'Πλατρειθιάς Ιθάκη', 'XOLWW-3121', 0, 100, '%', 'Humidity');
INSERT INTO MEASUREMENT (DateTime, SensorID, MeasValue) VALUES (TO_DATE('08/05/18 23:31', 'DD/MM/YY HH24:MI'), 711474, 91);
INSERT INTO SENSOR (SerialNumber, CityPlaced, SensorModel, MinimValue, MaximValue, Unit, SensorType) VALUES (34673, 'Πλατρειθιάς Ιθάκη', 'WUNU-840', 710.0, 1068.9, 'hPa', 'Pressure');
INSERT INTO MEASUREMENT (DateTime, SensorID, MeasValue) VALUES (TO_DATE('08/05/18 23:31', 'DD/MM/YY HH24:MI'), 34673, 1006.7);
INSERT INTO SENSOR (SerialNumber, CityPlaced, SensorModel, MinimValue, MaximValue, Unit, SensorType) VALUES (12317, 'Πλατρειθιάς Ιθάκη', 'MFRU-5049', 0.0, 21.9, 'km/h', 'Wind');
INSERT INTO MEASUREMENT (DateTime, SensorID, MeasValue) VALUES (TO_DATE('08/05/18 23:31', 'DD/MM/YY HH24:MI'), 12317, 0.3);
INSERT INTO SENSOR (SerialNumber, CityPlaced, SensorModel, MinimValue, MaximValue, Unit, SensorType) VALUES (229149, 'Σπαρτιά', 'QTDFK-712', -53.0, 63.9, '°C', 'Temperature');
INSERT INTO MEASUREMENT (DateTime, SensorID, MeasValue) VALUES (TO_DATE('08/05/18 23:33', 'DD/MM/YY HH24:MI'), 229149, 17.1);
INSERT INTO SENSOR (SerialNumber, CityPlaced, SensorModel, MinimValue, MaximValue, Unit, SensorType) VALUES (155643, 'Σπαρτιά', 'XFLZD-1954', 0, 100, '%', 'Humidity');
INSERT INTO MEASUREMENT (DateTime, SensorID, MeasValue) VALUES (TO_DATE('08/05/18 23:33', 'DD/MM/YY HH24:MI'), 155643, 87);
INSERT INTO SENSOR (SerialNumber, CityPlaced, SensorModel, MinimValue, MaximValue, Unit, SensorType) VALUES (97547, 'Σπαρτιά', 'NAKU-300', 743.0, 1096.9, 'hPa', 'Pressure');
INSERT INTO MEASUREMENT (DateTime, SensorID, MeasValue) VALUES (TO_DATE('08/05/18 23:33', 'DD/MM/YY HH24:MI'), 97547, 1074.4);
INSERT INTO SENSOR (SerialNumber, CityPlaced, SensorModel, MinimValue, MaximValue, Unit, SensorType) VALUES (75212, 'Σπαρτιά', 'OFSQ-7756', 0.0, 21.9, 'km/h', 'Wind');
INSERT INTO MEASUREMENT (DateTime, SensorID, MeasValue) VALUES (TO_DATE('08/05/18 23:33', 'DD/MM/YY HH24:MI'), 75212, 1.3);
INSERT INTO SENSOR (SerialNumber, CityPlaced, SensorModel, MinimValue, MaximValue, Unit, SensorType) VALUES (566162, 'Λευκάδα', 'SMQTO-711', -55.0, 80.9, '°C', 'Temperature');
INSERT INTO MEASUREMENT (DateTime, SensorID, MeasValue) VALUES (TO_DATE('08/05/18 23:29', 'DD/MM/YY HH24:MI'), 566162, 18.6);
INSERT INTO SENSOR (SerialNumber, CityPlaced, SensorModel, MinimValue, MaximValue, Unit, SensorType) VALUES (540343, 'Λευκάδα', 'FWUDX-7153', 0, 100, '%', 'Humidity');
INSERT INTO MEASUREMENT (DateTime, SensorID, MeasValue) VALUES (TO_DATE('08/05/18 23:29', 'DD/MM/YY HH24:MI'), 540343, 92);
INSERT INTO SENSOR (SerialNumber, CityPlaced, SensorModel, MinimValue, MaximValue, Unit, SensorType) VALUES (58389, 'Λευκάδα', 'THYT-654', 709.0, 1061.9, 'hPa', 'Pressure');
INSERT INTO MEASUREMENT (DateTime, SensorID, MeasValue) VALUES (TO_DATE('08/05/18 23:29', 'DD/MM/YY HH24:MI'), 58389, 1006.7);
INSERT INTO SENSOR (SerialNumber, CityPlaced, SensorModel, MinimValue, MaximValue, Unit, SensorType) VALUES (27095, 'Λευκάδα', 'MPCK-8994', 0.0, 22.9, 'km/h', 'Wind');
INSERT INTO MEASUREMENT (DateTime, SensorID, MeasValue) VALUES (TO_DATE('08/05/18 23:29', 'DD/MM/YY HH24:MI'), 27095, 6.4);
INSERT INTO SENSOR (SerialNumber, CityPlaced, SensorModel, MinimValue, MaximValue, Unit, SensorType) VALUES (250137, 'Πλατύστομα', 'ZNCZQ-928', -57.0, 77.9, '°C', 'Temperature');
INSERT INTO MEASUREMENT (DateTime, SensorID, MeasValue) VALUES (TO_DATE('08/05/18 23:29', 'DD/MM/YY HH24:MI'), 250137, 15.7);
INSERT INTO SENSOR (SerialNumber, CityPlaced, SensorModel, MinimValue, MaximValue, Unit, SensorType) VALUES (251939, 'Πλατύστομα', 'AXNME-5045', 0, 100, '%', 'Humidity');
INSERT INTO MEASUREMENT (DateTime, SensorID, MeasValue) VALUES (TO_DATE('08/05/18 23:29', 'DD/MM/YY HH24:MI'), 251939, 94);
INSERT INTO SENSOR (SerialNumber, CityPlaced, SensorModel, MinimValue, MaximValue, Unit, SensorType) VALUES (26320, 'Πλατύστομα', 'DXUK-527', 701.0, 1054.9, 'hPa', 'Pressure');
INSERT INTO MEASUREMENT (DateTime, SensorID, MeasValue) VALUES (TO_DATE('08/05/18 23:29', 'DD/MM/YY HH24:MI'), 26320, 1006.7);
INSERT INTO SENSOR (SerialNumber, CityPlaced, SensorModel, MinimValue, MaximValue, Unit, SensorType) VALUES (78427, 'Πλατύστομα', 'TPFS-3874', 0.0, 21.9, 'km/h', 'Wind');
INSERT INTO MEASUREMENT (DateTime, SensorID, MeasValue) VALUES (TO_DATE('08/05/18 23:29', 'DD/MM/YY HH24:MI'), 78427, 0.0);
INSERT INTO SENSOR (SerialNumber, CityPlaced, SensorModel, MinimValue, MaximValue, Unit, SensorType) VALUES (515305, 'Παντάνασσα Γάζι', 'ENHJW-422', -50.0, 66.9, '°C', 'Temperature');
INSERT INTO MEASUREMENT (DateTime, SensorID, MeasValue) VALUES (TO_DATE('08/05/18 23:33', 'DD/MM/YY HH24:MI'), 515305, 18.2);
INSERT INTO SENSOR (SerialNumber, CityPlaced, SensorModel, MinimValue, MaximValue, Unit, SensorType) VALUES (722299, 'Παντάνασσα Γάζι', 'DFCUP-9191', 0, 100, '%', 'Humidity');
INSERT INTO MEASUREMENT (DateTime, SensorID, MeasValue) VALUES (TO_DATE('08/05/18 23:33', 'DD/MM/YY HH24:MI'), 722299, 84);
INSERT INTO SENSOR (SerialNumber, CityPlaced, SensorModel, MinimValue, MaximValue, Unit, SensorType) VALUES (90243, 'Παντάνασσα Γάζι', 'XPJS-724', 736.0, 1090.9, 'hPa', 'Pressure');
INSERT INTO MEASUREMENT (DateTime, SensorID, MeasValue) VALUES (TO_DATE('08/05/18 23:33', 'DD/MM/YY HH24:MI'), 90243, 1005.8);
INSERT INTO SENSOR (SerialNumber, CityPlaced, SensorModel, MinimValue, MaximValue, Unit, SensorType) VALUES (17906, 'Παντάνασσα Γάζι', 'JRAL-5531', 0.0, 25.9, 'km/h', 'Wind');
INSERT INTO MEASUREMENT (DateTime, SensorID, MeasValue) VALUES (TO_DATE('08/05/18 23:33', 'DD/MM/YY HH24:MI'), 17906, 0.0);
INSERT INTO SENSOR (SerialNumber, CityPlaced, SensorModel, MinimValue, MaximValue, Unit, SensorType) VALUES (393430, 'Σταυράκια', 'AIFQJ-437', -54.0, 78.9, '°C', 'Temperature');
INSERT INTO MEASUREMENT (DateTime, SensorID, MeasValue) VALUES (TO_DATE('08/05/18 23:30', 'DD/MM/YY HH24:MI'), 393430, 17.1);
INSERT INTO SENSOR (SerialNumber, CityPlaced, SensorModel, MinimValue, MaximValue, Unit, SensorType) VALUES (781072, 'Σταυράκια', 'JFHWR-7454', 0, 100, '%', 'Humidity');
INSERT INTO MEASUREMENT (DateTime, SensorID, MeasValue) VALUES (TO_DATE('08/05/18 23:30', 'DD/MM/YY HH24:MI'), 781072, 89);
INSERT INTO SENSOR (SerialNumber, CityPlaced, SensorModel, MinimValue, MaximValue, Unit, SensorType) VALUES (97626, 'Σταυράκια', 'WZYO-043', 732.0, 1051.9, 'hPa', 'Pressure');
INSERT INTO MEASUREMENT (DateTime, SensorID, MeasValue) VALUES (TO_DATE('08/05/18 23:30', 'DD/MM/YY HH24:MI'), 97626, 1007.8);
INSERT INTO SENSOR (SerialNumber, CityPlaced, SensorModel, MinimValue, MaximValue, Unit, SensorType) VALUES (79231, 'Σταυράκια', 'WTPW-9180', 0.0, 24.9, 'km/h', 'Wind');
INSERT INTO MEASUREMENT (DateTime, SensorID, MeasValue) VALUES (TO_DATE('08/05/18 23:30', 'DD/MM/YY HH24:MI'), 79231, 5.6);
INSERT INTO SENSOR (SerialNumber, CityPlaced, SensorModel, MinimValue, MaximValue, Unit, SensorType) VALUES (152362, 'Ελούντα', 'OQGSY-098', -52.0, 67.9, '°C', 'Temperature');
INSERT INTO MEASUREMENT (DateTime, SensorID, MeasValue) VALUES (TO_DATE('08/05/18 23:33', 'DD/MM/YY HH24:MI'), 152362, 0.0);
INSERT INTO SENSOR (SerialNumber, CityPlaced, SensorModel, MinimValue, MaximValue, Unit, SensorType) VALUES (272813, 'Ελούντα', 'CIDHA-2117', 0, 100, '%', 'Humidity');
INSERT INTO MEASUREMENT (DateTime, SensorID, MeasValue) VALUES (TO_DATE('08/05/18 23:33', 'DD/MM/YY HH24:MI'), 272813, 0);
INSERT INTO SENSOR (SerialNumber, CityPlaced, SensorModel, MinimValue, MaximValue, Unit, SensorType) VALUES (49574, 'Ελούντα', 'WZEE-739', 732.0, 1088.9, 'hPa', 'Pressure');
INSERT INTO MEASUREMENT (DateTime, SensorID, MeasValue) VALUES (TO_DATE('08/05/18 23:33', 'DD/MM/YY HH24:MI'), 49574, 1008.3);
INSERT INTO SENSOR (SerialNumber, CityPlaced, SensorModel, MinimValue, MaximValue, Unit, SensorType) VALUES (63453, 'Ελούντα', 'WEKV-7472', 0.0, 20.9, 'km/h', 'Wind');
INSERT INTO MEASUREMENT (DateTime, SensorID, MeasValue) VALUES (TO_DATE('08/05/18 23:33', 'DD/MM/YY HH24:MI'), 63453, 2.9);
INSERT INTO SENSOR (SerialNumber, CityPlaced, SensorModel, MinimValue, MaximValue, Unit, SensorType) VALUES (701129, 'Ρούστικα', 'PHSOD-558', -58.0, 68.9, '°C', 'Temperature');
INSERT INTO MEASUREMENT (DateTime, SensorID, MeasValue) VALUES (TO_DATE('08/05/18 23:32', 'DD/MM/YY HH24:MI'), 701129, 15.9);
INSERT INTO SENSOR (SerialNumber, CityPlaced, SensorModel, MinimValue, MaximValue, Unit, SensorType) VALUES (149245, 'Ρούστικα', 'VISFB-8652', 0, 100, '%', 'Humidity');
INSERT INTO MEASUREMENT (DateTime, SensorID, MeasValue) VALUES (TO_DATE('08/05/18 23:32', 'DD/MM/YY HH24:MI'), 149245, 86);
INSERT INTO SENSOR (SerialNumber, CityPlaced, SensorModel, MinimValue, MaximValue, Unit, SensorType) VALUES (81135, 'Ρούστικα', 'OEMI-419', 710.0, 1085.9, 'hPa', 'Pressure');
INSERT INTO MEASUREMENT (DateTime, SensorID, MeasValue) VALUES (TO_DATE('08/05/18 23:32', 'DD/MM/YY HH24:MI'), 81135, 1006.0);
INSERT INTO SENSOR (SerialNumber, CityPlaced, SensorModel, MinimValue, MaximValue, Unit, SensorType) VALUES (48058, 'Ρούστικα', 'TFYN-7133', 0.0, 23.9, 'km/h', 'Wind');
INSERT INTO MEASUREMENT (DateTime, SensorID, MeasValue) VALUES (TO_DATE('08/05/18 23:32', 'DD/MM/YY HH24:MI'), 48058, 3.2);
INSERT INTO SENSOR (SerialNumber, CityPlaced, SensorModel, MinimValue, MaximValue, Unit, SensorType) VALUES (653477, 'Κουντούρα', 'BSIDA-410', -53.0, 60.9, '°C', 'Temperature');
INSERT INTO MEASUREMENT (DateTime, SensorID, MeasValue) VALUES (TO_DATE('08/05/18 23:26', 'DD/MM/YY HH24:MI'), 653477, 17.9);
INSERT INTO SENSOR (SerialNumber, CityPlaced, SensorModel, MinimValue, MaximValue, Unit, SensorType) VALUES (622779, 'Κουντούρα', 'JXXTF-9245', 0, 100, '%', 'Humidity');
INSERT INTO MEASUREMENT (DateTime, SensorID, MeasValue) VALUES (TO_DATE('08/05/18 23:26', 'DD/MM/YY HH24:MI'), 622779, 81);
INSERT INTO SENSOR (SerialNumber, CityPlaced, SensorModel, MinimValue, MaximValue, Unit, SensorType) VALUES (75301, 'Κουντούρα', 'OJGK-163', 700.0, 1073.9, 'hPa', 'Pressure');
INSERT INTO MEASUREMENT (DateTime, SensorID, MeasValue) VALUES (TO_DATE('08/05/18 23:26', 'DD/MM/YY HH24:MI'), 75301, 1008.9);
INSERT INTO SENSOR (SerialNumber, CityPlaced, SensorModel, MinimValue, MaximValue, Unit, SensorType) VALUES (92390, 'Κουντούρα', 'IXTT-7878', 0.0, 21.9, 'km/h', 'Wind');
INSERT INTO MEASUREMENT (DateTime, SensorID, MeasValue) VALUES (TO_DATE('08/05/18 23:26', 'DD/MM/YY HH24:MI'), 92390, 2.4);
INSERT INTO SENSOR (SerialNumber, CityPlaced, SensorModel, MinimValue, MaximValue, Unit, SensorType) VALUES (634454, 'Δράμα Νέα Αμισός  Δράμα', 'SIXBH-994', -60.0, 68.9, '°C', 'Temperature');
INSERT INTO MEASUREMENT (DateTime, SensorID, MeasValue) VALUES (TO_DATE('08/05/18 23:30', 'DD/MM/YY HH24:MI'), 634454, 18.4);
INSERT INTO SENSOR (SerialNumber, CityPlaced, SensorModel, MinimValue, MaximValue, Unit, SensorType) VALUES (688931, 'Δράμα Νέα Αμισός  Δράμα', 'KZTRA-7623', 0, 100, '%', 'Humidity');
INSERT INTO MEASUREMENT (DateTime, SensorID, MeasValue) VALUES (TO_DATE('08/05/18 23:30', 'DD/MM/YY HH24:MI'), 688931, 79);
INSERT INTO SENSOR (SerialNumber, CityPlaced, SensorModel, MinimValue, MaximValue, Unit, SensorType) VALUES (99504, 'Δράμα Νέα Αμισός  Δράμα', 'MEMV-674', 714.0, 1051.9, 'hPa', 'Pressure');
INSERT INTO MEASUREMENT (DateTime, SensorID, MeasValue) VALUES (TO_DATE('08/05/18 23:30', 'DD/MM/YY HH24:MI'), 99504, 1005.6);
INSERT INTO SENSOR (SerialNumber, CityPlaced, SensorModel, MinimValue, MaximValue, Unit, SensorType) VALUES (33183, 'Δράμα Νέα Αμισός  Δράμα', 'RMXB-0958', 0.0, 22.9, 'km/h', 'Wind');
INSERT INTO MEASUREMENT (DateTime, SensorID, MeasValue) VALUES (TO_DATE('08/05/18 23:30', 'DD/MM/YY HH24:MI'), 33183, 0.1);
INSERT INTO SENSOR (SerialNumber, CityPlaced, SensorModel, MinimValue, MaximValue, Unit, SensorType) VALUES (286908, 'Δράμα Αμπελόκηποι', 'YHKUJ-600', -56.0, 66.9, '°C', 'Temperature');
INSERT INTO MEASUREMENT (DateTime, SensorID, MeasValue) VALUES (TO_DATE('08/05/18 23:33', 'DD/MM/YY HH24:MI'), 286908, 18.8);
INSERT INTO SENSOR (SerialNumber, CityPlaced, SensorModel, MinimValue, MaximValue, Unit, SensorType) VALUES (957260, 'Δράμα Αμπελόκηποι', 'HNEUW-3779', 0, 100, '%', 'Humidity');
INSERT INTO MEASUREMENT (DateTime, SensorID, MeasValue) VALUES (TO_DATE('08/05/18 23:33', 'DD/MM/YY HH24:MI'), 957260, 77);
INSERT INTO SENSOR (SerialNumber, CityPlaced, SensorModel, MinimValue, MaximValue, Unit, SensorType) VALUES (44840, 'Δράμα Αμπελόκηποι', 'OBBC-632', 721.0, 1099.9, 'hPa', 'Pressure');
INSERT INTO MEASUREMENT (DateTime, SensorID, MeasValue) VALUES (TO_DATE('08/05/18 23:33', 'DD/MM/YY HH24:MI'), 44840, 1005.1);
INSERT INTO SENSOR (SerialNumber, CityPlaced, SensorModel, MinimValue, MaximValue, Unit, SensorType) VALUES (76541, 'Δράμα Αμπελόκηποι', 'QDIW-5872', 0.0, 20.9, 'km/h', 'Wind');
INSERT INTO MEASUREMENT (DateTime, SensorID, MeasValue) VALUES (TO_DATE('08/05/18 23:33', 'DD/MM/YY HH24:MI'), 76541, 1.3);
INSERT INTO SENSOR (SerialNumber, CityPlaced, SensorModel, MinimValue, MaximValue, Unit, SensorType) VALUES (241707, 'Δράμα Κέντρο', 'VCZUG-364', -55.0, 69.9, '°C', 'Temperature');
INSERT INTO MEASUREMENT (DateTime, SensorID, MeasValue) VALUES (TO_DATE('08/05/18 23:32', 'DD/MM/YY HH24:MI'), 241707, 19.8);
INSERT INTO SENSOR (SerialNumber, CityPlaced, SensorModel, MinimValue, MaximValue, Unit, SensorType) VALUES (637480, 'Δράμα Κέντρο', 'ZEJXJ-8401', 0, 100, '%', 'Humidity');
INSERT INTO MEASUREMENT (DateTime, SensorID, MeasValue) VALUES (TO_DATE('08/05/18 23:32', 'DD/MM/YY HH24:MI'), 637480, 73);
INSERT INTO SENSOR (SerialNumber, CityPlaced, SensorModel, MinimValue, MaximValue, Unit, SensorType) VALUES (14639, 'Δράμα Κέντρο', 'MGQF-353', 740.0, 1082.9, 'hPa', 'Pressure');
INSERT INTO MEASUREMENT (DateTime, SensorID, MeasValue) VALUES (TO_DATE('08/05/18 23:32', 'DD/MM/YY HH24:MI'), 14639, 1004.5);
INSERT INTO SENSOR (SerialNumber, CityPlaced, SensorModel, MinimValue, MaximValue, Unit, SensorType) VALUES (75871, 'Δράμα Κέντρο', 'KCDF-7174', 0.0, 23.9, 'km/h', 'Wind');
INSERT INTO MEASUREMENT (DateTime, SensorID, MeasValue) VALUES (TO_DATE('08/05/18 23:32', 'DD/MM/YY HH24:MI'), 75871, 2.1);
INSERT INTO SENSOR (SerialNumber, CityPlaced, SensorModel, MinimValue, MaximValue, Unit, SensorType) VALUES (713476, 'Καλαμώνας', 'JXMRB-522', -55.0, 60.9, '°C', 'Temperature');
INSERT INTO MEASUREMENT (DateTime, SensorID, MeasValue) VALUES (TO_DATE('08/05/18 23:30', 'DD/MM/YY HH24:MI'), 713476, 19.2);
INSERT INTO SENSOR (SerialNumber, CityPlaced, SensorModel, MinimValue, MaximValue, Unit, SensorType) VALUES (477714, 'Καλαμώνας', 'UULRK-4596', 0, 100, '%', 'Humidity');
INSERT INTO MEASUREMENT (DateTime, SensorID, MeasValue) VALUES (TO_DATE('08/05/18 23:30', 'DD/MM/YY HH24:MI'), 477714, 84);
INSERT INTO SENSOR (SerialNumber, CityPlaced, SensorModel, MinimValue, MaximValue, Unit, SensorType) VALUES (27701, 'Καλαμώνας', 'EMXA-664', 729.0, 1062.9, 'hPa', 'Pressure');
INSERT INTO MEASUREMENT (DateTime, SensorID, MeasValue) VALUES (TO_DATE('08/05/18 23:30', 'DD/MM/YY HH24:MI'), 27701, 1001.3);
INSERT INTO SENSOR (SerialNumber, CityPlaced, SensorModel, MinimValue, MaximValue, Unit, SensorType) VALUES (34479, 'Καλαμώνας', 'DVGR-4128', 0.0, 23.9, 'km/h', 'Wind');
INSERT INTO MEASUREMENT (DateTime, SensorID, MeasValue) VALUES (TO_DATE('08/05/18 23:30', 'DD/MM/YY HH24:MI'), 34479, 0.0);
INSERT INTO SENSOR (SerialNumber, CityPlaced, SensorModel, MinimValue, MaximValue, Unit, SensorType) VALUES (176642, 'Βέροια', 'XFJDH-920', -55.0, 62.9, '°C', 'Temperature');
INSERT INTO MEASUREMENT (DateTime, SensorID, MeasValue) VALUES (TO_DATE('08/05/18 23:30', 'DD/MM/YY HH24:MI'), 176642, 18.9);
INSERT INTO SENSOR (SerialNumber, CityPlaced, SensorModel, MinimValue, MaximValue, Unit, SensorType) VALUES (830790, 'Βέροια', 'IEHKB-8357', 0, 100, '%', 'Humidity');
INSERT INTO MEASUREMENT (DateTime, SensorID, MeasValue) VALUES (TO_DATE('08/05/18 23:30', 'DD/MM/YY HH24:MI'), 830790, 76);
INSERT INTO SENSOR (SerialNumber, CityPlaced, SensorModel, MinimValue, MaximValue, Unit, SensorType) VALUES (47990, 'Βέροια', 'NOQB-472', 707.0, 1085.9, 'hPa', 'Pressure');
INSERT INTO MEASUREMENT (DateTime, SensorID, MeasValue) VALUES (TO_DATE('08/05/18 23:30', 'DD/MM/YY HH24:MI'), 47990, 1003.0);
INSERT INTO SENSOR (SerialNumber, CityPlaced, SensorModel, MinimValue, MaximValue, Unit, SensorType) VALUES (32881, 'Βέροια', 'BAAA-2487', 0.0, 21.9, 'km/h', 'Wind');
INSERT INTO MEASUREMENT (DateTime, SensorID, MeasValue) VALUES (TO_DATE('08/05/18 23:30', 'DD/MM/YY HH24:MI'), 32881, 6.2);
INSERT INTO SENSOR (SerialNumber, CityPlaced, SensorModel, MinimValue, MaximValue, Unit, SensorType) VALUES (972800, 'Στενήμαχος', 'ODJVB-509', -53.0, 69.9, '°C', 'Temperature');
INSERT INTO MEASUREMENT (DateTime, SensorID, MeasValue) VALUES (TO_DATE('08/05/18 23:30', 'DD/MM/YY HH24:MI'), 972800, 17.1);
INSERT INTO SENSOR (SerialNumber, CityPlaced, SensorModel, MinimValue, MaximValue, Unit, SensorType) VALUES (509936, 'Στενήμαχος', 'IWVIR-8002', 0, 100, '%', 'Humidity');
INSERT INTO MEASUREMENT (DateTime, SensorID, MeasValue) VALUES (TO_DATE('08/05/18 23:30', 'DD/MM/YY HH24:MI'), 509936, 80);
INSERT INTO SENSOR (SerialNumber, CityPlaced, SensorModel, MinimValue, MaximValue, Unit, SensorType) VALUES (70903, 'Στενήμαχος', 'YZOC-555', 721.0, 1059.9, 'hPa', 'Pressure');
INSERT INTO MEASUREMENT (DateTime, SensorID, MeasValue) VALUES (TO_DATE('08/05/18 23:30', 'DD/MM/YY HH24:MI'), 70903, 1004.0);
INSERT INTO SENSOR (SerialNumber, CityPlaced, SensorModel, MinimValue, MaximValue, Unit, SensorType) VALUES (32233, 'Στενήμαχος', 'LGMP-5979', 0.0, 20.9, 'km/h', 'Wind');
INSERT INTO MEASUREMENT (DateTime, SensorID, MeasValue) VALUES (TO_DATE('08/05/18 23:30', 'DD/MM/YY HH24:MI'), 32233, 7.2);
INSERT INTO SENSOR (SerialNumber, CityPlaced, SensorModel, MinimValue, MaximValue, Unit, SensorType) VALUES (274172, 'Επταπύργιο', 'ZXCCW-279', -50.0, 68.9, '°C', 'Temperature');
INSERT INTO MEASUREMENT (DateTime, SensorID, MeasValue) VALUES (TO_DATE('08/05/18 23:33', 'DD/MM/YY HH24:MI'), 274172, 17.4);
INSERT INTO SENSOR (SerialNumber, CityPlaced, SensorModel, MinimValue, MaximValue, Unit, SensorType) VALUES (128865, 'Επταπύργιο', 'GXJQC-9746', 0, 100, '%', 'Humidity');
INSERT INTO MEASUREMENT (DateTime, SensorID, MeasValue) VALUES (TO_DATE('08/05/18 23:33', 'DD/MM/YY HH24:MI'), 128865, 80);
INSERT INTO SENSOR (SerialNumber, CityPlaced, SensorModel, MinimValue, MaximValue, Unit, SensorType) VALUES (45934, 'Επταπύργιο', 'LPOW-016', 748.0, 1062.9, 'hPa', 'Pressure');
INSERT INTO MEASUREMENT (DateTime, SensorID, MeasValue) VALUES (TO_DATE('08/05/18 23:33', 'DD/MM/YY HH24:MI'), 45934, 1006.7);
INSERT INTO SENSOR (SerialNumber, CityPlaced, SensorModel, MinimValue, MaximValue, Unit, SensorType) VALUES (99906, 'Επταπύργιο', 'VIPI-3426', 0.0, 25.9, 'km/h', 'Wind');
INSERT INTO MEASUREMENT (DateTime, SensorID, MeasValue) VALUES (TO_DATE('08/05/18 23:33', 'DD/MM/YY HH24:MI'), 99906, 0.5);
INSERT INTO SENSOR (SerialNumber, CityPlaced, SensorModel, MinimValue, MaximValue, Unit, SensorType) VALUES (652109, 'Θεσσαλονίκη Ευκαρπία', 'LPOBX-957', -56.0, 70.9, '°C', 'Temperature');
INSERT INTO MEASUREMENT (DateTime, SensorID, MeasValue) VALUES (TO_DATE('08/05/18 23:32', 'DD/MM/YY HH24:MI'), 652109, 19.6);
INSERT INTO SENSOR (SerialNumber, CityPlaced, SensorModel, MinimValue, MaximValue, Unit, SensorType) VALUES (111420, 'Θεσσαλονίκη Ευκαρπία', 'XAUEC-7426', 0, 100, '%', 'Humidity');
INSERT INTO MEASUREMENT (DateTime, SensorID, MeasValue) VALUES (TO_DATE('08/05/18 23:32', 'DD/MM/YY HH24:MI'), 111420, 74);
INSERT INTO SENSOR (SerialNumber, CityPlaced, SensorModel, MinimValue, MaximValue, Unit, SensorType) VALUES (61587, 'Θεσσαλονίκη Ευκαρπία', 'QVMZ-617', 722.0, 1080.9, 'hPa', 'Pressure');
INSERT INTO MEASUREMENT (DateTime, SensorID, MeasValue) VALUES (TO_DATE('08/05/18 23:32', 'DD/MM/YY HH24:MI'), 61587, 1005.4);
INSERT INTO SENSOR (SerialNumber, CityPlaced, SensorModel, MinimValue, MaximValue, Unit, SensorType) VALUES (31370, 'Θεσσαλονίκη Ευκαρπία', 'WRUQ-9501', 0.0, 21.9, 'km/h', 'Wind');
INSERT INTO MEASUREMENT (DateTime, SensorID, MeasValue) VALUES (TO_DATE('08/05/18 23:32', 'DD/MM/YY HH24:MI'), 31370, 1.2);
INSERT INTO SENSOR (SerialNumber, CityPlaced, SensorModel, MinimValue, MaximValue, Unit, SensorType) VALUES (525811, 'Θεσσαλονίκη Κέντρο', 'QZBAO-941', -52.0, 72.9, '°C', 'Temperature');
INSERT INTO MEASUREMENT (DateTime, SensorID, MeasValue) VALUES (TO_DATE('08/05/18 23:30', 'DD/MM/YY HH24:MI'), 525811, 21.5);
INSERT INTO SENSOR (SerialNumber, CityPlaced, SensorModel, MinimValue, MaximValue, Unit, SensorType) VALUES (315589, 'Θεσσαλονίκη Κέντρο', 'NSNJW-5026', 0, 100, '%', 'Humidity');
INSERT INTO MEASUREMENT (DateTime, SensorID, MeasValue) VALUES (TO_DATE('08/05/18 23:30', 'DD/MM/YY HH24:MI'), 315589, 67);
INSERT INTO SENSOR (SerialNumber, CityPlaced, SensorModel, MinimValue, MaximValue, Unit, SensorType) VALUES (71070, 'Θεσσαλονίκη Κέντρο', 'OECF-439', 746.0, 1100.9, 'hPa', 'Pressure');
INSERT INTO MEASUREMENT (DateTime, SensorID, MeasValue) VALUES (TO_DATE('08/05/18 23:30', 'DD/MM/YY HH24:MI'), 71070, 1005.2);
INSERT INTO SENSOR (SerialNumber, CityPlaced, SensorModel, MinimValue, MaximValue, Unit, SensorType) VALUES (32854, 'Θεσσαλονίκη Κέντρο', 'CRPV-3168', 0.0, 20.9, 'km/h', 'Wind');
INSERT INTO MEASUREMENT (DateTime, SensorID, MeasValue) VALUES (TO_DATE('08/05/18 23:30', 'DD/MM/YY HH24:MI'), 32854, 4.5);
INSERT INTO SENSOR (SerialNumber, CityPlaced, SensorModel, MinimValue, MaximValue, Unit, SensorType) VALUES (908302, 'Ιωνία SV2BZQ', 'HFPLA-411', -55.0, 80.9, '°C', 'Temperature');
INSERT INTO MEASUREMENT (DateTime, SensorID, MeasValue) VALUES (TO_DATE('08/05/18 23:30', 'DD/MM/YY HH24:MI'), 908302, 20.8);
INSERT INTO SENSOR (SerialNumber, CityPlaced, SensorModel, MinimValue, MaximValue, Unit, SensorType) VALUES (403099, 'Ιωνία SV2BZQ', 'QVHRK-2594', 0, 100, '%', 'Humidity');
INSERT INTO MEASUREMENT (DateTime, SensorID, MeasValue) VALUES (TO_DATE('08/05/18 23:30', 'DD/MM/YY HH24:MI'), 403099, 85);
INSERT INTO SENSOR (SerialNumber, CityPlaced, SensorModel, MinimValue, MaximValue, Unit, SensorType) VALUES (78532, 'Ιωνία SV2BZQ', 'AZZP-230', 746.0, 1069.9, 'hPa', 'Pressure');
INSERT INTO MEASUREMENT (DateTime, SensorID, MeasValue) VALUES (TO_DATE('08/05/18 23:30', 'DD/MM/YY HH24:MI'), 78532, 1004.4);
INSERT INTO SENSOR (SerialNumber, CityPlaced, SensorModel, MinimValue, MaximValue, Unit, SensorType) VALUES (79061, 'Ιωνία SV2BZQ', 'ACIL-9499', 0.0, 20.9, 'km/h', 'Wind');
INSERT INTO MEASUREMENT (DateTime, SensorID, MeasValue) VALUES (TO_DATE('08/05/18 23:30', 'DD/MM/YY HH24:MI'), 79061, 1.3);
INSERT INTO SENSOR (SerialNumber, CityPlaced, SensorModel, MinimValue, MaximValue, Unit, SensorType) VALUES (820517, 'Κάτω Πυλαία', 'IYCFX-687', -52.0, 80.9, '°C', 'Temperature');
INSERT INTO MEASUREMENT (DateTime, SensorID, MeasValue) VALUES (TO_DATE('08/05/18 23:30', 'DD/MM/YY HH24:MI'), 820517, 18.9);
INSERT INTO SENSOR (SerialNumber, CityPlaced, SensorModel, MinimValue, MaximValue, Unit, SensorType) VALUES (789531, 'Κάτω Πυλαία', 'YBAVD-1039', 0, 100, '%', 'Humidity');
INSERT INTO MEASUREMENT (DateTime, SensorID, MeasValue) VALUES (TO_DATE('08/05/18 23:30', 'DD/MM/YY HH24:MI'), 789531, 78);
INSERT INTO SENSOR (SerialNumber, CityPlaced, SensorModel, MinimValue, MaximValue, Unit, SensorType) VALUES (65546, 'Κάτω Πυλαία', 'ETRU-648', 704.0, 1062.9, 'hPa', 'Pressure');
INSERT INTO MEASUREMENT (DateTime, SensorID, MeasValue) VALUES (TO_DATE('08/05/18 23:30', 'DD/MM/YY HH24:MI'), 65546, 1005.7);
INSERT INTO SENSOR (SerialNumber, CityPlaced, SensorModel, MinimValue, MaximValue, Unit, SensorType) VALUES (63098, 'Κάτω Πυλαία', 'IBDZ-5589', 0.0, 22.9, 'km/h', 'Wind');
INSERT INTO MEASUREMENT (DateTime, SensorID, MeasValue) VALUES (TO_DATE('08/05/18 23:30', 'DD/MM/YY HH24:MI'), 63098, 3.1);
INSERT INTO SENSOR (SerialNumber, CityPlaced, SensorModel, MinimValue, MaximValue, Unit, SensorType) VALUES (936885, 'Καλαμαριά 2', 'HIUBW-045', -51.0, 71.9, '°C', 'Temperature');
INSERT INTO MEASUREMENT (DateTime, SensorID, MeasValue) VALUES (TO_DATE('08/05/18 23:27', 'DD/MM/YY HH24:MI'), 936885, 20.2);
INSERT INTO SENSOR (SerialNumber, CityPlaced, SensorModel, MinimValue, MaximValue, Unit, SensorType) VALUES (107120, 'Καλαμαριά 2', 'QTOEO-7636', 0, 100, '%', 'Humidity');
INSERT INTO MEASUREMENT (DateTime, SensorID, MeasValue) VALUES (TO_DATE('08/05/18 23:27', 'DD/MM/YY HH24:MI'), 107120, 76);
INSERT INTO SENSOR (SerialNumber, CityPlaced, SensorModel, MinimValue, MaximValue, Unit, SensorType) VALUES (96853, 'Καλαμαριά 2', 'DVZS-309', 719.0, 1052.9, 'hPa', 'Pressure');
INSERT INTO MEASUREMENT (DateTime, SensorID, MeasValue) VALUES (TO_DATE('08/05/18 23:27', 'DD/MM/YY HH24:MI'), 96853, 1005.4);
INSERT INTO SENSOR (SerialNumber, CityPlaced, SensorModel, MinimValue, MaximValue, Unit, SensorType) VALUES (59989, 'Καλαμαριά 2', 'CVVL-4314', 0.0, 25.9, 'km/h', 'Wind');
INSERT INTO MEASUREMENT (DateTime, SensorID, MeasValue) VALUES (TO_DATE('08/05/18 23:27', 'DD/MM/YY HH24:MI'), 59989, 1.3);
INSERT INTO SENSOR (SerialNumber, CityPlaced, SensorModel, MinimValue, MaximValue, Unit, SensorType) VALUES (544081, 'Καλαμαριά SV2BNL 2', 'FNMAP-927', -54.0, 62.9, '°C', 'Temperature');
INSERT INTO MEASUREMENT (DateTime, SensorID, MeasValue) VALUES (TO_DATE('08/05/18 23:30', 'DD/MM/YY HH24:MI'), 544081, 20.2);
INSERT INTO SENSOR (SerialNumber, CityPlaced, SensorModel, MinimValue, MaximValue, Unit, SensorType) VALUES (283220, 'Καλαμαριά SV2BNL 2', 'TFJEO-6878', 0, 100, '%', 'Humidity');
INSERT INTO MEASUREMENT (DateTime, SensorID, MeasValue) VALUES (TO_DATE('08/05/18 23:30', 'DD/MM/YY HH24:MI'), 283220, 71);
INSERT INTO SENSOR (SerialNumber, CityPlaced, SensorModel, MinimValue, MaximValue, Unit, SensorType) VALUES (69288, 'Καλαμαριά SV2BNL 2', 'GORC-040', 745.0, 1090.9, 'hPa', 'Pressure');
INSERT INTO MEASUREMENT (DateTime, SensorID, MeasValue) VALUES (TO_DATE('08/05/18 23:30', 'DD/MM/YY HH24:MI'), 69288, 1004.9);
INSERT INTO SENSOR (SerialNumber, CityPlaced, SensorModel, MinimValue, MaximValue, Unit, SensorType) VALUES (83560, 'Καλαμαριά SV2BNL 2', 'LNXE-7311', 0.0, 22.9, 'km/h', 'Wind');
INSERT INTO MEASUREMENT (DateTime, SensorID, MeasValue) VALUES (TO_DATE('08/05/18 23:30', 'DD/MM/YY HH24:MI'), 83560, 0.6);
INSERT INTO SENSOR (SerialNumber, CityPlaced, SensorModel, MinimValue, MaximValue, Unit, SensorType) VALUES (407166, 'Καρδία SV2HNE', 'LYZTI-494', -51.0, 76.9, '°C', 'Temperature');
INSERT INTO MEASUREMENT (DateTime, SensorID, MeasValue) VALUES (TO_DATE('08/05/18 23:29', 'DD/MM/YY HH24:MI'), 407166, 17.8);
INSERT INTO SENSOR (SerialNumber, CityPlaced, SensorModel, MinimValue, MaximValue, Unit, SensorType) VALUES (656672, 'Καρδία SV2HNE', 'LFSET-9449', 0, 100, '%', 'Humidity');
INSERT INTO MEASUREMENT (DateTime, SensorID, MeasValue) VALUES (TO_DATE('08/05/18 23:29', 'DD/MM/YY HH24:MI'), 656672, 78);
INSERT INTO SENSOR (SerialNumber, CityPlaced, SensorModel, MinimValue, MaximValue, Unit, SensorType) VALUES (25721, 'Καρδία SV2HNE', 'GSGN-519', 718.0, 1089.9, 'hPa', 'Pressure');
INSERT INTO MEASUREMENT (DateTime, SensorID, MeasValue) VALUES (TO_DATE('08/05/18 23:29', 'DD/MM/YY HH24:MI'), 25721, 1005.0);
INSERT INTO SENSOR (SerialNumber, CityPlaced, SensorModel, MinimValue, MaximValue, Unit, SensorType) VALUES (59560, 'Καρδία SV2HNE', 'QSAU-8239', 0.0, 20.9, 'km/h', 'Wind');
INSERT INTO MEASUREMENT (DateTime, SensorID, MeasValue) VALUES (TO_DATE('08/05/18 23:29', 'DD/MM/YY HH24:MI'), 59560, 0.0);
INSERT INTO SENSOR (SerialNumber, CityPlaced, SensorModel, MinimValue, MaximValue, Unit, SensorType) VALUES (397602, 'Νέα Κρήνη', 'PUUDJ-549', -54.0, 65.9, '°C', 'Temperature');
INSERT INTO MEASUREMENT (DateTime, SensorID, MeasValue) VALUES (TO_DATE('08/05/18 23:32', 'DD/MM/YY HH24:MI'), 397602, 18.9);
INSERT INTO SENSOR (SerialNumber, CityPlaced, SensorModel, MinimValue, MaximValue, Unit, SensorType) VALUES (327862, 'Νέα Κρήνη', 'PRESL-3401', 0, 100, '%', 'Humidity');
INSERT INTO MEASUREMENT (DateTime, SensorID, MeasValue) VALUES (TO_DATE('08/05/18 23:32', 'DD/MM/YY HH24:MI'), 327862, 80);
INSERT INTO SENSOR (SerialNumber, CityPlaced, SensorModel, MinimValue, MaximValue, Unit, SensorType) VALUES (20374, 'Νέα Κρήνη', 'HHHZ-298', 734.0, 1067.9, 'hPa', 'Pressure');
INSERT INTO MEASUREMENT (DateTime, SensorID, MeasValue) VALUES (TO_DATE('08/05/18 23:32', 'DD/MM/YY HH24:MI'), 20374, 1006.0);
INSERT INTO SENSOR (SerialNumber, CityPlaced, SensorModel, MinimValue, MaximValue, Unit, SensorType) VALUES (57943, 'Νέα Κρήνη', 'KUIL-4143', 0.0, 20.9, 'km/h', 'Wind');
INSERT INTO MEASUREMENT (DateTime, SensorID, MeasValue) VALUES (TO_DATE('08/05/18 23:32', 'DD/MM/YY HH24:MI'), 57943, 0.3);
INSERT INTO SENSOR (SerialNumber, CityPlaced, SensorModel, MinimValue, MaximValue, Unit, SensorType) VALUES (325354, 'Πεντάλοφος SV2BZQ', 'BFSKQ-137', -53.0, 65.9, '°C', 'Temperature');
INSERT INTO MEASUREMENT (DateTime, SensorID, MeasValue) VALUES (TO_DATE('08/05/18 23:24', 'DD/MM/YY HH24:MI'), 325354, 17.7);
INSERT INTO SENSOR (SerialNumber, CityPlaced, SensorModel, MinimValue, MaximValue, Unit, SensorType) VALUES (920534, 'Πεντάλοφος SV2BZQ', 'UQSQJ-8400', 0, 100, '%', 'Humidity');
INSERT INTO MEASUREMENT (DateTime, SensorID, MeasValue) VALUES (TO_DATE('08/05/18 23:24', 'DD/MM/YY HH24:MI'), 920534, 83);
INSERT INTO SENSOR (SerialNumber, CityPlaced, SensorModel, MinimValue, MaximValue, Unit, SensorType) VALUES (44195, 'Πεντάλοφος SV2BZQ', 'HRGJ-597', 713.0, 1060.9, 'hPa', 'Pressure');
INSERT INTO MEASUREMENT (DateTime, SensorID, MeasValue) VALUES (TO_DATE('08/05/18 23:24', 'DD/MM/YY HH24:MI'), 44195, 1005.2);
INSERT INTO SENSOR (SerialNumber, CityPlaced, SensorModel, MinimValue, MaximValue, Unit, SensorType) VALUES (27846, 'Πεντάλοφος SV2BZQ', 'ENUB-6823', 0.0, 21.9, 'km/h', 'Wind');
INSERT INTO MEASUREMENT (DateTime, SensorID, MeasValue) VALUES (TO_DATE('08/05/18 23:24', 'DD/MM/YY HH24:MI'), 27846, 0.3);
INSERT INTO SENSOR (SerialNumber, CityPlaced, SensorModel, MinimValue, MaximValue, Unit, SensorType) VALUES (527582, 'Φίλυρο (Οικοισμος Γερακίνα)', 'VOQWE-267', -60.0, 79.9, '°C', 'Temperature');
INSERT INTO MEASUREMENT (DateTime, SensorID, MeasValue) VALUES (TO_DATE('08/05/18 23:30', 'DD/MM/YY HH24:MI'), 527582, 15.6);
INSERT INTO SENSOR (SerialNumber, CityPlaced, SensorModel, MinimValue, MaximValue, Unit, SensorType) VALUES (904688, 'Φίλυρο (Οικοισμος Γερακίνα)', 'JHVRX-4649', 0, 100, '%', 'Humidity');
INSERT INTO MEASUREMENT (DateTime, SensorID, MeasValue) VALUES (TO_DATE('08/05/18 23:30', 'DD/MM/YY HH24:MI'), 904688, 86);
INSERT INTO SENSOR (SerialNumber, CityPlaced, SensorModel, MinimValue, MaximValue, Unit, SensorType) VALUES (84121, 'Φίλυρο (Οικοισμος Γερακίνα)', 'ZATE-861', 748.0, 1098.9, 'hPa', 'Pressure');
INSERT INTO MEASUREMENT (DateTime, SensorID, MeasValue) VALUES (TO_DATE('08/05/18 23:30', 'DD/MM/YY HH24:MI'), 84121, 1005.3);
INSERT INTO SENSOR (SerialNumber, CityPlaced, SensorModel, MinimValue, MaximValue, Unit, SensorType) VALUES (46646, 'Φίλυρο (Οικοισμος Γερακίνα)', 'NUJK-7580', 0.0, 20.9, 'km/h', 'Wind');
INSERT INTO MEASUREMENT (DateTime, SensorID, MeasValue) VALUES (TO_DATE('08/05/18 23:30', 'DD/MM/YY HH24:MI'), 46646, 1.3);
INSERT INTO SENSOR (SerialNumber, CityPlaced, SensorModel, MinimValue, MaximValue, Unit, SensorType) VALUES (225972, 'Ωραιόκαστρο', 'PCHON-099', -60.0, 65.9, '°C', 'Temperature');
INSERT INTO MEASUREMENT (DateTime, SensorID, MeasValue) VALUES (TO_DATE('08/05/18 23:33', 'DD/MM/YY HH24:MI'), 225972, 17.4);
INSERT INTO SENSOR (SerialNumber, CityPlaced, SensorModel, MinimValue, MaximValue, Unit, SensorType) VALUES (290511, 'Ωραιόκαστρο', 'ZXOGY-1339', 0, 100, '%', 'Humidity');
INSERT INTO MEASUREMENT (DateTime, SensorID, MeasValue) VALUES (TO_DATE('08/05/18 23:33', 'DD/MM/YY HH24:MI'), 290511, 84);
INSERT INTO SENSOR (SerialNumber, CityPlaced, SensorModel, MinimValue, MaximValue, Unit, SensorType) VALUES (67202, 'Ωραιόκαστρο', 'RAXC-932', 718.0, 1064.9, 'hPa', 'Pressure');
INSERT INTO MEASUREMENT (DateTime, SensorID, MeasValue) VALUES (TO_DATE('08/05/18 23:33', 'DD/MM/YY HH24:MI'), 67202, 1005.8);
INSERT INTO SENSOR (SerialNumber, CityPlaced, SensorModel, MinimValue, MaximValue, Unit, SensorType) VALUES (48812, 'Ωραιόκαστρο', 'IVFS-0918', 0.0, 22.9, 'km/h', 'Wind');
INSERT INTO MEASUREMENT (DateTime, SensorID, MeasValue) VALUES (TO_DATE('08/05/18 23:33', 'DD/MM/YY HH24:MI'), 48812, 0.3);
INSERT INTO SENSOR (SerialNumber, CityPlaced, SensorModel, MinimValue, MaximValue, Unit, SensorType) VALUES (345394, 'Ελευθερούπολη', 'FFALM-564', -52.0, 60.9, '°C', 'Temperature');
INSERT INTO MEASUREMENT (DateTime, SensorID, MeasValue) VALUES (TO_DATE('08/05/18 23:30', 'DD/MM/YY HH24:MI'), 345394, 16.7);
INSERT INTO SENSOR (SerialNumber, CityPlaced, SensorModel, MinimValue, MaximValue, Unit, SensorType) VALUES (402703, 'Ελευθερούπολη', 'WENPI-9858', 0, 100, '%', 'Humidity');
INSERT INTO MEASUREMENT (DateTime, SensorID, MeasValue) VALUES (TO_DATE('08/05/18 23:30', 'DD/MM/YY HH24:MI'), 402703, 92);
INSERT INTO SENSOR (SerialNumber, CityPlaced, SensorModel, MinimValue, MaximValue, Unit, SensorType) VALUES (14131, 'Ελευθερούπολη', 'TKXE-486', 746.0, 1097.9, 'hPa', 'Pressure');
INSERT INTO MEASUREMENT (DateTime, SensorID, MeasValue) VALUES (TO_DATE('08/05/18 23:30', 'DD/MM/YY HH24:MI'), 14131, 1005.5);
INSERT INTO SENSOR (SerialNumber, CityPlaced, SensorModel, MinimValue, MaximValue, Unit, SensorType) VALUES (12244, 'Ελευθερούπολη', 'VVEL-2501', 0.0, 21.9, 'km/h', 'Wind');
INSERT INTO MEASUREMENT (DateTime, SensorID, MeasValue) VALUES (TO_DATE('08/05/18 23:30', 'DD/MM/YY HH24:MI'), 12244, 0.8);
INSERT INTO SENSOR (SerialNumber, CityPlaced, SensorModel, MinimValue, MaximValue, Unit, SensorType) VALUES (942370, 'Θάσος Λιμένας', 'HUTKI-635', -53.0, 72.9, '°C', 'Temperature');
INSERT INTO MEASUREMENT (DateTime, SensorID, MeasValue) VALUES (TO_DATE('08/05/18 23:30', 'DD/MM/YY HH24:MI'), 942370, 17.2);
INSERT INTO SENSOR (SerialNumber, CityPlaced, SensorModel, MinimValue, MaximValue, Unit, SensorType) VALUES (245156, 'Θάσος Λιμένας', 'YACXI-9922', 0, 100, '%', 'Humidity');
INSERT INTO MEASUREMENT (DateTime, SensorID, MeasValue) VALUES (TO_DATE('08/05/18 23:30', 'DD/MM/YY HH24:MI'), 245156, 86);
INSERT INTO SENSOR (SerialNumber, CityPlaced, SensorModel, MinimValue, MaximValue, Unit, SensorType) VALUES (99085, 'Θάσος Λιμένας', 'QIXH-086', 737.0, 1068.9, 'hPa', 'Pressure');
INSERT INTO MEASUREMENT (DateTime, SensorID, MeasValue) VALUES (TO_DATE('08/05/18 23:30', 'DD/MM/YY HH24:MI'), 99085, 999.0);
INSERT INTO SENSOR (SerialNumber, CityPlaced, SensorModel, MinimValue, MaximValue, Unit, SensorType) VALUES (87808, 'Θάσος Λιμένας', 'YSRB-7037', 0.0, 20.9, 'km/h', 'Wind');
INSERT INTO MEASUREMENT (DateTime, SensorID, MeasValue) VALUES (TO_DATE('08/05/18 23:30', 'DD/MM/YY HH24:MI'), 87808, 0.1);
INSERT INTO SENSOR (SerialNumber, CityPlaced, SensorModel, MinimValue, MaximValue, Unit, SensorType) VALUES (921257, 'Καβάλα', 'NOPZS-265', -50.0, 69.9, '°C', 'Temperature');
INSERT INTO MEASUREMENT (DateTime, SensorID, MeasValue) VALUES (TO_DATE('08/05/18 23:30', 'DD/MM/YY HH24:MI'), 921257, 19.6);
INSERT INTO SENSOR (SerialNumber, CityPlaced, SensorModel, MinimValue, MaximValue, Unit, SensorType) VALUES (192526, 'Καβάλα', 'UQPOT-0322', 0, 100, '%', 'Humidity');
INSERT INTO MEASUREMENT (DateTime, SensorID, MeasValue) VALUES (TO_DATE('08/05/18 23:30', 'DD/MM/YY HH24:MI'), 192526, 75);
INSERT INTO SENSOR (SerialNumber, CityPlaced, SensorModel, MinimValue, MaximValue, Unit, SensorType) VALUES (33020, 'Καβάλα', 'HVXN-298', 749.0, 1099.9, 'hPa', 'Pressure');
INSERT INTO MEASUREMENT (DateTime, SensorID, MeasValue) VALUES (TO_DATE('08/05/18 23:30', 'DD/MM/YY HH24:MI'), 33020, 1006.0);
INSERT INTO SENSOR (SerialNumber, CityPlaced, SensorModel, MinimValue, MaximValue, Unit, SensorType) VALUES (86220, 'Καβάλα', 'ZSRT-1927', 0.0, 23.9, 'km/h', 'Wind');
INSERT INTO MEASUREMENT (DateTime, SensorID, MeasValue) VALUES (TO_DATE('08/05/18 23:30', 'DD/MM/YY HH24:MI'), 86220, 4.3);
INSERT INTO SENSOR (SerialNumber, CityPlaced, SensorModel, MinimValue, MaximValue, Unit, SensorType) VALUES (564180, 'Παλαιοχώρι Παγγαίο', 'NFMKM-543', -52.0, 62.9, '°C', 'Temperature');
INSERT INTO MEASUREMENT (DateTime, SensorID, MeasValue) VALUES (TO_DATE('08/05/18 23:30', 'DD/MM/YY HH24:MI'), 564180, 17.8);
INSERT INTO SENSOR (SerialNumber, CityPlaced, SensorModel, MinimValue, MaximValue, Unit, SensorType) VALUES (105798, 'Παλαιοχώρι Παγγαίο', 'FVROA-4738', 0, 100, '%', 'Humidity');
INSERT INTO MEASUREMENT (DateTime, SensorID, MeasValue) VALUES (TO_DATE('08/05/18 23:30', 'DD/MM/YY HH24:MI'), 105798, 75);
INSERT INTO SENSOR (SerialNumber, CityPlaced, SensorModel, MinimValue, MaximValue, Unit, SensorType) VALUES (53434, 'Παλαιοχώρι Παγγαίο', 'EDYF-337', 722.0, 1084.9, 'hPa', 'Pressure');
INSERT INTO MEASUREMENT (DateTime, SensorID, MeasValue) VALUES (TO_DATE('08/05/18 23:30', 'DD/MM/YY HH24:MI'), 53434, 1004.8);
INSERT INTO SENSOR (SerialNumber, CityPlaced, SensorModel, MinimValue, MaximValue, Unit, SensorType) VALUES (79675, 'Παλαιοχώρι Παγγαίο', 'YUNW-3729', 0.0, 21.9, 'km/h', 'Wind');
INSERT INTO MEASUREMENT (DateTime, SensorID, MeasValue) VALUES (TO_DATE('08/05/18 23:30', 'DD/MM/YY HH24:MI'), 79675, 0.0);
INSERT INTO SENSOR (SerialNumber, CityPlaced, SensorModel, MinimValue, MaximValue, Unit, SensorType) VALUES (369116, 'Βεγορίτιδα', 'AQXGE-587', -50.0, 68.9, '°C', 'Temperature');
INSERT INTO MEASUREMENT (DateTime, SensorID, MeasValue) VALUES (TO_DATE('08/05/18 23:27', 'DD/MM/YY HH24:MI'), 369116, 12.9);
INSERT INTO SENSOR (SerialNumber, CityPlaced, SensorModel, MinimValue, MaximValue, Unit, SensorType) VALUES (636345, 'Βεγορίτιδα', 'CLBDW-5103', 0, 100, '%', 'Humidity');
INSERT INTO MEASUREMENT (DateTime, SensorID, MeasValue) VALUES (TO_DATE('08/05/18 23:27', 'DD/MM/YY HH24:MI'), 636345, 89);
INSERT INTO SENSOR (SerialNumber, CityPlaced, SensorModel, MinimValue, MaximValue, Unit, SensorType) VALUES (93440, 'Βεγορίτιδα', 'UTSI-157', 703.0, 1068.9, 'hPa', 'Pressure');
INSERT INTO MEASUREMENT (DateTime, SensorID, MeasValue) VALUES (TO_DATE('08/05/18 23:27', 'DD/MM/YY HH24:MI'), 93440, 1007.6);
INSERT INTO SENSOR (SerialNumber, CityPlaced, SensorModel, MinimValue, MaximValue, Unit, SensorType) VALUES (40333, 'Βεγορίτιδα', 'CZOR-4235', 0.0, 25.9, 'km/h', 'Wind');
INSERT INTO MEASUREMENT (DateTime, SensorID, MeasValue) VALUES (TO_DATE('08/05/18 23:27', 'DD/MM/YY HH24:MI'), 40333, 0.8);
INSERT INTO SENSOR (SerialNumber, CityPlaced, SensorModel, MinimValue, MaximValue, Unit, SensorType) VALUES (195290, 'Μακρύγιαλος SV2BZQ', 'CRQCT-264', -57.0, 62.9, '°C', 'Temperature');
INSERT INTO MEASUREMENT (DateTime, SensorID, MeasValue) VALUES (TO_DATE('08/05/18 23:32', 'DD/MM/YY HH24:MI'), 195290, 18.1);
INSERT INTO SENSOR (SerialNumber, CityPlaced, SensorModel, MinimValue, MaximValue, Unit, SensorType) VALUES (839428, 'Μακρύγιαλος SV2BZQ', 'OBOWN-5975', 0, 100, '%', 'Humidity');
INSERT INTO MEASUREMENT (DateTime, SensorID, MeasValue) VALUES (TO_DATE('08/05/18 23:32', 'DD/MM/YY HH24:MI'), 839428, 98);
INSERT INTO SENSOR (SerialNumber, CityPlaced, SensorModel, MinimValue, MaximValue, Unit, SensorType) VALUES (36379, 'Μακρύγιαλος SV2BZQ', 'JSYY-061', 721.0, 1092.9, 'hPa', 'Pressure');
INSERT INTO MEASUREMENT (DateTime, SensorID, MeasValue) VALUES (TO_DATE('08/05/18 23:32', 'DD/MM/YY HH24:MI'), 36379, 1005.0);
INSERT INTO SENSOR (SerialNumber, CityPlaced, SensorModel, MinimValue, MaximValue, Unit, SensorType) VALUES (21770, 'Μακρύγιαλος SV2BZQ', 'QOZF-8312', 0.0, 22.9, 'km/h', 'Wind');
INSERT INTO MEASUREMENT (DateTime, SensorID, MeasValue) VALUES (TO_DATE('08/05/18 23:32', 'DD/MM/YY HH24:MI'), 21770, 2.6);
INSERT INTO SENSOR (SerialNumber, CityPlaced, SensorModel, MinimValue, MaximValue, Unit, SensorType) VALUES (403410, 'Ηράκλεια Σέρρες', 'MPERG-157', -58.0, 72.9, '°C', 'Temperature');
INSERT INTO MEASUREMENT (DateTime, SensorID, MeasValue) VALUES (TO_DATE('08/05/18 23:30', 'DD/MM/YY HH24:MI'), 403410, 17.6);
INSERT INTO SENSOR (SerialNumber, CityPlaced, SensorModel, MinimValue, MaximValue, Unit, SensorType) VALUES (601923, 'Ηράκλεια Σέρρες', 'LORKK-0886', 0, 100, '%', 'Humidity');
INSERT INTO MEASUREMENT (DateTime, SensorID, MeasValue) VALUES (TO_DATE('08/05/18 23:30', 'DD/MM/YY HH24:MI'), 601923, 84);
INSERT INTO SENSOR (SerialNumber, CityPlaced, SensorModel, MinimValue, MaximValue, Unit, SensorType) VALUES (79972, 'Ηράκλεια Σέρρες', 'GDWM-512', 728.0, 1092.9, 'hPa', 'Pressure');
INSERT INTO MEASUREMENT (DateTime, SensorID, MeasValue) VALUES (TO_DATE('08/05/18 23:30', 'DD/MM/YY HH24:MI'), 79972, 1004.2);
INSERT INTO SENSOR (SerialNumber, CityPlaced, SensorModel, MinimValue, MaximValue, Unit, SensorType) VALUES (10588, 'Ηράκλεια Σέρρες', 'CPNA-1194', 0.0, 24.9, 'km/h', 'Wind');
INSERT INTO MEASUREMENT (DateTime, SensorID, MeasValue) VALUES (TO_DATE('08/05/18 23:30', 'DD/MM/YY HH24:MI'), 10588, 3.1);
INSERT INTO SENSOR (SerialNumber, CityPlaced, SensorModel, MinimValue, MaximValue, Unit, SensorType) VALUES (975424, 'Πρώτη', 'SVLYO-996', -60.0, 61.9, '°C', 'Temperature');
INSERT INTO MEASUREMENT (DateTime, SensorID, MeasValue) VALUES (TO_DATE('08/05/18 23:30', 'DD/MM/YY HH24:MI'), 975424, 17.3);
INSERT INTO SENSOR (SerialNumber, CityPlaced, SensorModel, MinimValue, MaximValue, Unit, SensorType) VALUES (403066, 'Πρώτη', 'THYIL-5808', 0, 100, '%', 'Humidity');
INSERT INTO MEASUREMENT (DateTime, SensorID, MeasValue) VALUES (TO_DATE('08/05/18 23:30', 'DD/MM/YY HH24:MI'), 403066, 71);
INSERT INTO SENSOR (SerialNumber, CityPlaced, SensorModel, MinimValue, MaximValue, Unit, SensorType) VALUES (52457, 'Πρώτη', 'XDBB-555', 705.0, 1088.9, 'hPa', 'Pressure');
INSERT INTO MEASUREMENT (DateTime, SensorID, MeasValue) VALUES (TO_DATE('08/05/18 23:30', 'DD/MM/YY HH24:MI'), 52457, 1004.0);
INSERT INTO SENSOR (SerialNumber, CityPlaced, SensorModel, MinimValue, MaximValue, Unit, SensorType) VALUES (66394, 'Πρώτη', 'LZKU-7022', 0.0, 20.9, 'km/h', 'Wind');
INSERT INTO MEASUREMENT (DateTime, SensorID, MeasValue) VALUES (TO_DATE('08/05/18 23:30', 'DD/MM/YY HH24:MI'), 66394, 2.7);
INSERT INTO SENSOR (SerialNumber, CityPlaced, SensorModel, MinimValue, MaximValue, Unit, SensorType) VALUES (707619, 'Ροδολίβος', 'ZRBRV-160', -56.0, 71.9, '°C', 'Temperature');
INSERT INTO MEASUREMENT (DateTime, SensorID, MeasValue) VALUES (TO_DATE('08/05/18 23:15', 'DD/MM/YY HH24:MI'), 707619, 16.3);
INSERT INTO SENSOR (SerialNumber, CityPlaced, SensorModel, MinimValue, MaximValue, Unit, SensorType) VALUES (428758, 'Ροδολίβος', 'JFWAV-8050', 0, 100, '%', 'Humidity');
INSERT INTO MEASUREMENT (DateTime, SensorID, MeasValue) VALUES (TO_DATE('08/05/18 23:15', 'DD/MM/YY HH24:MI'), 428758, 77);
INSERT INTO SENSOR (SerialNumber, CityPlaced, SensorModel, MinimValue, MaximValue, Unit, SensorType) VALUES (63131, 'Ροδολίβος', 'UWGR-123', 707.0, 1053.9, 'hPa', 'Pressure');
INSERT INTO MEASUREMENT (DateTime, SensorID, MeasValue) VALUES (TO_DATE('08/05/18 23:15', 'DD/MM/YY HH24:MI'), 63131, 1006.4);
INSERT INTO SENSOR (SerialNumber, CityPlaced, SensorModel, MinimValue, MaximValue, Unit, SensorType) VALUES (88942, 'Ροδολίβος', 'PHAN-8114', 0.0, 22.9, 'km/h', 'Wind');
INSERT INTO MEASUREMENT (DateTime, SensorID, MeasValue) VALUES (TO_DATE('08/05/18 23:15', 'DD/MM/YY HH24:MI'), 88942, 0.6);
INSERT INTO SENSOR (SerialNumber, CityPlaced, SensorModel, MinimValue, MaximValue, Unit, SensorType) VALUES (815852, 'Χρυσοχώραφα Σέρρες', 'WHJYJ-712', -59.0, 62.9, '°C', 'Temperature');
INSERT INTO MEASUREMENT (DateTime, SensorID, MeasValue) VALUES (TO_DATE('08/05/18 23:30', 'DD/MM/YY HH24:MI'), 815852, 17.1);
INSERT INTO SENSOR (SerialNumber, CityPlaced, SensorModel, MinimValue, MaximValue, Unit, SensorType) VALUES (868244, 'Χρυσοχώραφα Σέρρες', 'XQWQW-0882', 0, 100, '%', 'Humidity');
INSERT INTO MEASUREMENT (DateTime, SensorID, MeasValue) VALUES (TO_DATE('08/05/18 23:30', 'DD/MM/YY HH24:MI'), 868244, 89);
INSERT INTO SENSOR (SerialNumber, CityPlaced, SensorModel, MinimValue, MaximValue, Unit, SensorType) VALUES (21124, 'Χρυσοχώραφα Σέρρες', 'FZMT-331', 713.0, 1059.9, 'hPa', 'Pressure');
INSERT INTO MEASUREMENT (DateTime, SensorID, MeasValue) VALUES (TO_DATE('08/05/18 23:30', 'DD/MM/YY HH24:MI'), 21124, 1004.3);
INSERT INTO SENSOR (SerialNumber, CityPlaced, SensorModel, MinimValue, MaximValue, Unit, SensorType) VALUES (85923, 'Χρυσοχώραφα Σέρρες', 'ECZW-2073', 0.0, 22.9, 'km/h', 'Wind');
INSERT INTO MEASUREMENT (DateTime, SensorID, MeasValue) VALUES (TO_DATE('08/05/18 23:30', 'DD/MM/YY HH24:MI'), 85923, 1.1);
INSERT INTO SENSOR (SerialNumber, CityPlaced, SensorModel, MinimValue, MaximValue, Unit, SensorType) VALUES (365972, 'Nέα Μουδανιά', 'HATMM-298', -52.0, 75.9, '°C', 'Temperature');
INSERT INTO MEASUREMENT (DateTime, SensorID, MeasValue) VALUES (TO_DATE('08/05/18 23:33', 'DD/MM/YY HH24:MI'), 365972, 17.5);
INSERT INTO SENSOR (SerialNumber, CityPlaced, SensorModel, MinimValue, MaximValue, Unit, SensorType) VALUES (522310, 'Nέα Μουδανιά', 'DOGOZ-9609', 0, 100, '%', 'Humidity');
INSERT INTO MEASUREMENT (DateTime, SensorID, MeasValue) VALUES (TO_DATE('08/05/18 23:33', 'DD/MM/YY HH24:MI'), 522310, 88);
INSERT INTO SENSOR (SerialNumber, CityPlaced, SensorModel, MinimValue, MaximValue, Unit, SensorType) VALUES (59231, 'Nέα Μουδανιά', 'JEOJ-609', 736.0, 1068.9, 'hPa', 'Pressure');
INSERT INTO MEASUREMENT (DateTime, SensorID, MeasValue) VALUES (TO_DATE('08/05/18 23:33', 'DD/MM/YY HH24:MI'), 59231, 1004.7);
INSERT INTO SENSOR (SerialNumber, CityPlaced, SensorModel, MinimValue, MaximValue, Unit, SensorType) VALUES (13107, 'Nέα Μουδανιά', 'HKYZ-9968', 0.0, 25.9, 'km/h', 'Wind');
INSERT INTO MEASUREMENT (DateTime, SensorID, MeasValue) VALUES (TO_DATE('08/05/18 23:33', 'DD/MM/YY HH24:MI'), 13107, 0.6);
INSERT INTO SENSOR (SerialNumber, CityPlaced, SensorModel, MinimValue, MaximValue, Unit, SensorType) VALUES (523201, 'Άγιος Νικόλαος', 'LNITQ-389', -57.0, 69.9, '°C', 'Temperature');
INSERT INTO MEASUREMENT (DateTime, SensorID, MeasValue) VALUES (TO_DATE('08/05/18 23:25', 'DD/MM/YY HH24:MI'), 523201, 19.1);
INSERT INTO SENSOR (SerialNumber, CityPlaced, SensorModel, MinimValue, MaximValue, Unit, SensorType) VALUES (689137, 'Άγιος Νικόλαος', 'EIECN-5615', 0, 100, '%', 'Humidity');
INSERT INTO MEASUREMENT (DateTime, SensorID, MeasValue) VALUES (TO_DATE('08/05/18 23:25', 'DD/MM/YY HH24:MI'), 689137, 72);
INSERT INTO SENSOR (SerialNumber, CityPlaced, SensorModel, MinimValue, MaximValue, Unit, SensorType) VALUES (37894, 'Άγιος Νικόλαος', 'CNYX-513', 716.0, 1071.9, 'hPa', 'Pressure');
INSERT INTO MEASUREMENT (DateTime, SensorID, MeasValue) VALUES (TO_DATE('08/05/18 23:25', 'DD/MM/YY HH24:MI'), 37894, 1006.0);
INSERT INTO SENSOR (SerialNumber, CityPlaced, SensorModel, MinimValue, MaximValue, Unit, SensorType) VALUES (52759, 'Άγιος Νικόλαος', 'DIUT-6353', 0.0, 25.9, 'km/h', 'Wind');
INSERT INTO MEASUREMENT (DateTime, SensorID, MeasValue) VALUES (TO_DATE('08/05/18 23:25', 'DD/MM/YY HH24:MI'), 52759, 4.5);
INSERT INTO SENSOR (SerialNumber, CityPlaced, SensorModel, MinimValue, MaximValue, Unit, SensorType) VALUES (798558, 'Νέα Ηράκλεια', 'WQNSK-524', -60.0, 77.9, '°C', 'Temperature');
INSERT INTO MEASUREMENT (DateTime, SensorID, MeasValue) VALUES (TO_DATE('08/05/18 23:30', 'DD/MM/YY HH24:MI'), 798558, 17.1);
INSERT INTO SENSOR (SerialNumber, CityPlaced, SensorModel, MinimValue, MaximValue, Unit, SensorType) VALUES (488707, 'Νέα Ηράκλεια', 'LSRZR-4222', 0, 100, '%', 'Humidity');
INSERT INTO MEASUREMENT (DateTime, SensorID, MeasValue) VALUES (TO_DATE('08/05/18 23:30', 'DD/MM/YY HH24:MI'), 488707, 95);
INSERT INTO SENSOR (SerialNumber, CityPlaced, SensorModel, MinimValue, MaximValue, Unit, SensorType) VALUES (44897, 'Νέα Ηράκλεια', 'XQMP-555', 739.0, 1054.9, 'hPa', 'Pressure');
INSERT INTO MEASUREMENT (DateTime, SensorID, MeasValue) VALUES (TO_DATE('08/05/18 23:30', 'DD/MM/YY HH24:MI'), 44897, 1003.6);
INSERT INTO SENSOR (SerialNumber, CityPlaced, SensorModel, MinimValue, MaximValue, Unit, SensorType) VALUES (95223, 'Νέα Ηράκλεια', 'SEAZ-7316', 0.0, 21.9, 'km/h', 'Wind');
INSERT INTO MEASUREMENT (DateTime, SensorID, MeasValue) VALUES (TO_DATE('08/05/18 23:30', 'DD/MM/YY HH24:MI'), 95223, 0.8);
INSERT INTO SENSOR (SerialNumber, CityPlaced, SensorModel, MinimValue, MaximValue, Unit, SensorType) VALUES (866442, 'Ναύπλιο', 'HWWTM-868', -50.0, 77.9, '°C', 'Temperature');
INSERT INTO MEASUREMENT (DateTime, SensorID, MeasValue) VALUES (TO_DATE('08/05/18 23:30', 'DD/MM/YY HH24:MI'), 866442, 15.8);
INSERT INTO SENSOR (SerialNumber, CityPlaced, SensorModel, MinimValue, MaximValue, Unit, SensorType) VALUES (957688, 'Ναύπλιο', 'PFXVK-4974', 0, 100, '%', 'Humidity');
INSERT INTO MEASUREMENT (DateTime, SensorID, MeasValue) VALUES (TO_DATE('08/05/18 23:30', 'DD/MM/YY HH24:MI'), 957688, 89);
INSERT INTO SENSOR (SerialNumber, CityPlaced, SensorModel, MinimValue, MaximValue, Unit, SensorType) VALUES (62842, 'Ναύπλιο', 'XHFX-682', 713.0, 1065.9, 'hPa', 'Pressure');
INSERT INTO MEASUREMENT (DateTime, SensorID, MeasValue) VALUES (TO_DATE('08/05/18 23:30', 'DD/MM/YY HH24:MI'), 62842, 1007.0);
INSERT INTO SENSOR (SerialNumber, CityPlaced, SensorModel, MinimValue, MaximValue, Unit, SensorType) VALUES (41264, 'Ναύπλιο', 'GNWF-7242', 0.0, 25.9, 'km/h', 'Wind');
INSERT INTO MEASUREMENT (DateTime, SensorID, MeasValue) VALUES (TO_DATE('08/05/18 23:30', 'DD/MM/YY HH24:MI'), 41264, 4.4);
INSERT INTO SENSOR (SerialNumber, CityPlaced, SensorModel, MinimValue, MaximValue, Unit, SensorType) VALUES (145288, 'Νεοχώρι Φαλαισία Β. Ταΰγετος', 'SCLPC-994', -57.0, 69.9, '°C', 'Temperature');
INSERT INTO MEASUREMENT (DateTime, SensorID, MeasValue) VALUES (TO_DATE('08/05/18 23:25', 'DD/MM/YY HH24:MI'), 145288, 9.7);
INSERT INTO SENSOR (SerialNumber, CityPlaced, SensorModel, MinimValue, MaximValue, Unit, SensorType) VALUES (217748, 'Νεοχώρι Φαλαισία Β. Ταΰγετος', 'GSNIX-7955', 0, 100, '%', 'Humidity');
INSERT INTO MEASUREMENT (DateTime, SensorID, MeasValue) VALUES (TO_DATE('08/05/18 23:25', 'DD/MM/YY HH24:MI'), 217748, 90);
INSERT INTO SENSOR (SerialNumber, CityPlaced, SensorModel, MinimValue, MaximValue, Unit, SensorType) VALUES (73920, 'Νεοχώρι Φαλαισία Β. Ταΰγετος', 'QTWF-886', 729.0, 1090.9, 'hPa', 'Pressure');
INSERT INTO MEASUREMENT (DateTime, SensorID, MeasValue) VALUES (TO_DATE('08/05/18 23:25', 'DD/MM/YY HH24:MI'), 73920, 1007.1);
INSERT INTO SENSOR (SerialNumber, CityPlaced, SensorModel, MinimValue, MaximValue, Unit, SensorType) VALUES (66924, 'Νεοχώρι Φαλαισία Β. Ταΰγετος', 'JHCJ-1885', 0.0, 23.9, 'km/h', 'Wind');
INSERT INTO MEASUREMENT (DateTime, SensorID, MeasValue) VALUES (TO_DATE('08/05/18 23:25', 'DD/MM/YY HH24:MI'), 66924, 1.3);
INSERT INTO SENSOR (SerialNumber, CityPlaced, SensorModel, MinimValue, MaximValue, Unit, SensorType) VALUES (339002, 'Ακράτα Συλιβαινιώτικα', 'PPIUG-529', -52.0, 62.9, '°C', 'Temperature');
INSERT INTO MEASUREMENT (DateTime, SensorID, MeasValue) VALUES (TO_DATE('08/05/18 23:30', 'DD/MM/YY HH24:MI'), 339002, 19.0);
INSERT INTO SENSOR (SerialNumber, CityPlaced, SensorModel, MinimValue, MaximValue, Unit, SensorType) VALUES (513333, 'Ακράτα Συλιβαινιώτικα', 'IXSED-1508', 0, 100, '%', 'Humidity');
INSERT INTO MEASUREMENT (DateTime, SensorID, MeasValue) VALUES (TO_DATE('08/05/18 23:30', 'DD/MM/YY HH24:MI'), 513333, 81);
INSERT INTO SENSOR (SerialNumber, CityPlaced, SensorModel, MinimValue, MaximValue, Unit, SensorType) VALUES (25633, 'Ακράτα Συλιβαινιώτικα', 'WURM-101', 720.0, 1099.9, 'hPa', 'Pressure');
INSERT INTO MEASUREMENT (DateTime, SensorID, MeasValue) VALUES (TO_DATE('08/05/18 23:30', 'DD/MM/YY HH24:MI'), 25633, 1006.8);
INSERT INTO SENSOR (SerialNumber, CityPlaced, SensorModel, MinimValue, MaximValue, Unit, SensorType) VALUES (30792, 'Ακράτα Συλιβαινιώτικα', 'LSEW-4937', 0.0, 22.9, 'km/h', 'Wind');
INSERT INTO MEASUREMENT (DateTime, SensorID, MeasValue) VALUES (TO_DATE('08/05/18 23:30', 'DD/MM/YY HH24:MI'), 30792, 8.6);
INSERT INTO SENSOR (SerialNumber, CityPlaced, SensorModel, MinimValue, MaximValue, Unit, SensorType) VALUES (406570, 'Κάτω Βλασία', 'ZZCAO-799', -51.0, 77.9, '°C', 'Temperature');
INSERT INTO MEASUREMENT (DateTime, SensorID, MeasValue) VALUES (TO_DATE('08/05/18 23:30', 'DD/MM/YY HH24:MI'), 406570, 11.1);
INSERT INTO SENSOR (SerialNumber, CityPlaced, SensorModel, MinimValue, MaximValue, Unit, SensorType) VALUES (831448, 'Κάτω Βλασία', 'LEJHZ-7703', 0, 100, '%', 'Humidity');
INSERT INTO MEASUREMENT (DateTime, SensorID, MeasValue) VALUES (TO_DATE('08/05/18 23:30', 'DD/MM/YY HH24:MI'), 831448, 93);
INSERT INTO SENSOR (SerialNumber, CityPlaced, SensorModel, MinimValue, MaximValue, Unit, SensorType) VALUES (60447, 'Κάτω Βλασία', 'RERB-496', 709.0, 1083.9, 'hPa', 'Pressure');
INSERT INTO MEASUREMENT (DateTime, SensorID, MeasValue) VALUES (TO_DATE('08/05/18 23:30', 'DD/MM/YY HH24:MI'), 60447, 1008.1);
INSERT INTO SENSOR (SerialNumber, CityPlaced, SensorModel, MinimValue, MaximValue, Unit, SensorType) VALUES (25857, 'Κάτω Βλασία', 'ETAR-5245', 0.0, 25.9, 'km/h', 'Wind');
INSERT INTO MEASUREMENT (DateTime, SensorID, MeasValue) VALUES (TO_DATE('08/05/18 23:30', 'DD/MM/YY HH24:MI'), 25857, 0.8);
INSERT INTO SENSOR (SerialNumber, CityPlaced, SensorModel, MinimValue, MaximValue, Unit, SensorType) VALUES (693228, 'Πάτρα Αγιά', 'UEZQW-135', -54.0, 61.9, '°C', 'Temperature');
INSERT INTO MEASUREMENT (DateTime, SensorID, MeasValue) VALUES (TO_DATE('08/05/18 23:30', 'DD/MM/YY HH24:MI'), 693228, 19.4);
INSERT INTO SENSOR (SerialNumber, CityPlaced, SensorModel, MinimValue, MaximValue, Unit, SensorType) VALUES (978770, 'Πάτρα Αγιά', 'LCRCT-5774', 0, 100, '%', 'Humidity');
INSERT INTO MEASUREMENT (DateTime, SensorID, MeasValue) VALUES (TO_DATE('08/05/18 23:30', 'DD/MM/YY HH24:MI'), 978770, 87);
INSERT INTO SENSOR (SerialNumber, CityPlaced, SensorModel, MinimValue, MaximValue, Unit, SensorType) VALUES (34295, 'Πάτρα Αγιά', 'OJCS-507', 747.0, 1072.9, 'hPa', 'Pressure');
INSERT INTO MEASUREMENT (DateTime, SensorID, MeasValue) VALUES (TO_DATE('08/05/18 23:30', 'DD/MM/YY HH24:MI'), 34295, 1007.4);
INSERT INTO SENSOR (SerialNumber, CityPlaced, SensorModel, MinimValue, MaximValue, Unit, SensorType) VALUES (12092, 'Πάτρα Αγιά', 'DCOZ-6907', 0.0, 24.9, 'km/h', 'Wind');
INSERT INTO MEASUREMENT (DateTime, SensorID, MeasValue) VALUES (TO_DATE('08/05/18 23:30', 'DD/MM/YY HH24:MI'), 12092, 4.3);
INSERT INTO SENSOR (SerialNumber, CityPlaced, SensorModel, MinimValue, MaximValue, Unit, SensorType) VALUES (885161, 'Πάτρα Κετχ', 'DFTSM-783', -57.0, 61.9, '°C', 'Temperature');
INSERT INTO MEASUREMENT (DateTime, SensorID, MeasValue) VALUES (TO_DATE('08/05/18 23:30', 'DD/MM/YY HH24:MI'), 885161, 18.9);
INSERT INTO SENSOR (SerialNumber, CityPlaced, SensorModel, MinimValue, MaximValue, Unit, SensorType) VALUES (216003, 'Πάτρα Κετχ', 'VKIXT-0851', 0, 100, '%', 'Humidity');
INSERT INTO MEASUREMENT (DateTime, SensorID, MeasValue) VALUES (TO_DATE('08/05/18 23:30', 'DD/MM/YY HH24:MI'), 216003, 86);
INSERT INTO SENSOR (SerialNumber, CityPlaced, SensorModel, MinimValue, MaximValue, Unit, SensorType) VALUES (13949, 'Πάτρα Κετχ', 'TBXV-368', 716.0, 1096.9, 'hPa', 'Pressure');
INSERT INTO MEASUREMENT (DateTime, SensorID, MeasValue) VALUES (TO_DATE('08/05/18 23:30', 'DD/MM/YY HH24:MI'), 13949, 1007.3);
INSERT INTO SENSOR (SerialNumber, CityPlaced, SensorModel, MinimValue, MaximValue, Unit, SensorType) VALUES (43013, 'Πάτρα Κετχ', 'TOJZ-4816', 0.0, 25.9, 'km/h', 'Wind');
INSERT INTO MEASUREMENT (DateTime, SensorID, MeasValue) VALUES (TO_DATE('08/05/18 23:30', 'DD/MM/YY HH24:MI'), 43013, 0.9);
INSERT INTO SENSOR (SerialNumber, CityPlaced, SensorModel, MinimValue, MaximValue, Unit, SensorType) VALUES (106883, 'Ρίο Καστελόκαμπος', 'XIVXV-967', -59.0, 80.9, '°C', 'Temperature');
INSERT INTO MEASUREMENT (DateTime, SensorID, MeasValue) VALUES (TO_DATE('08/05/18 23:30', 'DD/MM/YY HH24:MI'), 106883, 19.1);
INSERT INTO SENSOR (SerialNumber, CityPlaced, SensorModel, MinimValue, MaximValue, Unit, SensorType) VALUES (733081, 'Ρίο Καστελόκαμπος', 'WGQZY-0579', 0, 100, '%', 'Humidity');
INSERT INTO MEASUREMENT (DateTime, SensorID, MeasValue) VALUES (TO_DATE('08/05/18 23:30', 'DD/MM/YY HH24:MI'), 733081, 87);
INSERT INTO SENSOR (SerialNumber, CityPlaced, SensorModel, MinimValue, MaximValue, Unit, SensorType) VALUES (23350, 'Ρίο Καστελόκαμπος', 'WHFW-805', 735.0, 1097.9, 'hPa', 'Pressure');
INSERT INTO MEASUREMENT (DateTime, SensorID, MeasValue) VALUES (TO_DATE('08/05/18 23:30', 'DD/MM/YY HH24:MI'), 23350, 1008.2);
INSERT INTO SENSOR (SerialNumber, CityPlaced, SensorModel, MinimValue, MaximValue, Unit, SensorType) VALUES (50350, 'Ρίο Καστελόκαμπος', 'FSIW-4147', 0.0, 22.9, 'km/h', 'Wind');
INSERT INTO MEASUREMENT (DateTime, SensorID, MeasValue) VALUES (TO_DATE('08/05/18 23:30', 'DD/MM/YY HH24:MI'), 50350, 3.2);
INSERT INTO SENSOR (SerialNumber, CityPlaced, SensorModel, MinimValue, MaximValue, Unit, SensorType) VALUES (511816, 'Καπελέτο Βάρδας', 'LYFCT-316', -56.0, 76.9, '°C', 'Temperature');
INSERT INTO MEASUREMENT (DateTime, SensorID, MeasValue) VALUES (TO_DATE('08/05/18 23:30', 'DD/MM/YY HH24:MI'), 511816, 17.3);
INSERT INTO SENSOR (SerialNumber, CityPlaced, SensorModel, MinimValue, MaximValue, Unit, SensorType) VALUES (515230, 'Καπελέτο Βάρδας', 'CCDAC-4482', 0, 100, '%', 'Humidity');
INSERT INTO MEASUREMENT (DateTime, SensorID, MeasValue) VALUES (TO_DATE('08/05/18 23:30', 'DD/MM/YY HH24:MI'), 515230, 90);
INSERT INTO SENSOR (SerialNumber, CityPlaced, SensorModel, MinimValue, MaximValue, Unit, SensorType) VALUES (11499, 'Καπελέτο Βάρδας', 'RLTB-951', 735.0, 1063.9, 'hPa', 'Pressure');
INSERT INTO MEASUREMENT (DateTime, SensorID, MeasValue) VALUES (TO_DATE('08/05/18 23:30', 'DD/MM/YY HH24:MI'), 11499, 1006.5);
INSERT INTO SENSOR (SerialNumber, CityPlaced, SensorModel, MinimValue, MaximValue, Unit, SensorType) VALUES (44919, 'Καπελέτο Βάρδας', 'JFTU-2908', 0.0, 24.9, 'km/h', 'Wind');
INSERT INTO MEASUREMENT (DateTime, SensorID, MeasValue) VALUES (TO_DATE('08/05/18 23:30', 'DD/MM/YY HH24:MI'), 44919, 2.4);
INSERT INTO SENSOR (SerialNumber, CityPlaced, SensorModel, MinimValue, MaximValue, Unit, SensorType) VALUES (234188, 'Πύργος Νεάπολη', 'SQJEU-712', -58.0, 63.9, '°C', 'Temperature');
INSERT INTO MEASUREMENT (DateTime, SensorID, MeasValue) VALUES (TO_DATE('08/05/18 23:32', 'DD/MM/YY HH24:MI'), 234188, 18.1);
INSERT INTO SENSOR (SerialNumber, CityPlaced, SensorModel, MinimValue, MaximValue, Unit, SensorType) VALUES (943179, 'Πύργος Νεάπολη', 'KEWSB-4872', 0, 100, '%', 'Humidity');
INSERT INTO MEASUREMENT (DateTime, SensorID, MeasValue) VALUES (TO_DATE('08/05/18 23:32', 'DD/MM/YY HH24:MI'), 943179, 85);
INSERT INTO SENSOR (SerialNumber, CityPlaced, SensorModel, MinimValue, MaximValue, Unit, SensorType) VALUES (83748, 'Πύργος Νεάπολη', 'PAFS-562', 741.0, 1098.9, 'hPa', 'Pressure');
INSERT INTO MEASUREMENT (DateTime, SensorID, MeasValue) VALUES (TO_DATE('08/05/18 23:32', 'DD/MM/YY HH24:MI'), 83748, 1007.0);
INSERT INTO SENSOR (SerialNumber, CityPlaced, SensorModel, MinimValue, MaximValue, Unit, SensorType) VALUES (99974, 'Πύργος Νεάπολη', 'FGNL-5825', 0.0, 23.9, 'km/h', 'Wind');
INSERT INTO MEASUREMENT (DateTime, SensorID, MeasValue) VALUES (TO_DATE('08/05/18 23:32', 'DD/MM/YY HH24:MI'), 99974, 0.3);
INSERT INTO SENSOR (SerialNumber, CityPlaced, SensorModel, MinimValue, MaximValue, Unit, SensorType) VALUES (911783, 'Πύργος', 'BHLYJ-933', -52.0, 62.9, '°C', 'Temperature');
INSERT INTO MEASUREMENT (DateTime, SensorID, MeasValue) VALUES (TO_DATE('08/05/18 23:31', 'DD/MM/YY HH24:MI'), 911783, 18.3);
INSERT INTO SENSOR (SerialNumber, CityPlaced, SensorModel, MinimValue, MaximValue, Unit, SensorType) VALUES (730619, 'Πύργος', 'CFVER-9669', 0, 100, '%', 'Humidity');
INSERT INTO MEASUREMENT (DateTime, SensorID, MeasValue) VALUES (TO_DATE('08/05/18 23:31', 'DD/MM/YY HH24:MI'), 730619, 87);
INSERT INTO SENSOR (SerialNumber, CityPlaced, SensorModel, MinimValue, MaximValue, Unit, SensorType) VALUES (91662, 'Πύργος', 'EXGJ-908', 711.0, 1064.9, 'hPa', 'Pressure');
INSERT INTO MEASUREMENT (DateTime, SensorID, MeasValue) VALUES (TO_DATE('08/05/18 23:31', 'DD/MM/YY HH24:MI'), 91662, 1006.4);
INSERT INTO SENSOR (SerialNumber, CityPlaced, SensorModel, MinimValue, MaximValue, Unit, SensorType) VALUES (53422, 'Πύργος', 'FJSF-9824', 0.0, 25.9, 'km/h', 'Wind');
INSERT INTO MEASUREMENT (DateTime, SensorID, MeasValue) VALUES (TO_DATE('08/05/18 23:31', 'DD/MM/YY HH24:MI'), 53422, 2.7);
INSERT INTO SENSOR (SerialNumber, CityPlaced, SensorModel, MinimValue, MaximValue, Unit, SensorType) VALUES (118649, 'Δερβένι', 'TIZEF-455', -58.0, 71.9, '°C', 'Temperature');
INSERT INTO MEASUREMENT (DateTime, SensorID, MeasValue) VALUES (TO_DATE('08/05/18 23:25', 'DD/MM/YY HH24:MI'), 118649, 19.6);
INSERT INTO SENSOR (SerialNumber, CityPlaced, SensorModel, MinimValue, MaximValue, Unit, SensorType) VALUES (828964, 'Δερβένι', 'AEXKZ-7460', 0, 100, '%', 'Humidity');
INSERT INTO MEASUREMENT (DateTime, SensorID, MeasValue) VALUES (TO_DATE('08/05/18 23:25', 'DD/MM/YY HH24:MI'), 828964, 77);
INSERT INTO SENSOR (SerialNumber, CityPlaced, SensorModel, MinimValue, MaximValue, Unit, SensorType) VALUES (41295, 'Δερβένι', 'GBBS-384', 721.0, 1051.9, 'hPa', 'Pressure');
INSERT INTO MEASUREMENT (DateTime, SensorID, MeasValue) VALUES (TO_DATE('08/05/18 23:25', 'DD/MM/YY HH24:MI'), 41295, 1006.0);
INSERT INTO SENSOR (SerialNumber, CityPlaced, SensorModel, MinimValue, MaximValue, Unit, SensorType) VALUES (77825, 'Δερβένι', 'NJSY-2182', 0.0, 23.9, 'km/h', 'Wind');
INSERT INTO MEASUREMENT (DateTime, SensorID, MeasValue) VALUES (TO_DATE('08/05/18 23:25', 'DD/MM/YY HH24:MI'), 77825, 4.0);
INSERT INTO SENSOR (SerialNumber, CityPlaced, SensorModel, MinimValue, MaximValue, Unit, SensorType) VALUES (599015, 'Καίσαρι - Ζήρια', 'JOLBV-259', -51.0, 61.9, '°C', 'Temperature');
INSERT INTO MEASUREMENT (DateTime, SensorID, MeasValue) VALUES (TO_DATE('08/05/18 23:33', 'DD/MM/YY HH24:MI'), 599015, 11.9);
INSERT INTO SENSOR (SerialNumber, CityPlaced, SensorModel, MinimValue, MaximValue, Unit, SensorType) VALUES (423661, 'Καίσαρι - Ζήρια', 'DJESQ-6166', 0, 100, '%', 'Humidity');
INSERT INTO MEASUREMENT (DateTime, SensorID, MeasValue) VALUES (TO_DATE('08/05/18 23:33', 'DD/MM/YY HH24:MI'), 423661, 90);
INSERT INTO SENSOR (SerialNumber, CityPlaced, SensorModel, MinimValue, MaximValue, Unit, SensorType) VALUES (83172, 'Καίσαρι - Ζήρια', 'UZDM-678', 714.0, 1086.9, 'hPa', 'Pressure');
INSERT INTO MEASUREMENT (DateTime, SensorID, MeasValue) VALUES (TO_DATE('08/05/18 23:33', 'DD/MM/YY HH24:MI'), 83172, 1009.5);
INSERT INTO SENSOR (SerialNumber, CityPlaced, SensorModel, MinimValue, MaximValue, Unit, SensorType) VALUES (34617, 'Καίσαρι - Ζήρια', 'PCNG-6803', 0.0, 21.9, 'km/h', 'Wind');
INSERT INTO MEASUREMENT (DateTime, SensorID, MeasValue) VALUES (TO_DATE('08/05/18 23:33', 'DD/MM/YY HH24:MI'), 34617, 2.0);
INSERT INTO SENSOR (SerialNumber, CityPlaced, SensorModel, MinimValue, MaximValue, Unit, SensorType) VALUES (374732, 'Κόρινθος', 'QRDPB-802', -56.0, 75.9, '°C', 'Temperature');
INSERT INTO MEASUREMENT (DateTime, SensorID, MeasValue) VALUES (TO_DATE('08/05/18 23:29', 'DD/MM/YY HH24:MI'), 374732, 17.1);
INSERT INTO SENSOR (SerialNumber, CityPlaced, SensorModel, MinimValue, MaximValue, Unit, SensorType) VALUES (790864, 'Κόρινθος', 'BWGUR-3868', 0, 100, '%', 'Humidity');
INSERT INTO MEASUREMENT (DateTime, SensorID, MeasValue) VALUES (TO_DATE('08/05/18 23:29', 'DD/MM/YY HH24:MI'), 790864, 82);
INSERT INTO SENSOR (SerialNumber, CityPlaced, SensorModel, MinimValue, MaximValue, Unit, SensorType) VALUES (64533, 'Κόρινθος', 'WYOD-213', 727.0, 1085.9, 'hPa', 'Pressure');
INSERT INTO MEASUREMENT (DateTime, SensorID, MeasValue) VALUES (TO_DATE('08/05/18 23:29', 'DD/MM/YY HH24:MI'), 64533, 1004.1);
INSERT INTO SENSOR (SerialNumber, CityPlaced, SensorModel, MinimValue, MaximValue, Unit, SensorType) VALUES (36687, 'Κόρινθος', 'XHWX-9531', 0.0, 22.9, 'km/h', 'Wind');
INSERT INTO MEASUREMENT (DateTime, SensorID, MeasValue) VALUES (TO_DATE('08/05/18 23:29', 'DD/MM/YY HH24:MI'), 36687, 0.0);
INSERT INTO SENSOR (SerialNumber, CityPlaced, SensorModel, MinimValue, MaximValue, Unit, SensorType) VALUES (379611, 'Λαλιώτη', 'PREUY-520', -59.0, 77.9, '°C', 'Temperature');
INSERT INTO MEASUREMENT (DateTime, SensorID, MeasValue) VALUES (TO_DATE('08/05/18 23:33', 'DD/MM/YY HH24:MI'), 379611, 17.3);
INSERT INTO SENSOR (SerialNumber, CityPlaced, SensorModel, MinimValue, MaximValue, Unit, SensorType) VALUES (526514, 'Λαλιώτη', 'CONFR-3940', 0, 100, '%', 'Humidity');
INSERT INTO MEASUREMENT (DateTime, SensorID, MeasValue) VALUES (TO_DATE('08/05/18 23:33', 'DD/MM/YY HH24:MI'), 526514, 74);
INSERT INTO SENSOR (SerialNumber, CityPlaced, SensorModel, MinimValue, MaximValue, Unit, SensorType) VALUES (13347, 'Λαλιώτη', 'LRVZ-845', 709.0, 1075.9, 'hPa', 'Pressure');
INSERT INTO MEASUREMENT (DateTime, SensorID, MeasValue) VALUES (TO_DATE('08/05/18 23:33', 'DD/MM/YY HH24:MI'), 13347, 1006.3);
INSERT INTO SENSOR (SerialNumber, CityPlaced, SensorModel, MinimValue, MaximValue, Unit, SensorType) VALUES (58303, 'Λαλιώτη', 'XMZJ-4174', 0.0, 21.9, 'km/h', 'Wind');
INSERT INTO MEASUREMENT (DateTime, SensorID, MeasValue) VALUES (TO_DATE('08/05/18 23:33', 'DD/MM/YY HH24:MI'), 58303, 3.7);
INSERT INTO SENSOR (SerialNumber, CityPlaced, SensorModel, MinimValue, MaximValue, Unit, SensorType) VALUES (664916, 'Συκιά', 'BTTDF-151', -55.0, 72.9, '°C', 'Temperature');
INSERT INTO MEASUREMENT (DateTime, SensorID, MeasValue) VALUES (TO_DATE('08/05/18 23:30', 'DD/MM/YY HH24:MI'), 664916, 17.8);
INSERT INTO SENSOR (SerialNumber, CityPlaced, SensorModel, MinimValue, MaximValue, Unit, SensorType) VALUES (433848, 'Συκιά', 'CBJZG-1413', 0, 100, '%', 'Humidity');
INSERT INTO MEASUREMENT (DateTime, SensorID, MeasValue) VALUES (TO_DATE('08/05/18 23:30', 'DD/MM/YY HH24:MI'), 433848, 83);
INSERT INTO SENSOR (SerialNumber, CityPlaced, SensorModel, MinimValue, MaximValue, Unit, SensorType) VALUES (48629, 'Συκιά', 'KSCG-478', 712.0, 1081.9, 'hPa', 'Pressure');
INSERT INTO MEASUREMENT (DateTime, SensorID, MeasValue) VALUES (TO_DATE('08/05/18 23:30', 'DD/MM/YY HH24:MI'), 48629, 1006.1);
INSERT INTO SENSOR (SerialNumber, CityPlaced, SensorModel, MinimValue, MaximValue, Unit, SensorType) VALUES (52942, 'Συκιά', 'FCNI-0825', 0.0, 20.9, 'km/h', 'Wind');
INSERT INTO MEASUREMENT (DateTime, SensorID, MeasValue) VALUES (TO_DATE('08/05/18 23:30', 'DD/MM/YY HH24:MI'), 52942, 1.3);
INSERT INTO SENSOR (SerialNumber, CityPlaced, SensorModel, MinimValue, MaximValue, Unit, SensorType) VALUES (220805, 'Γεράκι', 'EEVOY-701', -52.0, 71.9, '°C', 'Temperature');
INSERT INTO MEASUREMENT (DateTime, SensorID, MeasValue) VALUES (TO_DATE('08/05/18 23:28', 'DD/MM/YY HH24:MI'), 220805, 17.6);
INSERT INTO SENSOR (SerialNumber, CityPlaced, SensorModel, MinimValue, MaximValue, Unit, SensorType) VALUES (497309, 'Γεράκι', 'FKUDO-5626', 0, 100, '%', 'Humidity');
INSERT INTO MEASUREMENT (DateTime, SensorID, MeasValue) VALUES (TO_DATE('08/05/18 23:28', 'DD/MM/YY HH24:MI'), 497309, 77);
INSERT INTO SENSOR (SerialNumber, CityPlaced, SensorModel, MinimValue, MaximValue, Unit, SensorType) VALUES (63238, 'Γεράκι', 'HCRF-523', 720.0, 1080.9, 'hPa', 'Pressure');
INSERT INTO MEASUREMENT (DateTime, SensorID, MeasValue) VALUES (TO_DATE('08/05/18 23:28', 'DD/MM/YY HH24:MI'), 63238, 1008.8);
INSERT INTO SENSOR (SerialNumber, CityPlaced, SensorModel, MinimValue, MaximValue, Unit, SensorType) VALUES (18010, 'Γεράκι', 'BJCC-6595', 0.0, 24.9, 'km/h', 'Wind');
INSERT INTO MEASUREMENT (DateTime, SensorID, MeasValue) VALUES (TO_DATE('08/05/18 23:28', 'DD/MM/YY HH24:MI'), 18010, 5.9);
INSERT INTO SENSOR (SerialNumber, CityPlaced, SensorModel, MinimValue, MaximValue, Unit, SensorType) VALUES (110547, 'Βελανιδιά Κρεμμύδια', 'YNUEC-001', -58.0, 74.9, '°C', 'Temperature');
INSERT INTO MEASUREMENT (DateTime, SensorID, MeasValue) VALUES (TO_DATE('08/05/18 23:29', 'DD/MM/YY HH24:MI'), 110547, 14.1);
INSERT INTO SENSOR (SerialNumber, CityPlaced, SensorModel, MinimValue, MaximValue, Unit, SensorType) VALUES (992730, 'Βελανιδιά Κρεμμύδια', 'JYWTB-8255', 0, 100, '%', 'Humidity');
INSERT INTO MEASUREMENT (DateTime, SensorID, MeasValue) VALUES (TO_DATE('08/05/18 23:29', 'DD/MM/YY HH24:MI'), 992730, 92);
INSERT INTO SENSOR (SerialNumber, CityPlaced, SensorModel, MinimValue, MaximValue, Unit, SensorType) VALUES (72287, 'Βελανιδιά Κρεμμύδια', 'TTCS-637', 749.0, 1058.9, 'hPa', 'Pressure');
INSERT INTO MEASUREMENT (DateTime, SensorID, MeasValue) VALUES (TO_DATE('08/05/18 23:29', 'DD/MM/YY HH24:MI'), 72287, 1004.8);
INSERT INTO SENSOR (SerialNumber, CityPlaced, SensorModel, MinimValue, MaximValue, Unit, SensorType) VALUES (22760, 'Βελανιδιά Κρεμμύδια', 'PDDU-0680', 0.0, 20.9, 'km/h', 'Wind');
INSERT INTO MEASUREMENT (DateTime, SensorID, MeasValue) VALUES (TO_DATE('08/05/18 23:29', 'DD/MM/YY HH24:MI'), 22760, 0.0);
INSERT INTO SENSOR (SerialNumber, CityPlaced, SensorModel, MinimValue, MaximValue, Unit, SensorType) VALUES (591442, 'Καλαμάτα Κέντρο', 'JGBVN-393', -60.0, 67.9, '°C', 'Temperature');
INSERT INTO MEASUREMENT (DateTime, SensorID, MeasValue) VALUES (TO_DATE('08/05/18 23:26', 'DD/MM/YY HH24:MI'), 591442, 18.8);
INSERT INTO SENSOR (SerialNumber, CityPlaced, SensorModel, MinimValue, MaximValue, Unit, SensorType) VALUES (885648, 'Καλαμάτα Κέντρο', 'WQHNA-2995', 0, 100, '%', 'Humidity');
INSERT INTO MEASUREMENT (DateTime, SensorID, MeasValue) VALUES (TO_DATE('08/05/18 23:26', 'DD/MM/YY HH24:MI'), 885648, 77);
INSERT INTO SENSOR (SerialNumber, CityPlaced, SensorModel, MinimValue, MaximValue, Unit, SensorType) VALUES (77727, 'Καλαμάτα Κέντρο', 'SEZG-253', 720.0, 1078.9, 'hPa', 'Pressure');
INSERT INTO MEASUREMENT (DateTime, SensorID, MeasValue) VALUES (TO_DATE('08/05/18 23:26', 'DD/MM/YY HH24:MI'), 77727, 1006.0);
INSERT INTO SENSOR (SerialNumber, CityPlaced, SensorModel, MinimValue, MaximValue, Unit, SensorType) VALUES (51934, 'Καλαμάτα Κέντρο', 'MHFU-9995', 0.0, 24.9, 'km/h', 'Wind');
INSERT INTO MEASUREMENT (DateTime, SensorID, MeasValue) VALUES (TO_DATE('08/05/18 23:26', 'DD/MM/YY HH24:MI'), 51934, 4.8);
INSERT INTO SENSOR (SerialNumber, CityPlaced, SensorModel, MinimValue, MaximValue, Unit, SensorType) VALUES (242937, 'Καλαμάτα Νησάκι', 'AGEHM-636', -51.0, 74.9, '°C', 'Temperature');
INSERT INTO MEASUREMENT (DateTime, SensorID, MeasValue) VALUES (TO_DATE('08/05/18 23:30', 'DD/MM/YY HH24:MI'), 242937, 21.7);
INSERT INTO SENSOR (SerialNumber, CityPlaced, SensorModel, MinimValue, MaximValue, Unit, SensorType) VALUES (706138, 'Καλαμάτα Νησάκι', 'FDDVX-8054', 0, 100, '%', 'Humidity');
INSERT INTO MEASUREMENT (DateTime, SensorID, MeasValue) VALUES (TO_DATE('08/05/18 23:30', 'DD/MM/YY HH24:MI'), 706138, 75);
INSERT INTO SENSOR (SerialNumber, CityPlaced, SensorModel, MinimValue, MaximValue, Unit, SensorType) VALUES (82354, 'Καλαμάτα Νησάκι', 'FYUT-867', 740.0, 1083.9, 'hPa', 'Pressure');
INSERT INTO MEASUREMENT (DateTime, SensorID, MeasValue) VALUES (TO_DATE('08/05/18 23:30', 'DD/MM/YY HH24:MI'), 82354, 1005.6);
INSERT INTO SENSOR (SerialNumber, CityPlaced, SensorModel, MinimValue, MaximValue, Unit, SensorType) VALUES (36278, 'Καλαμάτα Νησάκι', 'BQCK-2800', 0.0, 21.9, 'km/h', 'Wind');
INSERT INTO MEASUREMENT (DateTime, SensorID, MeasValue) VALUES (TO_DATE('08/05/18 23:30', 'DD/MM/YY HH24:MI'), 36278, 5.4);
INSERT INTO SENSOR (SerialNumber, CityPlaced, SensorModel, MinimValue, MaximValue, Unit, SensorType) VALUES (740475, 'Κορομηλιά', 'NFCUX-215', -52.0, 70.9, '°C', 'Temperature');
INSERT INTO MEASUREMENT (DateTime, SensorID, MeasValue) VALUES (TO_DATE('08/05/18 23:30', 'DD/MM/YY HH24:MI'), 740475, 13.8);
INSERT INTO SENSOR (SerialNumber, CityPlaced, SensorModel, MinimValue, MaximValue, Unit, SensorType) VALUES (636838, 'Κορομηλιά', 'ZXJZY-4777', 0, 100, '%', 'Humidity');
INSERT INTO MEASUREMENT (DateTime, SensorID, MeasValue) VALUES (TO_DATE('08/05/18 23:30', 'DD/MM/YY HH24:MI'), 636838, 92);
INSERT INTO SENSOR (SerialNumber, CityPlaced, SensorModel, MinimValue, MaximValue, Unit, SensorType) VALUES (99176, 'Κορομηλιά', 'FTKP-607', 710.0, 1059.9, 'hPa', 'Pressure');
INSERT INTO MEASUREMENT (DateTime, SensorID, MeasValue) VALUES (TO_DATE('08/05/18 23:30', 'DD/MM/YY HH24:MI'), 99176, 1007.9);
INSERT INTO SENSOR (SerialNumber, CityPlaced, SensorModel, MinimValue, MaximValue, Unit, SensorType) VALUES (26864, 'Κορομηλιά', 'RBAH-5088', 0.0, 24.9, 'km/h', 'Wind');
INSERT INTO MEASUREMENT (DateTime, SensorID, MeasValue) VALUES (TO_DATE('08/05/18 23:30', 'DD/MM/YY HH24:MI'), 26864, 1.1);
INSERT INTO SENSOR (SerialNumber, CityPlaced, SensorModel, MinimValue, MaximValue, Unit, SensorType) VALUES (621890, 'Μάνεσης', 'SNVIL-325', -50.0, 60.9, '°C', 'Temperature');
INSERT INTO MEASUREMENT (DateTime, SensorID, MeasValue) VALUES (TO_DATE('08/05/18 21:55', 'DD/MM/YY HH24:MI'), 621890, 16.6);
INSERT INTO SENSOR (SerialNumber, CityPlaced, SensorModel, MinimValue, MaximValue, Unit, SensorType) VALUES (782437, 'Μάνεσης', 'UFCXU-9357', 0, 100, '%', 'Humidity');
INSERT INTO MEASUREMENT (DateTime, SensorID, MeasValue) VALUES (TO_DATE('08/05/18 21:55', 'DD/MM/YY HH24:MI'), 782437, 89);
INSERT INTO SENSOR (SerialNumber, CityPlaced, SensorModel, MinimValue, MaximValue, Unit, SensorType) VALUES (28358, 'Μάνεσης', 'SFFR-282', 729.0, 1092.9, 'hPa', 'Pressure');
INSERT INTO MEASUREMENT (DateTime, SensorID, MeasValue) VALUES (TO_DATE('08/05/18 21:55', 'DD/MM/YY HH24:MI'), 28358, 1007.8);
INSERT INTO SENSOR (SerialNumber, CityPlaced, SensorModel, MinimValue, MaximValue, Unit, SensorType) VALUES (56723, 'Μάνεσης', 'GENK-9314', 0.0, 23.9, 'km/h', 'Wind');
INSERT INTO MEASUREMENT (DateTime, SensorID, MeasValue) VALUES (TO_DATE('08/05/18 21:55', 'DD/MM/YY HH24:MI'), 56723, 2.1);
INSERT INTO SENSOR (SerialNumber, CityPlaced, SensorModel, MinimValue, MaximValue, Unit, SensorType) VALUES (159005, 'Νέδουσα Ταϋγέτου', 'EXEKV-589', -55.0, 76.9, '°C', 'Temperature');
INSERT INTO MEASUREMENT (DateTime, SensorID, MeasValue) VALUES (TO_DATE('08/05/18 23:29', 'DD/MM/YY HH24:MI'), 159005, 12.6);
INSERT INTO SENSOR (SerialNumber, CityPlaced, SensorModel, MinimValue, MaximValue, Unit, SensorType) VALUES (341062, 'Νέδουσα Ταϋγέτου', 'XBFUD-0355', 0, 100, '%', 'Humidity');
INSERT INTO MEASUREMENT (DateTime, SensorID, MeasValue) VALUES (TO_DATE('08/05/18 23:29', 'DD/MM/YY HH24:MI'), 341062, 84);
INSERT INTO SENSOR (SerialNumber, CityPlaced, SensorModel, MinimValue, MaximValue, Unit, SensorType) VALUES (37244, 'Νέδουσα Ταϋγέτου', 'PHVG-503', 707.0, 1063.9, 'hPa', 'Pressure');
INSERT INTO MEASUREMENT (DateTime, SensorID, MeasValue) VALUES (TO_DATE('08/05/18 23:29', 'DD/MM/YY HH24:MI'), 37244, 1008.4);
INSERT INTO SENSOR (SerialNumber, CityPlaced, SensorModel, MinimValue, MaximValue, Unit, SensorType) VALUES (84631, 'Νέδουσα Ταϋγέτου', 'LAIH-3874', 0.0, 22.9, 'km/h', 'Wind');
INSERT INTO MEASUREMENT (DateTime, SensorID, MeasValue) VALUES (TO_DATE('08/05/18 23:29', 'DD/MM/YY HH24:MI'), 84631, 3.2);
INSERT INTO SENSOR (SerialNumber, CityPlaced, SensorModel, MinimValue, MaximValue, Unit, SensorType) VALUES (122585, 'Φοινικούντα', 'CNVGX-469', -60.0, 70.9, '°C', 'Temperature');
INSERT INTO MEASUREMENT (DateTime, SensorID, MeasValue) VALUES (TO_DATE('08/05/18 23:32', 'DD/MM/YY HH24:MI'), 122585, 18.8);
INSERT INTO SENSOR (SerialNumber, CityPlaced, SensorModel, MinimValue, MaximValue, Unit, SensorType) VALUES (596101, 'Φοινικούντα', 'AFDPL-5049', 0, 100, '%', 'Humidity');
INSERT INTO MEASUREMENT (DateTime, SensorID, MeasValue) VALUES (TO_DATE('08/05/18 23:32', 'DD/MM/YY HH24:MI'), 596101, 85);
INSERT INTO SENSOR (SerialNumber, CityPlaced, SensorModel, MinimValue, MaximValue, Unit, SensorType) VALUES (48354, 'Φοινικούντα', 'HSNS-995', 746.0, 1066.9, 'hPa', 'Pressure');
INSERT INTO MEASUREMENT (DateTime, SensorID, MeasValue) VALUES (TO_DATE('08/05/18 23:32', 'DD/MM/YY HH24:MI'), 48354, 1008.6);
INSERT INTO SENSOR (SerialNumber, CityPlaced, SensorModel, MinimValue, MaximValue, Unit, SensorType) VALUES (52320, 'Φοινικούντα', 'YPOV-5338', 0.0, 21.9, 'km/h', 'Wind');
INSERT INTO MEASUREMENT (DateTime, SensorID, MeasValue) VALUES (TO_DATE('08/05/18 23:32', 'DD/MM/YY HH24:MI'), 52320, 2.6);
INSERT INTO SENSOR (SerialNumber, CityPlaced, SensorModel, MinimValue, MaximValue, Unit, SensorType) VALUES (613887, 'Αμφιλοχία', 'IEDTW-242', -52.0, 68.9, '°C', 'Temperature');
INSERT INTO MEASUREMENT (DateTime, SensorID, MeasValue) VALUES (TO_DATE('08/05/18 23:29', 'DD/MM/YY HH24:MI'), 613887, 17.4);
INSERT INTO SENSOR (SerialNumber, CityPlaced, SensorModel, MinimValue, MaximValue, Unit, SensorType) VALUES (883879, 'Αμφιλοχία', 'TXTQU-8060', 0, 100, '%', 'Humidity');
INSERT INTO MEASUREMENT (DateTime, SensorID, MeasValue) VALUES (TO_DATE('08/05/18 23:29', 'DD/MM/YY HH24:MI'), 883879, 94);
INSERT INTO SENSOR (SerialNumber, CityPlaced, SensorModel, MinimValue, MaximValue, Unit, SensorType) VALUES (60529, 'Αμφιλοχία', 'HKPY-824', 731.0, 1070.9, 'hPa', 'Pressure');
INSERT INTO MEASUREMENT (DateTime, SensorID, MeasValue) VALUES (TO_DATE('08/05/18 23:29', 'DD/MM/YY HH24:MI'), 60529, 1007.3);
INSERT INTO SENSOR (SerialNumber, CityPlaced, SensorModel, MinimValue, MaximValue, Unit, SensorType) VALUES (94083, 'Αμφιλοχία', 'ZYIQ-1166', 0.0, 23.9, 'km/h', 'Wind');
INSERT INTO MEASUREMENT (DateTime, SensorID, MeasValue) VALUES (TO_DATE('08/05/18 23:29', 'DD/MM/YY HH24:MI'), 94083, 8.8);
INSERT INTO SENSOR (SerialNumber, CityPlaced, SensorModel, MinimValue, MaximValue, Unit, SensorType) VALUES (604775, 'Ναύπακτος', 'BENSM-731', -59.0, 77.9, '°C', 'Temperature');
INSERT INTO MEASUREMENT (DateTime, SensorID, MeasValue) VALUES (TO_DATE('08/05/18 23:29', 'DD/MM/YY HH24:MI'), 604775, 18.3);
INSERT INTO SENSOR (SerialNumber, CityPlaced, SensorModel, MinimValue, MaximValue, Unit, SensorType) VALUES (890335, 'Ναύπακτος', 'YZYTZ-8831', 0, 100, '%', 'Humidity');
INSERT INTO MEASUREMENT (DateTime, SensorID, MeasValue) VALUES (TO_DATE('08/05/18 23:29', 'DD/MM/YY HH24:MI'), 890335, 82);
INSERT INTO SENSOR (SerialNumber, CityPlaced, SensorModel, MinimValue, MaximValue, Unit, SensorType) VALUES (73840, 'Ναύπακτος', 'ZWNG-125', 707.0, 1078.9, 'hPa', 'Pressure');
INSERT INTO MEASUREMENT (DateTime, SensorID, MeasValue) VALUES (TO_DATE('08/05/18 23:29', 'DD/MM/YY HH24:MI'), 73840, 1006.9);
INSERT INTO SENSOR (SerialNumber, CityPlaced, SensorModel, MinimValue, MaximValue, Unit, SensorType) VALUES (62300, 'Ναύπακτος', 'RWDW-9479', 0.0, 24.9, 'km/h', 'Wind');
INSERT INTO MEASUREMENT (DateTime, SensorID, MeasValue) VALUES (TO_DATE('08/05/18 23:29', 'DD/MM/YY HH24:MI'), 62300, 15.6);
INSERT INTO SENSOR (SerialNumber, CityPlaced, SensorModel, MinimValue, MaximValue, Unit, SensorType) VALUES (995478, 'Παναιτώλιο', 'GIFNW-049', -55.0, 74.9, '°C', 'Temperature');
INSERT INTO MEASUREMENT (DateTime, SensorID, MeasValue) VALUES (TO_DATE('08/05/18 23:30', 'DD/MM/YY HH24:MI'), 995478, 16.9);
INSERT INTO SENSOR (SerialNumber, CityPlaced, SensorModel, MinimValue, MaximValue, Unit, SensorType) VALUES (951305, 'Παναιτώλιο', 'QUMFI-5598', 0, 100, '%', 'Humidity');
INSERT INTO MEASUREMENT (DateTime, SensorID, MeasValue) VALUES (TO_DATE('08/05/18 23:30', 'DD/MM/YY HH24:MI'), 951305, 93);
INSERT INTO SENSOR (SerialNumber, CityPlaced, SensorModel, MinimValue, MaximValue, Unit, SensorType) VALUES (91331, 'Παναιτώλιο', 'KJXH-413', 721.0, 1051.9, 'hPa', 'Pressure');
INSERT INTO MEASUREMENT (DateTime, SensorID, MeasValue) VALUES (TO_DATE('08/05/18 23:30', 'DD/MM/YY HH24:MI'), 91331, 1006.3);
INSERT INTO SENSOR (SerialNumber, CityPlaced, SensorModel, MinimValue, MaximValue, Unit, SensorType) VALUES (61633, 'Παναιτώλιο', 'JYUK-6145', 0.0, 25.9, 'km/h', 'Wind');
INSERT INTO MEASUREMENT (DateTime, SensorID, MeasValue) VALUES (TO_DATE('08/05/18 23:30', 'DD/MM/YY HH24:MI'), 61633, 4.0);
INSERT INTO SENSOR (SerialNumber, CityPlaced, SensorModel, MinimValue, MaximValue, Unit, SensorType) VALUES (849666, 'Άγιος Δημήτριος', 'TKSMY-850', -60.0, 80.9, '°C', 'Temperature');
INSERT INTO MEASUREMENT (DateTime, SensorID, MeasValue) VALUES (TO_DATE('08/05/18 23:33', 'DD/MM/YY HH24:MI'), 849666, 19.9);
INSERT INTO SENSOR (SerialNumber, CityPlaced, SensorModel, MinimValue, MaximValue, Unit, SensorType) VALUES (964541, 'Άγιος Δημήτριος', 'XFXLC-8207', 0, 100, '%', 'Humidity');
INSERT INTO MEASUREMENT (DateTime, SensorID, MeasValue) VALUES (TO_DATE('08/05/18 23:33', 'DD/MM/YY HH24:MI'), 964541, 81);
INSERT INTO SENSOR (SerialNumber, CityPlaced, SensorModel, MinimValue, MaximValue, Unit, SensorType) VALUES (43248, 'Άγιος Δημήτριος', 'GXUC-428', 748.0, 1091.9, 'hPa', 'Pressure');
INSERT INTO MEASUREMENT (DateTime, SensorID, MeasValue) VALUES (TO_DATE('08/05/18 23:33', 'DD/MM/YY HH24:MI'), 43248, 1006.4);
INSERT INTO SENSOR (SerialNumber, CityPlaced, SensorModel, MinimValue, MaximValue, Unit, SensorType) VALUES (60837, 'Άγιος Δημήτριος', 'GLUI-1150', 0.0, 25.9, 'km/h', 'Wind');
INSERT INTO MEASUREMENT (DateTime, SensorID, MeasValue) VALUES (TO_DATE('08/05/18 23:33', 'DD/MM/YY HH24:MI'), 60837, 6.9);
INSERT INTO SENSOR (SerialNumber, CityPlaced, SensorModel, MinimValue, MaximValue, Unit, SensorType) VALUES (134511, 'Άνω Μελίσσια', 'YMCKA-702', -54.0, 60.9, '°C', 'Temperature');
INSERT INTO MEASUREMENT (DateTime, SensorID, MeasValue) VALUES (TO_DATE('08/05/18 23:33', 'DD/MM/YY HH24:MI'), 134511, 17.2);
INSERT INTO SENSOR (SerialNumber, CityPlaced, SensorModel, MinimValue, MaximValue, Unit, SensorType) VALUES (525712, 'Άνω Μελίσσια', 'PQKIN-9213', 0, 100, '%', 'Humidity');
INSERT INTO MEASUREMENT (DateTime, SensorID, MeasValue) VALUES (TO_DATE('08/05/18 23:33', 'DD/MM/YY HH24:MI'), 525712, 75);
INSERT INTO SENSOR (SerialNumber, CityPlaced, SensorModel, MinimValue, MaximValue, Unit, SensorType) VALUES (22660, 'Άνω Μελίσσια', 'APKF-972', 720.0, 1051.9, 'hPa', 'Pressure');
INSERT INTO MEASUREMENT (DateTime, SensorID, MeasValue) VALUES (TO_DATE('08/05/18 23:33', 'DD/MM/YY HH24:MI'), 22660, 1006.4);
INSERT INTO SENSOR (SerialNumber, CityPlaced, SensorModel, MinimValue, MaximValue, Unit, SensorType) VALUES (68744, 'Άνω Μελίσσια', 'RWTV-0279', 0.0, 20.9, 'km/h', 'Wind');
INSERT INTO MEASUREMENT (DateTime, SensorID, MeasValue) VALUES (TO_DATE('08/05/18 23:33', 'DD/MM/YY HH24:MI'), 68744, 3.7);
INSERT INTO SENSOR (SerialNumber, CityPlaced, SensorModel, MinimValue, MaximValue, Unit, SensorType) VALUES (642626, 'Ύδρα', 'ISLHL-112', -54.0, 71.9, '°C', 'Temperature');
INSERT INTO MEASUREMENT (DateTime, SensorID, MeasValue) VALUES (TO_DATE('08/05/18 23:32', 'DD/MM/YY HH24:MI'), 642626, 20.0);
INSERT INTO SENSOR (SerialNumber, CityPlaced, SensorModel, MinimValue, MaximValue, Unit, SensorType) VALUES (464945, 'Ύδρα', 'RNXQK-9760', 0, 100, '%', 'Humidity');
INSERT INTO MEASUREMENT (DateTime, SensorID, MeasValue) VALUES (TO_DATE('08/05/18 23:32', 'DD/MM/YY HH24:MI'), 464945, 68);
INSERT INTO SENSOR (SerialNumber, CityPlaced, SensorModel, MinimValue, MaximValue, Unit, SensorType) VALUES (15619, 'Ύδρα', 'ANAH-646', 713.0, 1082.9, 'hPa', 'Pressure');
INSERT INTO MEASUREMENT (DateTime, SensorID, MeasValue) VALUES (TO_DATE('08/05/18 23:32', 'DD/MM/YY HH24:MI'), 15619, 1006.6);
INSERT INTO SENSOR (SerialNumber, CityPlaced, SensorModel, MinimValue, MaximValue, Unit, SensorType) VALUES (78059, 'Ύδρα', 'VYYJ-1453', 0.0, 25.9, 'km/h', 'Wind');
INSERT INTO MEASUREMENT (DateTime, SensorID, MeasValue) VALUES (TO_DATE('08/05/18 23:32', 'DD/MM/YY HH24:MI'), 78059, 0.0);
INSERT INTO SENSOR (SerialNumber, CityPlaced, SensorModel, MinimValue, MaximValue, Unit, SensorType) VALUES (387986, 'Αγία Παρασκευή', 'HPMAS-803', -51.0, 67.9, '°C', 'Temperature');
INSERT INTO MEASUREMENT (DateTime, SensorID, MeasValue) VALUES (TO_DATE('08/05/18 23:30', 'DD/MM/YY HH24:MI'), 387986, 17.2);
INSERT INTO SENSOR (SerialNumber, CityPlaced, SensorModel, MinimValue, MaximValue, Unit, SensorType) VALUES (755817, 'Αγία Παρασκευή', 'EFURC-3344', 0, 100, '%', 'Humidity');
INSERT INTO MEASUREMENT (DateTime, SensorID, MeasValue) VALUES (TO_DATE('08/05/18 23:30', 'DD/MM/YY HH24:MI'), 755817, 85);
INSERT INTO SENSOR (SerialNumber, CityPlaced, SensorModel, MinimValue, MaximValue, Unit, SensorType) VALUES (42959, 'Αγία Παρασκευή', 'SOKM-076', 706.0, 1070.9, 'hPa', 'Pressure');
INSERT INTO MEASUREMENT (DateTime, SensorID, MeasValue) VALUES (TO_DATE('08/05/18 23:30', 'DD/MM/YY HH24:MI'), 42959, 1005.1);
INSERT INTO SENSOR (SerialNumber, CityPlaced, SensorModel, MinimValue, MaximValue, Unit, SensorType) VALUES (31052, 'Αγία Παρασκευή', 'PKBO-1226', 0.0, 22.9, 'km/h', 'Wind');
INSERT INTO MEASUREMENT (DateTime, SensorID, MeasValue) VALUES (TO_DATE('08/05/18 23:30', 'DD/MM/YY HH24:MI'), 31052, 1.1);
INSERT INTO SENSOR (SerialNumber, CityPlaced, SensorModel, MinimValue, MaximValue, Unit, SensorType) VALUES (394500, 'Αγιος Στέφανος 2', 'QOAGC-750', -59.0, 76.9, '°C', 'Temperature');
INSERT INTO MEASUREMENT (DateTime, SensorID, MeasValue) VALUES (TO_DATE('08/05/18 23:32', 'DD/MM/YY HH24:MI'), 394500, 15.8);
INSERT INTO SENSOR (SerialNumber, CityPlaced, SensorModel, MinimValue, MaximValue, Unit, SensorType) VALUES (489402, 'Αγιος Στέφανος 2', 'BVMDE-1014', 0, 100, '%', 'Humidity');
INSERT INTO MEASUREMENT (DateTime, SensorID, MeasValue) VALUES (TO_DATE('08/05/18 23:32', 'DD/MM/YY HH24:MI'), 489402, 84);
INSERT INTO SENSOR (SerialNumber, CityPlaced, SensorModel, MinimValue, MaximValue, Unit, SensorType) VALUES (61463, 'Αγιος Στέφανος 2', 'LGLO-538', 745.0, 1085.9, 'hPa', 'Pressure');
INSERT INTO MEASUREMENT (DateTime, SensorID, MeasValue) VALUES (TO_DATE('08/05/18 23:32', 'DD/MM/YY HH24:MI'), 61463, 1007.9);
INSERT INTO SENSOR (SerialNumber, CityPlaced, SensorModel, MinimValue, MaximValue, Unit, SensorType) VALUES (86254, 'Αγιος Στέφανος 2', 'VWNM-7002', 0.0, 24.9, 'km/h', 'Wind');
INSERT INTO MEASUREMENT (DateTime, SensorID, MeasValue) VALUES (TO_DATE('08/05/18 23:32', 'DD/MM/YY HH24:MI'), 86254, 0.0);
INSERT INTO SENSOR (SerialNumber, CityPlaced, SensorModel, MinimValue, MaximValue, Unit, SensorType) VALUES (498139, 'Αγιος Στέφανος', 'LYMMO-436', -57.0, 69.9, '°C', 'Temperature');
INSERT INTO MEASUREMENT (DateTime, SensorID, MeasValue) VALUES (TO_DATE('08/05/18 23:34', 'DD/MM/YY HH24:MI'), 498139, 15.8);
INSERT INTO SENSOR (SerialNumber, CityPlaced, SensorModel, MinimValue, MaximValue, Unit, SensorType) VALUES (675844, 'Αγιος Στέφανος', 'QFVHH-8513', 0, 100, '%', 'Humidity');
INSERT INTO MEASUREMENT (DateTime, SensorID, MeasValue) VALUES (TO_DATE('08/05/18 23:34', 'DD/MM/YY HH24:MI'), 675844, 85);
INSERT INTO SENSOR (SerialNumber, CityPlaced, SensorModel, MinimValue, MaximValue, Unit, SensorType) VALUES (18681, 'Αγιος Στέφανος', 'BEWI-127', 728.0, 1063.9, 'hPa', 'Pressure');
INSERT INTO MEASUREMENT (DateTime, SensorID, MeasValue) VALUES (TO_DATE('08/05/18 23:34', 'DD/MM/YY HH24:MI'), 18681, 1007.6);
INSERT INTO SENSOR (SerialNumber, CityPlaced, SensorModel, MinimValue, MaximValue, Unit, SensorType) VALUES (29665, 'Αγιος Στέφανος', 'IPHZ-0567', 0.0, 21.9, 'km/h', 'Wind');
INSERT INTO MEASUREMENT (DateTime, SensorID, MeasValue) VALUES (TO_DATE('08/05/18 23:34', 'DD/MM/YY HH24:MI'), 29665, 0.0);
INSERT INTO SENSOR (SerialNumber, CityPlaced, SensorModel, MinimValue, MaximValue, Unit, SensorType) VALUES (306622, 'Αθήνα Άνω Κυψέλη', 'MKKIE-113', -56.0, 76.9, '°C', 'Temperature');
INSERT INTO MEASUREMENT (DateTime, SensorID, MeasValue) VALUES (TO_DATE('08/05/18 23:30', 'DD/MM/YY HH24:MI'), 306622, 18.8);
INSERT INTO SENSOR (SerialNumber, CityPlaced, SensorModel, MinimValue, MaximValue, Unit, SensorType) VALUES (177573, 'Αθήνα Άνω Κυψέλη', 'JIQJU-4015', 0, 100, '%', 'Humidity');
INSERT INTO MEASUREMENT (DateTime, SensorID, MeasValue) VALUES (TO_DATE('08/05/18 23:30', 'DD/MM/YY HH24:MI'), 177573, 76);
INSERT INTO SENSOR (SerialNumber, CityPlaced, SensorModel, MinimValue, MaximValue, Unit, SensorType) VALUES (93050, 'Αθήνα Άνω Κυψέλη', 'TOQX-065', 714.0, 1054.9, 'hPa', 'Pressure');
INSERT INTO MEASUREMENT (DateTime, SensorID, MeasValue) VALUES (TO_DATE('08/05/18 23:30', 'DD/MM/YY HH24:MI'), 93050, 1005.6);
INSERT INTO SENSOR (SerialNumber, CityPlaced, SensorModel, MinimValue, MaximValue, Unit, SensorType) VALUES (63034, 'Αθήνα Άνω Κυψέλη', 'NNRS-6471', 0.0, 24.9, 'km/h', 'Wind');
INSERT INTO MEASUREMENT (DateTime, SensorID, MeasValue) VALUES (TO_DATE('08/05/18 23:30', 'DD/MM/YY HH24:MI'), 63034, 0.0);
INSERT INTO SENSOR (SerialNumber, CityPlaced, SensorModel, MinimValue, MaximValue, Unit, SensorType) VALUES (450059, 'Αθήνα Χαροκόπειο Πανεπιστήμιο', 'WGDOV-616', -52.0, 66.9, '°C', 'Temperature');
INSERT INTO MEASUREMENT (DateTime, SensorID, MeasValue) VALUES (TO_DATE('08/05/18 23:32', 'DD/MM/YY HH24:MI'), 450059, 18.4);
INSERT INTO SENSOR (SerialNumber, CityPlaced, SensorModel, MinimValue, MaximValue, Unit, SensorType) VALUES (776126, 'Αθήνα Χαροκόπειο Πανεπιστήμιο', 'XRIBX-5514', 0, 100, '%', 'Humidity');
INSERT INTO MEASUREMENT (DateTime, SensorID, MeasValue) VALUES (TO_DATE('08/05/18 23:32', 'DD/MM/YY HH24:MI'), 776126, 85);
INSERT INTO SENSOR (SerialNumber, CityPlaced, SensorModel, MinimValue, MaximValue, Unit, SensorType) VALUES (62533, 'Αθήνα Χαροκόπειο Πανεπιστήμιο', 'CVRK-373', 702.0, 1094.9, 'hPa', 'Pressure');
INSERT INTO MEASUREMENT (DateTime, SensorID, MeasValue) VALUES (TO_DATE('08/05/18 23:32', 'DD/MM/YY HH24:MI'), 62533, 1006.2);
INSERT INTO SENSOR (SerialNumber, CityPlaced, SensorModel, MinimValue, MaximValue, Unit, SensorType) VALUES (19945, 'Αθήνα Χαροκόπειο Πανεπιστήμιο', 'FMNG-2595', 0.0, 20.9, 'km/h', 'Wind');
INSERT INTO MEASUREMENT (DateTime, SensorID, MeasValue) VALUES (TO_DATE('08/05/18 23:32', 'DD/MM/YY HH24:MI'), 19945, 0.0);
INSERT INTO SENSOR (SerialNumber, CityPlaced, SensorModel, MinimValue, MaximValue, Unit, SensorType) VALUES (526517, 'Αιγάλεω', 'YLRGW-135', -53.0, 68.9, '°C', 'Temperature');
INSERT INTO MEASUREMENT (DateTime, SensorID, MeasValue) VALUES (TO_DATE('08/05/18 23:28', 'DD/MM/YY HH24:MI'), 526517, 19.9);
INSERT INTO SENSOR (SerialNumber, CityPlaced, SensorModel, MinimValue, MaximValue, Unit, SensorType) VALUES (445302, 'Αιγάλεω', 'KAOIG-8401', 0, 100, '%', 'Humidity');
INSERT INTO MEASUREMENT (DateTime, SensorID, MeasValue) VALUES (TO_DATE('08/05/18 23:28', 'DD/MM/YY HH24:MI'), 445302, 78);
INSERT INTO SENSOR (SerialNumber, CityPlaced, SensorModel, MinimValue, MaximValue, Unit, SensorType) VALUES (19876, 'Αιγάλεω', 'NZLC-190', 717.0, 1079.9, 'hPa', 'Pressure');
INSERT INTO MEASUREMENT (DateTime, SensorID, MeasValue) VALUES (TO_DATE('08/05/18 23:28', 'DD/MM/YY HH24:MI'), 19876, 1007.5);
INSERT INTO SENSOR (SerialNumber, CityPlaced, SensorModel, MinimValue, MaximValue, Unit, SensorType) VALUES (21485, 'Αιγάλεω', 'WSFZ-7103', 0.0, 24.9, 'km/h', 'Wind');
INSERT INTO MEASUREMENT (DateTime, SensorID, MeasValue) VALUES (TO_DATE('08/05/18 23:28', 'DD/MM/YY HH24:MI'), 21485, 0.5);
INSERT INTO SENSOR (SerialNumber, CityPlaced, SensorModel, MinimValue, MaximValue, Unit, SensorType) VALUES (383816, 'Ανάβυσσος', 'AKCAG-874', -56.0, 78.9, '°C', 'Temperature');
INSERT INTO MEASUREMENT (DateTime, SensorID, MeasValue) VALUES (TO_DATE('08/05/18 23:29', 'DD/MM/YY HH24:MI'), 383816, 18.6);
INSERT INTO SENSOR (SerialNumber, CityPlaced, SensorModel, MinimValue, MaximValue, Unit, SensorType) VALUES (230247, 'Ανάβυσσος', 'ODTXJ-9618', 0, 100, '%', 'Humidity');
INSERT INTO MEASUREMENT (DateTime, SensorID, MeasValue) VALUES (TO_DATE('08/05/18 23:29', 'DD/MM/YY HH24:MI'), 230247, 87);
INSERT INTO SENSOR (SerialNumber, CityPlaced, SensorModel, MinimValue, MaximValue, Unit, SensorType) VALUES (76973, 'Ανάβυσσος', 'ZAAL-588', 730.0, 1071.9, 'hPa', 'Pressure');
INSERT INTO MEASUREMENT (DateTime, SensorID, MeasValue) VALUES (TO_DATE('08/05/18 23:29', 'DD/MM/YY HH24:MI'), 76973, 1005.3);
INSERT INTO SENSOR (SerialNumber, CityPlaced, SensorModel, MinimValue, MaximValue, Unit, SensorType) VALUES (62481, 'Ανάβυσσος', 'GXPR-5019', 0.0, 25.9, 'km/h', 'Wind');
INSERT INTO MEASUREMENT (DateTime, SensorID, MeasValue) VALUES (TO_DATE('08/05/18 23:29', 'DD/MM/YY HH24:MI'), 62481, 0.0);
INSERT INTO SENSOR (SerialNumber, CityPlaced, SensorModel, MinimValue, MaximValue, Unit, SensorType) VALUES (110574, 'Ασπρόπυργος SV1EJD', 'IESHP-016', -54.0, 67.9, '°C', 'Temperature');
INSERT INTO MEASUREMENT (DateTime, SensorID, MeasValue) VALUES (TO_DATE('08/05/18 23:20', 'DD/MM/YY HH24:MI'), 110574, 17.3);
INSERT INTO SENSOR (SerialNumber, CityPlaced, SensorModel, MinimValue, MaximValue, Unit, SensorType) VALUES (711882, 'Ασπρόπυργος SV1EJD', 'EWSRE-1898', 0, 100, '%', 'Humidity');
INSERT INTO MEASUREMENT (DateTime, SensorID, MeasValue) VALUES (TO_DATE('08/05/18 23:20', 'DD/MM/YY HH24:MI'), 711882, 85);
INSERT INTO SENSOR (SerialNumber, CityPlaced, SensorModel, MinimValue, MaximValue, Unit, SensorType) VALUES (58059, 'Ασπρόπυργος SV1EJD', 'QLON-619', 708.0, 1060.9, 'hPa', 'Pressure');
INSERT INTO MEASUREMENT (DateTime, SensorID, MeasValue) VALUES (TO_DATE('08/05/18 23:20', 'DD/MM/YY HH24:MI'), 58059, 1006.1);
INSERT INTO SENSOR (SerialNumber, CityPlaced, SensorModel, MinimValue, MaximValue, Unit, SensorType) VALUES (56940, 'Ασπρόπυργος SV1EJD', 'CNLT-6199', 0.0, 23.9, 'km/h', 'Wind');
INSERT INTO MEASUREMENT (DateTime, SensorID, MeasValue) VALUES (TO_DATE('08/05/18 23:20', 'DD/MM/YY HH24:MI'), 56940, 6.7);
INSERT INTO SENSOR (SerialNumber, CityPlaced, SensorModel, MinimValue, MaximValue, Unit, SensorType) VALUES (560143, 'Αυλώνας', 'MAJAN-581', -59.0, 75.9, '°C', 'Temperature');
INSERT INTO MEASUREMENT (DateTime, SensorID, MeasValue) VALUES (TO_DATE('08/05/18 23:33', 'DD/MM/YY HH24:MI'), 560143, 16.3);
INSERT INTO SENSOR (SerialNumber, CityPlaced, SensorModel, MinimValue, MaximValue, Unit, SensorType) VALUES (208349, 'Αυλώνας', 'ZKMCT-5789', 0, 100, '%', 'Humidity');
INSERT INTO MEASUREMENT (DateTime, SensorID, MeasValue) VALUES (TO_DATE('08/05/18 23:33', 'DD/MM/YY HH24:MI'), 208349, 82);
INSERT INTO SENSOR (SerialNumber, CityPlaced, SensorModel, MinimValue, MaximValue, Unit, SensorType) VALUES (33491, 'Αυλώνας', 'YOZU-033', 734.0, 1069.9, 'hPa', 'Pressure');
INSERT INTO MEASUREMENT (DateTime, SensorID, MeasValue) VALUES (TO_DATE('08/05/18 23:33', 'DD/MM/YY HH24:MI'), 33491, 1006.1);
INSERT INTO SENSOR (SerialNumber, CityPlaced, SensorModel, MinimValue, MaximValue, Unit, SensorType) VALUES (73497, 'Αυλώνας', 'GAGB-5681', 0.0, 22.9, 'km/h', 'Wind');
INSERT INTO MEASUREMENT (DateTime, SensorID, MeasValue) VALUES (TO_DATE('08/05/18 23:33', 'DD/MM/YY HH24:MI'), 73497, 0.5);
INSERT INTO SENSOR (SerialNumber, CityPlaced, SensorModel, MinimValue, MaximValue, Unit, SensorType) VALUES (266637, 'Αχαρναί 2', 'JFMCH-942', -51.0, 77.9, '°C', 'Temperature');
INSERT INTO MEASUREMENT (DateTime, SensorID, MeasValue) VALUES (TO_DATE('08/05/18 23:30', 'DD/MM/YY HH24:MI'), 266637, 16.8);
INSERT INTO SENSOR (SerialNumber, CityPlaced, SensorModel, MinimValue, MaximValue, Unit, SensorType) VALUES (765449, 'Αχαρναί 2', 'VAEBS-6034', 0, 100, '%', 'Humidity');
INSERT INTO MEASUREMENT (DateTime, SensorID, MeasValue) VALUES (TO_DATE('08/05/18 23:30', 'DD/MM/YY HH24:MI'), 765449, 94);
INSERT INTO SENSOR (SerialNumber, CityPlaced, SensorModel, MinimValue, MaximValue, Unit, SensorType) VALUES (38068, 'Αχαρναί 2', 'WTWG-093', 729.0, 1056.9, 'hPa', 'Pressure');
INSERT INTO MEASUREMENT (DateTime, SensorID, MeasValue) VALUES (TO_DATE('08/05/18 23:30', 'DD/MM/YY HH24:MI'), 38068, 1006.7);
INSERT INTO SENSOR (SerialNumber, CityPlaced, SensorModel, MinimValue, MaximValue, Unit, SensorType) VALUES (15059, 'Αχαρναί 2', 'SXHR-0551', 0.0, 20.9, 'km/h', 'Wind');
INSERT INTO MEASUREMENT (DateTime, SensorID, MeasValue) VALUES (TO_DATE('08/05/18 23:30', 'DD/MM/YY HH24:MI'), 15059, 2.1);
INSERT INTO SENSOR (SerialNumber, CityPlaced, SensorModel, MinimValue, MaximValue, Unit, SensorType) VALUES (425189, 'Αχαρναί', 'YSCWR-737', -59.0, 67.9, '°C', 'Temperature');
INSERT INTO MEASUREMENT (DateTime, SensorID, MeasValue) VALUES (TO_DATE('08/05/18 23:33', 'DD/MM/YY HH24:MI'), 425189, 17.2);
INSERT INTO SENSOR (SerialNumber, CityPlaced, SensorModel, MinimValue, MaximValue, Unit, SensorType) VALUES (988946, 'Αχαρναί', 'WDASU-7812', 0, 100, '%', 'Humidity');
INSERT INTO MEASUREMENT (DateTime, SensorID, MeasValue) VALUES (TO_DATE('08/05/18 23:33', 'DD/MM/YY HH24:MI'), 988946, 82);
INSERT INTO SENSOR (SerialNumber, CityPlaced, SensorModel, MinimValue, MaximValue, Unit, SensorType) VALUES (78974, 'Αχαρναί', 'BQWG-737', 734.0, 1069.9, 'hPa', 'Pressure');
INSERT INTO MEASUREMENT (DateTime, SensorID, MeasValue) VALUES (TO_DATE('08/05/18 23:33', 'DD/MM/YY HH24:MI'), 78974, 1005.7);
INSERT INTO SENSOR (SerialNumber, CityPlaced, SensorModel, MinimValue, MaximValue, Unit, SensorType) VALUES (43872, 'Αχαρναί', 'GPYF-8827', 0.0, 23.9, 'km/h', 'Wind');
INSERT INTO MEASUREMENT (DateTime, SensorID, MeasValue) VALUES (TO_DATE('08/05/18 23:33', 'DD/MM/YY HH24:MI'), 43872, 0.0);
INSERT INTO SENSOR (SerialNumber, CityPlaced, SensorModel, MinimValue, MaximValue, Unit, SensorType) VALUES (256403, 'Βάρκιζα', 'IVDCM-036', -58.0, 70.9, '°C', 'Temperature');
INSERT INTO MEASUREMENT (DateTime, SensorID, MeasValue) VALUES (TO_DATE('08/05/18 23:31', 'DD/MM/YY HH24:MI'), 256403, 18.8);
INSERT INTO SENSOR (SerialNumber, CityPlaced, SensorModel, MinimValue, MaximValue, Unit, SensorType) VALUES (834137, 'Βάρκιζα', 'YNOSH-2241', 0, 100, '%', 'Humidity');
INSERT INTO MEASUREMENT (DateTime, SensorID, MeasValue) VALUES (TO_DATE('08/05/18 23:31', 'DD/MM/YY HH24:MI'), 834137, 86);
INSERT INTO SENSOR (SerialNumber, CityPlaced, SensorModel, MinimValue, MaximValue, Unit, SensorType) VALUES (49417, 'Βάρκιζα', 'PCSI-126', 732.0, 1074.9, 'hPa', 'Pressure');
INSERT INTO MEASUREMENT (DateTime, SensorID, MeasValue) VALUES (TO_DATE('08/05/18 23:31', 'DD/MM/YY HH24:MI'), 49417, 1007.0);
INSERT INTO SENSOR (SerialNumber, CityPlaced, SensorModel, MinimValue, MaximValue, Unit, SensorType) VALUES (20320, 'Βάρκιζα', 'UOSC-0104', 0.0, 21.9, 'km/h', 'Wind');
INSERT INTO MEASUREMENT (DateTime, SensorID, MeasValue) VALUES (TO_DATE('08/05/18 23:31', 'DD/MM/YY HH24:MI'), 20320, 3.2);
INSERT INTO SENSOR (SerialNumber, CityPlaced, SensorModel, MinimValue, MaximValue, Unit, SensorType) VALUES (599515, 'Βύρωνας', 'CIHMB-695', -50.0, 62.9, '°C', 'Temperature');
INSERT INTO MEASUREMENT (DateTime, SensorID, MeasValue) VALUES (TO_DATE('08/05/18 23:32', 'DD/MM/YY HH24:MI'), 599515, 18.5);
INSERT INTO SENSOR (SerialNumber, CityPlaced, SensorModel, MinimValue, MaximValue, Unit, SensorType) VALUES (851065, 'Βύρωνας', 'HWBFG-1538', 0, 100, '%', 'Humidity');
INSERT INTO MEASUREMENT (DateTime, SensorID, MeasValue) VALUES (TO_DATE('08/05/18 23:32', 'DD/MM/YY HH24:MI'), 851065, 79);
INSERT INTO SENSOR (SerialNumber, CityPlaced, SensorModel, MinimValue, MaximValue, Unit, SensorType) VALUES (90098, 'Βύρωνας', 'XPKC-536', 726.0, 1082.9, 'hPa', 'Pressure');
INSERT INTO MEASUREMENT (DateTime, SensorID, MeasValue) VALUES (TO_DATE('08/05/18 23:32', 'DD/MM/YY HH24:MI'), 90098, 1008.0);
INSERT INTO SENSOR (SerialNumber, CityPlaced, SensorModel, MinimValue, MaximValue, Unit, SensorType) VALUES (98887, 'Βύρωνας', 'NLDO-3896', 0.0, 23.9, 'km/h', 'Wind');
INSERT INTO MEASUREMENT (DateTime, SensorID, MeasValue) VALUES (TO_DATE('08/05/18 23:32', 'DD/MM/YY HH24:MI'), 98887, 2.4);
INSERT INTO SENSOR (SerialNumber, CityPlaced, SensorModel, MinimValue, MaximValue, Unit, SensorType) VALUES (235214, 'Γαλάτσι 2', 'TIXGP-373', -56.0, 61.9, '°C', 'Temperature');
INSERT INTO MEASUREMENT (DateTime, SensorID, MeasValue) VALUES (TO_DATE('08/05/18 23:30', 'DD/MM/YY HH24:MI'), 235214, 18.9);
INSERT INTO SENSOR (SerialNumber, CityPlaced, SensorModel, MinimValue, MaximValue, Unit, SensorType) VALUES (373204, 'Γαλάτσι 2', 'XLFOD-4478', 0, 100, '%', 'Humidity');
INSERT INTO MEASUREMENT (DateTime, SensorID, MeasValue) VALUES (TO_DATE('08/05/18 23:30', 'DD/MM/YY HH24:MI'), 373204, 78);
INSERT INTO SENSOR (SerialNumber, CityPlaced, SensorModel, MinimValue, MaximValue, Unit, SensorType) VALUES (14455, 'Γαλάτσι 2', 'QUUQ-732', 727.0, 1078.9, 'hPa', 'Pressure');
INSERT INTO MEASUREMENT (DateTime, SensorID, MeasValue) VALUES (TO_DATE('08/05/18 23:30', 'DD/MM/YY HH24:MI'), 14455, 1006.8);
INSERT INTO SENSOR (SerialNumber, CityPlaced, SensorModel, MinimValue, MaximValue, Unit, SensorType) VALUES (38115, 'Γαλάτσι 2', 'JZLG-3541', 0.0, 21.9, 'km/h', 'Wind');
INSERT INTO MEASUREMENT (DateTime, SensorID, MeasValue) VALUES (TO_DATE('08/05/18 23:30', 'DD/MM/YY HH24:MI'), 38115, 0.0);
INSERT INTO SENSOR (SerialNumber, CityPlaced, SensorModel, MinimValue, MaximValue, Unit, SensorType) VALUES (700191, 'Γαλάτσι', 'TRIRD-625', -52.0, 79.9, '°C', 'Temperature');
INSERT INTO MEASUREMENT (DateTime, SensorID, MeasValue) VALUES (TO_DATE('08/05/18 23:32', 'DD/MM/YY HH24:MI'), 700191, 18.7);
INSERT INTO SENSOR (SerialNumber, CityPlaced, SensorModel, MinimValue, MaximValue, Unit, SensorType) VALUES (290922, 'Γαλάτσι', 'HSNEO-1981', 0, 100, '%', 'Humidity');
INSERT INTO MEASUREMENT (DateTime, SensorID, MeasValue) VALUES (TO_DATE('08/05/18 23:32', 'DD/MM/YY HH24:MI'), 290922, 94);
INSERT INTO SENSOR (SerialNumber, CityPlaced, SensorModel, MinimValue, MaximValue, Unit, SensorType) VALUES (17560, 'Γαλάτσι', 'WVQL-392', 721.0, 1096.9, 'hPa', 'Pressure');
INSERT INTO MEASUREMENT (DateTime, SensorID, MeasValue) VALUES (TO_DATE('08/05/18 23:32', 'DD/MM/YY HH24:MI'), 17560, 1005.1);
INSERT INTO SENSOR (SerialNumber, CityPlaced, SensorModel, MinimValue, MaximValue, Unit, SensorType) VALUES (45054, 'Γαλάτσι', 'VJXV-5609', 0.0, 22.9, 'km/h', 'Wind');
INSERT INTO MEASUREMENT (DateTime, SensorID, MeasValue) VALUES (TO_DATE('08/05/18 23:32', 'DD/MM/YY HH24:MI'), 45054, 1.9);
INSERT INTO SENSOR (SerialNumber, CityPlaced, SensorModel, MinimValue, MaximValue, Unit, SensorType) VALUES (826759, 'Διόνυσσος 2', 'ORWUB-673', -54.0, 75.9, '°C', 'Temperature');
INSERT INTO MEASUREMENT (DateTime, SensorID, MeasValue) VALUES (TO_DATE('08/05/18 23:24', 'DD/MM/YY HH24:MI'), 826759, 16.9);
INSERT INTO SENSOR (SerialNumber, CityPlaced, SensorModel, MinimValue, MaximValue, Unit, SensorType) VALUES (948291, 'Διόνυσσος 2', 'XPJAV-1596', 0, 100, '%', 'Humidity');
INSERT INTO MEASUREMENT (DateTime, SensorID, MeasValue) VALUES (TO_DATE('08/05/18 23:24', 'DD/MM/YY HH24:MI'), 948291, 75);
INSERT INTO SENSOR (SerialNumber, CityPlaced, SensorModel, MinimValue, MaximValue, Unit, SensorType) VALUES (29598, 'Διόνυσσος 2', 'MPQT-134', 713.0, 1083.9, 'hPa', 'Pressure');
INSERT INTO MEASUREMENT (DateTime, SensorID, MeasValue) VALUES (TO_DATE('08/05/18 23:24', 'DD/MM/YY HH24:MI'), 29598, 1007.1);
INSERT INTO SENSOR (SerialNumber, CityPlaced, SensorModel, MinimValue, MaximValue, Unit, SensorType) VALUES (85219, 'Διόνυσσος 2', 'PBIC-1484', 0.0, 21.9, 'km/h', 'Wind');
INSERT INTO MEASUREMENT (DateTime, SensorID, MeasValue) VALUES (TO_DATE('08/05/18 23:24', 'DD/MM/YY HH24:MI'), 85219, 0.0);
INSERT INTO SENSOR (SerialNumber, CityPlaced, SensorModel, MinimValue, MaximValue, Unit, SensorType) VALUES (334151, 'Διόνυσσος', 'DFVAG-417', -53.0, 75.9, '°C', 'Temperature');
INSERT INTO MEASUREMENT (DateTime, SensorID, MeasValue) VALUES (TO_DATE('08/05/18 23:26', 'DD/MM/YY HH24:MI'), 334151, 16.5);
INSERT INTO SENSOR (SerialNumber, CityPlaced, SensorModel, MinimValue, MaximValue, Unit, SensorType) VALUES (803077, 'Διόνυσσος', 'YDGDF-7544', 0, 100, '%', 'Humidity');
INSERT INTO MEASUREMENT (DateTime, SensorID, MeasValue) VALUES (TO_DATE('08/05/18 23:26', 'DD/MM/YY HH24:MI'), 803077, 73);
INSERT INTO SENSOR (SerialNumber, CityPlaced, SensorModel, MinimValue, MaximValue, Unit, SensorType) VALUES (81776, 'Διόνυσσος', 'LAAW-354', 711.0, 1086.9, 'hPa', 'Pressure');
INSERT INTO MEASUREMENT (DateTime, SensorID, MeasValue) VALUES (TO_DATE('08/05/18 23:26', 'DD/MM/YY HH24:MI'), 81776, 1008.6);
INSERT INTO SENSOR (SerialNumber, CityPlaced, SensorModel, MinimValue, MaximValue, Unit, SensorType) VALUES (87039, 'Διόνυσσος', 'TGTS-5462', 0.0, 20.9, 'km/h', 'Wind');
INSERT INTO MEASUREMENT (DateTime, SensorID, MeasValue) VALUES (TO_DATE('08/05/18 23:26', 'DD/MM/YY HH24:MI'), 87039, 6.4);
INSERT INTO SENSOR (SerialNumber, CityPlaced, SensorModel, MinimValue, MaximValue, Unit, SensorType) VALUES (185213, 'Δροσιά', 'AOTRO-559', -57.0, 60.9, '°C', 'Temperature');
INSERT INTO MEASUREMENT (DateTime, SensorID, MeasValue) VALUES (TO_DATE('08/05/18 23:29', 'DD/MM/YY HH24:MI'), 185213, 16.1);
INSERT INTO SENSOR (SerialNumber, CityPlaced, SensorModel, MinimValue, MaximValue, Unit, SensorType) VALUES (526260, 'Δροσιά', 'XDLSB-6401', 0, 100, '%', 'Humidity');
INSERT INTO MEASUREMENT (DateTime, SensorID, MeasValue) VALUES (TO_DATE('08/05/18 23:29', 'DD/MM/YY HH24:MI'), 526260, 86);
INSERT INTO SENSOR (SerialNumber, CityPlaced, SensorModel, MinimValue, MaximValue, Unit, SensorType) VALUES (29230, 'Δροσιά', 'UGMB-673', 712.0, 1095.9, 'hPa', 'Pressure');
INSERT INTO MEASUREMENT (DateTime, SensorID, MeasValue) VALUES (TO_DATE('08/05/18 23:29', 'DD/MM/YY HH24:MI'), 29230, 1006.1);
INSERT INTO SENSOR (SerialNumber, CityPlaced, SensorModel, MinimValue, MaximValue, Unit, SensorType) VALUES (54708, 'Δροσιά', 'KEJN-5539', 0.0, 24.9, 'km/h', 'Wind');
INSERT INTO MEASUREMENT (DateTime, SensorID, MeasValue) VALUES (TO_DATE('08/05/18 23:29', 'DD/MM/YY HH24:MI'), 54708, 2.2);
INSERT INTO SENSOR (SerialNumber, CityPlaced, SensorModel, MinimValue, MaximValue, Unit, SensorType) VALUES (287595, 'Εκάλη', 'TPPWK-090', -56.0, 62.9, '°C', 'Temperature');
INSERT INTO MEASUREMENT (DateTime, SensorID, MeasValue) VALUES (TO_DATE('08/05/18 23:30', 'DD/MM/YY HH24:MI'), 287595, 17.3);
INSERT INTO SENSOR (SerialNumber, CityPlaced, SensorModel, MinimValue, MaximValue, Unit, SensorType) VALUES (914853, 'Εκάλη', 'PMVCG-1054', 0, 100, '%', 'Humidity');
INSERT INTO MEASUREMENT (DateTime, SensorID, MeasValue) VALUES (TO_DATE('08/05/18 23:30', 'DD/MM/YY HH24:MI'), 914853, 81);
INSERT INTO SENSOR (SerialNumber, CityPlaced, SensorModel, MinimValue, MaximValue, Unit, SensorType) VALUES (78789, 'Εκάλη', 'LWET-622', 747.0, 1050.9, 'hPa', 'Pressure');
INSERT INTO MEASUREMENT (DateTime, SensorID, MeasValue) VALUES (TO_DATE('08/05/18 23:30', 'DD/MM/YY HH24:MI'), 78789, 1007.1);
INSERT INTO SENSOR (SerialNumber, CityPlaced, SensorModel, MinimValue, MaximValue, Unit, SensorType) VALUES (80521, 'Εκάλη', 'EIQF-5687', 0.0, 23.9, 'km/h', 'Wind');
INSERT INTO MEASUREMENT (DateTime, SensorID, MeasValue) VALUES (TO_DATE('08/05/18 23:30', 'DD/MM/YY HH24:MI'), 80521, 0.0);
INSERT INTO SENSOR (SerialNumber, CityPlaced, SensorModel, MinimValue, MaximValue, Unit, SensorType) VALUES (581936, 'Ζωγράφου - Ε.Μ.Π. - Σχολή Τοπογράφων', 'MRXHA-827', -52.0, 64.9, '°C', 'Temperature');
INSERT INTO MEASUREMENT (DateTime, SensorID, MeasValue) VALUES (TO_DATE('08/05/18 23:30', 'DD/MM/YY HH24:MI'), 581936, 17.1);
INSERT INTO SENSOR (SerialNumber, CityPlaced, SensorModel, MinimValue, MaximValue, Unit, SensorType) VALUES (590878, 'Ζωγράφου - Ε.Μ.Π. - Σχολή Τοπογράφων', 'AHPCP-2930', 0, 100, '%', 'Humidity');
INSERT INTO MEASUREMENT (DateTime, SensorID, MeasValue) VALUES (TO_DATE('08/05/18 23:30', 'DD/MM/YY HH24:MI'), 590878, 79);
INSERT INTO SENSOR (SerialNumber, CityPlaced, SensorModel, MinimValue, MaximValue, Unit, SensorType) VALUES (50884, 'Ζωγράφου - Ε.Μ.Π. - Σχολή Τοπογράφων', 'THLM-652', 737.0, 1064.9, 'hPa', 'Pressure');
INSERT INTO MEASUREMENT (DateTime, SensorID, MeasValue) VALUES (TO_DATE('08/05/18 23:30', 'DD/MM/YY HH24:MI'), 50884, 1007.2);
INSERT INTO SENSOR (SerialNumber, CityPlaced, SensorModel, MinimValue, MaximValue, Unit, SensorType) VALUES (23222, 'Ζωγράφου - Ε.Μ.Π. - Σχολή Τοπογράφων', 'DZMS-1902', 0.0, 22.9, 'km/h', 'Wind');
INSERT INTO MEASUREMENT (DateTime, SensorID, MeasValue) VALUES (TO_DATE('08/05/18 23:30', 'DD/MM/YY HH24:MI'), 23222, 1.7);
INSERT INTO SENSOR (SerialNumber, CityPlaced, SensorModel, MinimValue, MaximValue, Unit, SensorType) VALUES (800175, 'Ηλιούπολη', 'OICQA-596', -55.0, 61.9, '°C', 'Temperature');
INSERT INTO MEASUREMENT (DateTime, SensorID, MeasValue) VALUES (TO_DATE('08/05/18 23:32', 'DD/MM/YY HH24:MI'), 800175, 18.4);
INSERT INTO SENSOR (SerialNumber, CityPlaced, SensorModel, MinimValue, MaximValue, Unit, SensorType) VALUES (147357, 'Ηλιούπολη', 'SFKNR-7663', 0, 100, '%', 'Humidity');
INSERT INTO MEASUREMENT (DateTime, SensorID, MeasValue) VALUES (TO_DATE('08/05/18 23:32', 'DD/MM/YY HH24:MI'), 147357, 80);
INSERT INTO SENSOR (SerialNumber, CityPlaced, SensorModel, MinimValue, MaximValue, Unit, SensorType) VALUES (68420, 'Ηλιούπολη', 'WAUF-620', 741.0, 1064.9, 'hPa', 'Pressure');
INSERT INTO MEASUREMENT (DateTime, SensorID, MeasValue) VALUES (TO_DATE('08/05/18 23:32', 'DD/MM/YY HH24:MI'), 68420, 1007.5);
INSERT INTO SENSOR (SerialNumber, CityPlaced, SensorModel, MinimValue, MaximValue, Unit, SensorType) VALUES (59685, 'Ηλιούπολη', 'BNKP-1001', 0.0, 25.9, 'km/h', 'Wind');
INSERT INTO MEASUREMENT (DateTime, SensorID, MeasValue) VALUES (TO_DATE('08/05/18 23:32', 'DD/MM/YY HH24:MI'), 59685, 0.0);
INSERT INTO SENSOR (SerialNumber, CityPlaced, SensorModel, MinimValue, MaximValue, Unit, SensorType) VALUES (733510, 'Ιπποκράτειος Πολιτεία', 'DSJBK-504', -50.0, 69.9, '°C', 'Temperature');
INSERT INTO MEASUREMENT (DateTime, SensorID, MeasValue) VALUES (TO_DATE('08/05/18 23:30', 'DD/MM/YY HH24:MI'), 733510, 12.8);
INSERT INTO SENSOR (SerialNumber, CityPlaced, SensorModel, MinimValue, MaximValue, Unit, SensorType) VALUES (611353, 'Ιπποκράτειος Πολιτεία', 'OGZNV-4990', 0, 100, '%', 'Humidity');
INSERT INTO MEASUREMENT (DateTime, SensorID, MeasValue) VALUES (TO_DATE('08/05/18 23:30', 'DD/MM/YY HH24:MI'), 611353, 89);
INSERT INTO SENSOR (SerialNumber, CityPlaced, SensorModel, MinimValue, MaximValue, Unit, SensorType) VALUES (53390, 'Ιπποκράτειος Πολιτεία', 'OMZC-059', 720.0, 1061.9, 'hPa', 'Pressure');
INSERT INTO MEASUREMENT (DateTime, SensorID, MeasValue) VALUES (TO_DATE('08/05/18 23:30', 'DD/MM/YY HH24:MI'), 53390, 1012.1);
INSERT INTO SENSOR (SerialNumber, CityPlaced, SensorModel, MinimValue, MaximValue, Unit, SensorType) VALUES (90978, 'Ιπποκράτειος Πολιτεία', 'YLYZ-5406', 0.0, 22.9, 'km/h', 'Wind');
INSERT INTO MEASUREMENT (DateTime, SensorID, MeasValue) VALUES (TO_DATE('08/05/18 23:30', 'DD/MM/YY HH24:MI'), 90978, 3.1);
INSERT INTO SENSOR (SerialNumber, CityPlaced, SensorModel, MinimValue, MaximValue, Unit, SensorType) VALUES (606588, 'Καλαμάκι - AirMar', 'TWDKZ-480', -51.0, 65.9, '°C', 'Temperature');
INSERT INTO MEASUREMENT (DateTime, SensorID, MeasValue) VALUES (TO_DATE('08/05/18 23:33', 'DD/MM/YY HH24:MI'), 606588, 21.1);
INSERT INTO SENSOR (SerialNumber, CityPlaced, SensorModel, MinimValue, MaximValue, Unit, SensorType) VALUES (504256, 'Καλαμάκι - AirMar', 'LNYVT-3154', 0, 100, '%', 'Humidity');
INSERT INTO MEASUREMENT (DateTime, SensorID, MeasValue) VALUES (TO_DATE('08/05/18 23:33', 'DD/MM/YY HH24:MI'), 504256, 98);
INSERT INTO SENSOR (SerialNumber, CityPlaced, SensorModel, MinimValue, MaximValue, Unit, SensorType) VALUES (24214, 'Καλαμάκι - AirMar', 'AMVV-406', 716.0, 1097.9, 'hPa', 'Pressure');
INSERT INTO MEASUREMENT (DateTime, SensorID, MeasValue) VALUES (TO_DATE('08/05/18 23:33', 'DD/MM/YY HH24:MI'), 24214, 1006.2);
INSERT INTO SENSOR (SerialNumber, CityPlaced, SensorModel, MinimValue, MaximValue, Unit, SensorType) VALUES (35681, 'Καλαμάκι - AirMar', 'MTSL-3363', 0.0, 23.9, 'km/h', 'Wind');
INSERT INTO MEASUREMENT (DateTime, SensorID, MeasValue) VALUES (TO_DATE('08/05/18 23:33', 'DD/MM/YY HH24:MI'), 35681, 1.0);
INSERT INTO SENSOR (SerialNumber, CityPlaced, SensorModel, MinimValue, MaximValue, Unit, SensorType) VALUES (239898, 'Καλύβια Θορικού', 'AWEVA-230', -51.0, 80.9, '°C', 'Temperature');
INSERT INTO MEASUREMENT (DateTime, SensorID, MeasValue) VALUES (TO_DATE('08/05/18 23:31', 'DD/MM/YY HH24:MI'), 239898, 17.9);
INSERT INTO SENSOR (SerialNumber, CityPlaced, SensorModel, MinimValue, MaximValue, Unit, SensorType) VALUES (943881, 'Καλύβια Θορικού', 'XWIRE-2964', 0, 100, '%', 'Humidity');
INSERT INTO MEASUREMENT (DateTime, SensorID, MeasValue) VALUES (TO_DATE('08/05/18 23:31', 'DD/MM/YY HH24:MI'), 943881, 76);
INSERT INTO SENSOR (SerialNumber, CityPlaced, SensorModel, MinimValue, MaximValue, Unit, SensorType) VALUES (30217, 'Καλύβια Θορικού', 'QIHF-245', 705.0, 1053.9, 'hPa', 'Pressure');
INSERT INTO MEASUREMENT (DateTime, SensorID, MeasValue) VALUES (TO_DATE('08/05/18 23:31', 'DD/MM/YY HH24:MI'), 30217, 1007.8);
INSERT INTO SENSOR (SerialNumber, CityPlaced, SensorModel, MinimValue, MaximValue, Unit, SensorType) VALUES (31765, 'Καλύβια Θορικού', 'YLRY-3458', 0.0, 23.9, 'km/h', 'Wind');
INSERT INTO MEASUREMENT (DateTime, SensorID, MeasValue) VALUES (TO_DATE('08/05/18 23:31', 'DD/MM/YY HH24:MI'), 31765, 2.7);
INSERT INTO SENSOR (SerialNumber, CityPlaced, SensorModel, MinimValue, MaximValue, Unit, SensorType) VALUES (835432, 'Κηφισιά', 'BBMRH-152', -51.0, 73.9, '°C', 'Temperature');
INSERT INTO MEASUREMENT (DateTime, SensorID, MeasValue) VALUES (TO_DATE('08/05/18 22:39', 'DD/MM/YY HH24:MI'), 835432, 17.3);
INSERT INTO SENSOR (SerialNumber, CityPlaced, SensorModel, MinimValue, MaximValue, Unit, SensorType) VALUES (935193, 'Κηφισιά', 'KNRYY-6384', 0, 100, '%', 'Humidity');
INSERT INTO MEASUREMENT (DateTime, SensorID, MeasValue) VALUES (TO_DATE('08/05/18 22:39', 'DD/MM/YY HH24:MI'), 935193, 84);
INSERT INTO SENSOR (SerialNumber, CityPlaced, SensorModel, MinimValue, MaximValue, Unit, SensorType) VALUES (14191, 'Κηφισιά', 'TJRD-224', 742.0, 1065.9, 'hPa', 'Pressure');
INSERT INTO MEASUREMENT (DateTime, SensorID, MeasValue) VALUES (TO_DATE('08/05/18 22:39', 'DD/MM/YY HH24:MI'), 14191, 1007.8);
INSERT INTO SENSOR (SerialNumber, CityPlaced, SensorModel, MinimValue, MaximValue, Unit, SensorType) VALUES (59262, 'Κηφισιά', 'NFTT-0531', 0.0, 20.9, 'km/h', 'Wind');
INSERT INTO MEASUREMENT (DateTime, SensorID, MeasValue) VALUES (TO_DATE('08/05/18 22:39', 'DD/MM/YY HH24:MI'), 59262, 1.8);
INSERT INTO SENSOR (SerialNumber, CityPlaced, SensorModel, MinimValue, MaximValue, Unit, SensorType) VALUES (144786, 'Κορυδαλλός', 'XUHBD-807', -54.0, 71.9, '°C', 'Temperature');
INSERT INTO MEASUREMENT (DateTime, SensorID, MeasValue) VALUES (TO_DATE('08/05/18 23:32', 'DD/MM/YY HH24:MI'), 144786, 18.9);
INSERT INTO SENSOR (SerialNumber, CityPlaced, SensorModel, MinimValue, MaximValue, Unit, SensorType) VALUES (138284, 'Κορυδαλλός', 'ZHXHP-7928', 0, 100, '%', 'Humidity');
INSERT INTO MEASUREMENT (DateTime, SensorID, MeasValue) VALUES (TO_DATE('08/05/18 23:32', 'DD/MM/YY HH24:MI'), 138284, 79);
INSERT INTO SENSOR (SerialNumber, CityPlaced, SensorModel, MinimValue, MaximValue, Unit, SensorType) VALUES (75208, 'Κορυδαλλός', 'BHCE-439', 738.0, 1081.9, 'hPa', 'Pressure');
INSERT INTO MEASUREMENT (DateTime, SensorID, MeasValue) VALUES (TO_DATE('08/05/18 23:32', 'DD/MM/YY HH24:MI'), 75208, 1008.0);
INSERT INTO SENSOR (SerialNumber, CityPlaced, SensorModel, MinimValue, MaximValue, Unit, SensorType) VALUES (57582, 'Κορυδαλλός', 'YBUY-8703', 0.0, 22.9, 'km/h', 'Wind');
INSERT INTO MEASUREMENT (DateTime, SensorID, MeasValue) VALUES (TO_DATE('08/05/18 23:32', 'DD/MM/YY HH24:MI'), 57582, 0.0);
INSERT INTO SENSOR (SerialNumber, CityPlaced, SensorModel, MinimValue, MaximValue, Unit, SensorType) VALUES (246853, 'Λαύριο 2', 'SZKIM-927', -60.0, 64.9, '°C', 'Temperature');
INSERT INTO MEASUREMENT (DateTime, SensorID, MeasValue) VALUES (TO_DATE('08/05/18 23:30', 'DD/MM/YY HH24:MI'), 246853, 19.1);
INSERT INTO SENSOR (SerialNumber, CityPlaced, SensorModel, MinimValue, MaximValue, Unit, SensorType) VALUES (688132, 'Λαύριο 2', 'DVAJY-8701', 0, 100, '%', 'Humidity');
INSERT INTO MEASUREMENT (DateTime, SensorID, MeasValue) VALUES (TO_DATE('08/05/18 23:30', 'DD/MM/YY HH24:MI'), 688132, 80);
INSERT INTO SENSOR (SerialNumber, CityPlaced, SensorModel, MinimValue, MaximValue, Unit, SensorType) VALUES (31769, 'Λαύριο 2', 'HCJQ-948', 738.0, 1075.9, 'hPa', 'Pressure');
INSERT INTO MEASUREMENT (DateTime, SensorID, MeasValue) VALUES (TO_DATE('08/05/18 23:30', 'DD/MM/YY HH24:MI'), 31769, 1006.3);
INSERT INTO SENSOR (SerialNumber, CityPlaced, SensorModel, MinimValue, MaximValue, Unit, SensorType) VALUES (34985, 'Λαύριο 2', 'PIXR-0535', 0.0, 25.9, 'km/h', 'Wind');
INSERT INTO MEASUREMENT (DateTime, SensorID, MeasValue) VALUES (TO_DATE('08/05/18 23:30', 'DD/MM/YY HH24:MI'), 34985, 1.3);
INSERT INTO SENSOR (SerialNumber, CityPlaced, SensorModel, MinimValue, MaximValue, Unit, SensorType) VALUES (525126, 'Λαύριο', 'IZFEG-981', -60.0, 71.9, '°C', 'Temperature');
INSERT INTO MEASUREMENT (DateTime, SensorID, MeasValue) VALUES (TO_DATE('08/05/18 23:29', 'DD/MM/YY HH24:MI'), 525126, 19.6);
INSERT INTO SENSOR (SerialNumber, CityPlaced, SensorModel, MinimValue, MaximValue, Unit, SensorType) VALUES (676267, 'Λαύριο', 'YWDHZ-2238', 0, 100, '%', 'Humidity');
INSERT INTO MEASUREMENT (DateTime, SensorID, MeasValue) VALUES (TO_DATE('08/05/18 23:29', 'DD/MM/YY HH24:MI'), 676267, 79);
INSERT INTO SENSOR (SerialNumber, CityPlaced, SensorModel, MinimValue, MaximValue, Unit, SensorType) VALUES (61238, 'Λαύριο', 'KVXI-679', 720.0, 1090.9, 'hPa', 'Pressure');
INSERT INTO MEASUREMENT (DateTime, SensorID, MeasValue) VALUES (TO_DATE('08/05/18 23:29', 'DD/MM/YY HH24:MI'), 61238, 1004.7);
INSERT INTO SENSOR (SerialNumber, CityPlaced, SensorModel, MinimValue, MaximValue, Unit, SensorType) VALUES (12985, 'Λαύριο', 'VJVK-9533', 0.0, 22.9, 'km/h', 'Wind');
INSERT INTO MEASUREMENT (DateTime, SensorID, MeasValue) VALUES (TO_DATE('08/05/18 23:29', 'DD/MM/YY HH24:MI'), 12985, 2.4);
INSERT INTO SENSOR (SerialNumber, CityPlaced, SensorModel, MinimValue, MaximValue, Unit, SensorType) VALUES (275829, 'Λυκόβρυση', 'SLUKI-599', -52.0, 70.9, '°C', 'Temperature');
INSERT INTO MEASUREMENT (DateTime, SensorID, MeasValue) VALUES (TO_DATE('08/05/18 23:31', 'DD/MM/YY HH24:MI'), 275829, 16.9);
INSERT INTO SENSOR (SerialNumber, CityPlaced, SensorModel, MinimValue, MaximValue, Unit, SensorType) VALUES (524992, 'Λυκόβρυση', 'CLZML-6361', 0, 100, '%', 'Humidity');
INSERT INTO MEASUREMENT (DateTime, SensorID, MeasValue) VALUES (TO_DATE('08/05/18 23:31', 'DD/MM/YY HH24:MI'), 524992, 82);
INSERT INTO SENSOR (SerialNumber, CityPlaced, SensorModel, MinimValue, MaximValue, Unit, SensorType) VALUES (61222, 'Λυκόβρυση', 'FOJY-046', 729.0, 1063.9, 'hPa', 'Pressure');
INSERT INTO MEASUREMENT (DateTime, SensorID, MeasValue) VALUES (TO_DATE('08/05/18 23:31', 'DD/MM/YY HH24:MI'), 61222, 1007.2);
INSERT INTO SENSOR (SerialNumber, CityPlaced, SensorModel, MinimValue, MaximValue, Unit, SensorType) VALUES (78737, 'Λυκόβρυση', 'RKTO-0009', 0.0, 21.9, 'km/h', 'Wind');
INSERT INTO MEASUREMENT (DateTime, SensorID, MeasValue) VALUES (TO_DATE('08/05/18 23:31', 'DD/MM/YY HH24:MI'), 78737, 2.2);
INSERT INTO SENSOR (SerialNumber, CityPlaced, SensorModel, MinimValue, MaximValue, Unit, SensorType) VALUES (480942, 'Μαραθώνας Παραλία', 'RRTWH-101', -56.0, 63.9, '°C', 'Temperature');
INSERT INTO MEASUREMENT (DateTime, SensorID, MeasValue) VALUES (TO_DATE('08/05/18 23:33', 'DD/MM/YY HH24:MI'), 480942, 19.0);
INSERT INTO SENSOR (SerialNumber, CityPlaced, SensorModel, MinimValue, MaximValue, Unit, SensorType) VALUES (778557, 'Μαραθώνας Παραλία', 'BTBAY-3063', 0, 100, '%', 'Humidity');
INSERT INTO MEASUREMENT (DateTime, SensorID, MeasValue) VALUES (TO_DATE('08/05/18 23:33', 'DD/MM/YY HH24:MI'), 778557, 90);
INSERT INTO SENSOR (SerialNumber, CityPlaced, SensorModel, MinimValue, MaximValue, Unit, SensorType) VALUES (63806, 'Μαραθώνας Παραλία', 'FCKT-865', 710.0, 1087.9, 'hPa', 'Pressure');
INSERT INTO MEASUREMENT (DateTime, SensorID, MeasValue) VALUES (TO_DATE('08/05/18 23:33', 'DD/MM/YY HH24:MI'), 63806, 1006.9);
INSERT INTO SENSOR (SerialNumber, CityPlaced, SensorModel, MinimValue, MaximValue, Unit, SensorType) VALUES (66899, 'Μαραθώνας Παραλία', 'MBYM-2345', 0.0, 21.9, 'km/h', 'Wind');
INSERT INTO MEASUREMENT (DateTime, SensorID, MeasValue) VALUES (TO_DATE('08/05/18 23:33', 'DD/MM/YY HH24:MI'), 66899, 3.0);
INSERT INTO SENSOR (SerialNumber, CityPlaced, SensorModel, MinimValue, MaximValue, Unit, SensorType) VALUES (458307, 'Μαρούσι Κοκκινιά', 'SVUXT-392', -60.0, 80.9, '°C', 'Temperature');
INSERT INTO MEASUREMENT (DateTime, SensorID, MeasValue) VALUES (TO_DATE('08/05/18 23:30', 'DD/MM/YY HH24:MI'), 458307, 17.4);
INSERT INTO SENSOR (SerialNumber, CityPlaced, SensorModel, MinimValue, MaximValue, Unit, SensorType) VALUES (325460, 'Μαρούσι Κοκκινιά', 'MOENP-0660', 0, 100, '%', 'Humidity');
INSERT INTO MEASUREMENT (DateTime, SensorID, MeasValue) VALUES (TO_DATE('08/05/18 23:30', 'DD/MM/YY HH24:MI'), 325460, 83);
INSERT INTO SENSOR (SerialNumber, CityPlaced, SensorModel, MinimValue, MaximValue, Unit, SensorType) VALUES (26495, 'Μαρούσι Κοκκινιά', 'PKNU-030', 713.0, 1059.9, 'hPa', 'Pressure');
INSERT INTO MEASUREMENT (DateTime, SensorID, MeasValue) VALUES (TO_DATE('08/05/18 23:30', 'DD/MM/YY HH24:MI'), 26495, 1008.2);
INSERT INTO SENSOR (SerialNumber, CityPlaced, SensorModel, MinimValue, MaximValue, Unit, SensorType) VALUES (71464, 'Μαρούσι Κοκκινιά', 'BWVJ-1000', 0.0, 20.9, 'km/h', 'Wind');
INSERT INTO MEASUREMENT (DateTime, SensorID, MeasValue) VALUES (TO_DATE('08/05/18 23:30', 'DD/MM/YY HH24:MI'), 71464, 0.3);
INSERT INTO SENSOR (SerialNumber, CityPlaced, SensorModel, MinimValue, MaximValue, Unit, SensorType) VALUES (778588, 'Νέα Κηφισιά', 'SVEPV-619', -55.0, 74.9, '°C', 'Temperature');
INSERT INTO MEASUREMENT (DateTime, SensorID, MeasValue) VALUES (TO_DATE('08/05/18 23:33', 'DD/MM/YY HH24:MI'), 778588, 16.9);
INSERT INTO SENSOR (SerialNumber, CityPlaced, SensorModel, MinimValue, MaximValue, Unit, SensorType) VALUES (689664, 'Νέα Κηφισιά', 'NDYMI-7246', 0, 100, '%', 'Humidity');
INSERT INTO MEASUREMENT (DateTime, SensorID, MeasValue) VALUES (TO_DATE('08/05/18 23:33', 'DD/MM/YY HH24:MI'), 689664, 87);
INSERT INTO SENSOR (SerialNumber, CityPlaced, SensorModel, MinimValue, MaximValue, Unit, SensorType) VALUES (60286, 'Νέα Κηφισιά', 'FZHZ-497', 746.0, 1077.9, 'hPa', 'Pressure');
INSERT INTO MEASUREMENT (DateTime, SensorID, MeasValue) VALUES (TO_DATE('08/05/18 23:33', 'DD/MM/YY HH24:MI'), 60286, 1005.6);
INSERT INTO SENSOR (SerialNumber, CityPlaced, SensorModel, MinimValue, MaximValue, Unit, SensorType) VALUES (37328, 'Νέα Κηφισιά', 'TWVL-5939', 0.0, 23.9, 'km/h', 'Wind');
INSERT INTO MEASUREMENT (DateTime, SensorID, MeasValue) VALUES (TO_DATE('08/05/18 23:33', 'DD/MM/YY HH24:MI'), 37328, 2.3);
INSERT INTO SENSOR (SerialNumber, CityPlaced, SensorModel, MinimValue, MaximValue, Unit, SensorType) VALUES (818934, 'Νέο Φάληρο 2', 'DAEIR-953', -58.0, 61.9, '°C', 'Temperature');
INSERT INTO MEASUREMENT (DateTime, SensorID, MeasValue) VALUES (TO_DATE('08/05/18 23:30', 'DD/MM/YY HH24:MI'), 818934, 20.2);
INSERT INTO SENSOR (SerialNumber, CityPlaced, SensorModel, MinimValue, MaximValue, Unit, SensorType) VALUES (634312, 'Νέο Φάληρο 2', 'YYKFB-7382', 0, 100, '%', 'Humidity');
INSERT INTO MEASUREMENT (DateTime, SensorID, MeasValue) VALUES (TO_DATE('08/05/18 23:30', 'DD/MM/YY HH24:MI'), 634312, 67);
INSERT INTO SENSOR (SerialNumber, CityPlaced, SensorModel, MinimValue, MaximValue, Unit, SensorType) VALUES (50166, 'Νέο Φάληρο 2', 'HZMM-389', 740.0, 1081.9, 'hPa', 'Pressure');
INSERT INTO MEASUREMENT (DateTime, SensorID, MeasValue) VALUES (TO_DATE('08/05/18 23:30', 'DD/MM/YY HH24:MI'), 50166, 1004.0);
INSERT INTO SENSOR (SerialNumber, CityPlaced, SensorModel, MinimValue, MaximValue, Unit, SensorType) VALUES (63716, 'Νέο Φάληρο 2', 'XSGO-5865', 0.0, 22.9, 'km/h', 'Wind');
INSERT INTO MEASUREMENT (DateTime, SensorID, MeasValue) VALUES (TO_DATE('08/05/18 23:30', 'DD/MM/YY HH24:MI'), 63716, 3.9);
INSERT INTO SENSOR (SerialNumber, CityPlaced, SensorModel, MinimValue, MaximValue, Unit, SensorType) VALUES (523420, 'Νίκαια Περιβολάκι', 'MOMQU-329', -57.0, 76.9, '°C', 'Temperature');
INSERT INTO MEASUREMENT (DateTime, SensorID, MeasValue) VALUES (TO_DATE('08/05/18 23:32', 'DD/MM/YY HH24:MI'), 523420, 20.3);
INSERT INTO SENSOR (SerialNumber, CityPlaced, SensorModel, MinimValue, MaximValue, Unit, SensorType) VALUES (467146, 'Νίκαια Περιβολάκι', 'YFXOE-1189', 0, 100, '%', 'Humidity');
INSERT INTO MEASUREMENT (DateTime, SensorID, MeasValue) VALUES (TO_DATE('08/05/18 23:32', 'DD/MM/YY HH24:MI'), 467146, 88);
INSERT INTO SENSOR (SerialNumber, CityPlaced, SensorModel, MinimValue, MaximValue, Unit, SensorType) VALUES (26440, 'Νίκαια Περιβολάκι', 'DIIE-226', 716.0, 1100.9, 'hPa', 'Pressure');
INSERT INTO MEASUREMENT (DateTime, SensorID, MeasValue) VALUES (TO_DATE('08/05/18 23:32', 'DD/MM/YY HH24:MI'), 26440, 1005.5);
INSERT INTO SENSOR (SerialNumber, CityPlaced, SensorModel, MinimValue, MaximValue, Unit, SensorType) VALUES (72984, 'Νίκαια Περιβολάκι', 'JSPZ-9054', 0.0, 23.9, 'km/h', 'Wind');
INSERT INTO MEASUREMENT (DateTime, SensorID, MeasValue) VALUES (TO_DATE('08/05/18 23:32', 'DD/MM/YY HH24:MI'), 72984, 5.6);
INSERT INTO SENSOR (SerialNumber, CityPlaced, SensorModel, MinimValue, MaximValue, Unit, SensorType) VALUES (274716, 'Παλαιό Φάληρο 2', 'FBZAU-930', -52.0, 76.9, '°C', 'Temperature');
INSERT INTO MEASUREMENT (DateTime, SensorID, MeasValue) VALUES (TO_DATE('08/05/18 22:45', 'DD/MM/YY HH24:MI'), 274716, 20.2);
INSERT INTO SENSOR (SerialNumber, CityPlaced, SensorModel, MinimValue, MaximValue, Unit, SensorType) VALUES (897103, 'Παλαιό Φάληρο 2', 'XJUYZ-5839', 0, 100, '%', 'Humidity');
INSERT INTO MEASUREMENT (DateTime, SensorID, MeasValue) VALUES (TO_DATE('08/05/18 22:45', 'DD/MM/YY HH24:MI'), 897103, 81);
INSERT INTO SENSOR (SerialNumber, CityPlaced, SensorModel, MinimValue, MaximValue, Unit, SensorType) VALUES (29135, 'Παλαιό Φάληρο 2', 'QMPM-885', 741.0, 1096.9, 'hPa', 'Pressure');
INSERT INTO MEASUREMENT (DateTime, SensorID, MeasValue) VALUES (TO_DATE('08/05/18 22:45', 'DD/MM/YY HH24:MI'), 29135, 1005.6);
INSERT INTO SENSOR (SerialNumber, CityPlaced, SensorModel, MinimValue, MaximValue, Unit, SensorType) VALUES (81289, 'Παλαιό Φάληρο 2', 'WNXV-1464', 0.0, 22.9, 'km/h', 'Wind');
INSERT INTO MEASUREMENT (DateTime, SensorID, MeasValue) VALUES (TO_DATE('08/05/18 22:45', 'DD/MM/YY HH24:MI'), 81289, 0.8);
INSERT INTO SENSOR (SerialNumber, CityPlaced, SensorModel, MinimValue, MaximValue, Unit, SensorType) VALUES (759550, 'Παλλήνη Κάντζα', 'RAAVE-713', -60.0, 79.9, '°C', 'Temperature');
INSERT INTO MEASUREMENT (DateTime, SensorID, MeasValue) VALUES (TO_DATE('08/05/18 23:29', 'DD/MM/YY HH24:MI'), 759550, 17.6);
INSERT INTO SENSOR (SerialNumber, CityPlaced, SensorModel, MinimValue, MaximValue, Unit, SensorType) VALUES (396050, 'Παλλήνη Κάντζα', 'VXLSI-5108', 0, 100, '%', 'Humidity');
INSERT INTO MEASUREMENT (DateTime, SensorID, MeasValue) VALUES (TO_DATE('08/05/18 23:29', 'DD/MM/YY HH24:MI'), 396050, 75);
INSERT INTO SENSOR (SerialNumber, CityPlaced, SensorModel, MinimValue, MaximValue, Unit, SensorType) VALUES (44348, 'Παλλήνη Κάντζα', 'YCPN-087', 719.0, 1090.9, 'hPa', 'Pressure');
INSERT INTO MEASUREMENT (DateTime, SensorID, MeasValue) VALUES (TO_DATE('08/05/18 23:29', 'DD/MM/YY HH24:MI'), 44348, 1006.1);
INSERT INTO SENSOR (SerialNumber, CityPlaced, SensorModel, MinimValue, MaximValue, Unit, SensorType) VALUES (77467, 'Παλλήνη Κάντζα', 'XOHV-7610', 0.0, 24.9, 'km/h', 'Wind');
INSERT INTO MEASUREMENT (DateTime, SensorID, MeasValue) VALUES (TO_DATE('08/05/18 23:29', 'DD/MM/YY HH24:MI'), 77467, 2.2);
INSERT INTO SENSOR (SerialNumber, CityPlaced, SensorModel, MinimValue, MaximValue, Unit, SensorType) VALUES (354765, 'Πειραιάς Λόφος Βώκου', 'CEBFO-597', -55.0, 69.9, '°C', 'Temperature');
INSERT INTO MEASUREMENT (DateTime, SensorID, MeasValue) VALUES (TO_DATE('08/05/18 23:28', 'DD/MM/YY HH24:MI'), 354765, 20.1);
INSERT INTO SENSOR (SerialNumber, CityPlaced, SensorModel, MinimValue, MaximValue, Unit, SensorType) VALUES (992871, 'Πειραιάς Λόφος Βώκου', 'AUTKT-3857', 0, 100, '%', 'Humidity');
INSERT INTO MEASUREMENT (DateTime, SensorID, MeasValue) VALUES (TO_DATE('08/05/18 23:28', 'DD/MM/YY HH24:MI'), 992871, 75);
INSERT INTO SENSOR (SerialNumber, CityPlaced, SensorModel, MinimValue, MaximValue, Unit, SensorType) VALUES (69017, 'Πειραιάς Λόφος Βώκου', 'LTLM-654', 700.0, 1064.9, 'hPa', 'Pressure');
INSERT INTO MEASUREMENT (DateTime, SensorID, MeasValue) VALUES (TO_DATE('08/05/18 23:28', 'DD/MM/YY HH24:MI'), 69017, 1007.5);
INSERT INTO SENSOR (SerialNumber, CityPlaced, SensorModel, MinimValue, MaximValue, Unit, SensorType) VALUES (12854, 'Πειραιάς Λόφος Βώκου', 'EZXE-3404', 0.0, 23.9, 'km/h', 'Wind');
INSERT INTO MEASUREMENT (DateTime, SensorID, MeasValue) VALUES (TO_DATE('08/05/18 23:28', 'DD/MM/YY HH24:MI'), 12854, 1.6);
INSERT INTO SENSOR (SerialNumber, CityPlaced, SensorModel, MinimValue, MaximValue, Unit, SensorType) VALUES (604823, 'Πειραιάς', 'SQODQ-660', -51.0, 71.9, '°C', 'Temperature');
INSERT INTO MEASUREMENT (DateTime, SensorID, MeasValue) VALUES (TO_DATE('08/05/18 23:33', 'DD/MM/YY HH24:MI'), 604823, 20.3);
INSERT INTO SENSOR (SerialNumber, CityPlaced, SensorModel, MinimValue, MaximValue, Unit, SensorType) VALUES (209379, 'Πειραιάς', 'POQEY-4177', 0, 100, '%', 'Humidity');
INSERT INTO MEASUREMENT (DateTime, SensorID, MeasValue) VALUES (TO_DATE('08/05/18 23:33', 'DD/MM/YY HH24:MI'), 209379, 79);
INSERT INTO SENSOR (SerialNumber, CityPlaced, SensorModel, MinimValue, MaximValue, Unit, SensorType) VALUES (87566, 'Πειραιάς', 'QYHC-904', 732.0, 1069.9, 'hPa', 'Pressure');
INSERT INTO MEASUREMENT (DateTime, SensorID, MeasValue) VALUES (TO_DATE('08/05/18 23:33', 'DD/MM/YY HH24:MI'), 87566, 1006.7);
INSERT INTO SENSOR (SerialNumber, CityPlaced, SensorModel, MinimValue, MaximValue, Unit, SensorType) VALUES (18382, 'Πειραιάς', 'RKNZ-9870', 0.0, 23.9, 'km/h', 'Wind');
INSERT INTO MEASUREMENT (DateTime, SensorID, MeasValue) VALUES (TO_DATE('08/05/18 23:33', 'DD/MM/YY HH24:MI'), 18382, 1.6);
INSERT INTO SENSOR (SerialNumber, CityPlaced, SensorModel, MinimValue, MaximValue, Unit, SensorType) VALUES (546220, 'Περαμα', 'SIQYN-572', -52.0, 71.9, '°C', 'Temperature');
INSERT INTO MEASUREMENT (DateTime, SensorID, MeasValue) VALUES (TO_DATE('08/05/18 23:30', 'DD/MM/YY HH24:MI'), 546220, 19.5);
INSERT INTO SENSOR (SerialNumber, CityPlaced, SensorModel, MinimValue, MaximValue, Unit, SensorType) VALUES (604355, 'Περαμα', 'BOEYK-9221', 0, 100, '%', 'Humidity');
INSERT INTO MEASUREMENT (DateTime, SensorID, MeasValue) VALUES (TO_DATE('08/05/18 23:30', 'DD/MM/YY HH24:MI'), 604355, 71);
INSERT INTO SENSOR (SerialNumber, CityPlaced, SensorModel, MinimValue, MaximValue, Unit, SensorType) VALUES (46876, 'Περαμα', 'DCCW-337', 715.0, 1096.9, 'hPa', 'Pressure');
INSERT INTO MEASUREMENT (DateTime, SensorID, MeasValue) VALUES (TO_DATE('08/05/18 23:30', 'DD/MM/YY HH24:MI'), 46876, 1007.5);
INSERT INTO SENSOR (SerialNumber, CityPlaced, SensorModel, MinimValue, MaximValue, Unit, SensorType) VALUES (17673, 'Περαμα', 'TIGP-5899', 0.0, 20.9, 'km/h', 'Wind');
INSERT INTO MEASUREMENT (DateTime, SensorID, MeasValue) VALUES (TO_DATE('08/05/18 23:30', 'DD/MM/YY HH24:MI'), 17673, 3.3);
INSERT INTO SENSOR (SerialNumber, CityPlaced, SensorModel, MinimValue, MaximValue, Unit, SensorType) VALUES (524972, 'Πόρτο Ράφτη Λιμικό', 'GPPUM-996', -59.0, 61.9, '°C', 'Temperature');
INSERT INTO MEASUREMENT (DateTime, SensorID, MeasValue) VALUES (TO_DATE('08/05/18 23:32', 'DD/MM/YY HH24:MI'), 524972, 16.1);
INSERT INTO SENSOR (SerialNumber, CityPlaced, SensorModel, MinimValue, MaximValue, Unit, SensorType) VALUES (658039, 'Πόρτο Ράφτη Λιμικό', 'SURDA-2099', 0, 100, '%', 'Humidity');
INSERT INTO MEASUREMENT (DateTime, SensorID, MeasValue) VALUES (TO_DATE('08/05/18 23:32', 'DD/MM/YY HH24:MI'), 658039, 90);
INSERT INTO SENSOR (SerialNumber, CityPlaced, SensorModel, MinimValue, MaximValue, Unit, SensorType) VALUES (34307, 'Πόρτο Ράφτη Λιμικό', 'PLDR-010', 716.0, 1094.9, 'hPa', 'Pressure');
INSERT INTO MEASUREMENT (DateTime, SensorID, MeasValue) VALUES (TO_DATE('08/05/18 23:32', 'DD/MM/YY HH24:MI'), 34307, 1003.8);
INSERT INTO SENSOR (SerialNumber, CityPlaced, SensorModel, MinimValue, MaximValue, Unit, SensorType) VALUES (47580, 'Πόρτο Ράφτη Λιμικό', 'VDKS-3793', 0.0, 20.9, 'km/h', 'Wind');
INSERT INTO MEASUREMENT (DateTime, SensorID, MeasValue) VALUES (TO_DATE('08/05/18 23:32', 'DD/MM/YY HH24:MI'), 47580, 2.4);
INSERT INTO SENSOR (SerialNumber, CityPlaced, SensorModel, MinimValue, MaximValue, Unit, SensorType) VALUES (642232, 'Ρέα', 'CXDBI-707', -58.0, 72.9, '°C', 'Temperature');
INSERT INTO MEASUREMENT (DateTime, SensorID, MeasValue) VALUES (TO_DATE('08/05/18 23:30', 'DD/MM/YY HH24:MI'), 642232, 14.2);
INSERT INTO SENSOR (SerialNumber, CityPlaced, SensorModel, MinimValue, MaximValue, Unit, SensorType) VALUES (666358, 'Ρέα', 'RLTPE-2426', 0, 100, '%', 'Humidity');
INSERT INTO MEASUREMENT (DateTime, SensorID, MeasValue) VALUES (TO_DATE('08/05/18 23:30', 'DD/MM/YY HH24:MI'), 666358, 93);
INSERT INTO SENSOR (SerialNumber, CityPlaced, SensorModel, MinimValue, MaximValue, Unit, SensorType) VALUES (60250, 'Ρέα', 'AEKQ-694', 717.0, 1099.9, 'hPa', 'Pressure');
INSERT INTO MEASUREMENT (DateTime, SensorID, MeasValue) VALUES (TO_DATE('08/05/18 23:30', 'DD/MM/YY HH24:MI'), 60250, 1005.3);
INSERT INTO SENSOR (SerialNumber, CityPlaced, SensorModel, MinimValue, MaximValue, Unit, SensorType) VALUES (99218, 'Ρέα', 'NXKN-0128', 0.0, 21.9, 'km/h', 'Wind');
INSERT INTO MEASUREMENT (DateTime, SensorID, MeasValue) VALUES (TO_DATE('08/05/18 23:30', 'DD/MM/YY HH24:MI'), 99218, 0.0);
INSERT INTO SENSOR (SerialNumber, CityPlaced, SensorModel, MinimValue, MaximValue, Unit, SensorType) VALUES (679399, 'Σαλαμίνα', 'SRRVE-950', -55.0, 75.9, '°C', 'Temperature');
INSERT INTO MEASUREMENT (DateTime, SensorID, MeasValue) VALUES (TO_DATE('08/05/18 23:30', 'DD/MM/YY HH24:MI'), 679399, 18.8);
INSERT INTO SENSOR (SerialNumber, CityPlaced, SensorModel, MinimValue, MaximValue, Unit, SensorType) VALUES (945916, 'Σαλαμίνα', 'KKUXK-8392', 0, 100, '%', 'Humidity');
INSERT INTO MEASUREMENT (DateTime, SensorID, MeasValue) VALUES (TO_DATE('08/05/18 23:30', 'DD/MM/YY HH24:MI'), 945916, 78);
INSERT INTO SENSOR (SerialNumber, CityPlaced, SensorModel, MinimValue, MaximValue, Unit, SensorType) VALUES (87247, 'Σαλαμίνα', 'EWWV-024', 734.0, 1093.9, 'hPa', 'Pressure');
INSERT INTO MEASUREMENT (DateTime, SensorID, MeasValue) VALUES (TO_DATE('08/05/18 23:30', 'DD/MM/YY HH24:MI'), 87247, 1005.8);
INSERT INTO SENSOR (SerialNumber, CityPlaced, SensorModel, MinimValue, MaximValue, Unit, SensorType) VALUES (16998, 'Σαλαμίνα', 'RSMP-7614', 0.0, 21.9, 'km/h', 'Wind');
INSERT INTO MEASUREMENT (DateTime, SensorID, MeasValue) VALUES (TO_DATE('08/05/18 23:30', 'DD/MM/YY HH24:MI'), 16998, 1.3);
INSERT INTO SENSOR (SerialNumber, CityPlaced, SensorModel, MinimValue, MaximValue, Unit, SensorType) VALUES (963965, 'Σχινιάς', 'QHKUZ-191', -51.0, 79.9, '°C', 'Temperature');
INSERT INTO MEASUREMENT (DateTime, SensorID, MeasValue) VALUES (TO_DATE('08/05/18 23:30', 'DD/MM/YY HH24:MI'), 963965, 19.7);
INSERT INTO SENSOR (SerialNumber, CityPlaced, SensorModel, MinimValue, MaximValue, Unit, SensorType) VALUES (994910, 'Σχινιάς', 'TQGCU-6222', 0, 100, '%', 'Humidity');
INSERT INTO MEASUREMENT (DateTime, SensorID, MeasValue) VALUES (TO_DATE('08/05/18 23:30', 'DD/MM/YY HH24:MI'), 994910, 0);
INSERT INTO SENSOR (SerialNumber, CityPlaced, SensorModel, MinimValue, MaximValue, Unit, SensorType) VALUES (23975, 'Σχινιάς', 'DEGB-973', 704.0, 1064.9, 'hPa', 'Pressure');
INSERT INTO MEASUREMENT (DateTime, SensorID, MeasValue) VALUES (TO_DATE('08/05/18 23:30', 'DD/MM/YY HH24:MI'), 23975, 1005.5);
INSERT INTO SENSOR (SerialNumber, CityPlaced, SensorModel, MinimValue, MaximValue, Unit, SensorType) VALUES (66616, 'Σχινιάς', 'ZHJV-0888', 0.0, 25.9, 'km/h', 'Wind');
INSERT INTO MEASUREMENT (DateTime, SensorID, MeasValue) VALUES (TO_DATE('08/05/18 23:30', 'DD/MM/YY HH24:MI'), 66616, 2.0);
INSERT INTO SENSOR (SerialNumber, CityPlaced, SensorModel, MinimValue, MaximValue, Unit, SensorType) VALUES (883990, 'Υμηττός', 'TAIOM-219', -50.0, 64.9, '°C', 'Temperature');
INSERT INTO MEASUREMENT (DateTime, SensorID, MeasValue) VALUES (TO_DATE('08/05/18 23:29', 'DD/MM/YY HH24:MI'), 883990, 18.6);
INSERT INTO SENSOR (SerialNumber, CityPlaced, SensorModel, MinimValue, MaximValue, Unit, SensorType) VALUES (655178, 'Υμηττός', 'HIPQH-4906', 0, 100, '%', 'Humidity');
INSERT INTO MEASUREMENT (DateTime, SensorID, MeasValue) VALUES (TO_DATE('08/05/18 23:29', 'DD/MM/YY HH24:MI'), 655178, 81);
INSERT INTO SENSOR (SerialNumber, CityPlaced, SensorModel, MinimValue, MaximValue, Unit, SensorType) VALUES (88313, 'Υμηττός', 'WHOZ-062', 724.0, 1100.9, 'hPa', 'Pressure');
INSERT INTO MEASUREMENT (DateTime, SensorID, MeasValue) VALUES (TO_DATE('08/05/18 23:29', 'DD/MM/YY HH24:MI'), 88313, 754.4);
INSERT INTO SENSOR (SerialNumber, CityPlaced, SensorModel, MinimValue, MaximValue, Unit, SensorType) VALUES (27680, 'Υμηττός', 'VCQU-7201', 0.0, 21.9, 'km/h', 'Wind');
INSERT INTO MEASUREMENT (DateTime, SensorID, MeasValue) VALUES (TO_DATE('08/05/18 23:29', 'DD/MM/YY HH24:MI'), 27680, 4.3);
INSERT INTO SENSOR (SerialNumber, CityPlaced, SensorModel, MinimValue, MaximValue, Unit, SensorType) VALUES (604021, 'Χαλάνδρι 2', 'QJNNM-980', -54.0, 63.9, '°C', 'Temperature');
INSERT INTO MEASUREMENT (DateTime, SensorID, MeasValue) VALUES (TO_DATE('08/05/18 23:32', 'DD/MM/YY HH24:MI'), 604021, 17.9);
INSERT INTO SENSOR (SerialNumber, CityPlaced, SensorModel, MinimValue, MaximValue, Unit, SensorType) VALUES (339783, 'Χαλάνδρι 2', 'NHHUR-2817', 0, 100, '%', 'Humidity');
INSERT INTO MEASUREMENT (DateTime, SensorID, MeasValue) VALUES (TO_DATE('08/05/18 23:32', 'DD/MM/YY HH24:MI'), 339783, 79);
INSERT INTO SENSOR (SerialNumber, CityPlaced, SensorModel, MinimValue, MaximValue, Unit, SensorType) VALUES (56275, 'Χαλάνδρι 2', 'HHUN-491', 726.0, 1053.9, 'hPa', 'Pressure');
INSERT INTO MEASUREMENT (DateTime, SensorID, MeasValue) VALUES (TO_DATE('08/05/18 23:32', 'DD/MM/YY HH24:MI'), 56275, 1006.1);
INSERT INTO SENSOR (SerialNumber, CityPlaced, SensorModel, MinimValue, MaximValue, Unit, SensorType) VALUES (36329, 'Χαλάνδρι 2', 'UCLR-6778', 0.0, 24.9, 'km/h', 'Wind');
INSERT INTO MEASUREMENT (DateTime, SensorID, MeasValue) VALUES (TO_DATE('08/05/18 23:32', 'DD/MM/YY HH24:MI'), 36329, 1.0);
INSERT INTO SENSOR (SerialNumber, CityPlaced, SensorModel, MinimValue, MaximValue, Unit, SensorType) VALUES (783709, 'Αράχωβα', 'CZXMT-008', -52.0, 74.9, '°C', 'Temperature');
INSERT INTO MEASUREMENT (DateTime, SensorID, MeasValue) VALUES (TO_DATE('08/05/18 22:50', 'DD/MM/YY HH24:MI'), 783709, 14.1);
INSERT INTO SENSOR (SerialNumber, CityPlaced, SensorModel, MinimValue, MaximValue, Unit, SensorType) VALUES (292925, 'Αράχωβα', 'FEIQK-2902', 0, 100, '%', 'Humidity');
INSERT INTO MEASUREMENT (DateTime, SensorID, MeasValue) VALUES (TO_DATE('08/05/18 22:50', 'DD/MM/YY HH24:MI'), 292925, 78);
INSERT INTO SENSOR (SerialNumber, CityPlaced, SensorModel, MinimValue, MaximValue, Unit, SensorType) VALUES (39080, 'Αράχωβα', 'ORMT-378', 714.0, 1063.9, 'hPa', 'Pressure');
INSERT INTO MEASUREMENT (DateTime, SensorID, MeasValue) VALUES (TO_DATE('08/05/18 22:50', 'DD/MM/YY HH24:MI'), 39080, 1006.1);
INSERT INTO SENSOR (SerialNumber, CityPlaced, SensorModel, MinimValue, MaximValue, Unit, SensorType) VALUES (36617, 'Αράχωβα', 'DHBS-3415', 0.0, 25.9, 'km/h', 'Wind');
INSERT INTO MEASUREMENT (DateTime, SensorID, MeasValue) VALUES (TO_DATE('08/05/18 22:50', 'DD/MM/YY HH24:MI'), 36617, 0.0);
INSERT INTO SENSOR (SerialNumber, CityPlaced, SensorModel, MinimValue, MaximValue, Unit, SensorType) VALUES (491461, 'Λιβαδειά', 'HPRBY-251', -52.0, 65.9, '°C', 'Temperature');
INSERT INTO MEASUREMENT (DateTime, SensorID, MeasValue) VALUES (TO_DATE('08/05/18 22:50', 'DD/MM/YY HH24:MI'), 491461, 16.6);
INSERT INTO SENSOR (SerialNumber, CityPlaced, SensorModel, MinimValue, MaximValue, Unit, SensorType) VALUES (894039, 'Λιβαδειά', 'SNXBS-1483', 0, 100, '%', 'Humidity');
INSERT INTO MEASUREMENT (DateTime, SensorID, MeasValue) VALUES (TO_DATE('08/05/18 22:50', 'DD/MM/YY HH24:MI'), 894039, 86);
INSERT INTO SENSOR (SerialNumber, CityPlaced, SensorModel, MinimValue, MaximValue, Unit, SensorType) VALUES (20007, 'Λιβαδειά', 'HXLD-807', 704.0, 1062.9, 'hPa', 'Pressure');
INSERT INTO MEASUREMENT (DateTime, SensorID, MeasValue) VALUES (TO_DATE('08/05/18 22:50', 'DD/MM/YY HH24:MI'), 20007, 1007.7);
INSERT INTO SENSOR (SerialNumber, CityPlaced, SensorModel, MinimValue, MaximValue, Unit, SensorType) VALUES (16625, 'Λιβαδειά', 'DQIF-4882', 0.0, 22.9, 'km/h', 'Wind');
INSERT INTO MEASUREMENT (DateTime, SensorID, MeasValue) VALUES (TO_DATE('08/05/18 22:50', 'DD/MM/YY HH24:MI'), 16625, 0.0);
INSERT INTO SENSOR (SerialNumber, CityPlaced, SensorModel, MinimValue, MaximValue, Unit, SensorType) VALUES (953389, 'Οινόφυτα', 'XHFZI-112', -58.0, 78.9, '°C', 'Temperature');
INSERT INTO MEASUREMENT (DateTime, SensorID, MeasValue) VALUES (TO_DATE('08/05/18 23:33', 'DD/MM/YY HH24:MI'), 953389, 17.4);
INSERT INTO SENSOR (SerialNumber, CityPlaced, SensorModel, MinimValue, MaximValue, Unit, SensorType) VALUES (644391, 'Οινόφυτα', 'ZJEZP-9332', 0, 100, '%', 'Humidity');
INSERT INTO MEASUREMENT (DateTime, SensorID, MeasValue) VALUES (TO_DATE('08/05/18 23:33', 'DD/MM/YY HH24:MI'), 644391, 87);
INSERT INTO SENSOR (SerialNumber, CityPlaced, SensorModel, MinimValue, MaximValue, Unit, SensorType) VALUES (14370, 'Οινόφυτα', 'FNHJ-041', 735.0, 1074.9, 'hPa', 'Pressure');
INSERT INTO MEASUREMENT (DateTime, SensorID, MeasValue) VALUES (TO_DATE('08/05/18 23:33', 'DD/MM/YY HH24:MI'), 14370, 1006.6);
INSERT INTO SENSOR (SerialNumber, CityPlaced, SensorModel, MinimValue, MaximValue, Unit, SensorType) VALUES (42072, 'Οινόφυτα', 'TPCV-7111', 0.0, 24.9, 'km/h', 'Wind');
INSERT INTO MEASUREMENT (DateTime, SensorID, MeasValue) VALUES (TO_DATE('08/05/18 23:33', 'DD/MM/YY HH24:MI'), 42072, 2.4);
INSERT INTO SENSOR (SerialNumber, CityPlaced, SensorModel, MinimValue, MaximValue, Unit, SensorType) VALUES (303968, 'Παρνασσός Σκαμνός', 'ZRKIA-123', -56.0, 65.9, '°C', 'Temperature');
INSERT INTO MEASUREMENT (DateTime, SensorID, MeasValue) VALUES (TO_DATE('08/05/18 23:25', 'DD/MM/YY HH24:MI'), 303968, 7.8);
INSERT INTO SENSOR (SerialNumber, CityPlaced, SensorModel, MinimValue, MaximValue, Unit, SensorType) VALUES (125273, 'Παρνασσός Σκαμνός', 'XSAMT-7413', 0, 100, '%', 'Humidity');
INSERT INTO MEASUREMENT (DateTime, SensorID, MeasValue) VALUES (TO_DATE('08/05/18 23:25', 'DD/MM/YY HH24:MI'), 125273, 94);
INSERT INTO SENSOR (SerialNumber, CityPlaced, SensorModel, MinimValue, MaximValue, Unit, SensorType) VALUES (36835, 'Παρνασσός Σκαμνός', 'GTUS-757', 700.0, 1095.9, 'hPa', 'Pressure');
INSERT INTO MEASUREMENT (DateTime, SensorID, MeasValue) VALUES (TO_DATE('08/05/18 23:25', 'DD/MM/YY HH24:MI'), 36835, 1018.2);
INSERT INTO SENSOR (SerialNumber, CityPlaced, SensorModel, MinimValue, MaximValue, Unit, SensorType) VALUES (53767, 'Παρνασσός Σκαμνός', 'FZTJ-8998', 0.0, 22.9, 'km/h', 'Wind');
INSERT INTO MEASUREMENT (DateTime, SensorID, MeasValue) VALUES (TO_DATE('08/05/18 23:25', 'DD/MM/YY HH24:MI'), 53767, 0.0);
INSERT INTO SENSOR (SerialNumber, CityPlaced, SensorModel, MinimValue, MaximValue, Unit, SensorType) VALUES (758980, 'Ιστιαία', 'JYNAJ-633', -59.0, 73.9, '°C', 'Temperature');
INSERT INTO MEASUREMENT (DateTime, SensorID, MeasValue) VALUES (TO_DATE('08/05/18 23:30', 'DD/MM/YY HH24:MI'), 758980, 16.8);
INSERT INTO SENSOR (SerialNumber, CityPlaced, SensorModel, MinimValue, MaximValue, Unit, SensorType) VALUES (918678, 'Ιστιαία', 'RTCGB-7207', 0, 100, '%', 'Humidity');
INSERT INTO MEASUREMENT (DateTime, SensorID, MeasValue) VALUES (TO_DATE('08/05/18 23:30', 'DD/MM/YY HH24:MI'), 918678, 94);
INSERT INTO SENSOR (SerialNumber, CityPlaced, SensorModel, MinimValue, MaximValue, Unit, SensorType) VALUES (68043, 'Ιστιαία', 'CPUW-850', 709.0, 1087.9, 'hPa', 'Pressure');
INSERT INTO MEASUREMENT (DateTime, SensorID, MeasValue) VALUES (TO_DATE('08/05/18 23:30', 'DD/MM/YY HH24:MI'), 68043, 1007.5);
INSERT INTO SENSOR (SerialNumber, CityPlaced, SensorModel, MinimValue, MaximValue, Unit, SensorType) VALUES (53396, 'Ιστιαία', 'NILE-1818', 0.0, 24.9, 'km/h', 'Wind');
INSERT INTO MEASUREMENT (DateTime, SensorID, MeasValue) VALUES (TO_DATE('08/05/18 23:30', 'DD/MM/YY HH24:MI'), 53396, 1.1);
INSERT INTO SENSOR (SerialNumber, CityPlaced, SensorModel, MinimValue, MaximValue, Unit, SensorType) VALUES (383065, 'Κάρυστος', 'NYSNA-289', -53.0, 62.9, '°C', 'Temperature');
INSERT INTO MEASUREMENT (DateTime, SensorID, MeasValue) VALUES (TO_DATE('08/05/18 23:29', 'DD/MM/YY HH24:MI'), 383065, 20.2);
INSERT INTO SENSOR (SerialNumber, CityPlaced, SensorModel, MinimValue, MaximValue, Unit, SensorType) VALUES (641748, 'Κάρυστος', 'DXWEE-9099', 0, 100, '%', 'Humidity');
INSERT INTO MEASUREMENT (DateTime, SensorID, MeasValue) VALUES (TO_DATE('08/05/18 23:29', 'DD/MM/YY HH24:MI'), 641748, 66);
INSERT INTO SENSOR (SerialNumber, CityPlaced, SensorModel, MinimValue, MaximValue, Unit, SensorType) VALUES (77508, 'Κάρυστος', 'ZYUW-371', 724.0, 1071.9, 'hPa', 'Pressure');
INSERT INTO MEASUREMENT (DateTime, SensorID, MeasValue) VALUES (TO_DATE('08/05/18 23:29', 'DD/MM/YY HH24:MI'), 77508, 1007.3);
INSERT INTO SENSOR (SerialNumber, CityPlaced, SensorModel, MinimValue, MaximValue, Unit, SensorType) VALUES (81518, 'Κάρυστος', 'QVEE-9956', 0.0, 21.9, 'km/h', 'Wind');
INSERT INTO MEASUREMENT (DateTime, SensorID, MeasValue) VALUES (TO_DATE('08/05/18 23:29', 'DD/MM/YY HH24:MI'), 81518, 3.2);
INSERT INTO SENSOR (SerialNumber, CityPlaced, SensorModel, MinimValue, MaximValue, Unit, SensorType) VALUES (718802, 'Καβοντόρος Πρινιά', 'UWEJG-399', -55.0, 75.9, '°C', 'Temperature');
INSERT INTO MEASUREMENT (DateTime, SensorID, MeasValue) VALUES (TO_DATE('08/05/18 23:29', 'DD/MM/YY HH24:MI'), 718802, 18.8);
INSERT INTO SENSOR (SerialNumber, CityPlaced, SensorModel, MinimValue, MaximValue, Unit, SensorType) VALUES (956093, 'Καβοντόρος Πρινιά', 'TKTGG-8863', 0, 100, '%', 'Humidity');
INSERT INTO MEASUREMENT (DateTime, SensorID, MeasValue) VALUES (TO_DATE('08/05/18 23:29', 'DD/MM/YY HH24:MI'), 956093, 65);
INSERT INTO SENSOR (SerialNumber, CityPlaced, SensorModel, MinimValue, MaximValue, Unit, SensorType) VALUES (16724, 'Καβοντόρος Πρινιά', 'ECFB-949', 738.0, 1070.9, 'hPa', 'Pressure');
INSERT INTO MEASUREMENT (DateTime, SensorID, MeasValue) VALUES (TO_DATE('08/05/18 23:29', 'DD/MM/YY HH24:MI'), 16724, 1005.9);
INSERT INTO SENSOR (SerialNumber, CityPlaced, SensorModel, MinimValue, MaximValue, Unit, SensorType) VALUES (17482, 'Καβοντόρος Πρινιά', 'ZCFK-2509', 0.0, 24.9, 'km/h', 'Wind');
INSERT INTO MEASUREMENT (DateTime, SensorID, MeasValue) VALUES (TO_DATE('08/05/18 23:29', 'DD/MM/YY HH24:MI'), 17482, 6.4);
INSERT INTO SENSOR (SerialNumber, CityPlaced, SensorModel, MinimValue, MaximValue, Unit, SensorType) VALUES (290235, 'Σέττα', 'ZDFZG-076', -59.0, 60.9, '°C', 'Temperature');
INSERT INTO MEASUREMENT (DateTime, SensorID, MeasValue) VALUES (TO_DATE('08/05/18 23:28', 'DD/MM/YY HH24:MI'), 290235, 13.3);
INSERT INTO SENSOR (SerialNumber, CityPlaced, SensorModel, MinimValue, MaximValue, Unit, SensorType) VALUES (996987, 'Σέττα', 'OSWUI-6184', 0, 100, '%', 'Humidity');
INSERT INTO MEASUREMENT (DateTime, SensorID, MeasValue) VALUES (TO_DATE('08/05/18 23:28', 'DD/MM/YY HH24:MI'), 996987, 79);
INSERT INTO SENSOR (SerialNumber, CityPlaced, SensorModel, MinimValue, MaximValue, Unit, SensorType) VALUES (53926, 'Σέττα', 'MKHS-986', 738.0, 1084.9, 'hPa', 'Pressure');
INSERT INTO MEASUREMENT (DateTime, SensorID, MeasValue) VALUES (TO_DATE('08/05/18 23:28', 'DD/MM/YY HH24:MI'), 53926, 1006.7);
INSERT INTO SENSOR (SerialNumber, CityPlaced, SensorModel, MinimValue, MaximValue, Unit, SensorType) VALUES (28396, 'Σέττα', 'PVCX-3199', 0.0, 22.9, 'km/h', 'Wind');
INSERT INTO MEASUREMENT (DateTime, SensorID, MeasValue) VALUES (TO_DATE('08/05/18 23:28', 'DD/MM/YY HH24:MI'), 28396, 0.0);
INSERT INTO SENSOR (SerialNumber, CityPlaced, SensorModel, MinimValue, MaximValue, Unit, SensorType) VALUES (967867, 'Χαλκίδα, Δροσιά Ανθηδώνος', 'IRPVV-245', -52.0, 65.9, '°C', 'Temperature');
INSERT INTO MEASUREMENT (DateTime, SensorID, MeasValue) VALUES (TO_DATE('08/05/18 23:27', 'DD/MM/YY HH24:MI'), 967867, 18.3);
INSERT INTO SENSOR (SerialNumber, CityPlaced, SensorModel, MinimValue, MaximValue, Unit, SensorType) VALUES (591122, 'Χαλκίδα, Δροσιά Ανθηδώνος', 'HXQBQ-5145', 0, 100, '%', 'Humidity');
INSERT INTO MEASUREMENT (DateTime, SensorID, MeasValue) VALUES (TO_DATE('08/05/18 23:27', 'DD/MM/YY HH24:MI'), 591122, 77);
INSERT INTO SENSOR (SerialNumber, CityPlaced, SensorModel, MinimValue, MaximValue, Unit, SensorType) VALUES (30541, 'Χαλκίδα, Δροσιά Ανθηδώνος', 'LEVR-800', 731.0, 1068.9, 'hPa', 'Pressure');
INSERT INTO MEASUREMENT (DateTime, SensorID, MeasValue) VALUES (TO_DATE('08/05/18 23:27', 'DD/MM/YY HH24:MI'), 30541, 1005.0);
INSERT INTO SENSOR (SerialNumber, CityPlaced, SensorModel, MinimValue, MaximValue, Unit, SensorType) VALUES (32488, 'Χαλκίδα, Δροσιά Ανθηδώνος', 'NNBG-4428', 0.0, 24.9, 'km/h', 'Wind');
INSERT INTO MEASUREMENT (DateTime, SensorID, MeasValue) VALUES (TO_DATE('08/05/18 23:27', 'DD/MM/YY HH24:MI'), 32488, 4.8);
INSERT INTO SENSOR (SerialNumber, CityPlaced, SensorModel, MinimValue, MaximValue, Unit, SensorType) VALUES (661297, 'Χαλκίδα', 'AXCZJ-596', -55.0, 60.9, '°C', 'Temperature');
INSERT INTO MEASUREMENT (DateTime, SensorID, MeasValue) VALUES (TO_DATE('08/05/18 23:30', 'DD/MM/YY HH24:MI'), 661297, 20.2);
INSERT INTO SENSOR (SerialNumber, CityPlaced, SensorModel, MinimValue, MaximValue, Unit, SensorType) VALUES (496509, 'Χαλκίδα', 'OGLQP-5474', 0, 100, '%', 'Humidity');
INSERT INTO MEASUREMENT (DateTime, SensorID, MeasValue) VALUES (TO_DATE('08/05/18 23:30', 'DD/MM/YY HH24:MI'), 496509, 74);
INSERT INTO SENSOR (SerialNumber, CityPlaced, SensorModel, MinimValue, MaximValue, Unit, SensorType) VALUES (56490, 'Χαλκίδα', 'UNJE-403', 718.0, 1063.9, 'hPa', 'Pressure');
INSERT INTO MEASUREMENT (DateTime, SensorID, MeasValue) VALUES (TO_DATE('08/05/18 23:30', 'DD/MM/YY HH24:MI'), 56490, 1006.4);
INSERT INTO SENSOR (SerialNumber, CityPlaced, SensorModel, MinimValue, MaximValue, Unit, SensorType) VALUES (13934, 'Χαλκίδα', 'ABFN-7381', 0.0, 24.9, 'km/h', 'Wind');
INSERT INTO MEASUREMENT (DateTime, SensorID, MeasValue) VALUES (TO_DATE('08/05/18 23:30', 'DD/MM/YY HH24:MI'), 13934, 4.6);
INSERT INTO SENSOR (SerialNumber, CityPlaced, SensorModel, MinimValue, MaximValue, Unit, SensorType) VALUES (578371, 'Ωρεοί', 'GIWCU-719', -54.0, 79.9, '°C', 'Temperature');
INSERT INTO MEASUREMENT (DateTime, SensorID, MeasValue) VALUES (TO_DATE('08/05/18 23:30', 'DD/MM/YY HH24:MI'), 578371, 17.4);
INSERT INTO SENSOR (SerialNumber, CityPlaced, SensorModel, MinimValue, MaximValue, Unit, SensorType) VALUES (659951, 'Ωρεοί', 'RRJGR-5847', 0, 100, '%', 'Humidity');
INSERT INTO MEASUREMENT (DateTime, SensorID, MeasValue) VALUES (TO_DATE('08/05/18 23:30', 'DD/MM/YY HH24:MI'), 659951, 91);
INSERT INTO SENSOR (SerialNumber, CityPlaced, SensorModel, MinimValue, MaximValue, Unit, SensorType) VALUES (65463, 'Ωρεοί', 'XVXH-180', 724.0, 1087.9, 'hPa', 'Pressure');
INSERT INTO MEASUREMENT (DateTime, SensorID, MeasValue) VALUES (TO_DATE('08/05/18 23:30', 'DD/MM/YY HH24:MI'), 65463, 1004.3);
INSERT INTO SENSOR (SerialNumber, CityPlaced, SensorModel, MinimValue, MaximValue, Unit, SensorType) VALUES (73093, 'Ωρεοί', 'YSQX-8677', 0.0, 25.9, 'km/h', 'Wind');
INSERT INTO MEASUREMENT (DateTime, SensorID, MeasValue) VALUES (TO_DATE('08/05/18 23:30', 'DD/MM/YY HH24:MI'), 73093, 0.0);
INSERT INTO SENSOR (SerialNumber, CityPlaced, SensorModel, MinimValue, MaximValue, Unit, SensorType) VALUES (657029, 'Καμμένα Βούρλα, Καινούργιο', 'AQAZC-890', -57.0, 72.9, '°C', 'Temperature');
INSERT INTO MEASUREMENT (DateTime, SensorID, MeasValue) VALUES (TO_DATE('08/05/18 23:28', 'DD/MM/YY HH24:MI'), 657029, 16.8);
INSERT INTO SENSOR (SerialNumber, CityPlaced, SensorModel, MinimValue, MaximValue, Unit, SensorType) VALUES (690233, 'Καμμένα Βούρλα, Καινούργιο', 'VFHHV-6291', 0, 100, '%', 'Humidity');
INSERT INTO MEASUREMENT (DateTime, SensorID, MeasValue) VALUES (TO_DATE('08/05/18 23:28', 'DD/MM/YY HH24:MI'), 690233, 84);
INSERT INTO SENSOR (SerialNumber, CityPlaced, SensorModel, MinimValue, MaximValue, Unit, SensorType) VALUES (83863, 'Καμμένα Βούρλα, Καινούργιο', 'QTSB-989', 715.0, 1085.9, 'hPa', 'Pressure');
INSERT INTO MEASUREMENT (DateTime, SensorID, MeasValue) VALUES (TO_DATE('08/05/18 23:28', 'DD/MM/YY HH24:MI'), 83863, 1006.2);
INSERT INTO SENSOR (SerialNumber, CityPlaced, SensorModel, MinimValue, MaximValue, Unit, SensorType) VALUES (12432, 'Καμμένα Βούρλα, Καινούργιο', 'DRXU-1734', 0.0, 22.9, 'km/h', 'Wind');
INSERT INTO MEASUREMENT (DateTime, SensorID, MeasValue) VALUES (TO_DATE('08/05/18 23:28', 'DD/MM/YY HH24:MI'), 12432, 8.1);
INSERT INTO SENSOR (SerialNumber, CityPlaced, SensorModel, MinimValue, MaximValue, Unit, SensorType) VALUES (459847, 'Λαμία Άμπλιανη', 'WPMBG-030', -57.0, 76.9, '°C', 'Temperature');
INSERT INTO MEASUREMENT (DateTime, SensorID, MeasValue) VALUES (TO_DATE('08/05/18 23:30', 'DD/MM/YY HH24:MI'), 459847, 17.4);
INSERT INTO SENSOR (SerialNumber, CityPlaced, SensorModel, MinimValue, MaximValue, Unit, SensorType) VALUES (484954, 'Λαμία Άμπλιανη', 'ZKRYW-0291', 0, 100, '%', 'Humidity');
INSERT INTO MEASUREMENT (DateTime, SensorID, MeasValue) VALUES (TO_DATE('08/05/18 23:30', 'DD/MM/YY HH24:MI'), 484954, 91);
INSERT INTO SENSOR (SerialNumber, CityPlaced, SensorModel, MinimValue, MaximValue, Unit, SensorType) VALUES (59574, 'Λαμία Άμπλιανη', 'DZMK-448', 710.0, 1059.9, 'hPa', 'Pressure');
INSERT INTO MEASUREMENT (DateTime, SensorID, MeasValue) VALUES (TO_DATE('08/05/18 23:30', 'DD/MM/YY HH24:MI'), 59574, 1005.5);
INSERT INTO SENSOR (SerialNumber, CityPlaced, SensorModel, MinimValue, MaximValue, Unit, SensorType) VALUES (25528, 'Λαμία Άμπλιανη', 'PVIX-1442', 0.0, 24.9, 'km/h', 'Wind');
INSERT INTO MEASUREMENT (DateTime, SensorID, MeasValue) VALUES (TO_DATE('08/05/18 23:30', 'DD/MM/YY HH24:MI'), 25528, 2.0);
INSERT INTO SENSOR (SerialNumber, CityPlaced, SensorModel, MinimValue, MaximValue, Unit, SensorType) VALUES (141389, 'Παρνασσός Πολύδροσο', 'LSKMB-776', -53.0, 74.9, '°C', 'Temperature');
INSERT INTO MEASUREMENT (DateTime, SensorID, MeasValue) VALUES (TO_DATE('08/05/18 23:33', 'DD/MM/YY HH24:MI'), 141389, 15.3);
INSERT INTO SENSOR (SerialNumber, CityPlaced, SensorModel, MinimValue, MaximValue, Unit, SensorType) VALUES (634228, 'Παρνασσός Πολύδροσο', 'DVQFL-0216', 0, 100, '%', 'Humidity');
INSERT INTO MEASUREMENT (DateTime, SensorID, MeasValue) VALUES (TO_DATE('08/05/18 23:33', 'DD/MM/YY HH24:MI'), 634228, 83);
INSERT INTO SENSOR (SerialNumber, CityPlaced, SensorModel, MinimValue, MaximValue, Unit, SensorType) VALUES (16395, 'Παρνασσός Πολύδροσο', 'WIXW-001', 750.0, 1086.9, 'hPa', 'Pressure');
INSERT INTO MEASUREMENT (DateTime, SensorID, MeasValue) VALUES (TO_DATE('08/05/18 23:33', 'DD/MM/YY HH24:MI'), 16395, 1001.7);
INSERT INTO SENSOR (SerialNumber, CityPlaced, SensorModel, MinimValue, MaximValue, Unit, SensorType) VALUES (94519, 'Παρνασσός Πολύδροσο', 'AVFL-0834', 0.0, 24.9, 'km/h', 'Wind');
INSERT INTO MEASUREMENT (DateTime, SensorID, MeasValue) VALUES (TO_DATE('08/05/18 23:33', 'DD/MM/YY HH24:MI'), 94519, 0.0);

COMMIT;

MERGE INTO MONTHLY_STATISTICS
USING (SELECT S.CITYPLACED AS City, MIN(M.MEASVALUE) AS Minim, MAX(M.MEASVALUE) AS Maxim, ROUND(AVG(M.MEASVALUE),1) AS Avrg, S.SENSORTYPE AS S_Type, TO_CHAR(M.DATETIME, 'MM/YY') AS CurDate
FROM MEASUREMENT M INNER JOIN SENSOR S ON M.SENSORID = S.SERIALNUMBER
WHERE TO_CHAR(M.DATETIME, 'MM/YY') = '05/18'
GROUP BY S.CITYPLACED, S.SENSORTYPE, TO_CHAR(M.DATETIME, 'MM/YY')) TMP
ON (TMP.City = M_STATCITY AND TMP.CurDate = TO_CHAR(MONTHID, 'MM/YY') AND TMP.S_Type = M_STATTYPE)
WHEN NOT MATCHED THEN INSERT (MONTHID, M_STATCITY, M_STATMIN, M_STATMAX, M_STATAVG, M_STATTYPE) VALUES (TO_DATE(TMP.CurDate, 'MM/YY'), TMP.City, TMP.Minim, TMP.Maxim, TMP.Avrg, TMP.S_Type)
WHEN MATCHED THEN UPDATE SET M_STATMIN = TMP.Minim, M_STATMAX = TMP.Maxim, M_STATAVG = TMP.Avrg;

MERGE INTO DAILY_STATISTICS
USING (SELECT S.CITYPLACED AS City, MIN(M.MEASVALUE) AS Minim, MAX(M.MEASVALUE) AS Maxim, ROUND(AVG(M.MEASVALUE),1) AS Avrg, S.SENSORTYPE AS S_Type, TO_CHAR(M.DATETIME, 'DD/MM/YY') AS CurDate
FROM MEASUREMENT M INNER JOIN SENSOR S ON M.SENSORID = S.SERIALNUMBER
WHERE TO_CHAR(M.DATETIME, 'DD/MM/YY') = '08/05/18'
GROUP BY S.CITYPLACED, S.SENSORTYPE, TO_CHAR(M.DATETIME, 'DD/MM/YY')) TMP
ON (TMP.City = D_STATCITY AND TMP.CurDate = TO_CHAR(DAYID, 'DD/MM/YY') AND TMP.S_Type = D_STATTYPE)
WHEN NOT MATCHED THEN INSERT (DAYID, D_STATCITY, D_STATMIN, D_STATMAX, D_STATAVG, D_STATTYPE) VALUES (TO_DATE(TMP.CurDate, 'DD/MM/YY'), TMP.City, TMP.Minim, TMP.Maxim, TMP.Avrg, TMP.S_Type)
WHEN MATCHED THEN UPDATE SET D_STATMIN = TMP.Minim, D_STATMAX = TMP.Maxim, D_STATAVG = TMP.Avrg;

COMMIT;

INSERT INTO WEATHER_STATION (City, Prefecture, StationOP, Altitude, Latitude, Longitude) VALUES('Πυλαία SV2HUI', 'Θεσσαλονίκη', 'P.W.S.', '145', '40.602750', '22.989648');
INSERT INTO SENSOR (SerialNumber, CityPlaced, SensorModel, MinimValue, MaximValue, Unit, SensorType) VALUES (647173, 'Νάξος Γαλανάδον', 'HQZFJ-824', -54.0, 79.9, '°C', 'Temperature');
INSERT INTO MEASUREMENT (DateTime, SensorID, MeasValue) VALUES (TO_DATE('08/05/18 23:45', 'DD/MM/YY HH24:MI'), 647173, 18.0);
INSERT INTO SENSOR (SerialNumber, CityPlaced, SensorModel, MinimValue, MaximValue, Unit, SensorType) VALUES (527706, 'Νάξος Γαλανάδον', 'JQPQV-2426', 0, 100, '%', 'Humidity');
INSERT INTO MEASUREMENT (DateTime, SensorID, MeasValue) VALUES (TO_DATE('08/05/18 23:45', 'DD/MM/YY HH24:MI'), 527706, 62);
INSERT INTO SENSOR (SerialNumber, CityPlaced, SensorModel, MinimValue, MaximValue, Unit, SensorType) VALUES (53890, 'Νάξος Γαλανάδον', 'MXHC-932', 733.0, 1066.9, 'hPa', 'Pressure');
INSERT INTO MEASUREMENT (DateTime, SensorID, MeasValue) VALUES (TO_DATE('08/05/18 23:45', 'DD/MM/YY HH24:MI'), 53890, 1008.3);
INSERT INTO SENSOR (SerialNumber, CityPlaced, SensorModel, MinimValue, MaximValue, Unit, SensorType) VALUES (82135, 'Νάξος Γαλανάδον', 'LBXD-0833', 0.0, 20.9, 'km/h', 'Wind');
INSERT INTO MEASUREMENT (DateTime, SensorID, MeasValue) VALUES (TO_DATE('08/05/18 23:45', 'DD/MM/YY HH24:MI'), 82135, 1.1);
INSERT INTO SENSOR (SerialNumber, CityPlaced, SensorModel, MinimValue, MaximValue, Unit, SensorType) VALUES (396410, 'Σύρος', 'ZCGEJ-593', -59.0, 75.9, '°C', 'Temperature');
INSERT INTO MEASUREMENT (DateTime, SensorID, MeasValue) VALUES (TO_DATE('08/05/18 23:45', 'DD/MM/YY HH24:MI'), 396410, 19.2);
INSERT INTO SENSOR (SerialNumber, CityPlaced, SensorModel, MinimValue, MaximValue, Unit, SensorType) VALUES (411495, 'Σύρος', 'NFRBR-7454', 0, 100, '%', 'Humidity');
INSERT INTO MEASUREMENT (DateTime, SensorID, MeasValue) VALUES (TO_DATE('08/05/18 23:45', 'DD/MM/YY HH24:MI'), 411495, 72);
INSERT INTO SENSOR (SerialNumber, CityPlaced, SensorModel, MinimValue, MaximValue, Unit, SensorType) VALUES (79405, 'Σύρος', 'RULK-862', 729.0, 1060.9, 'hPa', 'Pressure');
INSERT INTO MEASUREMENT (DateTime, SensorID, MeasValue) VALUES (TO_DATE('08/05/18 23:45', 'DD/MM/YY HH24:MI'), 79405, 1006.3);
INSERT INTO SENSOR (SerialNumber, CityPlaced, SensorModel, MinimValue, MaximValue, Unit, SensorType) VALUES (78424, 'Σύρος', 'CZMH-8582', 0.0, 20.9, 'km/h', 'Wind');
INSERT INTO MEASUREMENT (DateTime, SensorID, MeasValue) VALUES (TO_DATE('08/05/18 23:45', 'DD/MM/YY HH24:MI'), 78424, 2.5);
INSERT INTO SENSOR (SerialNumber, CityPlaced, SensorModel, MinimValue, MaximValue, Unit, SensorType) VALUES (789630, 'Αρτα', 'KCRVS-926', -53.0, 78.9, '°C', 'Temperature');
INSERT INTO MEASUREMENT (DateTime, SensorID, MeasValue) VALUES (TO_DATE('08/05/18 23:33', 'DD/MM/YY HH24:MI'), 789630, 17.9);
INSERT INTO SENSOR (SerialNumber, CityPlaced, SensorModel, MinimValue, MaximValue, Unit, SensorType) VALUES (482217, 'Αρτα', 'TGCIT-4988', 0, 100, '%', 'Humidity');
INSERT INTO MEASUREMENT (DateTime, SensorID, MeasValue) VALUES (TO_DATE('08/05/18 23:33', 'DD/MM/YY HH24:MI'), 482217, 88);
INSERT INTO SENSOR (SerialNumber, CityPlaced, SensorModel, MinimValue, MaximValue, Unit, SensorType) VALUES (15733, 'Αρτα', 'YLRP-468', 740.0, 1080.9, 'hPa', 'Pressure');
INSERT INTO MEASUREMENT (DateTime, SensorID, MeasValue) VALUES (TO_DATE('08/05/18 23:33', 'DD/MM/YY HH24:MI'), 15733, 1007.7);
INSERT INTO SENSOR (SerialNumber, CityPlaced, SensorModel, MinimValue, MaximValue, Unit, SensorType) VALUES (14379, 'Αρτα', 'SYNT-6851', 0.0, 23.9, 'km/h', 'Wind');
INSERT INTO MEASUREMENT (DateTime, SensorID, MeasValue) VALUES (TO_DATE('08/05/18 23:33', 'DD/MM/YY HH24:MI'), 14379, 0.0);
INSERT INTO SENSOR (SerialNumber, CityPlaced, SensorModel, MinimValue, MaximValue, Unit, SensorType) VALUES (135476, 'Θεοδώριανα', 'ISREX-661', -56.0, 74.9, '°C', 'Temperature');
INSERT INTO MEASUREMENT (DateTime, SensorID, MeasValue) VALUES (TO_DATE('08/05/18 23:43', 'DD/MM/YY HH24:MI'), 135476, 11.1);
INSERT INTO SENSOR (SerialNumber, CityPlaced, SensorModel, MinimValue, MaximValue, Unit, SensorType) VALUES (446417, 'Θεοδώριανα', 'MKYFG-1641', 0, 100, '%', 'Humidity');
INSERT INTO MEASUREMENT (DateTime, SensorID, MeasValue) VALUES (TO_DATE('08/05/18 23:43', 'DD/MM/YY HH24:MI'), 446417, 95);
INSERT INTO SENSOR (SerialNumber, CityPlaced, SensorModel, MinimValue, MaximValue, Unit, SensorType) VALUES (64030, 'Θεοδώριανα', 'VUTG-998', 724.0, 1069.9, 'hPa', 'Pressure');
INSERT INTO MEASUREMENT (DateTime, SensorID, MeasValue) VALUES (TO_DATE('08/05/18 23:43', 'DD/MM/YY HH24:MI'), 64030, 1006.3);
INSERT INTO SENSOR (SerialNumber, CityPlaced, SensorModel, MinimValue, MaximValue, Unit, SensorType) VALUES (49558, 'Θεοδώριανα', 'DBGC-7058', 0.0, 20.9, 'km/h', 'Wind');
INSERT INTO MEASUREMENT (DateTime, SensorID, MeasValue) VALUES (TO_DATE('08/05/18 23:43', 'DD/MM/YY HH24:MI'), 49558, 0.5);
INSERT INTO SENSOR (SerialNumber, CityPlaced, SensorModel, MinimValue, MaximValue, Unit, SensorType) VALUES (716931, 'Λεπιανά', 'DBBYO-475', -57.0, 77.9, '°C', 'Temperature');
INSERT INTO MEASUREMENT (DateTime, SensorID, MeasValue) VALUES (TO_DATE('08/05/18 23:46', 'DD/MM/YY HH24:MI'), 716931, 13.3);
INSERT INTO SENSOR (SerialNumber, CityPlaced, SensorModel, MinimValue, MaximValue, Unit, SensorType) VALUES (757621, 'Λεπιανά', 'TAUAE-2388', 0, 100, '%', 'Humidity');
INSERT INTO MEASUREMENT (DateTime, SensorID, MeasValue) VALUES (TO_DATE('08/05/18 23:46', 'DD/MM/YY HH24:MI'), 757621, 95);
INSERT INTO SENSOR (SerialNumber, CityPlaced, SensorModel, MinimValue, MaximValue, Unit, SensorType) VALUES (87854, 'Λεπιανά', 'NIME-579', 710.0, 1087.9, 'hPa', 'Pressure');
INSERT INTO MEASUREMENT (DateTime, SensorID, MeasValue) VALUES (TO_DATE('08/05/18 23:46', 'DD/MM/YY HH24:MI'), 87854, 1005.7);
INSERT INTO SENSOR (SerialNumber, CityPlaced, SensorModel, MinimValue, MaximValue, Unit, SensorType) VALUES (14163, 'Λεπιανά', 'XWCT-9281', 0.0, 22.9, 'km/h', 'Wind');
INSERT INTO MEASUREMENT (DateTime, SensorID, MeasValue) VALUES (TO_DATE('08/05/18 23:46', 'DD/MM/YY HH24:MI'), 14163, 1.3);
INSERT INTO SENSOR (SerialNumber, CityPlaced, SensorModel, MinimValue, MaximValue, Unit, SensorType) VALUES (526600, 'Ηγουμενίτσα', 'MTMLW-040', -53.0, 73.9, '°C', 'Temperature');
INSERT INTO MEASUREMENT (DateTime, SensorID, MeasValue) VALUES (TO_DATE('08/05/18 23:43', 'DD/MM/YY HH24:MI'), 526600, 16.9);
INSERT INTO SENSOR (SerialNumber, CityPlaced, SensorModel, MinimValue, MaximValue, Unit, SensorType) VALUES (188857, 'Ηγουμενίτσα', 'OZWKI-8582', 0, 100, '%', 'Humidity');
INSERT INTO MEASUREMENT (DateTime, SensorID, MeasValue) VALUES (TO_DATE('08/05/18 23:43', 'DD/MM/YY HH24:MI'), 188857, 93);
INSERT INTO SENSOR (SerialNumber, CityPlaced, SensorModel, MinimValue, MaximValue, Unit, SensorType) VALUES (98849, 'Ηγουμενίτσα', 'WIRX-038', 725.0, 1093.9, 'hPa', 'Pressure');
INSERT INTO MEASUREMENT (DateTime, SensorID, MeasValue) VALUES (TO_DATE('08/05/18 23:43', 'DD/MM/YY HH24:MI'), 98849, 1006.7);
INSERT INTO SENSOR (SerialNumber, CityPlaced, SensorModel, MinimValue, MaximValue, Unit, SensorType) VALUES (80618, 'Ηγουμενίτσα', 'RKXD-2087', 0.0, 21.9, 'km/h', 'Wind');
INSERT INTO MEASUREMENT (DateTime, SensorID, MeasValue) VALUES (TO_DATE('08/05/18 23:43', 'DD/MM/YY HH24:MI'), 80618, 5.6);
INSERT INTO SENSOR (SerialNumber, CityPlaced, SensorModel, MinimValue, MaximValue, Unit, SensorType) VALUES (101706, 'Φιλοθέη', 'MANAQ-131', -53.0, 76.9, '°C', 'Temperature');
INSERT INTO MEASUREMENT (DateTime, SensorID, MeasValue) VALUES (TO_DATE('08/05/18 23:48', 'DD/MM/YY HH24:MI'), 101706, 18.3);
INSERT INTO SENSOR (SerialNumber, CityPlaced, SensorModel, MinimValue, MaximValue, Unit, SensorType) VALUES (462081, 'Φιλοθέη', 'ZSGIY-3560', 0, 100, '%', 'Humidity');
INSERT INTO MEASUREMENT (DateTime, SensorID, MeasValue) VALUES (TO_DATE('08/05/18 23:48', 'DD/MM/YY HH24:MI'), 462081, 94);
INSERT INTO SENSOR (SerialNumber, CityPlaced, SensorModel, MinimValue, MaximValue, Unit, SensorType) VALUES (36825, 'Φιλοθέη', 'RXRT-464', 702.0, 1073.9, 'hPa', 'Pressure');
INSERT INTO MEASUREMENT (DateTime, SensorID, MeasValue) VALUES (TO_DATE('08/05/18 23:48', 'DD/MM/YY HH24:MI'), 36825, 1007.6);
INSERT INTO SENSOR (SerialNumber, CityPlaced, SensorModel, MinimValue, MaximValue, Unit, SensorType) VALUES (50792, 'Φιλοθέη', 'MRIT-8092', 0.0, 22.9, 'km/h', 'Wind');
INSERT INTO MEASUREMENT (DateTime, SensorID, MeasValue) VALUES (TO_DATE('08/05/18 23:48', 'DD/MM/YY HH24:MI'), 50792, 5.4);
INSERT INTO SENSOR (SerialNumber, CityPlaced, SensorModel, MinimValue, MaximValue, Unit, SensorType) VALUES (558021, 'Alexan', 'RYDXS-774', -57.0, 73.9, '°C', 'Temperature');
INSERT INTO MEASUREMENT (DateTime, SensorID, MeasValue) VALUES (TO_DATE('08/05/18 23:13', 'DD/MM/YY HH24:MI'), 558021, 15.0);
INSERT INTO SENSOR (SerialNumber, CityPlaced, SensorModel, MinimValue, MaximValue, Unit, SensorType) VALUES (951099, 'Alexan', 'COYYS-8551', 0, 100, '%', 'Humidity');
INSERT INTO MEASUREMENT (DateTime, SensorID, MeasValue) VALUES (TO_DATE('08/05/18 23:13', 'DD/MM/YY HH24:MI'), 951099, 96);
INSERT INTO SENSOR (SerialNumber, CityPlaced, SensorModel, MinimValue, MaximValue, Unit, SensorType) VALUES (15991, 'Alexan', 'HNRP-363', 734.0, 1064.9, 'hPa', 'Pressure');
INSERT INTO MEASUREMENT (DateTime, SensorID, MeasValue) VALUES (TO_DATE('08/05/18 23:13', 'DD/MM/YY HH24:MI'), 15991, 1005.9);
INSERT INTO SENSOR (SerialNumber, CityPlaced, SensorModel, MinimValue, MaximValue, Unit, SensorType) VALUES (18920, 'Alexan', 'TEYS-4793', 0.0, 22.9, 'km/h', 'Wind');
INSERT INTO MEASUREMENT (DateTime, SensorID, MeasValue) VALUES (TO_DATE('08/05/18 23:13', 'DD/MM/YY HH24:MI'), 18920, 0.0);
INSERT INTO SENSOR (SerialNumber, CityPlaced, SensorModel, MinimValue, MaximValue, Unit, SensorType) VALUES (102967, 'Αγία Κυριακή', 'QHFPH-154', -56.0, 62.9, '°C', 'Temperature');
INSERT INTO MEASUREMENT (DateTime, SensorID, MeasValue) VALUES (TO_DATE('08/05/18 23:46', 'DD/MM/YY HH24:MI'), 102967, 13.6);
INSERT INTO SENSOR (SerialNumber, CityPlaced, SensorModel, MinimValue, MaximValue, Unit, SensorType) VALUES (292740, 'Αγία Κυριακή', 'NHWWB-7756', 0, 100, '%', 'Humidity');
INSERT INTO MEASUREMENT (DateTime, SensorID, MeasValue) VALUES (TO_DATE('08/05/18 23:46', 'DD/MM/YY HH24:MI'), 292740, 96);
INSERT INTO SENSOR (SerialNumber, CityPlaced, SensorModel, MinimValue, MaximValue, Unit, SensorType) VALUES (50000, 'Αγία Κυριακή', 'BIFS-114', 746.0, 1069.9, 'hPa', 'Pressure');
INSERT INTO MEASUREMENT (DateTime, SensorID, MeasValue) VALUES (TO_DATE('08/05/18 23:46', 'DD/MM/YY HH24:MI'), 50000, 1008.0);
INSERT INTO SENSOR (SerialNumber, CityPlaced, SensorModel, MinimValue, MaximValue, Unit, SensorType) VALUES (74684, 'Αγία Κυριακή', 'KWFD-3652', 0.0, 22.9, 'km/h', 'Wind');
INSERT INTO MEASUREMENT (DateTime, SensorID, MeasValue) VALUES (TO_DATE('08/05/18 23:46', 'DD/MM/YY HH24:MI'), 74684, 0.5);
INSERT INTO SENSOR (SerialNumber, CityPlaced, SensorModel, MinimValue, MaximValue, Unit, SensorType) VALUES (488631, 'Αγία Παρασκευή Κεράσοβο', 'ZISFS-371', -58.0, 60.9, '°C', 'Temperature');
INSERT INTO MEASUREMENT (DateTime, SensorID, MeasValue) VALUES (TO_DATE('08/05/18 23:44', 'DD/MM/YY HH24:MI'), 488631, 12.8);
INSERT INTO SENSOR (SerialNumber, CityPlaced, SensorModel, MinimValue, MaximValue, Unit, SensorType) VALUES (555688, 'Αγία Παρασκευή Κεράσοβο', 'MDFQK-2498', 0, 100, '%', 'Humidity');
INSERT INTO MEASUREMENT (DateTime, SensorID, MeasValue) VALUES (TO_DATE('08/05/18 23:44', 'DD/MM/YY HH24:MI'), 555688, 94);
INSERT INTO SENSOR (SerialNumber, CityPlaced, SensorModel, MinimValue, MaximValue, Unit, SensorType) VALUES (69115, 'Αγία Παρασκευή Κεράσοβο', 'SWNK-226', 707.0, 1078.9, 'hPa', 'Pressure');
INSERT INTO MEASUREMENT (DateTime, SensorID, MeasValue) VALUES (TO_DATE('08/05/18 23:44', 'DD/MM/YY HH24:MI'), 69115, 1005.8);
INSERT INTO SENSOR (SerialNumber, CityPlaced, SensorModel, MinimValue, MaximValue, Unit, SensorType) VALUES (10860, 'Αγία Παρασκευή Κεράσοβο', 'DRGP-4392', 0.0, 25.9, 'km/h', 'Wind');
INSERT INTO MEASUREMENT (DateTime, SensorID, MeasValue) VALUES (TO_DATE('08/05/18 23:44', 'DD/MM/YY HH24:MI'), 10860, 1.1);
INSERT INTO SENSOR (SerialNumber, CityPlaced, SensorModel, MinimValue, MaximValue, Unit, SensorType) VALUES (532891, 'Ανατολή Κέντρο', 'RUTWA-170', -57.0, 66.9, '°C', 'Temperature');
INSERT INTO MEASUREMENT (DateTime, SensorID, MeasValue) VALUES (TO_DATE('08/05/18 23:45', 'DD/MM/YY HH24:MI'), 532891, 13.9);
INSERT INTO SENSOR (SerialNumber, CityPlaced, SensorModel, MinimValue, MaximValue, Unit, SensorType) VALUES (577970, 'Ανατολή Κέντρο', 'TGAYT-5586', 0, 100, '%', 'Humidity');
INSERT INTO MEASUREMENT (DateTime, SensorID, MeasValue) VALUES (TO_DATE('08/05/18 23:45', 'DD/MM/YY HH24:MI'), 577970, 93);
INSERT INTO SENSOR (SerialNumber, CityPlaced, SensorModel, MinimValue, MaximValue, Unit, SensorType) VALUES (60621, 'Ανατολή Κέντρο', 'MIJD-530', 749.0, 1084.9, 'hPa', 'Pressure');
INSERT INTO MEASUREMENT (DateTime, SensorID, MeasValue) VALUES (TO_DATE('08/05/18 23:45', 'DD/MM/YY HH24:MI'), 60621, 1009.9);
INSERT INTO SENSOR (SerialNumber, CityPlaced, SensorModel, MinimValue, MaximValue, Unit, SensorType) VALUES (20981, 'Ανατολή Κέντρο', 'JYZR-0597', 0.0, 23.9, 'km/h', 'Wind');
INSERT INTO MEASUREMENT (DateTime, SensorID, MeasValue) VALUES (TO_DATE('08/05/18 23:45', 'DD/MM/YY HH24:MI'), 20981, 4.1);
INSERT INTO SENSOR (SerialNumber, CityPlaced, SensorModel, MinimValue, MaximValue, Unit, SensorType) VALUES (939793, 'Δερβίζιανα', 'FTMGI-117', -56.0, 62.9, '°C', 'Temperature');
INSERT INTO MEASUREMENT (DateTime, SensorID, MeasValue) VALUES (TO_DATE('08/05/18 23:41', 'DD/MM/YY HH24:MI'), 939793, 12.7);
INSERT INTO SENSOR (SerialNumber, CityPlaced, SensorModel, MinimValue, MaximValue, Unit, SensorType) VALUES (596558, 'Δερβίζιανα', 'UMFLL-3633', 0, 100, '%', 'Humidity');
INSERT INTO MEASUREMENT (DateTime, SensorID, MeasValue) VALUES (TO_DATE('08/05/18 23:41', 'DD/MM/YY HH24:MI'), 596558, 95);
INSERT INTO SENSOR (SerialNumber, CityPlaced, SensorModel, MinimValue, MaximValue, Unit, SensorType) VALUES (87865, 'Δερβίζιανα', 'AWIZ-648', 703.0, 1074.9, 'hPa', 'Pressure');
INSERT INTO MEASUREMENT (DateTime, SensorID, MeasValue) VALUES (TO_DATE('08/05/18 23:41', 'DD/MM/YY HH24:MI'), 87865, 1006.5);
INSERT INTO SENSOR (SerialNumber, CityPlaced, SensorModel, MinimValue, MaximValue, Unit, SensorType) VALUES (21215, 'Δερβίζιανα', 'KXOB-3772', 0.0, 22.9, 'km/h', 'Wind');
INSERT INTO MEASUREMENT (DateTime, SensorID, MeasValue) VALUES (TO_DATE('08/05/18 23:41', 'DD/MM/YY HH24:MI'), 21215, 0.8);
INSERT INTO SENSOR (SerialNumber, CityPlaced, SensorModel, MinimValue, MaximValue, Unit, SensorType) VALUES (730373, 'Δωδώνη', 'XZXGR-345', -50.0, 72.9, '°C', 'Temperature');
INSERT INTO MEASUREMENT (DateTime, SensorID, MeasValue) VALUES (TO_DATE('08/05/18 23:44', 'DD/MM/YY HH24:MI'), 730373, 12.7);
INSERT INTO SENSOR (SerialNumber, CityPlaced, SensorModel, MinimValue, MaximValue, Unit, SensorType) VALUES (817355, 'Δωδώνη', 'QRQFR-4534', 0, 100, '%', 'Humidity');
INSERT INTO MEASUREMENT (DateTime, SensorID, MeasValue) VALUES (TO_DATE('08/05/18 23:44', 'DD/MM/YY HH24:MI'), 817355, 93);
INSERT INTO SENSOR (SerialNumber, CityPlaced, SensorModel, MinimValue, MaximValue, Unit, SensorType) VALUES (73165, 'Δωδώνη', 'OJJM-941', 746.0, 1083.9, 'hPa', 'Pressure');
INSERT INTO MEASUREMENT (DateTime, SensorID, MeasValue) VALUES (TO_DATE('08/05/18 23:44', 'DD/MM/YY HH24:MI'), 73165, 1006.1);
INSERT INTO SENSOR (SerialNumber, CityPlaced, SensorModel, MinimValue, MaximValue, Unit, SensorType) VALUES (59602, 'Δωδώνη', 'WXSI-6057', 0.0, 22.9, 'km/h', 'Wind');
INSERT INTO MEASUREMENT (DateTime, SensorID, MeasValue) VALUES (TO_DATE('08/05/18 23:44', 'DD/MM/YY HH24:MI'), 59602, 1.1);
INSERT INTO SENSOR (SerialNumber, CityPlaced, SensorModel, MinimValue, MaximValue, Unit, SensorType) VALUES (720343, 'Ελεούσα', 'SCOGW-019', -52.0, 67.9, '°C', 'Temperature');
INSERT INTO MEASUREMENT (DateTime, SensorID, MeasValue) VALUES (TO_DATE('08/05/18 23:48', 'DD/MM/YY HH24:MI'), 720343, 15.7);
INSERT INTO SENSOR (SerialNumber, CityPlaced, SensorModel, MinimValue, MaximValue, Unit, SensorType) VALUES (334324, 'Ελεούσα', 'MTCDX-8418', 0, 100, '%', 'Humidity');
INSERT INTO MEASUREMENT (DateTime, SensorID, MeasValue) VALUES (TO_DATE('08/05/18 23:48', 'DD/MM/YY HH24:MI'), 334324, 91);
INSERT INTO SENSOR (SerialNumber, CityPlaced, SensorModel, MinimValue, MaximValue, Unit, SensorType) VALUES (67096, 'Ελεούσα', 'KLXY-066', 744.0, 1100.9, 'hPa', 'Pressure');
INSERT INTO MEASUREMENT (DateTime, SensorID, MeasValue) VALUES (TO_DATE('08/05/18 23:48', 'DD/MM/YY HH24:MI'), 67096, 1013.2);
INSERT INTO SENSOR (SerialNumber, CityPlaced, SensorModel, MinimValue, MaximValue, Unit, SensorType) VALUES (59579, 'Ελεούσα', 'HDVE-3161', 0.0, 24.9, 'km/h', 'Wind');
INSERT INTO MEASUREMENT (DateTime, SensorID, MeasValue) VALUES (TO_DATE('08/05/18 23:48', 'DD/MM/YY HH24:MI'), 59579, 0.0);
INSERT INTO SENSOR (SerialNumber, CityPlaced, SensorModel, MinimValue, MaximValue, Unit, SensorType) VALUES (467775, 'Ζίτσα', 'YIMAX-817', -53.0, 61.9, '°C', 'Temperature');
INSERT INTO MEASUREMENT (DateTime, SensorID, MeasValue) VALUES (TO_DATE('08/05/18 23:46', 'DD/MM/YY HH24:MI'), 467775, 13.8);
INSERT INTO SENSOR (SerialNumber, CityPlaced, SensorModel, MinimValue, MaximValue, Unit, SensorType) VALUES (964979, 'Ζίτσα', 'CDDFM-9778', 0, 100, '%', 'Humidity');
INSERT INTO MEASUREMENT (DateTime, SensorID, MeasValue) VALUES (TO_DATE('08/05/18 23:46', 'DD/MM/YY HH24:MI'), 964979, 93);
INSERT INTO SENSOR (SerialNumber, CityPlaced, SensorModel, MinimValue, MaximValue, Unit, SensorType) VALUES (56516, 'Ζίτσα', 'SRUK-300', 750.0, 1097.9, 'hPa', 'Pressure');
INSERT INTO MEASUREMENT (DateTime, SensorID, MeasValue) VALUES (TO_DATE('08/05/18 23:46', 'DD/MM/YY HH24:MI'), 56516, 1006.5);
INSERT INTO SENSOR (SerialNumber, CityPlaced, SensorModel, MinimValue, MaximValue, Unit, SensorType) VALUES (10626, 'Ζίτσα', 'CODB-4247', 0.0, 25.9, 'km/h', 'Wind');
INSERT INTO MEASUREMENT (DateTime, SensorID, MeasValue) VALUES (TO_DATE('08/05/18 23:46', 'DD/MM/YY HH24:MI'), 10626, 0.0);
INSERT INTO SENSOR (SerialNumber, CityPlaced, SensorModel, MinimValue, MaximValue, Unit, SensorType) VALUES (725514, 'Ζαγοροχώρια Τρίστενο', 'UJVKA-440', -54.0, 67.9, '°C', 'Temperature');
INSERT INTO MEASUREMENT (DateTime, SensorID, MeasValue) VALUES (TO_DATE('08/05/18 23:42', 'DD/MM/YY HH24:MI'), 725514, 12.4);
INSERT INTO SENSOR (SerialNumber, CityPlaced, SensorModel, MinimValue, MaximValue, Unit, SensorType) VALUES (343822, 'Ζαγοροχώρια Τρίστενο', 'TIBMI-7891', 0, 100, '%', 'Humidity');
INSERT INTO MEASUREMENT (DateTime, SensorID, MeasValue) VALUES (TO_DATE('08/05/18 23:42', 'DD/MM/YY HH24:MI'), 343822, 95);
INSERT INTO SENSOR (SerialNumber, CityPlaced, SensorModel, MinimValue, MaximValue, Unit, SensorType) VALUES (80787, 'Ζαγοροχώρια Τρίστενο', 'BJQA-598', 746.0, 1059.9, 'hPa', 'Pressure');
INSERT INTO MEASUREMENT (DateTime, SensorID, MeasValue) VALUES (TO_DATE('08/05/18 23:42', 'DD/MM/YY HH24:MI'), 80787, 1005.9);
INSERT INTO SENSOR (SerialNumber, CityPlaced, SensorModel, MinimValue, MaximValue, Unit, SensorType) VALUES (10813, 'Ζαγοροχώρια Τρίστενο', 'ARUG-8396', 0.0, 23.9, 'km/h', 'Wind');
INSERT INTO MEASUREMENT (DateTime, SensorID, MeasValue) VALUES (TO_DATE('08/05/18 23:42', 'DD/MM/YY HH24:MI'), 10813, 1.6);
INSERT INTO SENSOR (SerialNumber, CityPlaced, SensorModel, MinimValue, MaximValue, Unit, SensorType) VALUES (478786, 'Ιωάννινα Αμπελόκηποι', 'VQKRE-156', -52.0, 80.9, '°C', 'Temperature');
INSERT INTO MEASUREMENT (DateTime, SensorID, MeasValue) VALUES (TO_DATE('08/05/18 23:45', 'DD/MM/YY HH24:MI'), 478786, 15.7);
INSERT INTO SENSOR (SerialNumber, CityPlaced, SensorModel, MinimValue, MaximValue, Unit, SensorType) VALUES (315709, 'Ιωάννινα Αμπελόκηποι', 'YNBIS-3058', 0, 100, '%', 'Humidity');
INSERT INTO MEASUREMENT (DateTime, SensorID, MeasValue) VALUES (TO_DATE('08/05/18 23:45', 'DD/MM/YY HH24:MI'), 315709, 99);
INSERT INTO SENSOR (SerialNumber, CityPlaced, SensorModel, MinimValue, MaximValue, Unit, SensorType) VALUES (82088, 'Ιωάννινα Αμπελόκηποι', 'VHFS-735', 741.0, 1065.9, 'hPa', 'Pressure');
INSERT INTO MEASUREMENT (DateTime, SensorID, MeasValue) VALUES (TO_DATE('08/05/18 23:45', 'DD/MM/YY HH24:MI'), 82088, 1005.5);
INSERT INTO SENSOR (SerialNumber, CityPlaced, SensorModel, MinimValue, MaximValue, Unit, SensorType) VALUES (59759, 'Ιωάννινα Αμπελόκηποι', 'HSYG-1327', 0.0, 23.9, 'km/h', 'Wind');
INSERT INTO MEASUREMENT (DateTime, SensorID, MeasValue) VALUES (TO_DATE('08/05/18 23:45', 'DD/MM/YY HH24:MI'), 59759, 1.4);
INSERT INTO SENSOR (SerialNumber, CityPlaced, SensorModel, MinimValue, MaximValue, Unit, SensorType) VALUES (385434, 'Ιωάννινα Κέντρο', 'WAQCT-454', -59.0, 73.9, '°C', 'Temperature');
INSERT INTO MEASUREMENT (DateTime, SensorID, MeasValue) VALUES (TO_DATE('08/05/18 23:45', 'DD/MM/YY HH24:MI'), 385434, 16.2);
INSERT INTO SENSOR (SerialNumber, CityPlaced, SensorModel, MinimValue, MaximValue, Unit, SensorType) VALUES (632767, 'Ιωάννινα Κέντρο', 'SXNIX-1283', 0, 100, '%', 'Humidity');
INSERT INTO MEASUREMENT (DateTime, SensorID, MeasValue) VALUES (TO_DATE('08/05/18 23:45', 'DD/MM/YY HH24:MI'), 632767, 93);
INSERT INTO SENSOR (SerialNumber, CityPlaced, SensorModel, MinimValue, MaximValue, Unit, SensorType) VALUES (65293, 'Ιωάννινα Κέντρο', 'CYQW-8514', 0.0, 24.9, 'km/h', 'Wind');
INSERT INTO MEASUREMENT (DateTime, SensorID, MeasValue) VALUES (TO_DATE('08/05/18 23:45', 'DD/MM/YY HH24:MI'), 65293, 0.0);
INSERT INTO SENSOR (SerialNumber, CityPlaced, SensorModel, MinimValue, MaximValue, Unit, SensorType) VALUES (737489, 'Ιωάννινα', 'UFVBX-386', -52.0, 73.9, '°C', 'Temperature');
INSERT INTO MEASUREMENT (DateTime, SensorID, MeasValue) VALUES (TO_DATE('08/05/18 23:41', 'DD/MM/YY HH24:MI'), 737489, 13.7);
INSERT INTO SENSOR (SerialNumber, CityPlaced, SensorModel, MinimValue, MaximValue, Unit, SensorType) VALUES (392673, 'Ιωάννινα', 'FJTVB-3092', 0, 100, '%', 'Humidity');
INSERT INTO MEASUREMENT (DateTime, SensorID, MeasValue) VALUES (TO_DATE('08/05/18 23:41', 'DD/MM/YY HH24:MI'), 392673, 92);
INSERT INTO SENSOR (SerialNumber, CityPlaced, SensorModel, MinimValue, MaximValue, Unit, SensorType) VALUES (43273, 'Ιωάννινα', 'ZPRL-261', 730.0, 1092.9, 'hPa', 'Pressure');
INSERT INTO MEASUREMENT (DateTime, SensorID, MeasValue) VALUES (TO_DATE('08/05/18 23:41', 'DD/MM/YY HH24:MI'), 43273, 1005.9);
INSERT INTO SENSOR (SerialNumber, CityPlaced, SensorModel, MinimValue, MaximValue, Unit, SensorType) VALUES (37198, 'Ιωάννινα', 'FRLR-0356', 0.0, 22.9, 'km/h', 'Wind');
INSERT INTO MEASUREMENT (DateTime, SensorID, MeasValue) VALUES (TO_DATE('08/05/18 23:41', 'DD/MM/YY HH24:MI'), 37198, 1.1);
INSERT INTO SENSOR (SerialNumber, CityPlaced, SensorModel, MinimValue, MaximValue, Unit, SensorType) VALUES (261288, 'Καρδαμίτσια', 'EVGER-267', -55.0, 64.9, '°C', 'Temperature');
INSERT INTO MEASUREMENT (DateTime, SensorID, MeasValue) VALUES (TO_DATE('08/05/18 23:44', 'DD/MM/YY HH24:MI'), 261288, 14.8);
INSERT INTO SENSOR (SerialNumber, CityPlaced, SensorModel, MinimValue, MaximValue, Unit, SensorType) VALUES (329585, 'Καρδαμίτσια', 'BVLSF-9676', 0, 100, '%', 'Humidity');
INSERT INTO MEASUREMENT (DateTime, SensorID, MeasValue) VALUES (TO_DATE('08/05/18 23:44', 'DD/MM/YY HH24:MI'), 329585, 94);
INSERT INTO SENSOR (SerialNumber, CityPlaced, SensorModel, MinimValue, MaximValue, Unit, SensorType) VALUES (52309, 'Καρδαμίτσια', 'JQXQ-668', 719.0, 1090.9, 'hPa', 'Pressure');
INSERT INTO MEASUREMENT (DateTime, SensorID, MeasValue) VALUES (TO_DATE('08/05/18 23:44', 'DD/MM/YY HH24:MI'), 52309, 1004.1);
INSERT INTO SENSOR (SerialNumber, CityPlaced, SensorModel, MinimValue, MaximValue, Unit, SensorType) VALUES (58782, 'Καρδαμίτσια', 'PHPV-8352', 0.0, 21.9, 'km/h', 'Wind');
INSERT INTO MEASUREMENT (DateTime, SensorID, MeasValue) VALUES (TO_DATE('08/05/18 23:44', 'DD/MM/YY HH24:MI'), 58782, 0.0);
INSERT INTO SENSOR (SerialNumber, CityPlaced, SensorModel, MinimValue, MaximValue, Unit, SensorType) VALUES (391495, 'Μέτσοβο', 'BHHMD-671', -55.0, 61.9, '°C', 'Temperature');
INSERT INTO MEASUREMENT (DateTime, SensorID, MeasValue) VALUES (TO_DATE('08/05/18 23:44', 'DD/MM/YY HH24:MI'), 391495, 10.9);
INSERT INTO SENSOR (SerialNumber, CityPlaced, SensorModel, MinimValue, MaximValue, Unit, SensorType) VALUES (787076, 'Μέτσοβο', 'WYBSI-5427', 0, 100, '%', 'Humidity');
INSERT INTO MEASUREMENT (DateTime, SensorID, MeasValue) VALUES (TO_DATE('08/05/18 23:44', 'DD/MM/YY HH24:MI'), 787076, 91);
INSERT INTO SENSOR (SerialNumber, CityPlaced, SensorModel, MinimValue, MaximValue, Unit, SensorType) VALUES (79784, 'Μέτσοβο', 'CLMZ-971', 748.0, 1097.9, 'hPa', 'Pressure');
INSERT INTO MEASUREMENT (DateTime, SensorID, MeasValue) VALUES (TO_DATE('08/05/18 23:44', 'DD/MM/YY HH24:MI'), 79784, 1006.7);
INSERT INTO SENSOR (SerialNumber, CityPlaced, SensorModel, MinimValue, MaximValue, Unit, SensorType) VALUES (38146, 'Μέτσοβο', 'JPEL-2317', 0.0, 21.9, 'km/h', 'Wind');
INSERT INTO MEASUREMENT (DateTime, SensorID, MeasValue) VALUES (TO_DATE('08/05/18 23:44', 'DD/MM/YY HH24:MI'), 38146, 1.9);
INSERT INTO SENSOR (SerialNumber, CityPlaced, SensorModel, MinimValue, MaximValue, Unit, SensorType) VALUES (763968, 'Πληκάτι', 'LAHHY-447', -57.0, 75.9, '°C', 'Temperature');
INSERT INTO MEASUREMENT (DateTime, SensorID, MeasValue) VALUES (TO_DATE('08/05/18 23:44', 'DD/MM/YY HH24:MI'), 763968, 9.7);
INSERT INTO SENSOR (SerialNumber, CityPlaced, SensorModel, MinimValue, MaximValue, Unit, SensorType) VALUES (691274, 'Πληκάτι', 'NYQGN-1605', 0, 100, '%', 'Humidity');
INSERT INTO MEASUREMENT (DateTime, SensorID, MeasValue) VALUES (TO_DATE('08/05/18 23:44', 'DD/MM/YY HH24:MI'), 691274, 91);
INSERT INTO SENSOR (SerialNumber, CityPlaced, SensorModel, MinimValue, MaximValue, Unit, SensorType) VALUES (24470, 'Πληκάτι', 'KXZK-649', 734.0, 1077.9, 'hPa', 'Pressure');
INSERT INTO MEASUREMENT (DateTime, SensorID, MeasValue) VALUES (TO_DATE('08/05/18 23:44', 'DD/MM/YY HH24:MI'), 24470, 1006.7);
INSERT INTO SENSOR (SerialNumber, CityPlaced, SensorModel, MinimValue, MaximValue, Unit, SensorType) VALUES (86915, 'Πληκάτι', 'NZKG-3598', 0.0, 23.9, 'km/h', 'Wind');
INSERT INTO MEASUREMENT (DateTime, SensorID, MeasValue) VALUES (TO_DATE('08/05/18 23:44', 'DD/MM/YY HH24:MI'), 86915, 2.7);
INSERT INTO SENSOR (SerialNumber, CityPlaced, SensorModel, MinimValue, MaximValue, Unit, SensorType) VALUES (841637, 'Πράμαντα', 'LEYNS-857', -54.0, 72.9, '°C', 'Temperature');
INSERT INTO MEASUREMENT (DateTime, SensorID, MeasValue) VALUES (TO_DATE('08/05/18 23:32', 'DD/MM/YY HH24:MI'), 841637, 12.9);
INSERT INTO SENSOR (SerialNumber, CityPlaced, SensorModel, MinimValue, MaximValue, Unit, SensorType) VALUES (882021, 'Πράμαντα', 'PSAUV-0460', 0, 100, '%', 'Humidity');
INSERT INTO MEASUREMENT (DateTime, SensorID, MeasValue) VALUES (TO_DATE('08/05/18 23:32', 'DD/MM/YY HH24:MI'), 882021, 95);
INSERT INTO SENSOR (SerialNumber, CityPlaced, SensorModel, MinimValue, MaximValue, Unit, SensorType) VALUES (96704, 'Πράμαντα', 'DHZA-297', 737.0, 1053.9, 'hPa', 'Pressure');
INSERT INTO MEASUREMENT (DateTime, SensorID, MeasValue) VALUES (TO_DATE('08/05/18 23:32', 'DD/MM/YY HH24:MI'), 96704, 1008.3);
INSERT INTO SENSOR (SerialNumber, CityPlaced, SensorModel, MinimValue, MaximValue, Unit, SensorType) VALUES (45777, 'Πράμαντα', 'AWQB-3430', 0.0, 24.9, 'km/h', 'Wind');
INSERT INTO MEASUREMENT (DateTime, SensorID, MeasValue) VALUES (TO_DATE('08/05/18 23:32', 'DD/MM/YY HH24:MI'), 45777, 3.0);
INSERT INTO SENSOR (SerialNumber, CityPlaced, SensorModel, MinimValue, MaximValue, Unit, SensorType) VALUES (100878, 'Τύρια', 'LYJGY-278', -56.0, 66.9, '°C', 'Temperature');
INSERT INTO MEASUREMENT (DateTime, SensorID, MeasValue) VALUES (TO_DATE('08/05/18 23:41', 'DD/MM/YY HH24:MI'), 100878, 15.5);
INSERT INTO SENSOR (SerialNumber, CityPlaced, SensorModel, MinimValue, MaximValue, Unit, SensorType) VALUES (554859, 'Τύρια', 'PMLDH-8900', 0, 100, '%', 'Humidity');
INSERT INTO MEASUREMENT (DateTime, SensorID, MeasValue) VALUES (TO_DATE('08/05/18 23:41', 'DD/MM/YY HH24:MI'), 554859, 96);
INSERT INTO SENSOR (SerialNumber, CityPlaced, SensorModel, MinimValue, MaximValue, Unit, SensorType) VALUES (98200, 'Τύρια', 'SHGN-574', 721.0, 1082.9, 'hPa', 'Pressure');
INSERT INTO MEASUREMENT (DateTime, SensorID, MeasValue) VALUES (TO_DATE('08/05/18 23:41', 'DD/MM/YY HH24:MI'), 98200, 1006.7);
INSERT INTO SENSOR (SerialNumber, CityPlaced, SensorModel, MinimValue, MaximValue, Unit, SensorType) VALUES (84917, 'Τύρια', 'DVBY-0655', 0.0, 21.9, 'km/h', 'Wind');
INSERT INTO MEASUREMENT (DateTime, SensorID, MeasValue) VALUES (TO_DATE('08/05/18 23:41', 'DD/MM/YY HH24:MI'), 84917, 0.5);
INSERT INTO SENSOR (SerialNumber, CityPlaced, SensorModel, MinimValue, MaximValue, Unit, SensorType) VALUES (319963, 'Καστροσυκιά', 'JBSFT-199', -58.0, 71.9, '°C', 'Temperature');
INSERT INTO MEASUREMENT (DateTime, SensorID, MeasValue) VALUES (TO_DATE('08/05/18 23:48', 'DD/MM/YY HH24:MI'), 319963, 17.7);
INSERT INTO SENSOR (SerialNumber, CityPlaced, SensorModel, MinimValue, MaximValue, Unit, SensorType) VALUES (362880, 'Καστροσυκιά', 'FRGMV-9970', 0, 100, '%', 'Humidity');
INSERT INTO MEASUREMENT (DateTime, SensorID, MeasValue) VALUES (TO_DATE('08/05/18 23:48', 'DD/MM/YY HH24:MI'), 362880, 93);
INSERT INTO SENSOR (SerialNumber, CityPlaced, SensorModel, MinimValue, MaximValue, Unit, SensorType) VALUES (65382, 'Καστροσυκιά', 'YCGI-004', 747.0, 1056.9, 'hPa', 'Pressure');
INSERT INTO MEASUREMENT (DateTime, SensorID, MeasValue) VALUES (TO_DATE('08/05/18 23:48', 'DD/MM/YY HH24:MI'), 65382, 1005.8);
INSERT INTO SENSOR (SerialNumber, CityPlaced, SensorModel, MinimValue, MaximValue, Unit, SensorType) VALUES (78263, 'Καστροσυκιά', 'HPJW-5234', 0.0, 22.9, 'km/h', 'Wind');
INSERT INTO MEASUREMENT (DateTime, SensorID, MeasValue) VALUES (TO_DATE('08/05/18 23:48', 'DD/MM/YY HH24:MI'), 78263, 2.7);
INSERT INTO SENSOR (SerialNumber, CityPlaced, SensorModel, MinimValue, MaximValue, Unit, SensorType) VALUES (446865, 'Φυλακτή Λίμνη Πλαστήρα', 'ZCYYS-674', -58.0, 78.9, '°C', 'Temperature');
INSERT INTO MEASUREMENT (DateTime, SensorID, MeasValue) VALUES (TO_DATE('08/05/18 23:45', 'DD/MM/YY HH24:MI'), 446865, 12.3);
INSERT INTO SENSOR (SerialNumber, CityPlaced, SensorModel, MinimValue, MaximValue, Unit, SensorType) VALUES (550645, 'Φυλακτή Λίμνη Πλαστήρα', 'VKCEH-9702', 0, 100, '%', 'Humidity');
INSERT INTO MEASUREMENT (DateTime, SensorID, MeasValue) VALUES (TO_DATE('08/05/18 23:45', 'DD/MM/YY HH24:MI'), 550645, 40);
INSERT INTO SENSOR (SerialNumber, CityPlaced, SensorModel, MinimValue, MaximValue, Unit, SensorType) VALUES (24380, 'Φυλακτή Λίμνη Πλαστήρα', 'TLBM-672', 713.0, 1099.9, 'hPa', 'Pressure');
INSERT INTO MEASUREMENT (DateTime, SensorID, MeasValue) VALUES (TO_DATE('08/05/18 23:45', 'DD/MM/YY HH24:MI'), 24380, 1006.5);
INSERT INTO SENSOR (SerialNumber, CityPlaced, SensorModel, MinimValue, MaximValue, Unit, SensorType) VALUES (25759, 'Φυλακτή Λίμνη Πλαστήρα', 'BFAL-7427', 0.0, 25.9, 'km/h', 'Wind');
INSERT INTO MEASUREMENT (DateTime, SensorID, MeasValue) VALUES (TO_DATE('08/05/18 23:45', 'DD/MM/YY HH24:MI'), 25759, 0.6);
INSERT INTO SENSOR (SerialNumber, CityPlaced, SensorModel, MinimValue, MaximValue, Unit, SensorType) VALUES (422626, 'Βελίκα', 'EDVBK-901', -57.0, 65.9, '°C', 'Temperature');
INSERT INTO MEASUREMENT (DateTime, SensorID, MeasValue) VALUES (TO_DATE('08/05/18 23:48', 'DD/MM/YY HH24:MI'), 422626, 18.1);
INSERT INTO SENSOR (SerialNumber, CityPlaced, SensorModel, MinimValue, MaximValue, Unit, SensorType) VALUES (644964, 'Βελίκα', 'BGIRS-6826', 0, 100, '%', 'Humidity');
INSERT INTO MEASUREMENT (DateTime, SensorID, MeasValue) VALUES (TO_DATE('08/05/18 23:48', 'DD/MM/YY HH24:MI'), 644964, 82);
INSERT INTO SENSOR (SerialNumber, CityPlaced, SensorModel, MinimValue, MaximValue, Unit, SensorType) VALUES (88796, 'Βελίκα', 'CZJL-549', 730.0, 1079.9, 'hPa', 'Pressure');
INSERT INTO MEASUREMENT (DateTime, SensorID, MeasValue) VALUES (TO_DATE('08/05/18 23:48', 'DD/MM/YY HH24:MI'), 88796, 1006.2);
INSERT INTO SENSOR (SerialNumber, CityPlaced, SensorModel, MinimValue, MaximValue, Unit, SensorType) VALUES (54895, 'Βελίκα', 'PPWZ-9254', 0.0, 25.9, 'km/h', 'Wind');
INSERT INTO MEASUREMENT (DateTime, SensorID, MeasValue) VALUES (TO_DATE('08/05/18 23:48', 'DD/MM/YY HH24:MI'), 54895, 1.5);
INSERT INTO SENSOR (SerialNumber, CityPlaced, SensorModel, MinimValue, MaximValue, Unit, SensorType) VALUES (106630, 'Λάρισα 6 Δρόμοι', 'YWJIB-868', -55.0, 80.9, '°C', 'Temperature');
INSERT INTO MEASUREMENT (DateTime, SensorID, MeasValue) VALUES (TO_DATE('08/05/18 23:44', 'DD/MM/YY HH24:MI'), 106630, 17.7);
INSERT INTO SENSOR (SerialNumber, CityPlaced, SensorModel, MinimValue, MaximValue, Unit, SensorType) VALUES (840516, 'Λάρισα 6 Δρόμοι', 'SVTBD-7611', 0, 100, '%', 'Humidity');
INSERT INTO MEASUREMENT (DateTime, SensorID, MeasValue) VALUES (TO_DATE('08/05/18 23:44', 'DD/MM/YY HH24:MI'), 840516, 81);
INSERT INTO SENSOR (SerialNumber, CityPlaced, SensorModel, MinimValue, MaximValue, Unit, SensorType) VALUES (77090, 'Λάρισα 6 Δρόμοι', 'XYIO-745', 708.0, 1075.9, 'hPa', 'Pressure');
INSERT INTO MEASUREMENT (DateTime, SensorID, MeasValue) VALUES (TO_DATE('08/05/18 23:44', 'DD/MM/YY HH24:MI'), 77090, 1005.2);
INSERT INTO SENSOR (SerialNumber, CityPlaced, SensorModel, MinimValue, MaximValue, Unit, SensorType) VALUES (42116, 'Λάρισα 6 Δρόμοι', 'VIWD-4925', 0.0, 22.9, 'km/h', 'Wind');
INSERT INTO MEASUREMENT (DateTime, SensorID, MeasValue) VALUES (TO_DATE('08/05/18 23:44', 'DD/MM/YY HH24:MI'), 42116, 0.8);
INSERT INTO SENSOR (SerialNumber, CityPlaced, SensorModel, MinimValue, MaximValue, Unit, SensorType) VALUES (699676, 'Λάρισα ΑΤΑ', 'VBVSL-074', -58.0, 65.9, '°C', 'Temperature');
INSERT INTO MEASUREMENT (DateTime, SensorID, MeasValue) VALUES (TO_DATE('08/05/18 23:42', 'DD/MM/YY HH24:MI'), 699676, 18.5);
INSERT INTO SENSOR (SerialNumber, CityPlaced, SensorModel, MinimValue, MaximValue, Unit, SensorType) VALUES (378067, 'Λάρισα ΑΤΑ', 'SCYJY-6263', 0, 100, '%', 'Humidity');
INSERT INTO MEASUREMENT (DateTime, SensorID, MeasValue) VALUES (TO_DATE('08/05/18 23:42', 'DD/MM/YY HH24:MI'), 378067, 78);
INSERT INTO SENSOR (SerialNumber, CityPlaced, SensorModel, MinimValue, MaximValue, Unit, SensorType) VALUES (45351, 'Λάρισα ΑΤΑ', 'JJWA-344', 742.0, 1072.9, 'hPa', 'Pressure');
INSERT INTO MEASUREMENT (DateTime, SensorID, MeasValue) VALUES (TO_DATE('08/05/18 23:42', 'DD/MM/YY HH24:MI'), 45351, 1003.6);
INSERT INTO SENSOR (SerialNumber, CityPlaced, SensorModel, MinimValue, MaximValue, Unit, SensorType) VALUES (71900, 'Λάρισα ΑΤΑ', 'WEXE-7126', 0.0, 21.9, 'km/h', 'Wind');
INSERT INTO MEASUREMENT (DateTime, SensorID, MeasValue) VALUES (TO_DATE('08/05/18 23:42', 'DD/MM/YY HH24:MI'), 71900, 1.3);
INSERT INTO SENSOR (SerialNumber, CityPlaced, SensorModel, MinimValue, MaximValue, Unit, SensorType) VALUES (547437, 'Λάρισα Σίφνου', 'GTTWN-569', -51.0, 69.9, '°C', 'Temperature');
INSERT INTO MEASUREMENT (DateTime, SensorID, MeasValue) VALUES (TO_DATE('08/05/18 23:48', 'DD/MM/YY HH24:MI'), 547437, 17.7);
INSERT INTO SENSOR (SerialNumber, CityPlaced, SensorModel, MinimValue, MaximValue, Unit, SensorType) VALUES (974302, 'Λάρισα Σίφνου', 'WHKHU-1363', 0, 100, '%', 'Humidity');
INSERT INTO MEASUREMENT (DateTime, SensorID, MeasValue) VALUES (TO_DATE('08/05/18 23:48', 'DD/MM/YY HH24:MI'), 974302, 77);
INSERT INTO SENSOR (SerialNumber, CityPlaced, SensorModel, MinimValue, MaximValue, Unit, SensorType) VALUES (91638, 'Λάρισα Σίφνου', 'CZJF-043', 708.0, 1082.9, 'hPa', 'Pressure');
INSERT INTO MEASUREMENT (DateTime, SensorID, MeasValue) VALUES (TO_DATE('08/05/18 23:48', 'DD/MM/YY HH24:MI'), 91638, 1005.7);
INSERT INTO SENSOR (SerialNumber, CityPlaced, SensorModel, MinimValue, MaximValue, Unit, SensorType) VALUES (53746, 'Λάρισα Σίφνου', 'RDNE-9952', 0.0, 21.9, 'km/h', 'Wind');
INSERT INTO MEASUREMENT (DateTime, SensorID, MeasValue) VALUES (TO_DATE('08/05/18 23:48', 'DD/MM/YY HH24:MI'), 53746, 1.8);
INSERT INTO SENSOR (SerialNumber, CityPlaced, SensorModel, MinimValue, MaximValue, Unit, SensorType) VALUES (743256, 'Συκούριο', 'JNSLL-186', -51.0, 80.9, '°C', 'Temperature');
INSERT INTO MEASUREMENT (DateTime, SensorID, MeasValue) VALUES (TO_DATE('08/05/18 23:48', 'DD/MM/YY HH24:MI'), 743256, 17.1);
INSERT INTO SENSOR (SerialNumber, CityPlaced, SensorModel, MinimValue, MaximValue, Unit, SensorType) VALUES (204099, 'Συκούριο', 'AGQEL-5948', 0, 100, '%', 'Humidity');
INSERT INTO MEASUREMENT (DateTime, SensorID, MeasValue) VALUES (TO_DATE('08/05/18 23:48', 'DD/MM/YY HH24:MI'), 204099, 80);
INSERT INTO SENSOR (SerialNumber, CityPlaced, SensorModel, MinimValue, MaximValue, Unit, SensorType) VALUES (52807, 'Συκούριο', 'QKCN-259', 710.0, 1098.9, 'hPa', 'Pressure');
INSERT INTO MEASUREMENT (DateTime, SensorID, MeasValue) VALUES (TO_DATE('08/05/18 23:48', 'DD/MM/YY HH24:MI'), 52807, 1004.2);
INSERT INTO SENSOR (SerialNumber, CityPlaced, SensorModel, MinimValue, MaximValue, Unit, SensorType) VALUES (48747, 'Συκούριο', 'XYRT-7124', 0.0, 21.9, 'km/h', 'Wind');
INSERT INTO MEASUREMENT (DateTime, SensorID, MeasValue) VALUES (TO_DATE('08/05/18 23:48', 'DD/MM/YY HH24:MI'), 48747, 3.7);
INSERT INTO SENSOR (SerialNumber, CityPlaced, SensorModel, MinimValue, MaximValue, Unit, SensorType) VALUES (180486, 'Πηγάδι', 'IDRFM-912', -51.0, 80.9, '°C', 'Temperature');
INSERT INTO MEASUREMENT (DateTime, SensorID, MeasValue) VALUES (TO_DATE('08/05/18 23:35', 'DD/MM/YY HH24:MI'), 180486, 17.4);
INSERT INTO SENSOR (SerialNumber, CityPlaced, SensorModel, MinimValue, MaximValue, Unit, SensorType) VALUES (735632, 'Πηγάδι', 'YGIBV-5280', 0, 100, '%', 'Humidity');
INSERT INTO MEASUREMENT (DateTime, SensorID, MeasValue) VALUES (TO_DATE('08/05/18 23:35', 'DD/MM/YY HH24:MI'), 735632, 94);
INSERT INTO SENSOR (SerialNumber, CityPlaced, SensorModel, MinimValue, MaximValue, Unit, SensorType) VALUES (68225, 'Πηγάδι', 'RWYQ-864', 745.0, 1061.9, 'hPa', 'Pressure');
INSERT INTO MEASUREMENT (DateTime, SensorID, MeasValue) VALUES (TO_DATE('08/05/18 23:35', 'DD/MM/YY HH24:MI'), 68225, 1004.6);
INSERT INTO SENSOR (SerialNumber, CityPlaced, SensorModel, MinimValue, MaximValue, Unit, SensorType) VALUES (88279, 'Πηγάδι', 'BUHL-3482', 0.0, 25.9, 'km/h', 'Wind');
INSERT INTO MEASUREMENT (DateTime, SensorID, MeasValue) VALUES (TO_DATE('08/05/18 23:35', 'DD/MM/YY HH24:MI'), 88279, 0.0);
INSERT INTO SENSOR (SerialNumber, CityPlaced, SensorModel, MinimValue, MaximValue, Unit, SensorType) VALUES (960270, 'Πορταριά', 'VZWHT-793', -50.0, 63.9, '°C', 'Temperature');
INSERT INTO MEASUREMENT (DateTime, SensorID, MeasValue) VALUES (TO_DATE('08/05/18 23:45', 'DD/MM/YY HH24:MI'), 960270, 15.1);
INSERT INTO SENSOR (SerialNumber, CityPlaced, SensorModel, MinimValue, MaximValue, Unit, SensorType) VALUES (135473, 'Πορταριά', 'PELXM-0041', 0, 100, '%', 'Humidity');
INSERT INTO MEASUREMENT (DateTime, SensorID, MeasValue) VALUES (TO_DATE('08/05/18 23:45', 'DD/MM/YY HH24:MI'), 135473, 52);
INSERT INTO SENSOR (SerialNumber, CityPlaced, SensorModel, MinimValue, MaximValue, Unit, SensorType) VALUES (50932, 'Πορταριά', 'UERF-124', 707.0, 1066.9, 'hPa', 'Pressure');
INSERT INTO MEASUREMENT (DateTime, SensorID, MeasValue) VALUES (TO_DATE('08/05/18 23:45', 'DD/MM/YY HH24:MI'), 50932, 1003.2);
INSERT INTO SENSOR (SerialNumber, CityPlaced, SensorModel, MinimValue, MaximValue, Unit, SensorType) VALUES (67854, 'Πορταριά', 'JHBW-9926', 0.0, 23.9, 'km/h', 'Wind');
INSERT INTO MEASUREMENT (DateTime, SensorID, MeasValue) VALUES (TO_DATE('08/05/18 23:45', 'DD/MM/YY HH24:MI'), 67854, 3.2);
INSERT INTO SENSOR (SerialNumber, CityPlaced, SensorModel, MinimValue, MaximValue, Unit, SensorType) VALUES (251642, 'Σκιάθος Ερασιτεχνικό Αστεροσκοπείο', 'XJNSK-509', -52.0, 67.9, '°C', 'Temperature');
INSERT INTO MEASUREMENT (DateTime, SensorID, MeasValue) VALUES (TO_DATE('08/05/18 23:47', 'DD/MM/YY HH24:MI'), 251642, 18.8);
INSERT INTO SENSOR (SerialNumber, CityPlaced, SensorModel, MinimValue, MaximValue, Unit, SensorType) VALUES (738141, 'Σκιάθος Ερασιτεχνικό Αστεροσκοπείο', 'PTYUD-9759', 0, 100, '%', 'Humidity');
INSERT INTO MEASUREMENT (DateTime, SensorID, MeasValue) VALUES (TO_DATE('08/05/18 23:47', 'DD/MM/YY HH24:MI'), 738141, 85);
INSERT INTO SENSOR (SerialNumber, CityPlaced, SensorModel, MinimValue, MaximValue, Unit, SensorType) VALUES (49284, 'Σκιάθος Ερασιτεχνικό Αστεροσκοπείο', 'LXCH-544', 728.0, 1056.9, 'hPa', 'Pressure');
INSERT INTO MEASUREMENT (DateTime, SensorID, MeasValue) VALUES (TO_DATE('08/05/18 23:47', 'DD/MM/YY HH24:MI'), 49284, 1005.0);
INSERT INTO SENSOR (SerialNumber, CityPlaced, SensorModel, MinimValue, MaximValue, Unit, SensorType) VALUES (79291, 'Σκιάθος Ερασιτεχνικό Αστεροσκοπείο', 'SKLJ-6092', 0.0, 22.9, 'km/h', 'Wind');
INSERT INTO MEASUREMENT (DateTime, SensorID, MeasValue) VALUES (TO_DATE('08/05/18 23:47', 'DD/MM/YY HH24:MI'), 79291, 7.0);
INSERT INTO SENSOR (SerialNumber, CityPlaced, SensorModel, MinimValue, MaximValue, Unit, SensorType) VALUES (488335, 'Σκόπελος', 'GBWYU-305', -55.0, 67.9, '°C', 'Temperature');
INSERT INTO MEASUREMENT (DateTime, SensorID, MeasValue) VALUES (TO_DATE('08/05/18 23:40', 'DD/MM/YY HH24:MI'), 488335, 19.6);
INSERT INTO SENSOR (SerialNumber, CityPlaced, SensorModel, MinimValue, MaximValue, Unit, SensorType) VALUES (968339, 'Σκόπελος', 'QUCJV-1790', 0, 100, '%', 'Humidity');
INSERT INTO MEASUREMENT (DateTime, SensorID, MeasValue) VALUES (TO_DATE('08/05/18 23:40', 'DD/MM/YY HH24:MI'), 968339, 78);
INSERT INTO SENSOR (SerialNumber, CityPlaced, SensorModel, MinimValue, MaximValue, Unit, SensorType) VALUES (55422, 'Σκόπελος', 'KSQW-829', 744.0, 1093.9, 'hPa', 'Pressure');
INSERT INTO MEASUREMENT (DateTime, SensorID, MeasValue) VALUES (TO_DATE('08/05/18 23:40', 'DD/MM/YY HH24:MI'), 55422, 1007.7);
INSERT INTO SENSOR (SerialNumber, CityPlaced, SensorModel, MinimValue, MaximValue, Unit, SensorType) VALUES (71271, 'Σκόπελος', 'CNSG-0561', 0.0, 20.9, 'km/h', 'Wind');
INSERT INTO MEASUREMENT (DateTime, SensorID, MeasValue) VALUES (TO_DATE('08/05/18 23:40', 'DD/MM/YY HH24:MI'), 71271, 8.1);
INSERT INTO SENSOR (SerialNumber, CityPlaced, SensorModel, MinimValue, MaximValue, Unit, SensorType) VALUES (575253, 'Διδυμότειχο', 'RQWIH-636', -57.0, 61.9, '°C', 'Temperature');
INSERT INTO MEASUREMENT (DateTime, SensorID, MeasValue) VALUES (TO_DATE('08/05/18 23:46', 'DD/MM/YY HH24:MI'), 575253, 17.2);
INSERT INTO SENSOR (SerialNumber, CityPlaced, SensorModel, MinimValue, MaximValue, Unit, SensorType) VALUES (202140, 'Διδυμότειχο', 'ZYYHS-1118', 0, 100, '%', 'Humidity');
INSERT INTO MEASUREMENT (DateTime, SensorID, MeasValue) VALUES (TO_DATE('08/05/18 23:46', 'DD/MM/YY HH24:MI'), 202140, 68);
INSERT INTO SENSOR (SerialNumber, CityPlaced, SensorModel, MinimValue, MaximValue, Unit, SensorType) VALUES (65318, 'Διδυμότειχο', 'DQPR-674', 727.0, 1050.9, 'hPa', 'Pressure');
INSERT INTO MEASUREMENT (DateTime, SensorID, MeasValue) VALUES (TO_DATE('08/05/18 23:46', 'DD/MM/YY HH24:MI'), 65318, 1004.5);
INSERT INTO SENSOR (SerialNumber, CityPlaced, SensorModel, MinimValue, MaximValue, Unit, SensorType) VALUES (55352, 'Διδυμότειχο', 'AYMQ-9840', 0.0, 22.9, 'km/h', 'Wind');
INSERT INTO MEASUREMENT (DateTime, SensorID, MeasValue) VALUES (TO_DATE('08/05/18 23:46', 'DD/MM/YY HH24:MI'), 55352, 5.0);
INSERT INTO SENSOR (SerialNumber, CityPlaced, SensorModel, MinimValue, MaximValue, Unit, SensorType) VALUES (836937, 'Γέρακας', 'ULFGG-638', -56.0, 68.9, '°C', 'Temperature');
INSERT INTO MEASUREMENT (DateTime, SensorID, MeasValue) VALUES (TO_DATE('08/05/18 23:48', 'DD/MM/YY HH24:MI'), 836937, 15.6);
INSERT INTO SENSOR (SerialNumber, CityPlaced, SensorModel, MinimValue, MaximValue, Unit, SensorType) VALUES (801564, 'Γέρακας', 'AQCZU-9998', 0, 100, '%', 'Humidity');
INSERT INTO MEASUREMENT (DateTime, SensorID, MeasValue) VALUES (TO_DATE('08/05/18 23:48', 'DD/MM/YY HH24:MI'), 801564, 94);
INSERT INTO SENSOR (SerialNumber, CityPlaced, SensorModel, MinimValue, MaximValue, Unit, SensorType) VALUES (54225, 'Γέρακας', 'OCIJ-188', 716.0, 1100.9, 'hPa', 'Pressure');
INSERT INTO MEASUREMENT (DateTime, SensorID, MeasValue) VALUES (TO_DATE('08/05/18 23:48', 'DD/MM/YY HH24:MI'), 54225, 1007.5);
INSERT INTO SENSOR (SerialNumber, CityPlaced, SensorModel, MinimValue, MaximValue, Unit, SensorType) VALUES (92220, 'Γέρακας', 'LJZG-7402', 0.0, 22.9, 'km/h', 'Wind');
INSERT INTO MEASUREMENT (DateTime, SensorID, MeasValue) VALUES (TO_DATE('08/05/18 23:48', 'DD/MM/YY HH24:MI'), 92220, 0.0);
INSERT INTO SENSOR (SerialNumber, CityPlaced, SensorModel, MinimValue, MaximValue, Unit, SensorType) VALUES (500723, 'Αιολικό Πάρκο Μοναστήρι I', 'ZCYRN-206', -51.0, 73.9, '°C', 'Temperature');
INSERT INTO MEASUREMENT (DateTime, SensorID, MeasValue) VALUES (TO_DATE('08/05/18 23:48', 'DD/MM/YY HH24:MI'), 500723, 14.8);
INSERT INTO SENSOR (SerialNumber, CityPlaced, SensorModel, MinimValue, MaximValue, Unit, SensorType) VALUES (479504, 'Αιολικό Πάρκο Μοναστήρι I', 'NGKGU-1240', 0, 100, '%', 'Humidity');
INSERT INTO MEASUREMENT (DateTime, SensorID, MeasValue) VALUES (TO_DATE('08/05/18 23:48', 'DD/MM/YY HH24:MI'), 479504, 57);
INSERT INTO SENSOR (SerialNumber, CityPlaced, SensorModel, MinimValue, MaximValue, Unit, SensorType) VALUES (11954, 'Αιολικό Πάρκο Μοναστήρι I', 'RECW-157', 713.0, 1068.9, 'hPa', 'Pressure');
INSERT INTO MEASUREMENT (DateTime, SensorID, MeasValue) VALUES (TO_DATE('08/05/18 23:48', 'DD/MM/YY HH24:MI'), 11954, 1000.2);
INSERT INTO SENSOR (SerialNumber, CityPlaced, SensorModel, MinimValue, MaximValue, Unit, SensorType) VALUES (82545, 'Αιολικό Πάρκο Μοναστήρι I', 'IPXD-3473', 0.0, 21.9, 'km/h', 'Wind');
INSERT INTO MEASUREMENT (DateTime, SensorID, MeasValue) VALUES (TO_DATE('08/05/18 23:48', 'DD/MM/YY HH24:MI'), 82545, 9.7);
INSERT INTO SENSOR (SerialNumber, CityPlaced, SensorModel, MinimValue, MaximValue, Unit, SensorType) VALUES (332624, 'Παντοκράτορας', 'WIGAL-916', -59.0, 73.9, '°C', 'Temperature');
INSERT INTO MEASUREMENT (DateTime, SensorID, MeasValue) VALUES (TO_DATE('08/05/18 23:48', 'DD/MM/YY HH24:MI'), 332624, 13.4);
INSERT INTO SENSOR (SerialNumber, CityPlaced, SensorModel, MinimValue, MaximValue, Unit, SensorType) VALUES (564193, 'Παντοκράτορας', 'RFOKP-6169', 0, 100, '%', 'Humidity');
INSERT INTO MEASUREMENT (DateTime, SensorID, MeasValue) VALUES (TO_DATE('08/05/18 23:48', 'DD/MM/YY HH24:MI'), 564193, 90);
INSERT INTO SENSOR (SerialNumber, CityPlaced, SensorModel, MinimValue, MaximValue, Unit, SensorType) VALUES (75832, 'Παντοκράτορας', 'ALDP-876', 736.0, 1065.9, 'hPa', 'Pressure');
INSERT INTO MEASUREMENT (DateTime, SensorID, MeasValue) VALUES (TO_DATE('08/05/18 23:48', 'DD/MM/YY HH24:MI'), 75832, 1008.9);
INSERT INTO SENSOR (SerialNumber, CityPlaced, SensorModel, MinimValue, MaximValue, Unit, SensorType) VALUES (59728, 'Παντοκράτορας', 'KUJM-7325', 0.0, 24.9, 'km/h', 'Wind');
INSERT INTO MEASUREMENT (DateTime, SensorID, MeasValue) VALUES (TO_DATE('08/05/18 23:48', 'DD/MM/YY HH24:MI'), 59728, 1.0);
INSERT INTO SENSOR (SerialNumber, CityPlaced, SensorModel, MinimValue, MaximValue, Unit, SensorType) VALUES (505243, 'Ιθάκη', 'KJVRY-044', -54.0, 73.9, '°C', 'Temperature');
INSERT INTO MEASUREMENT (DateTime, SensorID, MeasValue) VALUES (TO_DATE('08/05/18 23:39', 'DD/MM/YY HH24:MI'), 505243, 19.3);
INSERT INTO SENSOR (SerialNumber, CityPlaced, SensorModel, MinimValue, MaximValue, Unit, SensorType) VALUES (928049, 'Ιθάκη', 'PVKRK-1023', 0, 100, '%', 'Humidity');
INSERT INTO MEASUREMENT (DateTime, SensorID, MeasValue) VALUES (TO_DATE('08/05/18 23:39', 'DD/MM/YY HH24:MI'), 928049, 82);
INSERT INTO SENSOR (SerialNumber, CityPlaced, SensorModel, MinimValue, MaximValue, Unit, SensorType) VALUES (46115, 'Ιθάκη', 'CKPB-979', 701.0, 1063.9, 'hPa', 'Pressure');
INSERT INTO MEASUREMENT (DateTime, SensorID, MeasValue) VALUES (TO_DATE('08/05/18 23:39', 'DD/MM/YY HH24:MI'), 46115, 1006.5);
INSERT INTO SENSOR (SerialNumber, CityPlaced, SensorModel, MinimValue, MaximValue, Unit, SensorType) VALUES (26246, 'Ιθάκη', 'SGAB-4168', 0.0, 23.9, 'km/h', 'Wind');
INSERT INTO MEASUREMENT (DateTime, SensorID, MeasValue) VALUES (TO_DATE('08/05/18 23:39', 'DD/MM/YY HH24:MI'), 26246, 0.5);
INSERT INTO SENSOR (SerialNumber, CityPlaced, SensorModel, MinimValue, MaximValue, Unit, SensorType) VALUES (455153, 'Πλατρειθιάς Ιθάκη', 'CRHVJ-198', -54.0, 63.9, '°C', 'Temperature');
INSERT INTO MEASUREMENT (DateTime, SensorID, MeasValue) VALUES (TO_DATE('08/05/18 23:40', 'DD/MM/YY HH24:MI'), 455153, 16.7);
INSERT INTO SENSOR (SerialNumber, CityPlaced, SensorModel, MinimValue, MaximValue, Unit, SensorType) VALUES (902270, 'Πλατρειθιάς Ιθάκη', 'VMVDO-8097', 0, 100, '%', 'Humidity');
INSERT INTO MEASUREMENT (DateTime, SensorID, MeasValue) VALUES (TO_DATE('08/05/18 23:40', 'DD/MM/YY HH24:MI'), 902270, 92);
INSERT INTO SENSOR (SerialNumber, CityPlaced, SensorModel, MinimValue, MaximValue, Unit, SensorType) VALUES (16691, 'Πλατρειθιάς Ιθάκη', 'UTUH-392', 726.0, 1051.9, 'hPa', 'Pressure');
INSERT INTO MEASUREMENT (DateTime, SensorID, MeasValue) VALUES (TO_DATE('08/05/18 23:40', 'DD/MM/YY HH24:MI'), 16691, 1006.6);
INSERT INTO SENSOR (SerialNumber, CityPlaced, SensorModel, MinimValue, MaximValue, Unit, SensorType) VALUES (59925, 'Πλατρειθιάς Ιθάκη', 'IUIM-6529', 0.0, 20.9, 'km/h', 'Wind');
INSERT INTO MEASUREMENT (DateTime, SensorID, MeasValue) VALUES (TO_DATE('08/05/18 23:40', 'DD/MM/YY HH24:MI'), 59925, 0.3);
INSERT INTO SENSOR (SerialNumber, CityPlaced, SensorModel, MinimValue, MaximValue, Unit, SensorType) VALUES (700271, 'Σπαρτιά', 'HFQQO-418', -54.0, 78.9, '°C', 'Temperature');
INSERT INTO MEASUREMENT (DateTime, SensorID, MeasValue) VALUES (TO_DATE('08/05/18 23:48', 'DD/MM/YY HH24:MI'), 700271, 16.9);
INSERT INTO SENSOR (SerialNumber, CityPlaced, SensorModel, MinimValue, MaximValue, Unit, SensorType) VALUES (566791, 'Σπαρτιά', 'TKHTT-8240', 0, 100, '%', 'Humidity');
INSERT INTO MEASUREMENT (DateTime, SensorID, MeasValue) VALUES (TO_DATE('08/05/18 23:48', 'DD/MM/YY HH24:MI'), 566791, 87);
INSERT INTO SENSOR (SerialNumber, CityPlaced, SensorModel, MinimValue, MaximValue, Unit, SensorType) VALUES (99992, 'Σπαρτιά', 'HMHD-618', 714.0, 1054.9, 'hPa', 'Pressure');
INSERT INTO MEASUREMENT (DateTime, SensorID, MeasValue) VALUES (TO_DATE('08/05/18 23:48', 'DD/MM/YY HH24:MI'), 99992, 1074.4);
INSERT INTO SENSOR (SerialNumber, CityPlaced, SensorModel, MinimValue, MaximValue, Unit, SensorType) VALUES (34250, 'Σπαρτιά', 'KXTZ-1155', 0.0, 21.9, 'km/h', 'Wind');
INSERT INTO MEASUREMENT (DateTime, SensorID, MeasValue) VALUES (TO_DATE('08/05/18 23:48', 'DD/MM/YY HH24:MI'), 34250, 1.3);
INSERT INTO SENSOR (SerialNumber, CityPlaced, SensorModel, MinimValue, MaximValue, Unit, SensorType) VALUES (892425, 'Λευκάδα', 'OULQP-388', -55.0, 71.9, '°C', 'Temperature');
INSERT INTO MEASUREMENT (DateTime, SensorID, MeasValue) VALUES (TO_DATE('08/05/18 23:39', 'DD/MM/YY HH24:MI'), 892425, 18.6);
INSERT INTO SENSOR (SerialNumber, CityPlaced, SensorModel, MinimValue, MaximValue, Unit, SensorType) VALUES (795262, 'Λευκάδα', 'MBLCG-2845', 0, 100, '%', 'Humidity');
INSERT INTO MEASUREMENT (DateTime, SensorID, MeasValue) VALUES (TO_DATE('08/05/18 23:39', 'DD/MM/YY HH24:MI'), 795262, 93);
INSERT INTO SENSOR (SerialNumber, CityPlaced, SensorModel, MinimValue, MaximValue, Unit, SensorType) VALUES (45471, 'Λευκάδα', 'IZCZ-200', 704.0, 1084.9, 'hPa', 'Pressure');
INSERT INTO MEASUREMENT (DateTime, SensorID, MeasValue) VALUES (TO_DATE('08/05/18 23:39', 'DD/MM/YY HH24:MI'), 45471, 1006.7);
INSERT INTO SENSOR (SerialNumber, CityPlaced, SensorModel, MinimValue, MaximValue, Unit, SensorType) VALUES (97957, 'Λευκάδα', 'DKRY-7310', 0.0, 24.9, 'km/h', 'Wind');
INSERT INTO MEASUREMENT (DateTime, SensorID, MeasValue) VALUES (TO_DATE('08/05/18 23:39', 'DD/MM/YY HH24:MI'), 97957, 6.4);
INSERT INTO SENSOR (SerialNumber, CityPlaced, SensorModel, MinimValue, MaximValue, Unit, SensorType) VALUES (566401, 'Πλατύστομα', 'QLLZK-869', -52.0, 66.9, '°C', 'Temperature');
INSERT INTO MEASUREMENT (DateTime, SensorID, MeasValue) VALUES (TO_DATE('08/05/18 23:44', 'DD/MM/YY HH24:MI'), 566401, 15.5);
INSERT INTO SENSOR (SerialNumber, CityPlaced, SensorModel, MinimValue, MaximValue, Unit, SensorType) VALUES (618368, 'Πλατύστομα', 'OXFFY-5334', 0, 100, '%', 'Humidity');
INSERT INTO MEASUREMENT (DateTime, SensorID, MeasValue) VALUES (TO_DATE('08/05/18 23:44', 'DD/MM/YY HH24:MI'), 618368, 93);
INSERT INTO SENSOR (SerialNumber, CityPlaced, SensorModel, MinimValue, MaximValue, Unit, SensorType) VALUES (18956, 'Πλατύστομα', 'ZFLM-467', 749.0, 1054.9, 'hPa', 'Pressure');
INSERT INTO MEASUREMENT (DateTime, SensorID, MeasValue) VALUES (TO_DATE('08/05/18 23:44', 'DD/MM/YY HH24:MI'), 18956, 1006.6);
INSERT INTO SENSOR (SerialNumber, CityPlaced, SensorModel, MinimValue, MaximValue, Unit, SensorType) VALUES (93739, 'Πλατύστομα', 'NIPG-6618', 0.0, 23.9, 'km/h', 'Wind');
INSERT INTO MEASUREMENT (DateTime, SensorID, MeasValue) VALUES (TO_DATE('08/05/18 23:44', 'DD/MM/YY HH24:MI'), 93739, 0.0);
INSERT INTO SENSOR (SerialNumber, CityPlaced, SensorModel, MinimValue, MaximValue, Unit, SensorType) VALUES (736364, 'Παντάνασσα Γάζι', 'VYOLS-069', -60.0, 63.9, '°C', 'Temperature');
INSERT INTO MEASUREMENT (DateTime, SensorID, MeasValue) VALUES (TO_DATE('08/05/18 23:48', 'DD/MM/YY HH24:MI'), 736364, 18.1);
INSERT INTO SENSOR (SerialNumber, CityPlaced, SensorModel, MinimValue, MaximValue, Unit, SensorType) VALUES (844650, 'Παντάνασσα Γάζι', 'XXLBP-5268', 0, 100, '%', 'Humidity');
INSERT INTO MEASUREMENT (DateTime, SensorID, MeasValue) VALUES (TO_DATE('08/05/18 23:48', 'DD/MM/YY HH24:MI'), 844650, 85);
INSERT INTO SENSOR (SerialNumber, CityPlaced, SensorModel, MinimValue, MaximValue, Unit, SensorType) VALUES (59347, 'Παντάνασσα Γάζι', 'RCRC-629', 720.0, 1071.9, 'hPa', 'Pressure');
INSERT INTO MEASUREMENT (DateTime, SensorID, MeasValue) VALUES (TO_DATE('08/05/18 23:48', 'DD/MM/YY HH24:MI'), 59347, 1005.8);
INSERT INTO SENSOR (SerialNumber, CityPlaced, SensorModel, MinimValue, MaximValue, Unit, SensorType) VALUES (34539, 'Παντάνασσα Γάζι', 'EPDL-2317', 0.0, 23.9, 'km/h', 'Wind');
INSERT INTO MEASUREMENT (DateTime, SensorID, MeasValue) VALUES (TO_DATE('08/05/18 23:48', 'DD/MM/YY HH24:MI'), 34539, 0.0);
INSERT INTO SENSOR (SerialNumber, CityPlaced, SensorModel, MinimValue, MaximValue, Unit, SensorType) VALUES (193812, 'Σταυράκια', 'HDUNK-945', -58.0, 78.9, '°C', 'Temperature');
INSERT INTO MEASUREMENT (DateTime, SensorID, MeasValue) VALUES (TO_DATE('08/05/18 23:45', 'DD/MM/YY HH24:MI'), 193812, 16.8);
INSERT INTO SENSOR (SerialNumber, CityPlaced, SensorModel, MinimValue, MaximValue, Unit, SensorType) VALUES (778787, 'Σταυράκια', 'ZWYCG-0952', 0, 100, '%', 'Humidity');
INSERT INTO MEASUREMENT (DateTime, SensorID, MeasValue) VALUES (TO_DATE('08/05/18 23:45', 'DD/MM/YY HH24:MI'), 778787, 90);
INSERT INTO SENSOR (SerialNumber, CityPlaced, SensorModel, MinimValue, MaximValue, Unit, SensorType) VALUES (33511, 'Σταυράκια', 'ZWEF-279', 704.0, 1052.9, 'hPa', 'Pressure');
INSERT INTO MEASUREMENT (DateTime, SensorID, MeasValue) VALUES (TO_DATE('08/05/18 23:45', 'DD/MM/YY HH24:MI'), 33511, 1007.6);
INSERT INTO SENSOR (SerialNumber, CityPlaced, SensorModel, MinimValue, MaximValue, Unit, SensorType) VALUES (56026, 'Σταυράκια', 'NOBJ-4360', 0.0, 20.9, 'km/h', 'Wind');
INSERT INTO MEASUREMENT (DateTime, SensorID, MeasValue) VALUES (TO_DATE('08/05/18 23:45', 'DD/MM/YY HH24:MI'), 56026, 5.6);
INSERT INTO SENSOR (SerialNumber, CityPlaced, SensorModel, MinimValue, MaximValue, Unit, SensorType) VALUES (185899, 'Ελούντα', 'NKOWU-721', -60.0, 72.9, '°C', 'Temperature');
INSERT INTO MEASUREMENT (DateTime, SensorID, MeasValue) VALUES (TO_DATE('08/05/18 23:48', 'DD/MM/YY HH24:MI'), 185899, 0.0);
INSERT INTO SENSOR (SerialNumber, CityPlaced, SensorModel, MinimValue, MaximValue, Unit, SensorType) VALUES (783805, 'Ελούντα', 'EEMTO-0995', 0, 100, '%', 'Humidity');
INSERT INTO MEASUREMENT (DateTime, SensorID, MeasValue) VALUES (TO_DATE('08/05/18 23:48', 'DD/MM/YY HH24:MI'), 783805, 0);
INSERT INTO SENSOR (SerialNumber, CityPlaced, SensorModel, MinimValue, MaximValue, Unit, SensorType) VALUES (29162, 'Ελούντα', 'OILN-458', 732.0, 1064.9, 'hPa', 'Pressure');
INSERT INTO MEASUREMENT (DateTime, SensorID, MeasValue) VALUES (TO_DATE('08/05/18 23:48', 'DD/MM/YY HH24:MI'), 29162, 1008.2);
INSERT INTO SENSOR (SerialNumber, CityPlaced, SensorModel, MinimValue, MaximValue, Unit, SensorType) VALUES (58341, 'Ελούντα', 'FWSR-6081', 0.0, 20.9, 'km/h', 'Wind');
INSERT INTO MEASUREMENT (DateTime, SensorID, MeasValue) VALUES (TO_DATE('08/05/18 23:48', 'DD/MM/YY HH24:MI'), 58341, 2.9);
INSERT INTO SENSOR (SerialNumber, CityPlaced, SensorModel, MinimValue, MaximValue, Unit, SensorType) VALUES (995651, 'Ρούστικα', 'LCBEC-521', -56.0, 74.9, '°C', 'Temperature');
INSERT INTO MEASUREMENT (DateTime, SensorID, MeasValue) VALUES (TO_DATE('08/05/18 23:48', 'DD/MM/YY HH24:MI'), 995651, 16.2);
INSERT INTO SENSOR (SerialNumber, CityPlaced, SensorModel, MinimValue, MaximValue, Unit, SensorType) VALUES (678309, 'Ρούστικα', 'LFYXO-0700', 0, 100, '%', 'Humidity');
INSERT INTO MEASUREMENT (DateTime, SensorID, MeasValue) VALUES (TO_DATE('08/05/18 23:48', 'DD/MM/YY HH24:MI'), 678309, 84);
INSERT INTO SENSOR (SerialNumber, CityPlaced, SensorModel, MinimValue, MaximValue, Unit, SensorType) VALUES (95456, 'Ρούστικα', 'ALWX-012', 720.0, 1051.9, 'hPa', 'Pressure');
INSERT INTO MEASUREMENT (DateTime, SensorID, MeasValue) VALUES (TO_DATE('08/05/18 23:48', 'DD/MM/YY HH24:MI'), 95456, 1005.8);
INSERT INTO SENSOR (SerialNumber, CityPlaced, SensorModel, MinimValue, MaximValue, Unit, SensorType) VALUES (42901, 'Ρούστικα', 'JBWF-2161', 0.0, 23.9, 'km/h', 'Wind');
INSERT INTO MEASUREMENT (DateTime, SensorID, MeasValue) VALUES (TO_DATE('08/05/18 23:48', 'DD/MM/YY HH24:MI'), 42901, 3.2);
INSERT INTO SENSOR (SerialNumber, CityPlaced, SensorModel, MinimValue, MaximValue, Unit, SensorType) VALUES (691675, 'Κουντούρα', 'TTNQF-820', -60.0, 68.9, '°C', 'Temperature');
INSERT INTO MEASUREMENT (DateTime, SensorID, MeasValue) VALUES (TO_DATE('08/05/18 23:41', 'DD/MM/YY HH24:MI'), 691675, 17.8);
INSERT INTO SENSOR (SerialNumber, CityPlaced, SensorModel, MinimValue, MaximValue, Unit, SensorType) VALUES (720272, 'Κουντούρα', 'TGFRP-2899', 0, 100, '%', 'Humidity');
INSERT INTO MEASUREMENT (DateTime, SensorID, MeasValue) VALUES (TO_DATE('08/05/18 23:41', 'DD/MM/YY HH24:MI'), 720272, 79);
INSERT INTO SENSOR (SerialNumber, CityPlaced, SensorModel, MinimValue, MaximValue, Unit, SensorType) VALUES (37610, 'Κουντούρα', 'GTJD-378', 735.0, 1054.9, 'hPa', 'Pressure');
INSERT INTO MEASUREMENT (DateTime, SensorID, MeasValue) VALUES (TO_DATE('08/05/18 23:41', 'DD/MM/YY HH24:MI'), 37610, 1008.7);
INSERT INTO SENSOR (SerialNumber, CityPlaced, SensorModel, MinimValue, MaximValue, Unit, SensorType) VALUES (10918, 'Κουντούρα', 'UTUW-1079', 0.0, 22.9, 'km/h', 'Wind');
INSERT INTO MEASUREMENT (DateTime, SensorID, MeasValue) VALUES (TO_DATE('08/05/18 23:41', 'DD/MM/YY HH24:MI'), 10918, 2.1);
INSERT INTO SENSOR (SerialNumber, CityPlaced, SensorModel, MinimValue, MaximValue, Unit, SensorType) VALUES (382721, 'Δράμα Νέα Αμισός  Δράμα', 'PHXAR-417', -57.0, 69.9, '°C', 'Temperature');
INSERT INTO MEASUREMENT (DateTime, SensorID, MeasValue) VALUES (TO_DATE('08/05/18 23:45', 'DD/MM/YY HH24:MI'), 382721, 18.1);
INSERT INTO SENSOR (SerialNumber, CityPlaced, SensorModel, MinimValue, MaximValue, Unit, SensorType) VALUES (434376, 'Δράμα Νέα Αμισός  Δράμα', 'MOXBO-0977', 0, 100, '%', 'Humidity');
INSERT INTO MEASUREMENT (DateTime, SensorID, MeasValue) VALUES (TO_DATE('08/05/18 23:45', 'DD/MM/YY HH24:MI'), 434376, 81);
INSERT INTO SENSOR (SerialNumber, CityPlaced, SensorModel, MinimValue, MaximValue, Unit, SensorType) VALUES (99450, 'Δράμα Νέα Αμισός  Δράμα', 'FCHB-087', 703.0, 1083.9, 'hPa', 'Pressure');
INSERT INTO MEASUREMENT (DateTime, SensorID, MeasValue) VALUES (TO_DATE('08/05/18 23:45', 'DD/MM/YY HH24:MI'), 99450, 1005.6);
INSERT INTO SENSOR (SerialNumber, CityPlaced, SensorModel, MinimValue, MaximValue, Unit, SensorType) VALUES (67901, 'Δράμα Νέα Αμισός  Δράμα', 'RVRM-3703', 0.0, 20.9, 'km/h', 'Wind');
INSERT INTO MEASUREMENT (DateTime, SensorID, MeasValue) VALUES (TO_DATE('08/05/18 23:45', 'DD/MM/YY HH24:MI'), 67901, 0.1);
INSERT INTO SENSOR (SerialNumber, CityPlaced, SensorModel, MinimValue, MaximValue, Unit, SensorType) VALUES (155513, 'Δράμα Αμπελόκηποι', 'TJAWG-380', -52.0, 72.9, '°C', 'Temperature');
INSERT INTO MEASUREMENT (DateTime, SensorID, MeasValue) VALUES (TO_DATE('08/05/18 23:48', 'DD/MM/YY HH24:MI'), 155513, 18.4);
INSERT INTO SENSOR (SerialNumber, CityPlaced, SensorModel, MinimValue, MaximValue, Unit, SensorType) VALUES (859266, 'Δράμα Αμπελόκηποι', 'FKDUN-4108', 0, 100, '%', 'Humidity');
INSERT INTO MEASUREMENT (DateTime, SensorID, MeasValue) VALUES (TO_DATE('08/05/18 23:48', 'DD/MM/YY HH24:MI'), 859266, 76);
INSERT INTO SENSOR (SerialNumber, CityPlaced, SensorModel, MinimValue, MaximValue, Unit, SensorType) VALUES (14130, 'Δράμα Αμπελόκηποι', 'IJBU-436', 737.0, 1072.9, 'hPa', 'Pressure');
INSERT INTO MEASUREMENT (DateTime, SensorID, MeasValue) VALUES (TO_DATE('08/05/18 23:48', 'DD/MM/YY HH24:MI'), 14130, 1005.0);
INSERT INTO SENSOR (SerialNumber, CityPlaced, SensorModel, MinimValue, MaximValue, Unit, SensorType) VALUES (77563, 'Δράμα Αμπελόκηποι', 'SSWR-2693', 0.0, 20.9, 'km/h', 'Wind');
INSERT INTO MEASUREMENT (DateTime, SensorID, MeasValue) VALUES (TO_DATE('08/05/18 23:48', 'DD/MM/YY HH24:MI'), 77563, 1.3);
INSERT INTO SENSOR (SerialNumber, CityPlaced, SensorModel, MinimValue, MaximValue, Unit, SensorType) VALUES (889259, 'Δράμα Κέντρο', 'ZRRCH-355', -54.0, 62.9, '°C', 'Temperature');
INSERT INTO MEASUREMENT (DateTime, SensorID, MeasValue) VALUES (TO_DATE('08/05/18 23:46', 'DD/MM/YY HH24:MI'), 889259, 19.6);
INSERT INTO SENSOR (SerialNumber, CityPlaced, SensorModel, MinimValue, MaximValue, Unit, SensorType) VALUES (140678, 'Δράμα Κέντρο', 'INFWA-6216', 0, 100, '%', 'Humidity');
INSERT INTO MEASUREMENT (DateTime, SensorID, MeasValue) VALUES (TO_DATE('08/05/18 23:46', 'DD/MM/YY HH24:MI'), 140678, 73);
INSERT INTO SENSOR (SerialNumber, CityPlaced, SensorModel, MinimValue, MaximValue, Unit, SensorType) VALUES (47764, 'Δράμα Κέντρο', 'NGPM-928', 747.0, 1084.9, 'hPa', 'Pressure');
INSERT INTO MEASUREMENT (DateTime, SensorID, MeasValue) VALUES (TO_DATE('08/05/18 23:46', 'DD/MM/YY HH24:MI'), 47764, 1004.4);
INSERT INTO SENSOR (SerialNumber, CityPlaced, SensorModel, MinimValue, MaximValue, Unit, SensorType) VALUES (74932, 'Δράμα Κέντρο', 'EVQX-5575', 0.0, 20.9, 'km/h', 'Wind');
INSERT INTO MEASUREMENT (DateTime, SensorID, MeasValue) VALUES (TO_DATE('08/05/18 23:46', 'DD/MM/YY HH24:MI'), 74932, 2.1);
INSERT INTO SENSOR (SerialNumber, CityPlaced, SensorModel, MinimValue, MaximValue, Unit, SensorType) VALUES (595997, 'Καλαμώνας', 'ZDKBX-948', -53.0, 72.9, '°C', 'Temperature');
INSERT INTO MEASUREMENT (DateTime, SensorID, MeasValue) VALUES (TO_DATE('08/05/18 23:45', 'DD/MM/YY HH24:MI'), 595997, 18.7);
INSERT INTO SENSOR (SerialNumber, CityPlaced, SensorModel, MinimValue, MaximValue, Unit, SensorType) VALUES (302733, 'Καλαμώνας', 'XVRPQ-1225', 0, 100, '%', 'Humidity');
INSERT INTO MEASUREMENT (DateTime, SensorID, MeasValue) VALUES (TO_DATE('08/05/18 23:45', 'DD/MM/YY HH24:MI'), 302733, 83);
INSERT INTO SENSOR (SerialNumber, CityPlaced, SensorModel, MinimValue, MaximValue, Unit, SensorType) VALUES (96796, 'Καλαμώνας', 'XJCZ-080', 724.0, 1053.9, 'hPa', 'Pressure');
INSERT INTO MEASUREMENT (DateTime, SensorID, MeasValue) VALUES (TO_DATE('08/05/18 23:45', 'DD/MM/YY HH24:MI'), 96796, 1001.2);
INSERT INTO SENSOR (SerialNumber, CityPlaced, SensorModel, MinimValue, MaximValue, Unit, SensorType) VALUES (32725, 'Καλαμώνας', 'NDDW-8367', 0.0, 25.9, 'km/h', 'Wind');
INSERT INTO MEASUREMENT (DateTime, SensorID, MeasValue) VALUES (TO_DATE('08/05/18 23:45', 'DD/MM/YY HH24:MI'), 32725, 0.0);
INSERT INTO SENSOR (SerialNumber, CityPlaced, SensorModel, MinimValue, MaximValue, Unit, SensorType) VALUES (685892, 'Βέροια', 'ICOUY-061', -55.0, 68.9, '°C', 'Temperature');
INSERT INTO MEASUREMENT (DateTime, SensorID, MeasValue) VALUES (TO_DATE('08/05/18 23:45', 'DD/MM/YY HH24:MI'), 685892, 18.6);
INSERT INTO SENSOR (SerialNumber, CityPlaced, SensorModel, MinimValue, MaximValue, Unit, SensorType) VALUES (800328, 'Βέροια', 'GTTWO-7420', 0, 100, '%', 'Humidity');
INSERT INTO MEASUREMENT (DateTime, SensorID, MeasValue) VALUES (TO_DATE('08/05/18 23:45', 'DD/MM/YY HH24:MI'), 800328, 77);
INSERT INTO SENSOR (SerialNumber, CityPlaced, SensorModel, MinimValue, MaximValue, Unit, SensorType) VALUES (88548, 'Βέροια', 'EFYU-391', 719.0, 1084.9, 'hPa', 'Pressure');
INSERT INTO MEASUREMENT (DateTime, SensorID, MeasValue) VALUES (TO_DATE('08/05/18 23:45', 'DD/MM/YY HH24:MI'), 88548, 1003.0);
INSERT INTO SENSOR (SerialNumber, CityPlaced, SensorModel, MinimValue, MaximValue, Unit, SensorType) VALUES (44906, 'Βέροια', 'KONO-6202', 0.0, 20.9, 'km/h', 'Wind');
INSERT INTO MEASUREMENT (DateTime, SensorID, MeasValue) VALUES (TO_DATE('08/05/18 23:45', 'DD/MM/YY HH24:MI'), 44906, 6.4);
INSERT INTO SENSOR (SerialNumber, CityPlaced, SensorModel, MinimValue, MaximValue, Unit, SensorType) VALUES (415149, 'Στενήμαχος', 'YIUEH-229', -51.0, 74.9, '°C', 'Temperature');
INSERT INTO MEASUREMENT (DateTime, SensorID, MeasValue) VALUES (TO_DATE('08/05/18 23:45', 'DD/MM/YY HH24:MI'), 415149, 16.9);
INSERT INTO SENSOR (SerialNumber, CityPlaced, SensorModel, MinimValue, MaximValue, Unit, SensorType) VALUES (441092, 'Στενήμαχος', 'FUCLM-3332', 0, 100, '%', 'Humidity');
INSERT INTO MEASUREMENT (DateTime, SensorID, MeasValue) VALUES (TO_DATE('08/05/18 23:45', 'DD/MM/YY HH24:MI'), 441092, 81);
INSERT INTO SENSOR (SerialNumber, CityPlaced, SensorModel, MinimValue, MaximValue, Unit, SensorType) VALUES (31920, 'Στενήμαχος', 'WPKA-815', 734.0, 1068.9, 'hPa', 'Pressure');
INSERT INTO MEASUREMENT (DateTime, SensorID, MeasValue) VALUES (TO_DATE('08/05/18 23:45', 'DD/MM/YY HH24:MI'), 31920, 1005.0);
INSERT INTO MEASUREMENT (DateTime, SensorID, MeasValue) VALUES (TO_DATE('08/05/18 23:45', 'DD/MM/YY HH24:MI'), 81518, 6.8);
INSERT INTO SENSOR (SerialNumber, CityPlaced, SensorModel, MinimValue, MaximValue, Unit, SensorType) VALUES (256980, 'Επταπύργιο', 'GUWYJ-163', -55.0, 64.9, '°C', 'Temperature');
INSERT INTO MEASUREMENT (DateTime, SensorID, MeasValue) VALUES (TO_DATE('08/05/18 23:48', 'DD/MM/YY HH24:MI'), 256980, 17.3);
INSERT INTO SENSOR (SerialNumber, CityPlaced, SensorModel, MinimValue, MaximValue, Unit, SensorType) VALUES (392029, 'Επταπύργιο', 'NSGJF-8755', 0, 100, '%', 'Humidity');
INSERT INTO MEASUREMENT (DateTime, SensorID, MeasValue) VALUES (TO_DATE('08/05/18 23:48', 'DD/MM/YY HH24:MI'), 392029, 80);
INSERT INTO SENSOR (SerialNumber, CityPlaced, SensorModel, MinimValue, MaximValue, Unit, SensorType) VALUES (62823, 'Επταπύργιο', 'BTEL-783', 726.0, 1088.9, 'hPa', 'Pressure');
INSERT INTO MEASUREMENT (DateTime, SensorID, MeasValue) VALUES (TO_DATE('08/05/18 23:48', 'DD/MM/YY HH24:MI'), 62823, 1006.7);
INSERT INTO SENSOR (SerialNumber, CityPlaced, SensorModel, MinimValue, MaximValue, Unit, SensorType) VALUES (33382, 'Επταπύργιο', 'NINI-8194', 0.0, 22.9, 'km/h', 'Wind');
INSERT INTO MEASUREMENT (DateTime, SensorID, MeasValue) VALUES (TO_DATE('08/05/18 23:48', 'DD/MM/YY HH24:MI'), 33382, 0.5);
INSERT INTO SENSOR (SerialNumber, CityPlaced, SensorModel, MinimValue, MaximValue, Unit, SensorType) VALUES (167565, 'Θεσσαλονίκη Ευκαρπία', 'EIAPK-282', -56.0, 63.9, '°C', 'Temperature');
INSERT INTO MEASUREMENT (DateTime, SensorID, MeasValue) VALUES (TO_DATE('08/05/18 23:48', 'DD/MM/YY HH24:MI'), 167565, 19.4);
INSERT INTO SENSOR (SerialNumber, CityPlaced, SensorModel, MinimValue, MaximValue, Unit, SensorType) VALUES (420369, 'Θεσσαλονίκη Ευκαρπία', 'FMHBC-6147', 0, 100, '%', 'Humidity');
INSERT INTO MEASUREMENT (DateTime, SensorID, MeasValue) VALUES (TO_DATE('08/05/18 23:48', 'DD/MM/YY HH24:MI'), 420369, 74);
INSERT INTO SENSOR (SerialNumber, CityPlaced, SensorModel, MinimValue, MaximValue, Unit, SensorType) VALUES (82857, 'Θεσσαλονίκη Ευκαρπία', 'KYPW-062', 739.0, 1057.9, 'hPa', 'Pressure');
INSERT INTO MEASUREMENT (DateTime, SensorID, MeasValue) VALUES (TO_DATE('08/05/18 23:48', 'DD/MM/YY HH24:MI'), 82857, 1005.4);
INSERT INTO SENSOR (SerialNumber, CityPlaced, SensorModel, MinimValue, MaximValue, Unit, SensorType) VALUES (25450, 'Θεσσαλονίκη Ευκαρπία', 'DOYW-1695', 0.0, 23.9, 'km/h', 'Wind');
INSERT INTO MEASUREMENT (DateTime, SensorID, MeasValue) VALUES (TO_DATE('08/05/18 23:48', 'DD/MM/YY HH24:MI'), 25450, 0.7);
INSERT INTO SENSOR (SerialNumber, CityPlaced, SensorModel, MinimValue, MaximValue, Unit, SensorType) VALUES (494467, 'Θεσσαλονίκη Κέντρο', 'ARXCK-190', -60.0, 74.9, '°C', 'Temperature');
INSERT INTO MEASUREMENT (DateTime, SensorID, MeasValue) VALUES (TO_DATE('08/05/18 23:45', 'DD/MM/YY HH24:MI'), 494467, 21.1);
INSERT INTO SENSOR (SerialNumber, CityPlaced, SensorModel, MinimValue, MaximValue, Unit, SensorType) VALUES (391379, 'Θεσσαλονίκη Κέντρο', 'CBHEC-8411', 0, 100, '%', 'Humidity');
INSERT INTO MEASUREMENT (DateTime, SensorID, MeasValue) VALUES (TO_DATE('08/05/18 23:45', 'DD/MM/YY HH24:MI'), 391379, 70);
INSERT INTO SENSOR (SerialNumber, CityPlaced, SensorModel, MinimValue, MaximValue, Unit, SensorType) VALUES (19984, 'Θεσσαλονίκη Κέντρο', 'EBHB-171', 718.0, 1070.9, 'hPa', 'Pressure');
INSERT INTO MEASUREMENT (DateTime, SensorID, MeasValue) VALUES (TO_DATE('08/05/18 23:45', 'DD/MM/YY HH24:MI'), 19984, 1005.2);
INSERT INTO SENSOR (SerialNumber, CityPlaced, SensorModel, MinimValue, MaximValue, Unit, SensorType) VALUES (14565, 'Θεσσαλονίκη Κέντρο', 'XDCR-6792', 0.0, 24.9, 'km/h', 'Wind');
INSERT INTO MEASUREMENT (DateTime, SensorID, MeasValue) VALUES (TO_DATE('08/05/18 23:45', 'DD/MM/YY HH24:MI'), 14565, 4.2);
INSERT INTO SENSOR (SerialNumber, CityPlaced, SensorModel, MinimValue, MaximValue, Unit, SensorType) VALUES (757284, 'Ιωνία SV2BZQ', 'MIHST-605', -54.0, 65.9, '°C', 'Temperature');
INSERT INTO MEASUREMENT (DateTime, SensorID, MeasValue) VALUES (TO_DATE('08/05/18 23:47', 'DD/MM/YY HH24:MI'), 757284, 20.7);
INSERT INTO SENSOR (SerialNumber, CityPlaced, SensorModel, MinimValue, MaximValue, Unit, SensorType) VALUES (712580, 'Ιωνία SV2BZQ', 'SFGFO-3268', 0, 100, '%', 'Humidity');
INSERT INTO MEASUREMENT (DateTime, SensorID, MeasValue) VALUES (TO_DATE('08/05/18 23:47', 'DD/MM/YY HH24:MI'), 712580, 85);
INSERT INTO SENSOR (SerialNumber, CityPlaced, SensorModel, MinimValue, MaximValue, Unit, SensorType) VALUES (48835, 'Ιωνία SV2BZQ', 'TTLU-087', 714.0, 1051.9, 'hPa', 'Pressure');
INSERT INTO MEASUREMENT (DateTime, SensorID, MeasValue) VALUES (TO_DATE('08/05/18 23:47', 'DD/MM/YY HH24:MI'), 48835, 1004.4);
INSERT INTO SENSOR (SerialNumber, CityPlaced, SensorModel, MinimValue, MaximValue, Unit, SensorType) VALUES (36197, 'Ιωνία SV2BZQ', 'ZUDZ-1451', 0.0, 20.9, 'km/h', 'Wind');
INSERT INTO MEASUREMENT (DateTime, SensorID, MeasValue) VALUES (TO_DATE('08/05/18 23:47', 'DD/MM/YY HH24:MI'), 36197, 1.3);
INSERT INTO SENSOR (SerialNumber, CityPlaced, SensorModel, MinimValue, MaximValue, Unit, SensorType) VALUES (255134, 'Κάτω Πυλαία', 'YSOGC-300', -53.0, 66.9, '°C', 'Temperature');
INSERT INTO MEASUREMENT (DateTime, SensorID, MeasValue) VALUES (TO_DATE('08/05/18 23:45', 'DD/MM/YY HH24:MI'), 255134, 18.8);
INSERT INTO SENSOR (SerialNumber, CityPlaced, SensorModel, MinimValue, MaximValue, Unit, SensorType) VALUES (551433, 'Κάτω Πυλαία', 'NPYWV-5671', 0, 100, '%', 'Humidity');
INSERT INTO MEASUREMENT (DateTime, SensorID, MeasValue) VALUES (TO_DATE('08/05/18 23:45', 'DD/MM/YY HH24:MI'), 551433, 78);
INSERT INTO SENSOR (SerialNumber, CityPlaced, SensorModel, MinimValue, MaximValue, Unit, SensorType) VALUES (44217, 'Κάτω Πυλαία', 'ASUJ-551', 724.0, 1092.9, 'hPa', 'Pressure');
INSERT INTO MEASUREMENT (DateTime, SensorID, MeasValue) VALUES (TO_DATE('08/05/18 23:45', 'DD/MM/YY HH24:MI'), 44217, 1005.7);
INSERT INTO SENSOR (SerialNumber, CityPlaced, SensorModel, MinimValue, MaximValue, Unit, SensorType) VALUES (14211, 'Κάτω Πυλαία', 'DPZC-5002', 0.0, 24.9, 'km/h', 'Wind');
INSERT INTO MEASUREMENT (DateTime, SensorID, MeasValue) VALUES (TO_DATE('08/05/18 23:45', 'DD/MM/YY HH24:MI'), 14211, 3.1);
INSERT INTO SENSOR (SerialNumber, CityPlaced, SensorModel, MinimValue, MaximValue, Unit, SensorType) VALUES (951931, 'Καλαμαριά 2', 'GYYPW-744', -50.0, 61.9, '°C', 'Temperature');
INSERT INTO MEASUREMENT (DateTime, SensorID, MeasValue) VALUES (TO_DATE('08/05/18 23:47', 'DD/MM/YY HH24:MI'), 951931, 19.9);
INSERT INTO SENSOR (SerialNumber, CityPlaced, SensorModel, MinimValue, MaximValue, Unit, SensorType) VALUES (513148, 'Καλαμαριά 2', 'XRBDH-6275', 0, 100, '%', 'Humidity');
INSERT INTO MEASUREMENT (DateTime, SensorID, MeasValue) VALUES (TO_DATE('08/05/18 23:47', 'DD/MM/YY HH24:MI'), 513148, 76);
INSERT INTO SENSOR (SerialNumber, CityPlaced, SensorModel, MinimValue, MaximValue, Unit, SensorType) VALUES (11633, 'Καλαμαριά 2', 'TQKI-180', 725.0, 1096.9, 'hPa', 'Pressure');
INSERT INTO MEASUREMENT (DateTime, SensorID, MeasValue) VALUES (TO_DATE('08/05/18 23:47', 'DD/MM/YY HH24:MI'), 11633, 1005.4);
INSERT INTO SENSOR (SerialNumber, CityPlaced, SensorModel, MinimValue, MaximValue, Unit, SensorType) VALUES (98379, 'Καλαμαριά 2', 'JPAY-2557', 0.0, 25.9, 'km/h', 'Wind');
INSERT INTO MEASUREMENT (DateTime, SensorID, MeasValue) VALUES (TO_DATE('08/05/18 23:47', 'DD/MM/YY HH24:MI'), 98379, 2.1);
INSERT INTO SENSOR (SerialNumber, CityPlaced, SensorModel, MinimValue, MaximValue, Unit, SensorType) VALUES (681373, 'Καλαμαριά SV2BNL 2', 'ASUZO-098', -52.0, 76.9, '°C', 'Temperature');
INSERT INTO MEASUREMENT (DateTime, SensorID, MeasValue) VALUES (TO_DATE('08/05/18 23:45', 'DD/MM/YY HH24:MI'), 681373, 19.9);
INSERT INTO SENSOR (SerialNumber, CityPlaced, SensorModel, MinimValue, MaximValue, Unit, SensorType) VALUES (690445, 'Καλαμαριά SV2BNL 2', 'NEQTY-8509', 0, 100, '%', 'Humidity');
INSERT INTO MEASUREMENT (DateTime, SensorID, MeasValue) VALUES (TO_DATE('08/05/18 23:45', 'DD/MM/YY HH24:MI'), 690445, 73);
INSERT INTO SENSOR (SerialNumber, CityPlaced, SensorModel, MinimValue, MaximValue, Unit, SensorType) VALUES (18571, 'Καλαμαριά SV2BNL 2', 'QOHL-744', 701.0, 1069.9, 'hPa', 'Pressure');
INSERT INTO MEASUREMENT (DateTime, SensorID, MeasValue) VALUES (TO_DATE('08/05/18 23:45', 'DD/MM/YY HH24:MI'), 18571, 1004.9);
INSERT INTO SENSOR (SerialNumber, CityPlaced, SensorModel, MinimValue, MaximValue, Unit, SensorType) VALUES (95104, 'Καλαμαριά SV2BNL 2', 'JIZA-0859', 0.0, 20.9, 'km/h', 'Wind');
INSERT INTO MEASUREMENT (DateTime, SensorID, MeasValue) VALUES (TO_DATE('08/05/18 23:45', 'DD/MM/YY HH24:MI'), 95104, 0.6);
INSERT INTO SENSOR (SerialNumber, CityPlaced, SensorModel, MinimValue, MaximValue, Unit, SensorType) VALUES (825814, 'Καρδία SV2HNE', 'RODXJ-121', -51.0, 68.9, '°C', 'Temperature');
INSERT INTO MEASUREMENT (DateTime, SensorID, MeasValue) VALUES (TO_DATE('08/05/18 23:44', 'DD/MM/YY HH24:MI'), 825814, 17.7);
INSERT INTO SENSOR (SerialNumber, CityPlaced, SensorModel, MinimValue, MaximValue, Unit, SensorType) VALUES (394277, 'Καρδία SV2HNE', 'QDZQB-9644', 0, 100, '%', 'Humidity');
INSERT INTO MEASUREMENT (DateTime, SensorID, MeasValue) VALUES (TO_DATE('08/05/18 23:44', 'DD/MM/YY HH24:MI'), 394277, 72);
INSERT INTO SENSOR (SerialNumber, CityPlaced, SensorModel, MinimValue, MaximValue, Unit, SensorType) VALUES (90119, 'Καρδία SV2HNE', 'RHMI-423', 738.0, 1096.9, 'hPa', 'Pressure');
INSERT INTO MEASUREMENT (DateTime, SensorID, MeasValue) VALUES (TO_DATE('08/05/18 23:44', 'DD/MM/YY HH24:MI'), 90119, 1005.0);
INSERT INTO SENSOR (SerialNumber, CityPlaced, SensorModel, MinimValue, MaximValue, Unit, SensorType) VALUES (67446, 'Καρδία SV2HNE', 'LUBT-6754', 0.0, 20.9, 'km/h', 'Wind');
INSERT INTO MEASUREMENT (DateTime, SensorID, MeasValue) VALUES (TO_DATE('08/05/18 23:44', 'DD/MM/YY HH24:MI'), 67446, 0.0);
INSERT INTO SENSOR (SerialNumber, CityPlaced, SensorModel, MinimValue, MaximValue, Unit, SensorType) VALUES (454108, 'Νέα Κρήνη', 'RDZDZ-155', -51.0, 78.9, '°C', 'Temperature');
INSERT INTO MEASUREMENT (DateTime, SensorID, MeasValue) VALUES (TO_DATE('08/05/18 23:47', 'DD/MM/YY HH24:MI'), 454108, 18.6);
INSERT INTO SENSOR (SerialNumber, CityPlaced, SensorModel, MinimValue, MaximValue, Unit, SensorType) VALUES (149348, 'Νέα Κρήνη', 'RKTNC-5111', 0, 100, '%', 'Humidity');
INSERT INTO MEASUREMENT (DateTime, SensorID, MeasValue) VALUES (TO_DATE('08/05/18 23:47', 'DD/MM/YY HH24:MI'), 149348, 81);
INSERT INTO SENSOR (SerialNumber, CityPlaced, SensorModel, MinimValue, MaximValue, Unit, SensorType) VALUES (47141, 'Νέα Κρήνη', 'PNMK-250', 749.0, 1060.9, 'hPa', 'Pressure');
INSERT INTO MEASUREMENT (DateTime, SensorID, MeasValue) VALUES (TO_DATE('08/05/18 23:47', 'DD/MM/YY HH24:MI'), 47141, 1006.0);
INSERT INTO SENSOR (SerialNumber, CityPlaced, SensorModel, MinimValue, MaximValue, Unit, SensorType) VALUES (85546, 'Νέα Κρήνη', 'QKSR-0802', 0.0, 23.9, 'km/h', 'Wind');
INSERT INTO MEASUREMENT (DateTime, SensorID, MeasValue) VALUES (TO_DATE('08/05/18 23:47', 'DD/MM/YY HH24:MI'), 85546, 0.3);
INSERT INTO SENSOR (SerialNumber, CityPlaced, SensorModel, MinimValue, MaximValue, Unit, SensorType) VALUES (752657, 'Πεντάλοφος SV2BZQ', 'SRIGH-970', -51.0, 69.9, '°C', 'Temperature');
INSERT INTO MEASUREMENT (DateTime, SensorID, MeasValue) VALUES (TO_DATE('08/05/18 23:44', 'DD/MM/YY HH24:MI'), 752657, 17.5);
INSERT INTO SENSOR (SerialNumber, CityPlaced, SensorModel, MinimValue, MaximValue, Unit, SensorType) VALUES (977690, 'Πεντάλοφος SV2BZQ', 'XUUCV-4610', 0, 100, '%', 'Humidity');
INSERT INTO MEASUREMENT (DateTime, SensorID, MeasValue) VALUES (TO_DATE('08/05/18 23:44', 'DD/MM/YY HH24:MI'), 977690, 84);
INSERT INTO SENSOR (SerialNumber, CityPlaced, SensorModel, MinimValue, MaximValue, Unit, SensorType) VALUES (97793, 'Πεντάλοφος SV2BZQ', 'NLOJ-866', 726.0, 1100.9, 'hPa', 'Pressure');
INSERT INTO MEASUREMENT (DateTime, SensorID, MeasValue) VALUES (TO_DATE('08/05/18 23:44', 'DD/MM/YY HH24:MI'), 97793, 1005.4);
INSERT INTO SENSOR (SerialNumber, CityPlaced, SensorModel, MinimValue, MaximValue, Unit, SensorType) VALUES (44533, 'Πεντάλοφος SV2BZQ', 'MDHJ-9379', 0.0, 24.9, 'km/h', 'Wind');
INSERT INTO MEASUREMENT (DateTime, SensorID, MeasValue) VALUES (TO_DATE('08/05/18 23:44', 'DD/MM/YY HH24:MI'), 44533, 0.3);
INSERT INTO SENSOR (SerialNumber, CityPlaced, SensorModel, MinimValue, MaximValue, Unit, SensorType) VALUES (662085, 'Πυλαία SV2HUI', 'GPIDR-477', -56.0, 61.9, '°C', 'Temperature');
INSERT INTO MEASUREMENT (DateTime, SensorID, MeasValue) VALUES (TO_DATE('08/05/18 23:48', 'DD/MM/YY HH24:MI'), 662085, 17.3);
INSERT INTO SENSOR (SerialNumber, CityPlaced, SensorModel, MinimValue, MaximValue, Unit, SensorType) VALUES (479235, 'Πυλαία SV2HUI', 'NAMIP-7970', 0, 100, '%', 'Humidity');
INSERT INTO MEASUREMENT (DateTime, SensorID, MeasValue) VALUES (TO_DATE('08/05/18 23:48', 'DD/MM/YY HH24:MI'), 479235, 80);
INSERT INTO SENSOR (SerialNumber, CityPlaced, SensorModel, MinimValue, MaximValue, Unit, SensorType) VALUES (67485, 'Πυλαία SV2HUI', 'DVZE-381', 721.0, 1071.9, 'hPa', 'Pressure');
INSERT INTO MEASUREMENT (DateTime, SensorID, MeasValue) VALUES (TO_DATE('08/05/18 23:48', 'DD/MM/YY HH24:MI'), 67485, 1021.1);
INSERT INTO SENSOR (SerialNumber, CityPlaced, SensorModel, MinimValue, MaximValue, Unit, SensorType) VALUES (64040, 'Πυλαία SV2HUI', 'RXTA-9506', 0.0, 24.9, 'km/h', 'Wind');
INSERT INTO MEASUREMENT (DateTime, SensorID, MeasValue) VALUES (TO_DATE('08/05/18 23:48', 'DD/MM/YY HH24:MI'), 64040, 1.5);
INSERT INTO SENSOR (SerialNumber, CityPlaced, SensorModel, MinimValue, MaximValue, Unit, SensorType) VALUES (657517, 'Φίλυρο (Οικοισμος Γερακίνα)', 'KPMEH-706', -51.0, 75.9, '°C', 'Temperature');
INSERT INTO MEASUREMENT (DateTime, SensorID, MeasValue) VALUES (TO_DATE('08/05/18 23:45', 'DD/MM/YY HH24:MI'), 657517, 15.6);
INSERT INTO SENSOR (SerialNumber, CityPlaced, SensorModel, MinimValue, MaximValue, Unit, SensorType) VALUES (314021, 'Φίλυρο (Οικοισμος Γερακίνα)', 'GJXHJ-4868', 0, 100, '%', 'Humidity');
INSERT INTO MEASUREMENT (DateTime, SensorID, MeasValue) VALUES (TO_DATE('08/05/18 23:45', 'DD/MM/YY HH24:MI'), 314021, 86);
INSERT INTO SENSOR (SerialNumber, CityPlaced, SensorModel, MinimValue, MaximValue, Unit, SensorType) VALUES (19687, 'Φίλυρο (Οικοισμος Γερακίνα)', 'DYRP-708', 737.0, 1056.9, 'hPa', 'Pressure');
INSERT INTO MEASUREMENT (DateTime, SensorID, MeasValue) VALUES (TO_DATE('08/05/18 23:45', 'DD/MM/YY HH24:MI'), 19687, 1005.3);
INSERT INTO SENSOR (SerialNumber, CityPlaced, SensorModel, MinimValue, MaximValue, Unit, SensorType) VALUES (31625, 'Φίλυρο (Οικοισμος Γερακίνα)', 'GXII-4791', 0.0, 24.9, 'km/h', 'Wind');
INSERT INTO MEASUREMENT (DateTime, SensorID, MeasValue) VALUES (TO_DATE('08/05/18 23:45', 'DD/MM/YY HH24:MI'), 31625, 1.3);
INSERT INTO SENSOR (SerialNumber, CityPlaced, SensorModel, MinimValue, MaximValue, Unit, SensorType) VALUES (453204, 'Ωραιόκαστρο', 'YEPYM-951', -55.0, 62.9, '°C', 'Temperature');
INSERT INTO MEASUREMENT (DateTime, SensorID, MeasValue) VALUES (TO_DATE('08/05/18 23:48', 'DD/MM/YY HH24:MI'), 453204, 17.3);
INSERT INTO SENSOR (SerialNumber, CityPlaced, SensorModel, MinimValue, MaximValue, Unit, SensorType) VALUES (766839, 'Ωραιόκαστρο', 'PWPGI-0327', 0, 100, '%', 'Humidity');
INSERT INTO MEASUREMENT (DateTime, SensorID, MeasValue) VALUES (TO_DATE('08/05/18 23:48', 'DD/MM/YY HH24:MI'), 766839, 85);
INSERT INTO SENSOR (SerialNumber, CityPlaced, SensorModel, MinimValue, MaximValue, Unit, SensorType) VALUES (38089, 'Ωραιόκαστρο', 'XCDH-380', 707.0, 1081.9, 'hPa', 'Pressure');
INSERT INTO MEASUREMENT (DateTime, SensorID, MeasValue) VALUES (TO_DATE('08/05/18 23:48', 'DD/MM/YY HH24:MI'), 38089, 1005.8);
INSERT INTO SENSOR (SerialNumber, CityPlaced, SensorModel, MinimValue, MaximValue, Unit, SensorType) VALUES (38836, 'Ωραιόκαστρο', 'KSSR-2818', 0.0, 20.9, 'km/h', 'Wind');
INSERT INTO MEASUREMENT (DateTime, SensorID, MeasValue) VALUES (TO_DATE('08/05/18 23:48', 'DD/MM/YY HH24:MI'), 38836, 0.3);
INSERT INTO SENSOR (SerialNumber, CityPlaced, SensorModel, MinimValue, MaximValue, Unit, SensorType) VALUES (460409, 'Ελευθερούπολη', 'NQWAY-018', -51.0, 76.9, '°C', 'Temperature');
INSERT INTO MEASUREMENT (DateTime, SensorID, MeasValue) VALUES (TO_DATE('08/05/18 23:46', 'DD/MM/YY HH24:MI'), 460409, 16.3);
INSERT INTO SENSOR (SerialNumber, CityPlaced, SensorModel, MinimValue, MaximValue, Unit, SensorType) VALUES (507000, 'Ελευθερούπολη', 'LVQGO-8776', 0, 100, '%', 'Humidity');
INSERT INTO MEASUREMENT (DateTime, SensorID, MeasValue) VALUES (TO_DATE('08/05/18 23:46', 'DD/MM/YY HH24:MI'), 507000, 93);
INSERT INTO SENSOR (SerialNumber, CityPlaced, SensorModel, MinimValue, MaximValue, Unit, SensorType) VALUES (13454, 'Ελευθερούπολη', 'CAPB-703', 737.0, 1100.9, 'hPa', 'Pressure');
INSERT INTO MEASUREMENT (DateTime, SensorID, MeasValue) VALUES (TO_DATE('08/05/18 23:46', 'DD/MM/YY HH24:MI'), 13454, 1005.4);
INSERT INTO SENSOR (SerialNumber, CityPlaced, SensorModel, MinimValue, MaximValue, Unit, SensorType) VALUES (55075, 'Ελευθερούπολη', 'XCKI-7482', 0.0, 23.9, 'km/h', 'Wind');
INSERT INTO MEASUREMENT (DateTime, SensorID, MeasValue) VALUES (TO_DATE('08/05/18 23:46', 'DD/MM/YY HH24:MI'), 55075, 0.8);
INSERT INTO SENSOR (SerialNumber, CityPlaced, SensorModel, MinimValue, MaximValue, Unit, SensorType) VALUES (758147, 'Θάσος Λιμένας', 'QGHPE-626', -60.0, 68.9, '°C', 'Temperature');
INSERT INTO MEASUREMENT (DateTime, SensorID, MeasValue) VALUES (TO_DATE('08/05/18 23:40', 'DD/MM/YY HH24:MI'), 758147, 17.1);
INSERT INTO MEASUREMENT (DateTime, SensorID, MeasValue) VALUES (TO_DATE('08/05/18 23:40', 'DD/MM/YY HH24:MI'), 220805, 87);
INSERT INTO SENSOR (SerialNumber, CityPlaced, SensorModel, MinimValue, MaximValue, Unit, SensorType) VALUES (29069, 'Θάσος Λιμένας', 'PBNU-412', 709.0, 1051.9, 'hPa', 'Pressure');
INSERT INTO MEASUREMENT (DateTime, SensorID, MeasValue) VALUES (TO_DATE('08/05/18 23:40', 'DD/MM/YY HH24:MI'), 29069, 998.8);
INSERT INTO SENSOR (SerialNumber, CityPlaced, SensorModel, MinimValue, MaximValue, Unit, SensorType) VALUES (26538, 'Θάσος Λιμένας', 'SJWC-8091', 0.0, 21.9, 'km/h', 'Wind');
INSERT INTO MEASUREMENT (DateTime, SensorID, MeasValue) VALUES (TO_DATE('08/05/18 23:40', 'DD/MM/YY HH24:MI'), 26538, 0.1);
INSERT INTO SENSOR (SerialNumber, CityPlaced, SensorModel, MinimValue, MaximValue, Unit, SensorType) VALUES (845092, 'Καβάλα', 'NATGJ-479', -58.0, 60.9, '°C', 'Temperature');
INSERT INTO MEASUREMENT (DateTime, SensorID, MeasValue) VALUES (TO_DATE('08/05/18 23:45', 'DD/MM/YY HH24:MI'), 845092, 19.7);
INSERT INTO SENSOR (SerialNumber, CityPlaced, SensorModel, MinimValue, MaximValue, Unit, SensorType) VALUES (242836, 'Καβάλα', 'ELJGU-8879', 0, 100, '%', 'Humidity');
INSERT INTO MEASUREMENT (DateTime, SensorID, MeasValue) VALUES (TO_DATE('08/05/18 23:45', 'DD/MM/YY HH24:MI'), 242836, 75);
INSERT INTO SENSOR (SerialNumber, CityPlaced, SensorModel, MinimValue, MaximValue, Unit, SensorType) VALUES (19112, 'Καβάλα', 'TUYD-805', 732.0, 1077.9, 'hPa', 'Pressure');
INSERT INTO MEASUREMENT (DateTime, SensorID, MeasValue) VALUES (TO_DATE('08/05/18 23:45', 'DD/MM/YY HH24:MI'), 19112, 1005.8);
INSERT INTO SENSOR (SerialNumber, CityPlaced, SensorModel, MinimValue, MaximValue, Unit, SensorType) VALUES (88753, 'Καβάλα', 'RNHF-4659', 0.0, 24.9, 'km/h', 'Wind');
INSERT INTO MEASUREMENT (DateTime, SensorID, MeasValue) VALUES (TO_DATE('08/05/18 23:45', 'DD/MM/YY HH24:MI'), 88753, 4.3);
INSERT INTO SENSOR (SerialNumber, CityPlaced, SensorModel, MinimValue, MaximValue, Unit, SensorType) VALUES (675789, 'Παλαιοχώρι Παγγαίο', 'YLYMJ-041', -54.0, 63.9, '°C', 'Temperature');
INSERT INTO MEASUREMENT (DateTime, SensorID, MeasValue) VALUES (TO_DATE('08/05/18 23:40', 'DD/MM/YY HH24:MI'), 675789, 17.8);
INSERT INTO SENSOR (SerialNumber, CityPlaced, SensorModel, MinimValue, MaximValue, Unit, SensorType) VALUES (999867, 'Παλαιοχώρι Παγγαίο', 'CULNF-4683', 0, 100, '%', 'Humidity');
INSERT INTO MEASUREMENT (DateTime, SensorID, MeasValue) VALUES (TO_DATE('08/05/18 23:40', 'DD/MM/YY HH24:MI'), 999867, 75);
INSERT INTO SENSOR (SerialNumber, CityPlaced, SensorModel, MinimValue, MaximValue, Unit, SensorType) VALUES (19759, 'Παλαιοχώρι Παγγαίο', 'QSRN-432', 714.0, 1079.9, 'hPa', 'Pressure');
INSERT INTO MEASUREMENT (DateTime, SensorID, MeasValue) VALUES (TO_DATE('08/05/18 23:40', 'DD/MM/YY HH24:MI'), 19759, 1004.7);
INSERT INTO SENSOR (SerialNumber, CityPlaced, SensorModel, MinimValue, MaximValue, Unit, SensorType) VALUES (40584, 'Παλαιοχώρι Παγγαίο', 'NKQF-6370', 0.0, 24.9, 'km/h', 'Wind');
INSERT INTO MEASUREMENT (DateTime, SensorID, MeasValue) VALUES (TO_DATE('08/05/18 23:40', 'DD/MM/YY HH24:MI'), 40584, 0.0);
INSERT INTO SENSOR (SerialNumber, CityPlaced, SensorModel, MinimValue, MaximValue, Unit, SensorType) VALUES (626655, 'Βεγορίτιδα', 'GIOUH-509', -60.0, 64.9, '°C', 'Temperature');
INSERT INTO MEASUREMENT (DateTime, SensorID, MeasValue) VALUES (TO_DATE('08/05/18 23:37', 'DD/MM/YY HH24:MI'), 626655, 12.8);
INSERT INTO SENSOR (SerialNumber, CityPlaced, SensorModel, MinimValue, MaximValue, Unit, SensorType) VALUES (452508, 'Βεγορίτιδα', 'QYDQG-3024', 0, 100, '%', 'Humidity');
INSERT INTO MEASUREMENT (DateTime, SensorID, MeasValue) VALUES (TO_DATE('08/05/18 23:37', 'DD/MM/YY HH24:MI'), 452508, 89);
INSERT INTO SENSOR (SerialNumber, CityPlaced, SensorModel, MinimValue, MaximValue, Unit, SensorType) VALUES (74178, 'Βεγορίτιδα', 'HRFF-625', 735.0, 1051.9, 'hPa', 'Pressure');
INSERT INTO MEASUREMENT (DateTime, SensorID, MeasValue) VALUES (TO_DATE('08/05/18 23:37', 'DD/MM/YY HH24:MI'), 74178, 1007.7);
INSERT INTO SENSOR (SerialNumber, CityPlaced, SensorModel, MinimValue, MaximValue, Unit, SensorType) VALUES (53254, 'Βεγορίτιδα', 'MUHV-2307', 0.0, 25.9, 'km/h', 'Wind');
INSERT INTO MEASUREMENT (DateTime, SensorID, MeasValue) VALUES (TO_DATE('08/05/18 23:37', 'DD/MM/YY HH24:MI'), 53254, 1.3);
INSERT INTO SENSOR (SerialNumber, CityPlaced, SensorModel, MinimValue, MaximValue, Unit, SensorType) VALUES (539374, 'Μακρύγιαλος SV2BZQ', 'BOELI-365', -51.0, 79.9, '°C', 'Temperature');
INSERT INTO MEASUREMENT (DateTime, SensorID, MeasValue) VALUES (TO_DATE('08/05/18 23:47', 'DD/MM/YY HH24:MI'), 539374, 18.0);
INSERT INTO SENSOR (SerialNumber, CityPlaced, SensorModel, MinimValue, MaximValue, Unit, SensorType) VALUES (537423, 'Μακρύγιαλος SV2BZQ', 'VBLIH-3512', 0, 100, '%', 'Humidity');
INSERT INTO MEASUREMENT (DateTime, SensorID, MeasValue) VALUES (TO_DATE('08/05/18 23:47', 'DD/MM/YY HH24:MI'), 537423, 98);
INSERT INTO SENSOR (SerialNumber, CityPlaced, SensorModel, MinimValue, MaximValue, Unit, SensorType) VALUES (40394, 'Μακρύγιαλος SV2BZQ', 'MKXK-288', 728.0, 1092.9, 'hPa', 'Pressure');
INSERT INTO MEASUREMENT (DateTime, SensorID, MeasValue) VALUES (TO_DATE('08/05/18 23:47', 'DD/MM/YY HH24:MI'), 40394, 1005.0);
INSERT INTO SENSOR (SerialNumber, CityPlaced, SensorModel, MinimValue, MaximValue, Unit, SensorType) VALUES (38330, 'Μακρύγιαλος SV2BZQ', 'BQDQ-3705', 0.0, 24.9, 'km/h', 'Wind');
INSERT INTO MEASUREMENT (DateTime, SensorID, MeasValue) VALUES (TO_DATE('08/05/18 23:47', 'DD/MM/YY HH24:MI'), 38330, 2.4);
INSERT INTO SENSOR (SerialNumber, CityPlaced, SensorModel, MinimValue, MaximValue, Unit, SensorType) VALUES (973220, 'Ηράκλεια Σέρρες', 'NETOJ-770', -60.0, 74.9, '°C', 'Temperature');
INSERT INTO MEASUREMENT (DateTime, SensorID, MeasValue) VALUES (TO_DATE('08/05/18 23:00', 'DD/MM/YY HH24:MI'), 973220, 17.6);
INSERT INTO SENSOR (SerialNumber, CityPlaced, SensorModel, MinimValue, MaximValue, Unit, SensorType) VALUES (354443, 'Ηράκλεια Σέρρες', 'DQSYU-3275', 0, 100, '%', 'Humidity');
INSERT INTO MEASUREMENT (DateTime, SensorID, MeasValue) VALUES (TO_DATE('08/05/18 23:00', 'DD/MM/YY HH24:MI'), 354443, 84);
INSERT INTO SENSOR (SerialNumber, CityPlaced, SensorModel, MinimValue, MaximValue, Unit, SensorType) VALUES (18702, 'Ηράκλεια Σέρρες', 'WNLS-283', 735.0, 1069.9, 'hPa', 'Pressure');
INSERT INTO MEASUREMENT (DateTime, SensorID, MeasValue) VALUES (TO_DATE('08/05/18 23:00', 'DD/MM/YY HH24:MI'), 18702, 1004.5);
INSERT INTO SENSOR (SerialNumber, CityPlaced, SensorModel, MinimValue, MaximValue, Unit, SensorType) VALUES (76896, 'Ηράκλεια Σέρρες', 'EJKM-2733', 0.0, 21.9, 'km/h', 'Wind');
INSERT INTO MEASUREMENT (DateTime, SensorID, MeasValue) VALUES (TO_DATE('08/05/18 23:00', 'DD/MM/YY HH24:MI'), 76896, 3.7);
INSERT INTO SENSOR (SerialNumber, CityPlaced, SensorModel, MinimValue, MaximValue, Unit, SensorType) VALUES (541855, 'Πρώτη', 'BDDOJ-897', -54.0, 61.9, '°C', 'Temperature');
INSERT INTO MEASUREMENT (DateTime, SensorID, MeasValue) VALUES (TO_DATE('08/05/18 23:45', 'DD/MM/YY HH24:MI'), 541855, 17.6);
INSERT INTO SENSOR (SerialNumber, CityPlaced, SensorModel, MinimValue, MaximValue, Unit, SensorType) VALUES (473518, 'Πρώτη', 'RIZJZ-8741', 0, 100, '%', 'Humidity');
INSERT INTO MEASUREMENT (DateTime, SensorID, MeasValue) VALUES (TO_DATE('08/05/18 23:45', 'DD/MM/YY HH24:MI'), 473518, 70);
INSERT INTO SENSOR (SerialNumber, CityPlaced, SensorModel, MinimValue, MaximValue, Unit, SensorType) VALUES (99842, 'Πρώτη', 'CKKA-296', 706.0, 1090.9, 'hPa', 'Pressure');
INSERT INTO MEASUREMENT (DateTime, SensorID, MeasValue) VALUES (TO_DATE('08/05/18 23:45', 'DD/MM/YY HH24:MI'), 99842, 1004.1);
INSERT INTO SENSOR (SerialNumber, CityPlaced, SensorModel, MinimValue, MaximValue, Unit, SensorType) VALUES (87496, 'Πρώτη', 'GMZR-6464', 0.0, 21.9, 'km/h', 'Wind');
INSERT INTO MEASUREMENT (DateTime, SensorID, MeasValue) VALUES (TO_DATE('08/05/18 23:45', 'DD/MM/YY HH24:MI'), 87496, 1.9);
INSERT INTO SENSOR (SerialNumber, CityPlaced, SensorModel, MinimValue, MaximValue, Unit, SensorType) VALUES (868104, 'Ροδολίβος', 'YBPZC-765', -57.0, 66.9, '°C', 'Temperature');
INSERT INTO MEASUREMENT (DateTime, SensorID, MeasValue) VALUES (TO_DATE('08/05/18 23:15', 'DD/MM/YY HH24:MI'), 868104, 16.3);
INSERT INTO SENSOR (SerialNumber, CityPlaced, SensorModel, MinimValue, MaximValue, Unit, SensorType) VALUES (304475, 'Ροδολίβος', 'MRNZO-0093', 0, 100, '%', 'Humidity');
INSERT INTO MEASUREMENT (DateTime, SensorID, MeasValue) VALUES (TO_DATE('08/05/18 23:15', 'DD/MM/YY HH24:MI'), 304475, 77);
INSERT INTO SENSOR (SerialNumber, CityPlaced, SensorModel, MinimValue, MaximValue, Unit, SensorType) VALUES (39015, 'Ροδολίβος', 'TNAA-554', 721.0, 1082.9, 'hPa', 'Pressure');
INSERT INTO MEASUREMENT (DateTime, SensorID, MeasValue) VALUES (TO_DATE('08/05/18 23:15', 'DD/MM/YY HH24:MI'), 39015, 1006.4);
INSERT INTO SENSOR (SerialNumber, CityPlaced, SensorModel, MinimValue, MaximValue, Unit, SensorType) VALUES (67727, 'Ροδολίβος', 'KVDY-2017', 0.0, 20.9, 'km/h', 'Wind');
INSERT INTO MEASUREMENT (DateTime, SensorID, MeasValue) VALUES (TO_DATE('08/05/18 23:15', 'DD/MM/YY HH24:MI'), 67727, 0.4);
INSERT INTO SENSOR (SerialNumber, CityPlaced, SensorModel, MinimValue, MaximValue, Unit, SensorType) VALUES (132206, 'Χρυσοχώραφα Σέρρες', 'YHIBM-213', -57.0, 70.9, '°C', 'Temperature');
INSERT INTO MEASUREMENT (DateTime, SensorID, MeasValue) VALUES (TO_DATE('08/05/18 23:45', 'DD/MM/YY HH24:MI'), 132206, 17.5);
INSERT INTO SENSOR (SerialNumber, CityPlaced, SensorModel, MinimValue, MaximValue, Unit, SensorType) VALUES (314747, 'Χρυσοχώραφα Σέρρες', 'SCZWW-3456', 0, 100, '%', 'Humidity');
INSERT INTO MEASUREMENT (DateTime, SensorID, MeasValue) VALUES (TO_DATE('08/05/18 23:45', 'DD/MM/YY HH24:MI'), 314747, 89);
INSERT INTO SENSOR (SerialNumber, CityPlaced, SensorModel, MinimValue, MaximValue, Unit, SensorType) VALUES (17467, 'Χρυσοχώραφα Σέρρες', 'VODY-234', 708.0, 1052.9, 'hPa', 'Pressure');
INSERT INTO MEASUREMENT (DateTime, SensorID, MeasValue) VALUES (TO_DATE('08/05/18 23:45', 'DD/MM/YY HH24:MI'), 17467, 1004.5);
INSERT INTO SENSOR (SerialNumber, CityPlaced, SensorModel, MinimValue, MaximValue, Unit, SensorType) VALUES (87180, 'Χρυσοχώραφα Σέρρες', 'LPEM-3539', 0.0, 25.9, 'km/h', 'Wind');
INSERT INTO MEASUREMENT (DateTime, SensorID, MeasValue) VALUES (TO_DATE('08/05/18 23:45', 'DD/MM/YY HH24:MI'), 87180, 1.1);
INSERT INTO SENSOR (SerialNumber, CityPlaced, SensorModel, MinimValue, MaximValue, Unit, SensorType) VALUES (140679, 'Nέα Μουδανιά', 'UWUWR-916', -51.0, 76.9, '°C', 'Temperature');
INSERT INTO MEASUREMENT (DateTime, SensorID, MeasValue) VALUES (TO_DATE('08/05/18 23:48', 'DD/MM/YY HH24:MI'), 140679, 17.4);
INSERT INTO SENSOR (SerialNumber, CityPlaced, SensorModel, MinimValue, MaximValue, Unit, SensorType) VALUES (536914, 'Nέα Μουδανιά', 'NUYKK-2360', 0, 100, '%', 'Humidity');
INSERT INTO MEASUREMENT (DateTime, SensorID, MeasValue) VALUES (TO_DATE('08/05/18 23:48', 'DD/MM/YY HH24:MI'), 536914, 88);
INSERT INTO SENSOR (SerialNumber, CityPlaced, SensorModel, MinimValue, MaximValue, Unit, SensorType) VALUES (27986, 'Nέα Μουδανιά', 'AUDD-821', 719.0, 1068.9, 'hPa', 'Pressure');
INSERT INTO MEASUREMENT (DateTime, SensorID, MeasValue) VALUES (TO_DATE('08/05/18 23:48', 'DD/MM/YY HH24:MI'), 27986, 1004.6);
INSERT INTO SENSOR (SerialNumber, CityPlaced, SensorModel, MinimValue, MaximValue, Unit, SensorType) VALUES (74813, 'Nέα Μουδανιά', 'CDOF-5283', 0.0, 25.9, 'km/h', 'Wind');
INSERT INTO MEASUREMENT (DateTime, SensorID, MeasValue) VALUES (TO_DATE('08/05/18 23:48', 'DD/MM/YY HH24:MI'), 74813, 0.8);
INSERT INTO SENSOR (SerialNumber, CityPlaced, SensorModel, MinimValue, MaximValue, Unit, SensorType) VALUES (447466, 'Άγιος Νικόλαος', 'BNRBQ-279', -59.0, 65.9, '°C', 'Temperature');
INSERT INTO MEASUREMENT (DateTime, SensorID, MeasValue) VALUES (TO_DATE('08/05/18 23:45', 'DD/MM/YY HH24:MI'), 447466, 18.4);
INSERT INTO SENSOR (SerialNumber, CityPlaced, SensorModel, MinimValue, MaximValue, Unit, SensorType) VALUES (287136, 'Άγιος Νικόλαος', 'BLKIA-9222', 0, 100, '%', 'Humidity');
INSERT INTO MEASUREMENT (DateTime, SensorID, MeasValue) VALUES (TO_DATE('08/05/18 23:45', 'DD/MM/YY HH24:MI'), 287136, 74);
INSERT INTO SENSOR (SerialNumber, CityPlaced, SensorModel, MinimValue, MaximValue, Unit, SensorType) VALUES (25002, 'Άγιος Νικόλαος', 'PPBQ-183', 740.0, 1084.9, 'hPa', 'Pressure');
INSERT INTO MEASUREMENT (DateTime, SensorID, MeasValue) VALUES (TO_DATE('08/05/18 23:45', 'DD/MM/YY HH24:MI'), 25002, 1005.7);
INSERT INTO SENSOR (SerialNumber, CityPlaced, SensorModel, MinimValue, MaximValue, Unit, SensorType) VALUES (34509, 'Άγιος Νικόλαος', 'PDCE-7506', 0.0, 20.9, 'km/h', 'Wind');
INSERT INTO MEASUREMENT (DateTime, SensorID, MeasValue) VALUES (TO_DATE('08/05/18 23:45', 'DD/MM/YY HH24:MI'), 34509, 4.3);
INSERT INTO SENSOR (SerialNumber, CityPlaced, SensorModel, MinimValue, MaximValue, Unit, SensorType) VALUES (977494, 'Νέα Ηράκλεια', 'QJGJA-484', -55.0, 79.9, '°C', 'Temperature');
INSERT INTO MEASUREMENT (DateTime, SensorID, MeasValue) VALUES (TO_DATE('08/05/18 23:45', 'DD/MM/YY HH24:MI'), 977494, 17.0);
INSERT INTO SENSOR (SerialNumber, CityPlaced, SensorModel, MinimValue, MaximValue, Unit, SensorType) VALUES (849962, 'Νέα Ηράκλεια', 'UOSJI-1254', 0, 100, '%', 'Humidity');
INSERT INTO MEASUREMENT (DateTime, SensorID, MeasValue) VALUES (TO_DATE('08/05/18 23:45', 'DD/MM/YY HH24:MI'), 849962, 95);
INSERT INTO SENSOR (SerialNumber, CityPlaced, SensorModel, MinimValue, MaximValue, Unit, SensorType) VALUES (23470, 'Νέα Ηράκλεια', 'LRYR-764', 710.0, 1095.9, 'hPa', 'Pressure');
INSERT INTO MEASUREMENT (DateTime, SensorID, MeasValue) VALUES (TO_DATE('08/05/18 23:45', 'DD/MM/YY HH24:MI'), 23470, 1003.5);
INSERT INTO SENSOR (SerialNumber, CityPlaced, SensorModel, MinimValue, MaximValue, Unit, SensorType) VALUES (99680, 'Νέα Ηράκλεια', 'TTKC-9073', 0.0, 21.9, 'km/h', 'Wind');
INSERT INTO MEASUREMENT (DateTime, SensorID, MeasValue) VALUES (TO_DATE('08/05/18 23:45', 'DD/MM/YY HH24:MI'), 99680, 1.0);
INSERT INTO SENSOR (SerialNumber, CityPlaced, SensorModel, MinimValue, MaximValue, Unit, SensorType) VALUES (564019, 'Ναύπλιο', 'MGSWM-476', -55.0, 60.9, '°C', 'Temperature');
INSERT INTO MEASUREMENT (DateTime, SensorID, MeasValue) VALUES (TO_DATE('08/05/18 23:45', 'DD/MM/YY HH24:MI'), 564019, 15.7);
INSERT INTO SENSOR (SerialNumber, CityPlaced, SensorModel, MinimValue, MaximValue, Unit, SensorType) VALUES (203666, 'Ναύπλιο', 'FADXH-8594', 0, 100, '%', 'Humidity');
INSERT INTO MEASUREMENT (DateTime, SensorID, MeasValue) VALUES (TO_DATE('08/05/18 23:45', 'DD/MM/YY HH24:MI'), 203666, 90);
INSERT INTO SENSOR (SerialNumber, CityPlaced, SensorModel, MinimValue, MaximValue, Unit, SensorType) VALUES (76911, 'Ναύπλιο', 'YCGN-903', 718.0, 1096.9, 'hPa', 'Pressure');
INSERT INTO MEASUREMENT (DateTime, SensorID, MeasValue) VALUES (TO_DATE('08/05/18 23:45', 'DD/MM/YY HH24:MI'), 76911, 1006.9);
INSERT INTO SENSOR (SerialNumber, CityPlaced, SensorModel, MinimValue, MaximValue, Unit, SensorType) VALUES (56411, 'Ναύπλιο', 'GFUD-8272', 0.0, 20.9, 'km/h', 'Wind');
INSERT INTO MEASUREMENT (DateTime, SensorID, MeasValue) VALUES (TO_DATE('08/05/18 23:45', 'DD/MM/YY HH24:MI'), 56411, 4.5);
INSERT INTO SENSOR (SerialNumber, CityPlaced, SensorModel, MinimValue, MaximValue, Unit, SensorType) VALUES (515444, 'Νεοχώρι Φαλαισία Β. Ταΰγετος', 'JGARO-117', -54.0, 74.9, '°C', 'Temperature');
INSERT INTO MEASUREMENT (DateTime, SensorID, MeasValue) VALUES (TO_DATE('08/05/18 23:45', 'DD/MM/YY HH24:MI'), 515444, 9.6);
INSERT INTO SENSOR (SerialNumber, CityPlaced, SensorModel, MinimValue, MaximValue, Unit, SensorType) VALUES (720603, 'Νεοχώρι Φαλαισία Β. Ταΰγετος', 'NPBTX-3298', 0, 100, '%', 'Humidity');
INSERT INTO MEASUREMENT (DateTime, SensorID, MeasValue) VALUES (TO_DATE('08/05/18 23:45', 'DD/MM/YY HH24:MI'), 720603, 91);
INSERT INTO SENSOR (SerialNumber, CityPlaced, SensorModel, MinimValue, MaximValue, Unit, SensorType) VALUES (86038, 'Νεοχώρι Φαλαισία Β. Ταΰγετος', 'RCMI-068', 748.0, 1072.9, 'hPa', 'Pressure');
INSERT INTO MEASUREMENT (DateTime, SensorID, MeasValue) VALUES (TO_DATE('08/05/18 23:45', 'DD/MM/YY HH24:MI'), 86038, 1007.0);
INSERT INTO SENSOR (SerialNumber, CityPlaced, SensorModel, MinimValue, MaximValue, Unit, SensorType) VALUES (65156, 'Νεοχώρι Φαλαισία Β. Ταΰγετος', 'DFTZ-9792', 0.0, 23.9, 'km/h', 'Wind');
INSERT INTO MEASUREMENT (DateTime, SensorID, MeasValue) VALUES (TO_DATE('08/05/18 23:45', 'DD/MM/YY HH24:MI'), 65156, 1.3);
INSERT INTO SENSOR (SerialNumber, CityPlaced, SensorModel, MinimValue, MaximValue, Unit, SensorType) VALUES (385744, 'Ακράτα Συλιβαινιώτικα', 'YNKOW-183', -51.0, 73.9, '°C', 'Temperature');
INSERT INTO MEASUREMENT (DateTime, SensorID, MeasValue) VALUES (TO_DATE('08/05/18 23:45', 'DD/MM/YY HH24:MI'), 385744, 18.9);
INSERT INTO SENSOR (SerialNumber, CityPlaced, SensorModel, MinimValue, MaximValue, Unit, SensorType) VALUES (722618, 'Ακράτα Συλιβαινιώτικα', 'ZFWIR-0301', 0, 100, '%', 'Humidity');
INSERT INTO MEASUREMENT (DateTime, SensorID, MeasValue) VALUES (TO_DATE('08/05/18 23:45', 'DD/MM/YY HH24:MI'), 722618, 82);
INSERT INTO SENSOR (SerialNumber, CityPlaced, SensorModel, MinimValue, MaximValue, Unit, SensorType) VALUES (74227, 'Ακράτα Συλιβαινιώτικα', 'SXCL-140', 702.0, 1062.9, 'hPa', 'Pressure');
INSERT INTO MEASUREMENT (DateTime, SensorID, MeasValue) VALUES (TO_DATE('08/05/18 23:45', 'DD/MM/YY HH24:MI'), 74227, 1006.8);
INSERT INTO SENSOR (SerialNumber, CityPlaced, SensorModel, MinimValue, MaximValue, Unit, SensorType) VALUES (62967, 'Ακράτα Συλιβαινιώτικα', 'WDXX-6358', 0.0, 24.9, 'km/h', 'Wind');
INSERT INTO MEASUREMENT (DateTime, SensorID, MeasValue) VALUES (TO_DATE('08/05/18 23:45', 'DD/MM/YY HH24:MI'), 62967, 8.3);
INSERT INTO SENSOR (SerialNumber, CityPlaced, SensorModel, MinimValue, MaximValue, Unit, SensorType) VALUES (611426, 'Κάτω Βλασία', 'EZOHP-043', -60.0, 66.9, '°C', 'Temperature');
INSERT INTO MEASUREMENT (DateTime, SensorID, MeasValue) VALUES (TO_DATE('08/05/18 23:44', 'DD/MM/YY HH24:MI'), 611426, 10.9);
INSERT INTO SENSOR (SerialNumber, CityPlaced, SensorModel, MinimValue, MaximValue, Unit, SensorType) VALUES (861339, 'Κάτω Βλασία', 'OEBLN-0856', 0, 100, '%', 'Humidity');
INSERT INTO MEASUREMENT (DateTime, SensorID, MeasValue) VALUES (TO_DATE('08/05/18 23:44', 'DD/MM/YY HH24:MI'), 861339, 93);
INSERT INTO SENSOR (SerialNumber, CityPlaced, SensorModel, MinimValue, MaximValue, Unit, SensorType) VALUES (13224, 'Κάτω Βλασία', 'VVZR-730', 732.0, 1080.9, 'hPa', 'Pressure');
INSERT INTO MEASUREMENT (DateTime, SensorID, MeasValue) VALUES (TO_DATE('08/05/18 23:44', 'DD/MM/YY HH24:MI'), 13224, 1008.2);
INSERT INTO SENSOR (SerialNumber, CityPlaced, SensorModel, MinimValue, MaximValue, Unit, SensorType) VALUES (85603, 'Κάτω Βλασία', 'KMDE-6528', 0.0, 23.9, 'km/h', 'Wind');
INSERT INTO MEASUREMENT (DateTime, SensorID, MeasValue) VALUES (TO_DATE('08/05/18 23:44', 'DD/MM/YY HH24:MI'), 85603, 0.8);
INSERT INTO SENSOR (SerialNumber, CityPlaced, SensorModel, MinimValue, MaximValue, Unit, SensorType) VALUES (932120, 'Πάτρα Αγιά', 'WBBVG-815', -50.0, 62.9, '°C', 'Temperature');
INSERT INTO MEASUREMENT (DateTime, SensorID, MeasValue) VALUES (TO_DATE('08/05/18 23:45', 'DD/MM/YY HH24:MI'), 932120, 19.3);
INSERT INTO SENSOR (SerialNumber, CityPlaced, SensorModel, MinimValue, MaximValue, Unit, SensorType) VALUES (802914, 'Πάτρα Αγιά', 'BOVBO-2736', 0, 100, '%', 'Humidity');
INSERT INTO MEASUREMENT (DateTime, SensorID, MeasValue) VALUES (TO_DATE('08/05/18 23:45', 'DD/MM/YY HH24:MI'), 802914, 88);
INSERT INTO SENSOR (SerialNumber, CityPlaced, SensorModel, MinimValue, MaximValue, Unit, SensorType) VALUES (41026, 'Πάτρα Αγιά', 'ILFU-607', 715.0, 1068.9, 'hPa', 'Pressure');
INSERT INTO MEASUREMENT (DateTime, SensorID, MeasValue) VALUES (TO_DATE('08/05/18 23:45', 'DD/MM/YY HH24:MI'), 41026, 1007.3);
INSERT INTO SENSOR (SerialNumber, CityPlaced, SensorModel, MinimValue, MaximValue, Unit, SensorType) VALUES (27830, 'Πάτρα Αγιά', 'RVTK-0086', 0.0, 23.9, 'km/h', 'Wind');
INSERT INTO MEASUREMENT (DateTime, SensorID, MeasValue) VALUES (TO_DATE('08/05/18 23:45', 'DD/MM/YY HH24:MI'), 27830, 3.2);
INSERT INTO SENSOR (SerialNumber, CityPlaced, SensorModel, MinimValue, MaximValue, Unit, SensorType) VALUES (434760, 'Πάτρα Κετχ', 'OCQGJ-695', -59.0, 74.9, '°C', 'Temperature');
INSERT INTO MEASUREMENT (DateTime, SensorID, MeasValue) VALUES (TO_DATE('08/05/18 23:45', 'DD/MM/YY HH24:MI'), 434760, 18.8);
INSERT INTO SENSOR (SerialNumber, CityPlaced, SensorModel, MinimValue, MaximValue, Unit, SensorType) VALUES (801540, 'Πάτρα Κετχ', 'JTIPK-0110', 0, 100, '%', 'Humidity');
INSERT INTO MEASUREMENT (DateTime, SensorID, MeasValue) VALUES (TO_DATE('08/05/18 23:45', 'DD/MM/YY HH24:MI'), 801540, 86);
INSERT INTO SENSOR (SerialNumber, CityPlaced, SensorModel, MinimValue, MaximValue, Unit, SensorType) VALUES (24223, 'Πάτρα Κετχ', 'WRAE-565', 730.0, 1084.9, 'hPa', 'Pressure');
INSERT INTO MEASUREMENT (DateTime, SensorID, MeasValue) VALUES (TO_DATE('08/05/18 23:45', 'DD/MM/YY HH24:MI'), 24223, 1007.3);
INSERT INTO SENSOR (SerialNumber, CityPlaced, SensorModel, MinimValue, MaximValue, Unit, SensorType) VALUES (86017, 'Πάτρα Κετχ', 'JZKY-9106', 0.0, 20.9, 'km/h', 'Wind');
INSERT INTO MEASUREMENT (DateTime, SensorID, MeasValue) VALUES (TO_DATE('08/05/18 23:45', 'DD/MM/YY HH24:MI'), 86017, 0.3);
INSERT INTO SENSOR (SerialNumber, CityPlaced, SensorModel, MinimValue, MaximValue, Unit, SensorType) VALUES (606892, 'Ρίο Καστελόκαμπος', 'MNZFF-863', -57.0, 61.9, '°C', 'Temperature');
INSERT INTO MEASUREMENT (DateTime, SensorID, MeasValue) VALUES (TO_DATE('08/05/18 23:45', 'DD/MM/YY HH24:MI'), 606892, 18.9);
INSERT INTO SENSOR (SerialNumber, CityPlaced, SensorModel, MinimValue, MaximValue, Unit, SensorType) VALUES (620103, 'Ρίο Καστελόκαμπος', 'QSGXI-4745', 0, 100, '%', 'Humidity');
INSERT INTO MEASUREMENT (DateTime, SensorID, MeasValue) VALUES (TO_DATE('08/05/18 23:45', 'DD/MM/YY HH24:MI'), 620103, 87);
INSERT INTO SENSOR (SerialNumber, CityPlaced, SensorModel, MinimValue, MaximValue, Unit, SensorType) VALUES (46292, 'Ρίο Καστελόκαμπος', 'RRTN-461', 711.0, 1072.9, 'hPa', 'Pressure');
INSERT INTO MEASUREMENT (DateTime, SensorID, MeasValue) VALUES (TO_DATE('08/05/18 23:45', 'DD/MM/YY HH24:MI'), 46292, 1008.1);
INSERT INTO SENSOR (SerialNumber, CityPlaced, SensorModel, MinimValue, MaximValue, Unit, SensorType) VALUES (85750, 'Ρίο Καστελόκαμπος', 'MMWK-0959', 0.0, 24.9, 'km/h', 'Wind');
INSERT INTO MEASUREMENT (DateTime, SensorID, MeasValue) VALUES (TO_DATE('08/05/18 23:45', 'DD/MM/YY HH24:MI'), 85750, 2.4);
INSERT INTO SENSOR (SerialNumber, CityPlaced, SensorModel, MinimValue, MaximValue, Unit, SensorType) VALUES (642098, 'Καπελέτο Βάρδας', 'OXSDX-156', -56.0, 71.9, '°C', 'Temperature');
INSERT INTO MEASUREMENT (DateTime, SensorID, MeasValue) VALUES (TO_DATE('08/05/18 23:45', 'DD/MM/YY HH24:MI'), 642098, 17.1);
INSERT INTO SENSOR (SerialNumber, CityPlaced, SensorModel, MinimValue, MaximValue, Unit, SensorType) VALUES (746394, 'Καπελέτο Βάρδας', 'YCSUC-6022', 0, 100, '%', 'Humidity');
INSERT INTO MEASUREMENT (DateTime, SensorID, MeasValue) VALUES (TO_DATE('08/05/18 23:45', 'DD/MM/YY HH24:MI'), 746394, 91);
INSERT INTO SENSOR (SerialNumber, CityPlaced, SensorModel, MinimValue, MaximValue, Unit, SensorType) VALUES (97622, 'Καπελέτο Βάρδας', 'XIVM-702', 717.0, 1076.9, 'hPa', 'Pressure');
INSERT INTO MEASUREMENT (DateTime, SensorID, MeasValue) VALUES (TO_DATE('08/05/18 23:45', 'DD/MM/YY HH24:MI'), 97622, 1006.4);
INSERT INTO SENSOR (SerialNumber, CityPlaced, SensorModel, MinimValue, MaximValue, Unit, SensorType) VALUES (20822, 'Καπελέτο Βάρδας', 'EWRF-6134', 0.0, 22.9, 'km/h', 'Wind');
INSERT INTO MEASUREMENT (DateTime, SensorID, MeasValue) VALUES (TO_DATE('08/05/18 23:45', 'DD/MM/YY HH24:MI'), 20822, 2.4);
INSERT INTO SENSOR (SerialNumber, CityPlaced, SensorModel, MinimValue, MaximValue, Unit, SensorType) VALUES (629227, 'Πύργος Νεάπολη', 'OXYQQ-901', -52.0, 80.9, '°C', 'Temperature');
INSERT INTO MEASUREMENT (DateTime, SensorID, MeasValue) VALUES (TO_DATE('08/05/18 23:47', 'DD/MM/YY HH24:MI'), 629227, 17.8);
INSERT INTO SENSOR (SerialNumber, CityPlaced, SensorModel, MinimValue, MaximValue, Unit, SensorType) VALUES (688847, 'Πύργος Νεάπολη', 'IAQEW-1344', 0, 100, '%', 'Humidity');
INSERT INTO MEASUREMENT (DateTime, SensorID, MeasValue) VALUES (TO_DATE('08/05/18 23:47', 'DD/MM/YY HH24:MI'), 688847, 86);
INSERT INTO SENSOR (SerialNumber, CityPlaced, SensorModel, MinimValue, MaximValue, Unit, SensorType) VALUES (49458, 'Πύργος Νεάπολη', 'BSXK-617', 707.0, 1066.9, 'hPa', 'Pressure');
INSERT INTO MEASUREMENT (DateTime, SensorID, MeasValue) VALUES (TO_DATE('08/05/18 23:47', 'DD/MM/YY HH24:MI'), 49458, 1006.9);
INSERT INTO SENSOR (SerialNumber, CityPlaced, SensorModel, MinimValue, MaximValue, Unit, SensorType) VALUES (42429, 'Πύργος Νεάπολη', 'UYYY-1715', 0.0, 21.9, 'km/h', 'Wind');
INSERT INTO MEASUREMENT (DateTime, SensorID, MeasValue) VALUES (TO_DATE('08/05/18 23:47', 'DD/MM/YY HH24:MI'), 42429, 0.3);
INSERT INTO SENSOR (SerialNumber, CityPlaced, SensorModel, MinimValue, MaximValue, Unit, SensorType) VALUES (829024, 'Πύργος', 'BHSMN-218', -58.0, 75.9, '°C', 'Temperature');
INSERT INTO MEASUREMENT (DateTime, SensorID, MeasValue) VALUES (TO_DATE('08/05/18 23:46', 'DD/MM/YY HH24:MI'), 829024, 18.2);
INSERT INTO SENSOR (SerialNumber, CityPlaced, SensorModel, MinimValue, MaximValue, Unit, SensorType) VALUES (300726, 'Πύργος', 'RRNRH-1982', 0, 100, '%', 'Humidity');
INSERT INTO MEASUREMENT (DateTime, SensorID, MeasValue) VALUES (TO_DATE('08/05/18 23:46', 'DD/MM/YY HH24:MI'), 300726, 88);
INSERT INTO SENSOR (SerialNumber, CityPlaced, SensorModel, MinimValue, MaximValue, Unit, SensorType) VALUES (94303, 'Πύργος', 'YEJY-038', 704.0, 1063.9, 'hPa', 'Pressure');
INSERT INTO MEASUREMENT (DateTime, SensorID, MeasValue) VALUES (TO_DATE('08/05/18 23:46', 'DD/MM/YY HH24:MI'), 94303, 1006.3);
INSERT INTO SENSOR (SerialNumber, CityPlaced, SensorModel, MinimValue, MaximValue, Unit, SensorType) VALUES (67814, 'Πύργος', 'PQFL-8363', 0.0, 21.9, 'km/h', 'Wind');
INSERT INTO MEASUREMENT (DateTime, SensorID, MeasValue) VALUES (TO_DATE('08/05/18 23:46', 'DD/MM/YY HH24:MI'), 67814, 2.7);
INSERT INTO SENSOR (SerialNumber, CityPlaced, SensorModel, MinimValue, MaximValue, Unit, SensorType) VALUES (138561, 'Δερβένι', 'LCNGN-389', -53.0, 60.9, '°C', 'Temperature');
INSERT INTO MEASUREMENT (DateTime, SensorID, MeasValue) VALUES (TO_DATE('08/05/18 23:35', 'DD/MM/YY HH24:MI'), 138561, 19.6);
INSERT INTO SENSOR (SerialNumber, CityPlaced, SensorModel, MinimValue, MaximValue, Unit, SensorType) VALUES (893920, 'Δερβένι', 'UPNGP-0686', 0, 100, '%', 'Humidity');
INSERT INTO MEASUREMENT (DateTime, SensorID, MeasValue) VALUES (TO_DATE('08/05/18 23:35', 'DD/MM/YY HH24:MI'), 893920, 77);
INSERT INTO SENSOR (SerialNumber, CityPlaced, SensorModel, MinimValue, MaximValue, Unit, SensorType) VALUES (27768, 'Δερβένι', 'EOAN-462', 726.0, 1094.9, 'hPa', 'Pressure');
INSERT INTO MEASUREMENT (DateTime, SensorID, MeasValue) VALUES (TO_DATE('08/05/18 23:35', 'DD/MM/YY HH24:MI'), 27768, 1006.1);
INSERT INTO SENSOR (SerialNumber, CityPlaced, SensorModel, MinimValue, MaximValue, Unit, SensorType) VALUES (42998, 'Δερβένι', 'LEOC-6621', 0.0, 25.9, 'km/h', 'Wind');
INSERT INTO MEASUREMENT (DateTime, SensorID, MeasValue) VALUES (TO_DATE('08/05/18 23:35', 'DD/MM/YY HH24:MI'), 42998, 4.0);
INSERT INTO SENSOR (SerialNumber, CityPlaced, SensorModel, MinimValue, MaximValue, Unit, SensorType) VALUES (148897, 'Καίσαρι - Ζήρια', 'GMVWV-961', -58.0, 71.9, '°C', 'Temperature');
INSERT INTO MEASUREMENT (DateTime, SensorID, MeasValue) VALUES (TO_DATE('08/05/18 23:48', 'DD/MM/YY HH24:MI'), 148897, 11.6);
INSERT INTO SENSOR (SerialNumber, CityPlaced, SensorModel, MinimValue, MaximValue, Unit, SensorType) VALUES (930294, 'Καίσαρι - Ζήρια', 'QTVDF-4039', 0, 100, '%', 'Humidity');
INSERT INTO MEASUREMENT (DateTime, SensorID, MeasValue) VALUES (TO_DATE('08/05/18 23:48', 'DD/MM/YY HH24:MI'), 930294, 91);
INSERT INTO SENSOR (SerialNumber, CityPlaced, SensorModel, MinimValue, MaximValue, Unit, SensorType) VALUES (46610, 'Καίσαρι - Ζήρια', 'ABJJ-805', 746.0, 1092.9, 'hPa', 'Pressure');
INSERT INTO MEASUREMENT (DateTime, SensorID, MeasValue) VALUES (TO_DATE('08/05/18 23:48', 'DD/MM/YY HH24:MI'), 46610, 1009.6);
INSERT INTO SENSOR (SerialNumber, CityPlaced, SensorModel, MinimValue, MaximValue, Unit, SensorType) VALUES (44372, 'Καίσαρι - Ζήρια', 'VJCW-7746', 0.0, 22.9, 'km/h', 'Wind');
INSERT INTO MEASUREMENT (DateTime, SensorID, MeasValue) VALUES (TO_DATE('08/05/18 23:48', 'DD/MM/YY HH24:MI'), 44372, 1.6);
INSERT INTO SENSOR (SerialNumber, CityPlaced, SensorModel, MinimValue, MaximValue, Unit, SensorType) VALUES (987204, 'Κόρινθος', 'MZPWJ-817', -53.0, 76.9, '°C', 'Temperature');
INSERT INTO MEASUREMENT (DateTime, SensorID, MeasValue) VALUES (TO_DATE('08/05/18 23:47', 'DD/MM/YY HH24:MI'), 987204, 16.9);
INSERT INTO SENSOR (SerialNumber, CityPlaced, SensorModel, MinimValue, MaximValue, Unit, SensorType) VALUES (916753, 'Κόρινθος', 'KRFPL-4329', 0, 100, '%', 'Humidity');
INSERT INTO MEASUREMENT (DateTime, SensorID, MeasValue) VALUES (TO_DATE('08/05/18 23:47', 'DD/MM/YY HH24:MI'), 916753, 82);
INSERT INTO SENSOR (SerialNumber, CityPlaced, SensorModel, MinimValue, MaximValue, Unit, SensorType) VALUES (80988, 'Κόρινθος', 'YSST-091', 717.0, 1079.9, 'hPa', 'Pressure');
INSERT INTO MEASUREMENT (DateTime, SensorID, MeasValue) VALUES (TO_DATE('08/05/18 23:47', 'DD/MM/YY HH24:MI'), 80988, 1003.8);
INSERT INTO SENSOR (SerialNumber, CityPlaced, SensorModel, MinimValue, MaximValue, Unit, SensorType) VALUES (78072, 'Κόρινθος', 'DGBT-1802', 0.0, 20.9, 'km/h', 'Wind');
INSERT INTO MEASUREMENT (DateTime, SensorID, MeasValue) VALUES (TO_DATE('08/05/18 23:47', 'DD/MM/YY HH24:MI'), 78072, 0.0);
INSERT INTO SENSOR (SerialNumber, CityPlaced, SensorModel, MinimValue, MaximValue, Unit, SensorType) VALUES (270125, 'Λαλιώτη', 'CLXQL-696', -60.0, 64.9, '°C', 'Temperature');
INSERT INTO MEASUREMENT (DateTime, SensorID, MeasValue) VALUES (TO_DATE('08/05/18 23:48', 'DD/MM/YY HH24:MI'), 270125, 16.7);
INSERT INTO SENSOR (SerialNumber, CityPlaced, SensorModel, MinimValue, MaximValue, Unit, SensorType) VALUES (352879, 'Λαλιώτη', 'TXEFN-2960', 0, 100, '%', 'Humidity');
INSERT INTO MEASUREMENT (DateTime, SensorID, MeasValue) VALUES (TO_DATE('08/05/18 23:48', 'DD/MM/YY HH24:MI'), 352879, 81);
INSERT INTO SENSOR (SerialNumber, CityPlaced, SensorModel, MinimValue, MaximValue, Unit, SensorType) VALUES (34604, 'Λαλιώτη', 'WUAS-951', 714.0, 1097.9, 'hPa', 'Pressure');
INSERT INTO MEASUREMENT (DateTime, SensorID, MeasValue) VALUES (TO_DATE('08/05/18 23:48', 'DD/MM/YY HH24:MI'), 34604, 1006.3);
INSERT INTO SENSOR (SerialNumber, CityPlaced, SensorModel, MinimValue, MaximValue, Unit, SensorType) VALUES (34680, 'Λαλιώτη', 'NNAT-6277', 0.0, 21.9, 'km/h', 'Wind');
INSERT INTO MEASUREMENT (DateTime, SensorID, MeasValue) VALUES (TO_DATE('08/05/18 23:48', 'DD/MM/YY HH24:MI'), 34680, 4.2);
INSERT INTO SENSOR (SerialNumber, CityPlaced, SensorModel, MinimValue, MaximValue, Unit, SensorType) VALUES (204558, 'Συκιά', 'UOVDA-827', -60.0, 72.9, '°C', 'Temperature');
INSERT INTO MEASUREMENT (DateTime, SensorID, MeasValue) VALUES (TO_DATE('08/05/18 23:45', 'DD/MM/YY HH24:MI'), 204558, 17.9);
INSERT INTO SENSOR (SerialNumber, CityPlaced, SensorModel, MinimValue, MaximValue, Unit, SensorType) VALUES (694971, 'Συκιά', 'XRKRQ-6396', 0, 100, '%', 'Humidity');
INSERT INTO MEASUREMENT (DateTime, SensorID, MeasValue) VALUES (TO_DATE('08/05/18 23:45', 'DD/MM/YY HH24:MI'), 694971, 82);
INSERT INTO SENSOR (SerialNumber, CityPlaced, SensorModel, MinimValue, MaximValue, Unit, SensorType) VALUES (74590, 'Συκιά', 'DSCR-720', 736.0, 1068.9, 'hPa', 'Pressure');
INSERT INTO MEASUREMENT (DateTime, SensorID, MeasValue) VALUES (TO_DATE('08/05/18 23:45', 'DD/MM/YY HH24:MI'), 74590, 1006.1);
INSERT INTO SENSOR (SerialNumber, CityPlaced, SensorModel, MinimValue, MaximValue, Unit, SensorType) VALUES (90660, 'Συκιά', 'GDDC-1488', 0.0, 24.9, 'km/h', 'Wind');
INSERT INTO MEASUREMENT (DateTime, SensorID, MeasValue) VALUES (TO_DATE('08/05/18 23:45', 'DD/MM/YY HH24:MI'), 90660, 1.3);
INSERT INTO SENSOR (SerialNumber, CityPlaced, SensorModel, MinimValue, MaximValue, Unit, SensorType) VALUES (757059, 'Γεράκι', 'BIHDH-373', -60.0, 65.9, '°C', 'Temperature');
INSERT INTO MEASUREMENT (DateTime, SensorID, MeasValue) VALUES (TO_DATE('08/05/18 23:38', 'DD/MM/YY HH24:MI'), 757059, 17.3);
INSERT INTO SENSOR (SerialNumber, CityPlaced, SensorModel, MinimValue, MaximValue, Unit, SensorType) VALUES (804150, 'Γεράκι', 'YLFBA-9803', 0, 100, '%', 'Humidity');
INSERT INTO MEASUREMENT (DateTime, SensorID, MeasValue) VALUES (TO_DATE('08/05/18 23:38', 'DD/MM/YY HH24:MI'), 804150, 78);
INSERT INTO SENSOR (SerialNumber, CityPlaced, SensorModel, MinimValue, MaximValue, Unit, SensorType) VALUES (11312, 'Γεράκι', 'SYMA-704', 712.0, 1063.9, 'hPa', 'Pressure');
INSERT INTO MEASUREMENT (DateTime, SensorID, MeasValue) VALUES (TO_DATE('08/05/18 23:38', 'DD/MM/YY HH24:MI'), 11312, 1008.8);
INSERT INTO SENSOR (SerialNumber, CityPlaced, SensorModel, MinimValue, MaximValue, Unit, SensorType) VALUES (86658, 'Γεράκι', 'AJOJ-5251', 0.0, 24.9, 'km/h', 'Wind');
INSERT INTO MEASUREMENT (DateTime, SensorID, MeasValue) VALUES (TO_DATE('08/05/18 23:38', 'DD/MM/YY HH24:MI'), 86658, 6.2);
INSERT INTO SENSOR (SerialNumber, CityPlaced, SensorModel, MinimValue, MaximValue, Unit, SensorType) VALUES (301255, 'Βελανιδιά Κρεμμύδια', 'DBYMO-597', -55.0, 71.9, '°C', 'Temperature');
INSERT INTO MEASUREMENT (DateTime, SensorID, MeasValue) VALUES (TO_DATE('08/05/18 23:44', 'DD/MM/YY HH24:MI'), 301255, 13.9);
INSERT INTO SENSOR (SerialNumber, CityPlaced, SensorModel, MinimValue, MaximValue, Unit, SensorType) VALUES (355967, 'Βελανιδιά Κρεμμύδια', 'JDMCA-4345', 0, 100, '%', 'Humidity');
INSERT INTO MEASUREMENT (DateTime, SensorID, MeasValue) VALUES (TO_DATE('08/05/18 23:44', 'DD/MM/YY HH24:MI'), 355967, 93);
INSERT INTO SENSOR (SerialNumber, CityPlaced, SensorModel, MinimValue, MaximValue, Unit, SensorType) VALUES (27240, 'Βελανιδιά Κρεμμύδια', 'UTEW-429', 704.0, 1085.9, 'hPa', 'Pressure');
INSERT INTO MEASUREMENT (DateTime, SensorID, MeasValue) VALUES (TO_DATE('08/05/18 23:44', 'DD/MM/YY HH24:MI'), 27240, 1004.5);
INSERT INTO SENSOR (SerialNumber, CityPlaced, SensorModel, MinimValue, MaximValue, Unit, SensorType) VALUES (49715, 'Βελανιδιά Κρεμμύδια', 'UWOB-5196', 0.0, 21.9, 'km/h', 'Wind');
INSERT INTO MEASUREMENT (DateTime, SensorID, MeasValue) VALUES (TO_DATE('08/05/18 23:44', 'DD/MM/YY HH24:MI'), 49715, 0.0);
INSERT INTO SENSOR (SerialNumber, CityPlaced, SensorModel, MinimValue, MaximValue, Unit, SensorType) VALUES (450539, 'Καλαμάτα Κέντρο', 'BATXJ-397', -57.0, 61.9, '°C', 'Temperature');
INSERT INTO MEASUREMENT (DateTime, SensorID, MeasValue) VALUES (TO_DATE('08/05/18 23:41', 'DD/MM/YY HH24:MI'), 450539, 18.8);
INSERT INTO SENSOR (SerialNumber, CityPlaced, SensorModel, MinimValue, MaximValue, Unit, SensorType) VALUES (167767, 'Καλαμάτα Κέντρο', 'ARSCC-1042', 0, 100, '%', 'Humidity');
INSERT INTO MEASUREMENT (DateTime, SensorID, MeasValue) VALUES (TO_DATE('08/05/18 23:41', 'DD/MM/YY HH24:MI'), 167767, 75);
INSERT INTO SENSOR (SerialNumber, CityPlaced, SensorModel, MinimValue, MaximValue, Unit, SensorType) VALUES (39391, 'Καλαμάτα Κέντρο', 'LZBJ-996', 737.0, 1061.9, 'hPa', 'Pressure');
INSERT INTO MEASUREMENT (DateTime, SensorID, MeasValue) VALUES (TO_DATE('08/05/18 23:41', 'DD/MM/YY HH24:MI'), 39391, 1005.8);
INSERT INTO SENSOR (SerialNumber, CityPlaced, SensorModel, MinimValue, MaximValue, Unit, SensorType) VALUES (31270, 'Καλαμάτα Κέντρο', 'AXFF-2620', 0.0, 25.9, 'km/h', 'Wind');
INSERT INTO MEASUREMENT (DateTime, SensorID, MeasValue) VALUES (TO_DATE('08/05/18 23:41', 'DD/MM/YY HH24:MI'), 31270, 6.5);
INSERT INTO SENSOR (SerialNumber, CityPlaced, SensorModel, MinimValue, MaximValue, Unit, SensorType) VALUES (180171, 'Καλαμάτα Νησάκι', 'DGWMM-153', -51.0, 74.9, '°C', 'Temperature');
INSERT INTO MEASUREMENT (DateTime, SensorID, MeasValue) VALUES (TO_DATE('08/05/18 23:45', 'DD/MM/YY HH24:MI'), 180171, 20.6);
INSERT INTO SENSOR (SerialNumber, CityPlaced, SensorModel, MinimValue, MaximValue, Unit, SensorType) VALUES (200133, 'Καλαμάτα Νησάκι', 'BORFQ-4847', 0, 100, '%', 'Humidity');
INSERT INTO MEASUREMENT (DateTime, SensorID, MeasValue) VALUES (TO_DATE('08/05/18 23:45', 'DD/MM/YY HH24:MI'), 200133, 72);
INSERT INTO SENSOR (SerialNumber, CityPlaced, SensorModel, MinimValue, MaximValue, Unit, SensorType) VALUES (61542, 'Καλαμάτα Νησάκι', 'CKRE-749', 727.0, 1055.9, 'hPa', 'Pressure');
INSERT INTO MEASUREMENT (DateTime, SensorID, MeasValue) VALUES (TO_DATE('08/05/18 23:45', 'DD/MM/YY HH24:MI'), 61542, 1005.4);
INSERT INTO SENSOR (SerialNumber, CityPlaced, SensorModel, MinimValue, MaximValue, Unit, SensorType) VALUES (47029, 'Καλαμάτα Νησάκι', 'COFW-4892', 0.0, 25.9, 'km/h', 'Wind');
INSERT INTO MEASUREMENT (DateTime, SensorID, MeasValue) VALUES (TO_DATE('08/05/18 23:45', 'DD/MM/YY HH24:MI'), 47029, 5.4);
INSERT INTO SENSOR (SerialNumber, CityPlaced, SensorModel, MinimValue, MaximValue, Unit, SensorType) VALUES (127344, 'Κορομηλιά', 'RHTBH-861', -60.0, 62.9, '°C', 'Temperature');
INSERT INTO MEASUREMENT (DateTime, SensorID, MeasValue) VALUES (TO_DATE('08/05/18 23:45', 'DD/MM/YY HH24:MI'), 127344, 13.7);
INSERT INTO SENSOR (SerialNumber, CityPlaced, SensorModel, MinimValue, MaximValue, Unit, SensorType) VALUES (497904, 'Κορομηλιά', 'NKIZY-0736', 0, 100, '%', 'Humidity');
INSERT INTO MEASUREMENT (DateTime, SensorID, MeasValue) VALUES (TO_DATE('08/05/18 23:45', 'DD/MM/YY HH24:MI'), 497904, 92);
INSERT INTO SENSOR (SerialNumber, CityPlaced, SensorModel, MinimValue, MaximValue, Unit, SensorType) VALUES (16714, 'Κορομηλιά', 'JPRW-694', 733.0, 1093.9, 'hPa', 'Pressure');
INSERT INTO MEASUREMENT (DateTime, SensorID, MeasValue) VALUES (TO_DATE('08/05/18 23:45', 'DD/MM/YY HH24:MI'), 16714, 1007.9);
INSERT INTO SENSOR (SerialNumber, CityPlaced, SensorModel, MinimValue, MaximValue, Unit, SensorType) VALUES (68686, 'Κορομηλιά', 'UHRG-9467', 0.0, 20.9, 'km/h', 'Wind');
INSERT INTO MEASUREMENT (DateTime, SensorID, MeasValue) VALUES (TO_DATE('08/05/18 23:45', 'DD/MM/YY HH24:MI'), 68686, 1.1);
INSERT INTO SENSOR (SerialNumber, CityPlaced, SensorModel, MinimValue, MaximValue, Unit, SensorType) VALUES (404917, 'Μάνεσης', 'RCYLK-586', -52.0, 64.9, '°C', 'Temperature');
INSERT INTO MEASUREMENT (DateTime, SensorID, MeasValue) VALUES (TO_DATE('08/05/18 21:55', 'DD/MM/YY HH24:MI'), 404917, 16.6);
INSERT INTO SENSOR (SerialNumber, CityPlaced, SensorModel, MinimValue, MaximValue, Unit, SensorType) VALUES (911740, 'Μάνεσης', 'HYFPM-8877', 0, 100, '%', 'Humidity');
INSERT INTO MEASUREMENT (DateTime, SensorID, MeasValue) VALUES (TO_DATE('08/05/18 21:55', 'DD/MM/YY HH24:MI'), 911740, 89);
INSERT INTO SENSOR (SerialNumber, CityPlaced, SensorModel, MinimValue, MaximValue, Unit, SensorType) VALUES (25296, 'Μάνεσης', 'YPEX-630', 724.0, 1064.9, 'hPa', 'Pressure');
INSERT INTO MEASUREMENT (DateTime, SensorID, MeasValue) VALUES (TO_DATE('08/05/18 21:55', 'DD/MM/YY HH24:MI'), 25296, 1007.8);
INSERT INTO SENSOR (SerialNumber, CityPlaced, SensorModel, MinimValue, MaximValue, Unit, SensorType) VALUES (29844, 'Μάνεσης', 'MHXG-5154', 0.0, 20.9, 'km/h', 'Wind');
INSERT INTO MEASUREMENT (DateTime, SensorID, MeasValue) VALUES (TO_DATE('08/05/18 21:55', 'DD/MM/YY HH24:MI'), 29844, 2.1);
INSERT INTO SENSOR (SerialNumber, CityPlaced, SensorModel, MinimValue, MaximValue, Unit, SensorType) VALUES (179412, 'Νέδουσα Ταϋγέτου', 'JAPDP-740', -51.0, 73.9, '°C', 'Temperature');
INSERT INTO MEASUREMENT (DateTime, SensorID, MeasValue) VALUES (TO_DATE('08/05/18 23:44', 'DD/MM/YY HH24:MI'), 179412, 12.6);
INSERT INTO SENSOR (SerialNumber, CityPlaced, SensorModel, MinimValue, MaximValue, Unit, SensorType) VALUES (556345, 'Νέδουσα Ταϋγέτου', 'DMVNZ-2930', 0, 100, '%', 'Humidity');
INSERT INTO MEASUREMENT (DateTime, SensorID, MeasValue) VALUES (TO_DATE('08/05/18 23:44', 'DD/MM/YY HH24:MI'), 556345, 84);
INSERT INTO SENSOR (SerialNumber, CityPlaced, SensorModel, MinimValue, MaximValue, Unit, SensorType) VALUES (42877, 'Νέδουσα Ταϋγέτου', 'NRPL-462', 732.0, 1055.9, 'hPa', 'Pressure');
INSERT INTO MEASUREMENT (DateTime, SensorID, MeasValue) VALUES (TO_DATE('08/05/18 23:44', 'DD/MM/YY HH24:MI'), 42877, 1008.3);
INSERT INTO SENSOR (SerialNumber, CityPlaced, SensorModel, MinimValue, MaximValue, Unit, SensorType) VALUES (79995, 'Νέδουσα Ταϋγέτου', 'DLVY-7061', 0.0, 22.9, 'km/h', 'Wind');
INSERT INTO MEASUREMENT (DateTime, SensorID, MeasValue) VALUES (TO_DATE('08/05/18 23:44', 'DD/MM/YY HH24:MI'), 79995, 3.2);
INSERT INTO SENSOR (SerialNumber, CityPlaced, SensorModel, MinimValue, MaximValue, Unit, SensorType) VALUES (783841, 'Φοινικούντα', 'AMXBY-800', -53.0, 78.9, '°C', 'Temperature');
INSERT INTO MEASUREMENT (DateTime, SensorID, MeasValue) VALUES (TO_DATE('08/05/18 23:48', 'DD/MM/YY HH24:MI'), 783841, 18.8);
INSERT INTO SENSOR (SerialNumber, CityPlaced, SensorModel, MinimValue, MaximValue, Unit, SensorType) VALUES (649398, 'Φοινικούντα', 'UEIAA-8255', 0, 100, '%', 'Humidity');
INSERT INTO MEASUREMENT (DateTime, SensorID, MeasValue) VALUES (TO_DATE('08/05/18 23:48', 'DD/MM/YY HH24:MI'), 649398, 85);
INSERT INTO SENSOR (SerialNumber, CityPlaced, SensorModel, MinimValue, MaximValue, Unit, SensorType) VALUES (27526, 'Φοινικούντα', 'ZKWZ-637', 739.0, 1083.9, 'hPa', 'Pressure');
INSERT INTO MEASUREMENT (DateTime, SensorID, MeasValue) VALUES (TO_DATE('08/05/18 23:48', 'DD/MM/YY HH24:MI'), 27526, 1008.6);
INSERT INTO SENSOR (SerialNumber, CityPlaced, SensorModel, MinimValue, MaximValue, Unit, SensorType) VALUES (42043, 'Φοινικούντα', 'WWTW-4463', 0.0, 25.9, 'km/h', 'Wind');
INSERT INTO MEASUREMENT (DateTime, SensorID, MeasValue) VALUES (TO_DATE('08/05/18 23:48', 'DD/MM/YY HH24:MI'), 42043, 2.6);
INSERT INTO SENSOR (SerialNumber, CityPlaced, SensorModel, MinimValue, MaximValue, Unit, SensorType) VALUES (393064, 'Αμφιλοχία', 'ATNGV-705', -51.0, 65.9, '°C', 'Temperature');
INSERT INTO MEASUREMENT (DateTime, SensorID, MeasValue) VALUES (TO_DATE('08/05/18 23:44', 'DD/MM/YY HH24:MI'), 393064, 17.3);
INSERT INTO SENSOR (SerialNumber, CityPlaced, SensorModel, MinimValue, MaximValue, Unit, SensorType) VALUES (772502, 'Αμφιλοχία', 'KQEKS-4152', 0, 100, '%', 'Humidity');
INSERT INTO MEASUREMENT (DateTime, SensorID, MeasValue) VALUES (TO_DATE('08/05/18 23:44', 'DD/MM/YY HH24:MI'), 772502, 94);
INSERT INTO SENSOR (SerialNumber, CityPlaced, SensorModel, MinimValue, MaximValue, Unit, SensorType) VALUES (83215, 'Αμφιλοχία', 'UTBW-077', 729.0, 1099.9, 'hPa', 'Pressure');
INSERT INTO MEASUREMENT (DateTime, SensorID, MeasValue) VALUES (TO_DATE('08/05/18 23:44', 'DD/MM/YY HH24:MI'), 83215, 1007.1);
INSERT INTO SENSOR (SerialNumber, CityPlaced, SensorModel, MinimValue, MaximValue, Unit, SensorType) VALUES (58497, 'Αμφιλοχία', 'GLDW-0813', 0.0, 21.9, 'km/h', 'Wind');
INSERT INTO MEASUREMENT (DateTime, SensorID, MeasValue) VALUES (TO_DATE('08/05/18 23:44', 'DD/MM/YY HH24:MI'), 58497, 9.1);
INSERT INTO SENSOR (SerialNumber, CityPlaced, SensorModel, MinimValue, MaximValue, Unit, SensorType) VALUES (631076, 'Ναύπακτος', 'EMOST-571', -55.0, 73.9, '°C', 'Temperature');
INSERT INTO MEASUREMENT (DateTime, SensorID, MeasValue) VALUES (TO_DATE('08/05/18 23:39', 'DD/MM/YY HH24:MI'), 631076, 18.2);
INSERT INTO SENSOR (SerialNumber, CityPlaced, SensorModel, MinimValue, MaximValue, Unit, SensorType) VALUES (470699, 'Ναύπακτος', 'SIIOH-2411', 0, 100, '%', 'Humidity');
INSERT INTO MEASUREMENT (DateTime, SensorID, MeasValue) VALUES (TO_DATE('08/05/18 23:39', 'DD/MM/YY HH24:MI'), 470699, 82);
INSERT INTO SENSOR (SerialNumber, CityPlaced, SensorModel, MinimValue, MaximValue, Unit, SensorType) VALUES (56153, 'Ναύπακτος', 'SZKL-197', 729.0, 1074.9, 'hPa', 'Pressure');
INSERT INTO MEASUREMENT (DateTime, SensorID, MeasValue) VALUES (TO_DATE('08/05/18 23:39', 'DD/MM/YY HH24:MI'), 56153, 1006.9);
INSERT INTO SENSOR (SerialNumber, CityPlaced, SensorModel, MinimValue, MaximValue, Unit, SensorType) VALUES (14963, 'Ναύπακτος', 'NXMU-2692', 0.0, 20.9, 'km/h', 'Wind');
INSERT INTO MEASUREMENT (DateTime, SensorID, MeasValue) VALUES (TO_DATE('08/05/18 23:39', 'DD/MM/YY HH24:MI'), 14963, 14.8);
INSERT INTO SENSOR (SerialNumber, CityPlaced, SensorModel, MinimValue, MaximValue, Unit, SensorType) VALUES (377218, 'Παναιτώλιο', 'HGABF-206', -50.0, 62.9, '°C', 'Temperature');
INSERT INTO MEASUREMENT (DateTime, SensorID, MeasValue) VALUES (TO_DATE('08/05/18 23:45', 'DD/MM/YY HH24:MI'), 377218, 16.7);
INSERT INTO SENSOR (SerialNumber, CityPlaced, SensorModel, MinimValue, MaximValue, Unit, SensorType) VALUES (490053, 'Παναιτώλιο', 'CYXMA-5507', 0, 100, '%', 'Humidity');
INSERT INTO MEASUREMENT (DateTime, SensorID, MeasValue) VALUES (TO_DATE('08/05/18 23:45', 'DD/MM/YY HH24:MI'), 490053, 93);
INSERT INTO SENSOR (SerialNumber, CityPlaced, SensorModel, MinimValue, MaximValue, Unit, SensorType) VALUES (32740, 'Παναιτώλιο', 'FCFJ-926', 704.0, 1068.9, 'hPa', 'Pressure');
INSERT INTO MEASUREMENT (DateTime, SensorID, MeasValue) VALUES (TO_DATE('08/05/18 23:45', 'DD/MM/YY HH24:MI'), 32740, 1006.1);
INSERT INTO SENSOR (SerialNumber, CityPlaced, SensorModel, MinimValue, MaximValue, Unit, SensorType) VALUES (51691, 'Παναιτώλιο', 'WQFI-5925', 0.0, 22.9, 'km/h', 'Wind');
INSERT INTO MEASUREMENT (DateTime, SensorID, MeasValue) VALUES (TO_DATE('08/05/18 23:45', 'DD/MM/YY HH24:MI'), 51691, 4.0);
INSERT INTO SENSOR (SerialNumber, CityPlaced, SensorModel, MinimValue, MaximValue, Unit, SensorType) VALUES (558832, 'Άγιος Δημήτριος', 'PFMLI-124', -50.0, 66.9, '°C', 'Temperature');
INSERT INTO MEASUREMENT (DateTime, SensorID, MeasValue) VALUES (TO_DATE('08/05/18 23:48', 'DD/MM/YY HH24:MI'), 558832, 19.9);
INSERT INTO SENSOR (SerialNumber, CityPlaced, SensorModel, MinimValue, MaximValue, Unit, SensorType) VALUES (410825, 'Άγιος Δημήτριος', 'DFJFB-9709', 0, 100, '%', 'Humidity');
INSERT INTO MEASUREMENT (DateTime, SensorID, MeasValue) VALUES (TO_DATE('08/05/18 23:48', 'DD/MM/YY HH24:MI'), 410825, 82);
INSERT INTO SENSOR (SerialNumber, CityPlaced, SensorModel, MinimValue, MaximValue, Unit, SensorType) VALUES (76188, 'Άγιος Δημήτριος', 'BUFC-768', 707.0, 1092.9, 'hPa', 'Pressure');
INSERT INTO MEASUREMENT (DateTime, SensorID, MeasValue) VALUES (TO_DATE('08/05/18 23:48', 'DD/MM/YY HH24:MI'), 76188, 1006.3);
INSERT INTO SENSOR (SerialNumber, CityPlaced, SensorModel, MinimValue, MaximValue, Unit, SensorType) VALUES (99096, 'Άγιος Δημήτριος', 'WCWN-3755', 0.0, 23.9, 'km/h', 'Wind');
INSERT INTO MEASUREMENT (DateTime, SensorID, MeasValue) VALUES (TO_DATE('08/05/18 23:48', 'DD/MM/YY HH24:MI'), 99096, 6.6);
INSERT INTO SENSOR (SerialNumber, CityPlaced, SensorModel, MinimValue, MaximValue, Unit, SensorType) VALUES (403989, 'Άνω Μελίσσια', 'QSMYV-157', -58.0, 79.9, '°C', 'Temperature');
INSERT INTO MEASUREMENT (DateTime, SensorID, MeasValue) VALUES (TO_DATE('08/05/18 23:48', 'DD/MM/YY HH24:MI'), 403989, 17.1);
INSERT INTO SENSOR (SerialNumber, CityPlaced, SensorModel, MinimValue, MaximValue, Unit, SensorType) VALUES (722711, 'Άνω Μελίσσια', 'GRCXD-0560', 0, 100, '%', 'Humidity');
INSERT INTO MEASUREMENT (DateTime, SensorID, MeasValue) VALUES (TO_DATE('08/05/18 23:48', 'DD/MM/YY HH24:MI'), 722711, 75);
INSERT INTO SENSOR (SerialNumber, CityPlaced, SensorModel, MinimValue, MaximValue, Unit, SensorType) VALUES (53446, 'Άνω Μελίσσια', 'JMQW-926', 702.0, 1066.9, 'hPa', 'Pressure');
INSERT INTO MEASUREMENT (DateTime, SensorID, MeasValue) VALUES (TO_DATE('08/05/18 23:48', 'DD/MM/YY HH24:MI'), 53446, 1006.4);
INSERT INTO SENSOR (SerialNumber, CityPlaced, SensorModel, MinimValue, MaximValue, Unit, SensorType) VALUES (81297, 'Άνω Μελίσσια', 'UBTC-0079', 0.0, 20.9, 'km/h', 'Wind');
INSERT INTO MEASUREMENT (DateTime, SensorID, MeasValue) VALUES (TO_DATE('08/05/18 23:48', 'DD/MM/YY HH24:MI'), 81297, 4.0);
INSERT INTO SENSOR (SerialNumber, CityPlaced, SensorModel, MinimValue, MaximValue, Unit, SensorType) VALUES (719637, 'Ύδρα', 'MGKSC-447', -60.0, 80.9, '°C', 'Temperature');
INSERT INTO MEASUREMENT (DateTime, SensorID, MeasValue) VALUES (TO_DATE('08/05/18 23:47', 'DD/MM/YY HH24:MI'), 719637, 19.8);
INSERT INTO SENSOR (SerialNumber, CityPlaced, SensorModel, MinimValue, MaximValue, Unit, SensorType) VALUES (589986, 'Ύδρα', 'AKQIZ-7373', 0, 100, '%', 'Humidity');
INSERT INTO MEASUREMENT (DateTime, SensorID, MeasValue) VALUES (TO_DATE('08/05/18 23:47', 'DD/MM/YY HH24:MI'), 589986, 68);
INSERT INTO SENSOR (SerialNumber, CityPlaced, SensorModel, MinimValue, MaximValue, Unit, SensorType) VALUES (49097, 'Ύδρα', 'ZJDA-265', 747.0, 1054.9, 'hPa', 'Pressure');
INSERT INTO MEASUREMENT (DateTime, SensorID, MeasValue) VALUES (TO_DATE('08/05/18 23:47', 'DD/MM/YY HH24:MI'), 49097, 1006.6);
INSERT INTO SENSOR (SerialNumber, CityPlaced, SensorModel, MinimValue, MaximValue, Unit, SensorType) VALUES (18891, 'Ύδρα', 'LQPY-9436', 0.0, 20.9, 'km/h', 'Wind');
INSERT INTO MEASUREMENT (DateTime, SensorID, MeasValue) VALUES (TO_DATE('08/05/18 23:47', 'DD/MM/YY HH24:MI'), 18891, 0.0);
INSERT INTO SENSOR (SerialNumber, CityPlaced, SensorModel, MinimValue, MaximValue, Unit, SensorType) VALUES (388376, 'Αγία Παρασκευή', 'RANIY-276', -52.0, 77.9, '°C', 'Temperature');
INSERT INTO MEASUREMENT (DateTime, SensorID, MeasValue) VALUES (TO_DATE('08/05/18 23:45', 'DD/MM/YY HH24:MI'), 388376, 17.2);
INSERT INTO SENSOR (SerialNumber, CityPlaced, SensorModel, MinimValue, MaximValue, Unit, SensorType) VALUES (973967, 'Αγία Παρασκευή', 'GGNXZ-5964', 0, 100, '%', 'Humidity');
INSERT INTO MEASUREMENT (DateTime, SensorID, MeasValue) VALUES (TO_DATE('08/05/18 23:45', 'DD/MM/YY HH24:MI'), 973967, 84);
INSERT INTO SENSOR (SerialNumber, CityPlaced, SensorModel, MinimValue, MaximValue, Unit, SensorType) VALUES (29818, 'Αγία Παρασκευή', 'GNZB-635', 718.0, 1055.9, 'hPa', 'Pressure');
INSERT INTO MEASUREMENT (DateTime, SensorID, MeasValue) VALUES (TO_DATE('08/05/18 23:45', 'DD/MM/YY HH24:MI'), 29818, 1005.1);
INSERT INTO SENSOR (SerialNumber, CityPlaced, SensorModel, MinimValue, MaximValue, Unit, SensorType) VALUES (62383, 'Αγία Παρασκευή', 'RNWO-9954', 0.0, 25.9, 'km/h', 'Wind');
INSERT INTO MEASUREMENT (DateTime, SensorID, MeasValue) VALUES (TO_DATE('08/05/18 23:45', 'DD/MM/YY HH24:MI'), 62383, 1.1);
INSERT INTO SENSOR (SerialNumber, CityPlaced, SensorModel, MinimValue, MaximValue, Unit, SensorType) VALUES (587540, 'Αγιος Στέφανος 2', 'GRQVT-939', -55.0, 72.9, '°C', 'Temperature');
INSERT INTO MEASUREMENT (DateTime, SensorID, MeasValue) VALUES (TO_DATE('08/05/18 23:47', 'DD/MM/YY HH24:MI'), 587540, 15.8);
INSERT INTO SENSOR (SerialNumber, CityPlaced, SensorModel, MinimValue, MaximValue, Unit, SensorType) VALUES (407637, 'Αγιος Στέφανος 2', 'NNZPX-3112', 0, 100, '%', 'Humidity');
INSERT INTO MEASUREMENT (DateTime, SensorID, MeasValue) VALUES (TO_DATE('08/05/18 23:47', 'DD/MM/YY HH24:MI'), 407637, 85);
INSERT INTO SENSOR (SerialNumber, CityPlaced, SensorModel, MinimValue, MaximValue, Unit, SensorType) VALUES (73875, 'Αγιος Στέφανος 2', 'GBMT-898', 700.0, 1098.9, 'hPa', 'Pressure');
INSERT INTO MEASUREMENT (DateTime, SensorID, MeasValue) VALUES (TO_DATE('08/05/18 23:47', 'DD/MM/YY HH24:MI'), 73875, 1007.8);
INSERT INTO SENSOR (SerialNumber, CityPlaced, SensorModel, MinimValue, MaximValue, Unit, SensorType) VALUES (35945, 'Αγιος Στέφανος 2', 'TLHZ-7888', 0.0, 21.9, 'km/h', 'Wind');
INSERT INTO MEASUREMENT (DateTime, SensorID, MeasValue) VALUES (TO_DATE('08/05/18 23:47', 'DD/MM/YY HH24:MI'), 35945, 0.0);
INSERT INTO SENSOR (SerialNumber, CityPlaced, SensorModel, MinimValue, MaximValue, Unit, SensorType) VALUES (255543, 'Αγιος Στέφανος', 'CLIXW-103', -58.0, 79.9, '°C', 'Temperature');
INSERT INTO MEASUREMENT (DateTime, SensorID, MeasValue) VALUES (TO_DATE('08/05/18 23:49', 'DD/MM/YY HH24:MI'), 255543, 15.6);
INSERT INTO SENSOR (SerialNumber, CityPlaced, SensorModel, MinimValue, MaximValue, Unit, SensorType) VALUES (639200, 'Αγιος Στέφανος', 'PNPIW-4854', 0, 100, '%', 'Humidity');
INSERT INTO MEASUREMENT (DateTime, SensorID, MeasValue) VALUES (TO_DATE('08/05/18 23:49', 'DD/MM/YY HH24:MI'), 639200, 85);
INSERT INTO SENSOR (SerialNumber, CityPlaced, SensorModel, MinimValue, MaximValue, Unit, SensorType) VALUES (62667, 'Αγιος Στέφανος', 'NVZR-615', 748.0, 1059.9, 'hPa', 'Pressure');
INSERT INTO MEASUREMENT (DateTime, SensorID, MeasValue) VALUES (TO_DATE('08/05/18 23:49', 'DD/MM/YY HH24:MI'), 62667, 1007.6);
INSERT INTO SENSOR (SerialNumber, CityPlaced, SensorModel, MinimValue, MaximValue, Unit, SensorType) VALUES (38832, 'Αγιος Στέφανος', 'TNYH-7606', 0.0, 23.9, 'km/h', 'Wind');
INSERT INTO MEASUREMENT (DateTime, SensorID, MeasValue) VALUES (TO_DATE('08/05/18 23:49', 'DD/MM/YY HH24:MI'), 38832, 0.0);
INSERT INTO SENSOR (SerialNumber, CityPlaced, SensorModel, MinimValue, MaximValue, Unit, SensorType) VALUES (509668, 'Αθήνα Άνω Κυψέλη', 'NYGIG-657', -57.0, 77.9, '°C', 'Temperature');
INSERT INTO MEASUREMENT (DateTime, SensorID, MeasValue) VALUES (TO_DATE('08/05/18 23:45', 'DD/MM/YY HH24:MI'), 509668, 18.8);
INSERT INTO SENSOR (SerialNumber, CityPlaced, SensorModel, MinimValue, MaximValue, Unit, SensorType) VALUES (810029, 'Αθήνα Άνω Κυψέλη', 'WHNQO-0586', 0, 100, '%', 'Humidity');
INSERT INTO MEASUREMENT (DateTime, SensorID, MeasValue) VALUES (TO_DATE('08/05/18 23:45', 'DD/MM/YY HH24:MI'), 810029, 76);
INSERT INTO SENSOR (SerialNumber, CityPlaced, SensorModel, MinimValue, MaximValue, Unit, SensorType) VALUES (98704, 'Αθήνα Άνω Κυψέλη', 'AMWG-314', 726.0, 1058.9, 'hPa', 'Pressure');
INSERT INTO MEASUREMENT (DateTime, SensorID, MeasValue) VALUES (TO_DATE('08/05/18 23:45', 'DD/MM/YY HH24:MI'), 98704, 1005.5);
INSERT INTO SENSOR (SerialNumber, CityPlaced, SensorModel, MinimValue, MaximValue, Unit, SensorType) VALUES (83595, 'Αθήνα Άνω Κυψέλη', 'JZIB-4563', 0.0, 24.9, 'km/h', 'Wind');
INSERT INTO MEASUREMENT (DateTime, SensorID, MeasValue) VALUES (TO_DATE('08/05/18 23:45', 'DD/MM/YY HH24:MI'), 83595, 0.0);
INSERT INTO SENSOR (SerialNumber, CityPlaced, SensorModel, MinimValue, MaximValue, Unit, SensorType) VALUES (796964, 'Αθήνα Χαροκόπειο Πανεπιστήμιο', 'SGZAS-658', -58.0, 69.9, '°C', 'Temperature');
INSERT INTO MEASUREMENT (DateTime, SensorID, MeasValue) VALUES (TO_DATE('08/05/18 23:42', 'DD/MM/YY HH24:MI'), 796964, 18.4);
INSERT INTO SENSOR (SerialNumber, CityPlaced, SensorModel, MinimValue, MaximValue, Unit, SensorType) VALUES (121059, 'Αθήνα Χαροκόπειο Πανεπιστήμιο', 'TGNHU-4159', 0, 100, '%', 'Humidity');
INSERT INTO MEASUREMENT (DateTime, SensorID, MeasValue) VALUES (TO_DATE('08/05/18 23:42', 'DD/MM/YY HH24:MI'), 121059, 85);
INSERT INTO SENSOR (SerialNumber, CityPlaced, SensorModel, MinimValue, MaximValue, Unit, SensorType) VALUES (63015, 'Αθήνα Χαροκόπειο Πανεπιστήμιο', 'OXCZ-616', 731.0, 1081.9, 'hPa', 'Pressure');
INSERT INTO MEASUREMENT (DateTime, SensorID, MeasValue) VALUES (TO_DATE('08/05/18 23:42', 'DD/MM/YY HH24:MI'), 63015, 1006.2);
INSERT INTO SENSOR (SerialNumber, CityPlaced, SensorModel, MinimValue, MaximValue, Unit, SensorType) VALUES (68605, 'Αθήνα Χαροκόπειο Πανεπιστήμιο', 'QFYJ-5266', 0.0, 22.9, 'km/h', 'Wind');
INSERT INTO MEASUREMENT (DateTime, SensorID, MeasValue) VALUES (TO_DATE('08/05/18 23:42', 'DD/MM/YY HH24:MI'), 68605, 0.0);
INSERT INTO SENSOR (SerialNumber, CityPlaced, SensorModel, MinimValue, MaximValue, Unit, SensorType) VALUES (263621, 'Αιγάλεω', 'KINCQ-105', -60.0, 64.9, '°C', 'Temperature');
INSERT INTO MEASUREMENT (DateTime, SensorID, MeasValue) VALUES (TO_DATE('08/05/18 23:48', 'DD/MM/YY HH24:MI'), 263621, 19.7);
INSERT INTO SENSOR (SerialNumber, CityPlaced, SensorModel, MinimValue, MaximValue, Unit, SensorType) VALUES (755776, 'Αιγάλεω', 'SDMVR-5962', 0, 100, '%', 'Humidity');
INSERT INTO MEASUREMENT (DateTime, SensorID, MeasValue) VALUES (TO_DATE('08/05/18 23:48', 'DD/MM/YY HH24:MI'), 755776, 79);
INSERT INTO SENSOR (SerialNumber, CityPlaced, SensorModel, MinimValue, MaximValue, Unit, SensorType) VALUES (78358, 'Αιγάλεω', 'WHZZ-882', 737.0, 1091.9, 'hPa', 'Pressure');
INSERT INTO MEASUREMENT (DateTime, SensorID, MeasValue) VALUES (TO_DATE('08/05/18 23:48', 'DD/MM/YY HH24:MI'), 78358, 1007.5);
INSERT INTO SENSOR (SerialNumber, CityPlaced, SensorModel, MinimValue, MaximValue, Unit, SensorType) VALUES (63945, 'Αιγάλεω', 'DCKY-8198', 0.0, 24.9, 'km/h', 'Wind');
INSERT INTO MEASUREMENT (DateTime, SensorID, MeasValue) VALUES (TO_DATE('08/05/18 23:48', 'DD/MM/YY HH24:MI'), 63945, 0.5);
INSERT INTO SENSOR (SerialNumber, CityPlaced, SensorModel, MinimValue, MaximValue, Unit, SensorType) VALUES (523434, 'Ανάβυσσος', 'UAXKV-448', -51.0, 62.9, '°C', 'Temperature');
INSERT INTO MEASUREMENT (DateTime, SensorID, MeasValue) VALUES (TO_DATE('08/05/18 23:39', 'DD/MM/YY HH24:MI'), 523434, 18.3);
INSERT INTO SENSOR (SerialNumber, CityPlaced, SensorModel, MinimValue, MaximValue, Unit, SensorType) VALUES (965497, 'Ανάβυσσος', 'QCBPN-5601', 0, 100, '%', 'Humidity');
INSERT INTO MEASUREMENT (DateTime, SensorID, MeasValue) VALUES (TO_DATE('08/05/18 23:39', 'DD/MM/YY HH24:MI'), 965497, 87);
INSERT INTO SENSOR (SerialNumber, CityPlaced, SensorModel, MinimValue, MaximValue, Unit, SensorType) VALUES (22101, 'Ανάβυσσος', 'GCOW-464', 727.0, 1052.9, 'hPa', 'Pressure');
INSERT INTO MEASUREMENT (DateTime, SensorID, MeasValue) VALUES (TO_DATE('08/05/18 23:39', 'DD/MM/YY HH24:MI'), 22101, 1005.2);
INSERT INTO SENSOR (SerialNumber, CityPlaced, SensorModel, MinimValue, MaximValue, Unit, SensorType) VALUES (26006, 'Ανάβυσσος', 'SGLB-1316', 0.0, 22.9, 'km/h', 'Wind');
INSERT INTO MEASUREMENT (DateTime, SensorID, MeasValue) VALUES (TO_DATE('08/05/18 23:39', 'DD/MM/YY HH24:MI'), 26006, 0.0);
INSERT INTO SENSOR (SerialNumber, CityPlaced, SensorModel, MinimValue, MaximValue, Unit, SensorType) VALUES (507601, 'Ασπρόπυργος SV1EJD', 'SWKVN-197', -50.0, 69.9, '°C', 'Temperature');
INSERT INTO MEASUREMENT (DateTime, SensorID, MeasValue) VALUES (TO_DATE('08/05/18 23:30', 'DD/MM/YY HH24:MI'), 507601, 17.3);
INSERT INTO SENSOR (SerialNumber, CityPlaced, SensorModel, MinimValue, MaximValue, Unit, SensorType) VALUES (456606, 'Ασπρόπυργος SV1EJD', 'VSCQC-6770', 0, 100, '%', 'Humidity');
INSERT INTO MEASUREMENT (DateTime, SensorID, MeasValue) VALUES (TO_DATE('08/05/18 23:30', 'DD/MM/YY HH24:MI'), 456606, 86);
INSERT INTO SENSOR (SerialNumber, CityPlaced, SensorModel, MinimValue, MaximValue, Unit, SensorType) VALUES (55033, 'Ασπρόπυργος SV1EJD', 'JWAJ-795', 713.0, 1065.9, 'hPa', 'Pressure');
INSERT INTO MEASUREMENT (DateTime, SensorID, MeasValue) VALUES (TO_DATE('08/05/18 23:30', 'DD/MM/YY HH24:MI'), 55033, 1006.1);
INSERT INTO SENSOR (SerialNumber, CityPlaced, SensorModel, MinimValue, MaximValue, Unit, SensorType) VALUES (39880, 'Ασπρόπυργος SV1EJD', 'ULIL-4611', 0.0, 23.9, 'km/h', 'Wind');
INSERT INTO MEASUREMENT (DateTime, SensorID, MeasValue) VALUES (TO_DATE('08/05/18 23:30', 'DD/MM/YY HH24:MI'), 39880, 7.2);
INSERT INTO SENSOR (SerialNumber, CityPlaced, SensorModel, MinimValue, MaximValue, Unit, SensorType) VALUES (531593, 'Αυλώνας', 'ACYTY-114', -53.0, 65.9, '°C', 'Temperature');
INSERT INTO MEASUREMENT (DateTime, SensorID, MeasValue) VALUES (TO_DATE('08/05/18 23:47', 'DD/MM/YY HH24:MI'), 531593, 15.8);
INSERT INTO SENSOR (SerialNumber, CityPlaced, SensorModel, MinimValue, MaximValue, Unit, SensorType) VALUES (398682, 'Αυλώνας', 'TQVUG-2693', 0, 100, '%', 'Humidity');
INSERT INTO MEASUREMENT (DateTime, SensorID, MeasValue) VALUES (TO_DATE('08/05/18 23:47', 'DD/MM/YY HH24:MI'), 398682, 83);
INSERT INTO SENSOR (SerialNumber, CityPlaced, SensorModel, MinimValue, MaximValue, Unit, SensorType) VALUES (18902, 'Αυλώνας', 'GPFN-854', 734.0, 1060.9, 'hPa', 'Pressure');
INSERT INTO MEASUREMENT (DateTime, SensorID, MeasValue) VALUES (TO_DATE('08/05/18 23:47', 'DD/MM/YY HH24:MI'), 18902, 1006.1);
INSERT INTO SENSOR (SerialNumber, CityPlaced, SensorModel, MinimValue, MaximValue, Unit, SensorType) VALUES (74919, 'Αυλώνας', 'DUSN-5234', 0.0, 25.9, 'km/h', 'Wind');
INSERT INTO MEASUREMENT (DateTime, SensorID, MeasValue) VALUES (TO_DATE('08/05/18 23:47', 'DD/MM/YY HH24:MI'), 74919, 0.0);
INSERT INTO SENSOR (SerialNumber, CityPlaced, SensorModel, MinimValue, MaximValue, Unit, SensorType) VALUES (595121, 'Αχαρναί 2', 'FQQZW-578', -54.0, 75.9, '°C', 'Temperature');
INSERT INTO MEASUREMENT (DateTime, SensorID, MeasValue) VALUES (TO_DATE('08/05/18 23:45', 'DD/MM/YY HH24:MI'), 595121, 16.7);
INSERT INTO SENSOR (SerialNumber, CityPlaced, SensorModel, MinimValue, MaximValue, Unit, SensorType) VALUES (985296, 'Αχαρναί 2', 'KQKQT-1312', 0, 100, '%', 'Humidity');
INSERT INTO MEASUREMENT (DateTime, SensorID, MeasValue) VALUES (TO_DATE('08/05/18 23:45', 'DD/MM/YY HH24:MI'), 985296, 94);
INSERT INTO SENSOR (SerialNumber, CityPlaced, SensorModel, MinimValue, MaximValue, Unit, SensorType) VALUES (48038, 'Αχαρναί 2', 'SRKX-875', 749.0, 1057.9, 'hPa', 'Pressure');
INSERT INTO MEASUREMENT (DateTime, SensorID, MeasValue) VALUES (TO_DATE('08/05/18 23:45', 'DD/MM/YY HH24:MI'), 48038, 1006.7);
INSERT INTO SENSOR (SerialNumber, CityPlaced, SensorModel, MinimValue, MaximValue, Unit, SensorType) VALUES (65759, 'Αχαρναί 2', 'WRBP-3769', 0.0, 24.9, 'km/h', 'Wind');
INSERT INTO MEASUREMENT (DateTime, SensorID, MeasValue) VALUES (TO_DATE('08/05/18 23:45', 'DD/MM/YY HH24:MI'), 65759, 2.2);
INSERT INTO SENSOR (SerialNumber, CityPlaced, SensorModel, MinimValue, MaximValue, Unit, SensorType) VALUES (550687, 'Αχαρναί', 'WEATG-679', -60.0, 76.9, '°C', 'Temperature');
INSERT INTO MEASUREMENT (DateTime, SensorID, MeasValue) VALUES (TO_DATE('08/05/18 23:48', 'DD/MM/YY HH24:MI'), 550687, 17.1);
INSERT INTO SENSOR (SerialNumber, CityPlaced, SensorModel, MinimValue, MaximValue, Unit, SensorType) VALUES (157879, 'Αχαρναί', 'QGDKF-3057', 0, 100, '%', 'Humidity');
INSERT INTO MEASUREMENT (DateTime, SensorID, MeasValue) VALUES (TO_DATE('08/05/18 23:48', 'DD/MM/YY HH24:MI'), 157879, 82);
INSERT INTO SENSOR (SerialNumber, CityPlaced, SensorModel, MinimValue, MaximValue, Unit, SensorType) VALUES (39147, 'Αχαρναί', 'DSZN-593', 721.0, 1080.9, 'hPa', 'Pressure');
INSERT INTO MEASUREMENT (DateTime, SensorID, MeasValue) VALUES (TO_DATE('08/05/18 23:48', 'DD/MM/YY HH24:MI'), 39147, 1005.9);
INSERT INTO SENSOR (SerialNumber, CityPlaced, SensorModel, MinimValue, MaximValue, Unit, SensorType) VALUES (11278, 'Αχαρναί', 'THZW-7403', 0.0, 20.9, 'km/h', 'Wind');
INSERT INTO MEASUREMENT (DateTime, SensorID, MeasValue) VALUES (TO_DATE('08/05/18 23:48', 'DD/MM/YY HH24:MI'), 11278, 0.0);
INSERT INTO SENSOR (SerialNumber, CityPlaced, SensorModel, MinimValue, MaximValue, Unit, SensorType) VALUES (713718, 'Βάρκιζα', 'ARXXN-015', -58.0, 64.9, '°C', 'Temperature');
INSERT INTO MEASUREMENT (DateTime, SensorID, MeasValue) VALUES (TO_DATE('08/05/18 23:46', 'DD/MM/YY HH24:MI'), 713718, 18.8);
INSERT INTO SENSOR (SerialNumber, CityPlaced, SensorModel, MinimValue, MaximValue, Unit, SensorType) VALUES (122503, 'Βάρκιζα', 'CPUYD-9309', 0, 100, '%', 'Humidity');
INSERT INTO MEASUREMENT (DateTime, SensorID, MeasValue) VALUES (TO_DATE('08/05/18 23:46', 'DD/MM/YY HH24:MI'), 122503, 86);
INSERT INTO SENSOR (SerialNumber, CityPlaced, SensorModel, MinimValue, MaximValue, Unit, SensorType) VALUES (71157, 'Βάρκιζα', 'EWIU-100', 709.0, 1087.9, 'hPa', 'Pressure');
INSERT INTO MEASUREMENT (DateTime, SensorID, MeasValue) VALUES (TO_DATE('08/05/18 23:46', 'DD/MM/YY HH24:MI'), 71157, 1006.8);
INSERT INTO SENSOR (SerialNumber, CityPlaced, SensorModel, MinimValue, MaximValue, Unit, SensorType) VALUES (94436, 'Βάρκιζα', 'JUQU-7826', 0.0, 20.9, 'km/h', 'Wind');
INSERT INTO MEASUREMENT (DateTime, SensorID, MeasValue) VALUES (TO_DATE('08/05/18 23:46', 'DD/MM/YY HH24:MI'), 94436, 3.2);
INSERT INTO SENSOR (SerialNumber, CityPlaced, SensorModel, MinimValue, MaximValue, Unit, SensorType) VALUES (609629, 'Βύρωνας', 'TVONX-405', -51.0, 80.9, '°C', 'Temperature');
INSERT INTO MEASUREMENT (DateTime, SensorID, MeasValue) VALUES (TO_DATE('08/05/18 23:48', 'DD/MM/YY HH24:MI'), 609629, 18.6);
INSERT INTO SENSOR (SerialNumber, CityPlaced, SensorModel, MinimValue, MaximValue, Unit, SensorType) VALUES (808898, 'Βύρωνας', 'IYYOE-5141', 0, 100, '%', 'Humidity');
INSERT INTO MEASUREMENT (DateTime, SensorID, MeasValue) VALUES (TO_DATE('08/05/18 23:48', 'DD/MM/YY HH24:MI'), 808898, 76);
INSERT INTO SENSOR (SerialNumber, CityPlaced, SensorModel, MinimValue, MaximValue, Unit, SensorType) VALUES (26334, 'Βύρωνας', 'HFPG-443', 705.0, 1085.9, 'hPa', 'Pressure');
INSERT INTO MEASUREMENT (DateTime, SensorID, MeasValue) VALUES (TO_DATE('08/05/18 23:48', 'DD/MM/YY HH24:MI'), 26334, 1008.0);
INSERT INTO SENSOR (SerialNumber, CityPlaced, SensorModel, MinimValue, MaximValue, Unit, SensorType) VALUES (64749, 'Βύρωνας', 'OLKT-8351', 0.0, 21.9, 'km/h', 'Wind');
INSERT INTO MEASUREMENT (DateTime, SensorID, MeasValue) VALUES (TO_DATE('08/05/18 23:48', 'DD/MM/YY HH24:MI'), 64749, 2.6);
INSERT INTO SENSOR (SerialNumber, CityPlaced, SensorModel, MinimValue, MaximValue, Unit, SensorType) VALUES (696166, 'Γαλάτσι 2', 'FJOJB-109', -56.0, 69.9, '°C', 'Temperature');
INSERT INTO MEASUREMENT (DateTime, SensorID, MeasValue) VALUES (TO_DATE('08/05/18 23:40', 'DD/MM/YY HH24:MI'), 696166, 18.8);
INSERT INTO SENSOR (SerialNumber, CityPlaced, SensorModel, MinimValue, MaximValue, Unit, SensorType) VALUES (992150, 'Γαλάτσι 2', 'VUCQC-6298', 0, 100, '%', 'Humidity');
INSERT INTO MEASUREMENT (DateTime, SensorID, MeasValue) VALUES (TO_DATE('08/05/18 23:40', 'DD/MM/YY HH24:MI'), 992150, 78);
INSERT INTO SENSOR (SerialNumber, CityPlaced, SensorModel, MinimValue, MaximValue, Unit, SensorType) VALUES (20933, 'Γαλάτσι 2', 'OTAR-195', 736.0, 1052.9, 'hPa', 'Pressure');
INSERT INTO MEASUREMENT (DateTime, SensorID, MeasValue) VALUES (TO_DATE('08/05/18 23:40', 'DD/MM/YY HH24:MI'), 20933, 1006.7);
INSERT INTO SENSOR (SerialNumber, CityPlaced, SensorModel, MinimValue, MaximValue, Unit, SensorType) VALUES (47184, 'Γαλάτσι 2', 'ZKCP-0249', 0.0, 22.9, 'km/h', 'Wind');
INSERT INTO MEASUREMENT (DateTime, SensorID, MeasValue) VALUES (TO_DATE('08/05/18 23:40', 'DD/MM/YY HH24:MI'), 47184, 0.0);
INSERT INTO SENSOR (SerialNumber, CityPlaced, SensorModel, MinimValue, MaximValue, Unit, SensorType) VALUES (762268, 'Γαλάτσι', 'FSCAG-783', -54.0, 60.9, '°C', 'Temperature');
INSERT INTO MEASUREMENT (DateTime, SensorID, MeasValue) VALUES (TO_DATE('08/05/18 23:48', 'DD/MM/YY HH24:MI'), 762268, 18.2);
INSERT INTO SENSOR (SerialNumber, CityPlaced, SensorModel, MinimValue, MaximValue, Unit, SensorType) VALUES (489560, 'Γαλάτσι', 'QPKKB-8456', 0, 100, '%', 'Humidity');
INSERT INTO MEASUREMENT (DateTime, SensorID, MeasValue) VALUES (TO_DATE('08/05/18 23:48', 'DD/MM/YY HH24:MI'), 489560, 94);
INSERT INTO SENSOR (SerialNumber, CityPlaced, SensorModel, MinimValue, MaximValue, Unit, SensorType) VALUES (77302, 'Γαλάτσι', 'ASGG-357', 750.0, 1086.9, 'hPa', 'Pressure');
INSERT INTO MEASUREMENT (DateTime, SensorID, MeasValue) VALUES (TO_DATE('08/05/18 23:48', 'DD/MM/YY HH24:MI'), 77302, 1005.0);
INSERT INTO SENSOR (SerialNumber, CityPlaced, SensorModel, MinimValue, MaximValue, Unit, SensorType) VALUES (87596, 'Γαλάτσι', 'VYKC-3477', 0.0, 22.9, 'km/h', 'Wind');
INSERT INTO MEASUREMENT (DateTime, SensorID, MeasValue) VALUES (TO_DATE('08/05/18 23:48', 'DD/MM/YY HH24:MI'), 87596, 1.7);
INSERT INTO SENSOR (SerialNumber, CityPlaced, SensorModel, MinimValue, MaximValue, Unit, SensorType) VALUES (776376, 'Διόνυσσος 2', 'COJQD-337', -56.0, 72.9, '°C', 'Temperature');
INSERT INTO MEASUREMENT (DateTime, SensorID, MeasValue) VALUES (TO_DATE('08/05/18 23:44', 'DD/MM/YY HH24:MI'), 776376, 16.8);
INSERT INTO SENSOR (SerialNumber, CityPlaced, SensorModel, MinimValue, MaximValue, Unit, SensorType) VALUES (841022, 'Διόνυσσος 2', 'GMHYP-9059', 0, 100, '%', 'Humidity');
INSERT INTO MEASUREMENT (DateTime, SensorID, MeasValue) VALUES (TO_DATE('08/05/18 23:44', 'DD/MM/YY HH24:MI'), 841022, 75);
INSERT INTO SENSOR (SerialNumber, CityPlaced, SensorModel, MinimValue, MaximValue, Unit, SensorType) VALUES (87746, 'Διόνυσσος 2', 'SFXY-717', 721.0, 1099.9, 'hPa', 'Pressure');
INSERT INTO MEASUREMENT (DateTime, SensorID, MeasValue) VALUES (TO_DATE('08/05/18 23:44', 'DD/MM/YY HH24:MI'), 87746, 1006.7);
INSERT INTO SENSOR (SerialNumber, CityPlaced, SensorModel, MinimValue, MaximValue, Unit, SensorType) VALUES (98386, 'Διόνυσσος 2', 'EWYM-5347', 0.0, 22.9, 'km/h', 'Wind');
INSERT INTO MEASUREMENT (DateTime, SensorID, MeasValue) VALUES (TO_DATE('08/05/18 23:44', 'DD/MM/YY HH24:MI'), 98386, 0.0);
INSERT INTO SENSOR (SerialNumber, CityPlaced, SensorModel, MinimValue, MaximValue, Unit, SensorType) VALUES (910160, 'Διόνυσσος', 'VEKDI-357', -53.0, 70.9, '°C', 'Temperature');
INSERT INTO MEASUREMENT (DateTime, SensorID, MeasValue) VALUES (TO_DATE('08/05/18 23:36', 'DD/MM/YY HH24:MI'), 910160, 16.2);
INSERT INTO SENSOR (SerialNumber, CityPlaced, SensorModel, MinimValue, MaximValue, Unit, SensorType) VALUES (538484, 'Διόνυσσος', 'MWLPA-0786', 0, 100, '%', 'Humidity');
INSERT INTO MEASUREMENT (DateTime, SensorID, MeasValue) VALUES (TO_DATE('08/05/18 23:36', 'DD/MM/YY HH24:MI'), 538484, 75);
INSERT INTO SENSOR (SerialNumber, CityPlaced, SensorModel, MinimValue, MaximValue, Unit, SensorType) VALUES (51563, 'Διόνυσσος', 'HOZT-577', 715.0, 1070.9, 'hPa', 'Pressure');
INSERT INTO MEASUREMENT (DateTime, SensorID, MeasValue) VALUES (TO_DATE('08/05/18 23:36', 'DD/MM/YY HH24:MI'), 51563, 1008.4);
INSERT INTO SENSOR (SerialNumber, CityPlaced, SensorModel, MinimValue, MaximValue, Unit, SensorType) VALUES (98147, 'Διόνυσσος', 'APNH-6115', 0.0, 22.9, 'km/h', 'Wind');
INSERT INTO MEASUREMENT (DateTime, SensorID, MeasValue) VALUES (TO_DATE('08/05/18 23:36', 'DD/MM/YY HH24:MI'), 98147, 5.4);
INSERT INTO SENSOR (SerialNumber, CityPlaced, SensorModel, MinimValue, MaximValue, Unit, SensorType) VALUES (545711, 'Δροσιά', 'RTYPH-098', -54.0, 60.9, '°C', 'Temperature');
INSERT INTO MEASUREMENT (DateTime, SensorID, MeasValue) VALUES (TO_DATE('08/05/18 23:44', 'DD/MM/YY HH24:MI'), 545711, 15.8);
INSERT INTO SENSOR (SerialNumber, CityPlaced, SensorModel, MinimValue, MaximValue, Unit, SensorType) VALUES (784724, 'Δροσιά', 'QCSTC-3677', 0, 100, '%', 'Humidity');
INSERT INTO MEASUREMENT (DateTime, SensorID, MeasValue) VALUES (TO_DATE('08/05/18 23:44', 'DD/MM/YY HH24:MI'), 784724, 86);
INSERT INTO SENSOR (SerialNumber, CityPlaced, SensorModel, MinimValue, MaximValue, Unit, SensorType) VALUES (49382, 'Δροσιά', 'NTLV-189', 750.0, 1064.9, 'hPa', 'Pressure');
INSERT INTO MEASUREMENT (DateTime, SensorID, MeasValue) VALUES (TO_DATE('08/05/18 23:44', 'DD/MM/YY HH24:MI'), 49382, 1005.7);
INSERT INTO SENSOR (SerialNumber, CityPlaced, SensorModel, MinimValue, MaximValue, Unit, SensorType) VALUES (17401, 'Δροσιά', 'UTFV-6034', 0.0, 25.9, 'km/h', 'Wind');
INSERT INTO MEASUREMENT (DateTime, SensorID, MeasValue) VALUES (TO_DATE('08/05/18 23:44', 'DD/MM/YY HH24:MI'), 17401, 2.2);
INSERT INTO SENSOR (SerialNumber, CityPlaced, SensorModel, MinimValue, MaximValue, Unit, SensorType) VALUES (405202, 'Εκάλη', 'HIWAC-164', -52.0, 60.9, '°C', 'Temperature');
INSERT INTO MEASUREMENT (DateTime, SensorID, MeasValue) VALUES (TO_DATE('08/05/18 23:40', 'DD/MM/YY HH24:MI'), 405202, 17.1);
INSERT INTO SENSOR (SerialNumber, CityPlaced, SensorModel, MinimValue, MaximValue, Unit, SensorType) VALUES (493227, 'Εκάλη', 'EUNJC-0897', 0, 100, '%', 'Humidity');
INSERT INTO MEASUREMENT (DateTime, SensorID, MeasValue) VALUES (TO_DATE('08/05/18 23:40', 'DD/MM/YY HH24:MI'), 493227, 82);
INSERT INTO SENSOR (SerialNumber, CityPlaced, SensorModel, MinimValue, MaximValue, Unit, SensorType) VALUES (35084, 'Εκάλη', 'BMGJ-967', 719.0, 1094.9, 'hPa', 'Pressure');
INSERT INTO MEASUREMENT (DateTime, SensorID, MeasValue) VALUES (TO_DATE('08/05/18 23:40', 'DD/MM/YY HH24:MI'), 35084, 1006.9);
INSERT INTO SENSOR (SerialNumber, CityPlaced, SensorModel, MinimValue, MaximValue, Unit, SensorType) VALUES (29530, 'Εκάλη', 'XBNL-7651', 0.0, 25.9, 'km/h', 'Wind');
INSERT INTO MEASUREMENT (DateTime, SensorID, MeasValue) VALUES (TO_DATE('08/05/18 23:40', 'DD/MM/YY HH24:MI'), 29530, 0.0);
INSERT INTO SENSOR (SerialNumber, CityPlaced, SensorModel, MinimValue, MaximValue, Unit, SensorType) VALUES (280047, 'Ζωγράφου - Ε.Μ.Π. - Σχολή Τοπογράφων', 'YOVSV-317', -51.0, 79.9, '°C', 'Temperature');
INSERT INTO MEASUREMENT (DateTime, SensorID, MeasValue) VALUES (TO_DATE('08/05/18 23:45', 'DD/MM/YY HH24:MI'), 280047, 17.7);
INSERT INTO SENSOR (SerialNumber, CityPlaced, SensorModel, MinimValue, MaximValue, Unit, SensorType) VALUES (939320, 'Ζωγράφου - Ε.Μ.Π. - Σχολή Τοπογράφων', 'GJKSR-1639', 0, 100, '%', 'Humidity');
INSERT INTO MEASUREMENT (DateTime, SensorID, MeasValue) VALUES (TO_DATE('08/05/18 23:45', 'DD/MM/YY HH24:MI'), 939320, 75);
INSERT INTO SENSOR (SerialNumber, CityPlaced, SensorModel, MinimValue, MaximValue, Unit, SensorType) VALUES (40099, 'Ζωγράφου - Ε.Μ.Π. - Σχολή Τοπογράφων', 'FPKU-873', 733.0, 1077.9, 'hPa', 'Pressure');
INSERT INTO MEASUREMENT (DateTime, SensorID, MeasValue) VALUES (TO_DATE('08/05/18 23:45', 'DD/MM/YY HH24:MI'), 40099, 1007.2);
INSERT INTO SENSOR (SerialNumber, CityPlaced, SensorModel, MinimValue, MaximValue, Unit, SensorType) VALUES (94844, 'Ζωγράφου - Ε.Μ.Π. - Σχολή Τοπογράφων', 'RAQB-7731', 0.0, 22.9, 'km/h', 'Wind');
INSERT INTO MEASUREMENT (DateTime, SensorID, MeasValue) VALUES (TO_DATE('08/05/18 23:45', 'DD/MM/YY HH24:MI'), 94844, 1.3);
INSERT INTO SENSOR (SerialNumber, CityPlaced, SensorModel, MinimValue, MaximValue, Unit, SensorType) VALUES (586592, 'Ηλιούπολη', 'QHYJV-301', -54.0, 76.9, '°C', 'Temperature');
INSERT INTO MEASUREMENT (DateTime, SensorID, MeasValue) VALUES (TO_DATE('08/05/18 23:47', 'DD/MM/YY HH24:MI'), 586592, 18.3);
INSERT INTO SENSOR (SerialNumber, CityPlaced, SensorModel, MinimValue, MaximValue, Unit, SensorType) VALUES (122450, 'Ηλιούπολη', 'ISVXZ-9948', 0, 100, '%', 'Humidity');
INSERT INTO MEASUREMENT (DateTime, SensorID, MeasValue) VALUES (TO_DATE('08/05/18 23:47', 'DD/MM/YY HH24:MI'), 122450, 80);
INSERT INTO SENSOR (SerialNumber, CityPlaced, SensorModel, MinimValue, MaximValue, Unit, SensorType) VALUES (49206, 'Ηλιούπολη', 'HKRI-097', 711.0, 1063.9, 'hPa', 'Pressure');
INSERT INTO MEASUREMENT (DateTime, SensorID, MeasValue) VALUES (TO_DATE('08/05/18 23:47', 'DD/MM/YY HH24:MI'), 49206, 1007.4);
INSERT INTO SENSOR (SerialNumber, CityPlaced, SensorModel, MinimValue, MaximValue, Unit, SensorType) VALUES (15636, 'Ηλιούπολη', 'YSPF-3985', 0.0, 24.9, 'km/h', 'Wind');
INSERT INTO MEASUREMENT (DateTime, SensorID, MeasValue) VALUES (TO_DATE('08/05/18 23:47', 'DD/MM/YY HH24:MI'), 15636, 0.0);
INSERT INTO SENSOR (SerialNumber, CityPlaced, SensorModel, MinimValue, MaximValue, Unit, SensorType) VALUES (103862, 'Ιπποκράτειος Πολιτεία', 'NMVIC-613', -55.0, 68.9, '°C', 'Temperature');
INSERT INTO MEASUREMENT (DateTime, SensorID, MeasValue) VALUES (TO_DATE('08/05/18 23:45', 'DD/MM/YY HH24:MI'), 103862, 12.6);
INSERT INTO SENSOR (SerialNumber, CityPlaced, SensorModel, MinimValue, MaximValue, Unit, SensorType) VALUES (792849, 'Ιπποκράτειος Πολιτεία', 'TGLJT-3440', 0, 100, '%', 'Humidity');
INSERT INTO MEASUREMENT (DateTime, SensorID, MeasValue) VALUES (TO_DATE('08/05/18 23:45', 'DD/MM/YY HH24:MI'), 792849, 92);
INSERT INTO SENSOR (SerialNumber, CityPlaced, SensorModel, MinimValue, MaximValue, Unit, SensorType) VALUES (17735, 'Ιπποκράτειος Πολιτεία', 'TGNN-337', 729.0, 1087.9, 'hPa', 'Pressure');
INSERT INTO MEASUREMENT (DateTime, SensorID, MeasValue) VALUES (TO_DATE('08/05/18 23:45', 'DD/MM/YY HH24:MI'), 17735, 1011.9);
INSERT INTO SENSOR (SerialNumber, CityPlaced, SensorModel, MinimValue, MaximValue, Unit, SensorType) VALUES (25275, 'Ιπποκράτειος Πολιτεία', 'NDUK-1093', 0.0, 21.9, 'km/h', 'Wind');
INSERT INTO MEASUREMENT (DateTime, SensorID, MeasValue) VALUES (TO_DATE('08/05/18 23:45', 'DD/MM/YY HH24:MI'), 25275, 3.1);
INSERT INTO SENSOR (SerialNumber, CityPlaced, SensorModel, MinimValue, MaximValue, Unit, SensorType) VALUES (506909, 'Καλαμάκι - AirMar', 'UQVSX-496', -56.0, 67.9, '°C', 'Temperature');
INSERT INTO MEASUREMENT (DateTime, SensorID, MeasValue) VALUES (TO_DATE('08/05/18 23:48', 'DD/MM/YY HH24:MI'), 506909, 21.1);
INSERT INTO SENSOR (SerialNumber, CityPlaced, SensorModel, MinimValue, MaximValue, Unit, SensorType) VALUES (603829, 'Καλαμάκι - AirMar', 'XBECJ-0484', 0, 100, '%', 'Humidity');
INSERT INTO MEASUREMENT (DateTime, SensorID, MeasValue) VALUES (TO_DATE('08/05/18 23:48', 'DD/MM/YY HH24:MI'), 603829, 98);
INSERT INTO SENSOR (SerialNumber, CityPlaced, SensorModel, MinimValue, MaximValue, Unit, SensorType) VALUES (48905, 'Καλαμάκι - AirMar', 'OMFA-086', 713.0, 1081.9, 'hPa', 'Pressure');
INSERT INTO MEASUREMENT (DateTime, SensorID, MeasValue) VALUES (TO_DATE('08/05/18 23:48', 'DD/MM/YY HH24:MI'), 48905, 1006.2);
INSERT INTO SENSOR (SerialNumber, CityPlaced, SensorModel, MinimValue, MaximValue, Unit, SensorType) VALUES (28046, 'Καλαμάκι - AirMar', 'YDYN-9405', 0.0, 23.9, 'km/h', 'Wind');
INSERT INTO MEASUREMENT (DateTime, SensorID, MeasValue) VALUES (TO_DATE('08/05/18 23:48', 'DD/MM/YY HH24:MI'), 28046, 1.0);
INSERT INTO SENSOR (SerialNumber, CityPlaced, SensorModel, MinimValue, MaximValue, Unit, SensorType) VALUES (261628, 'Καλύβια Θορικού', 'JVBQI-766', -60.0, 67.9, '°C', 'Temperature');
INSERT INTO MEASUREMENT (DateTime, SensorID, MeasValue) VALUES (TO_DATE('08/05/18 23:46', 'DD/MM/YY HH24:MI'), 261628, 17.7);
INSERT INTO SENSOR (SerialNumber, CityPlaced, SensorModel, MinimValue, MaximValue, Unit, SensorType) VALUES (632916, 'Καλύβια Θορικού', 'YAYDO-6288', 0, 100, '%', 'Humidity');
INSERT INTO MEASUREMENT (DateTime, SensorID, MeasValue) VALUES (TO_DATE('08/05/18 23:46', 'DD/MM/YY HH24:MI'), 632916, 77);
INSERT INTO SENSOR (SerialNumber, CityPlaced, SensorModel, MinimValue, MaximValue, Unit, SensorType) VALUES (59131, 'Καλύβια Θορικού', 'XEPE-287', 750.0, 1079.9, 'hPa', 'Pressure');
INSERT INTO MEASUREMENT (DateTime, SensorID, MeasValue) VALUES (TO_DATE('08/05/18 23:46', 'DD/MM/YY HH24:MI'), 59131, 1007.7);
INSERT INTO SENSOR (SerialNumber, CityPlaced, SensorModel, MinimValue, MaximValue, Unit, SensorType) VALUES (67992, 'Καλύβια Θορικού', 'GXDH-8613', 0.0, 23.9, 'km/h', 'Wind');
INSERT INTO MEASUREMENT (DateTime, SensorID, MeasValue) VALUES (TO_DATE('08/05/18 23:46', 'DD/MM/YY HH24:MI'), 67992, 2.7);
INSERT INTO SENSOR (SerialNumber, CityPlaced, SensorModel, MinimValue, MaximValue, Unit, SensorType) VALUES (696838, 'Κορυδαλλός', 'ANCOV-755', -58.0, 66.9, '°C', 'Temperature');
INSERT INTO MEASUREMENT (DateTime, SensorID, MeasValue) VALUES (TO_DATE('08/05/18 23:47', 'DD/MM/YY HH24:MI'), 696838, 19.1);
INSERT INTO SENSOR (SerialNumber, CityPlaced, SensorModel, MinimValue, MaximValue, Unit, SensorType) VALUES (896350, 'Κορυδαλλός', 'HOWQL-3448', 0, 100, '%', 'Humidity');
INSERT INTO MEASUREMENT (DateTime, SensorID, MeasValue) VALUES (TO_DATE('08/05/18 23:47', 'DD/MM/YY HH24:MI'), 896350, 79);
INSERT INTO SENSOR (SerialNumber, CityPlaced, SensorModel, MinimValue, MaximValue, Unit, SensorType) VALUES (72397, 'Κορυδαλλός', 'TMYG-325', 729.0, 1066.9, 'hPa', 'Pressure');
INSERT INTO MEASUREMENT (DateTime, SensorID, MeasValue) VALUES (TO_DATE('08/05/18 23:47', 'DD/MM/YY HH24:MI'), 72397, 1007.9);
INSERT INTO SENSOR (SerialNumber, CityPlaced, SensorModel, MinimValue, MaximValue, Unit, SensorType) VALUES (40560, 'Κορυδαλλός', 'JLQZ-9956', 0.0, 24.9, 'km/h', 'Wind');
INSERT INTO MEASUREMENT (DateTime, SensorID, MeasValue) VALUES (TO_DATE('08/05/18 23:47', 'DD/MM/YY HH24:MI'), 40560, 0.0);
INSERT INTO SENSOR (SerialNumber, CityPlaced, SensorModel, MinimValue, MaximValue, Unit, SensorType) VALUES (695351, 'Λαύριο 2', 'FVZNY-302', -57.0, 60.9, '°C', 'Temperature');
INSERT INTO MEASUREMENT (DateTime, SensorID, MeasValue) VALUES (TO_DATE('08/05/18 23:45', 'DD/MM/YY HH24:MI'), 695351, 19.2);
INSERT INTO SENSOR (SerialNumber, CityPlaced, SensorModel, MinimValue, MaximValue, Unit, SensorType) VALUES (461554, 'Λαύριο 2', 'FISXT-7111', 0, 100, '%', 'Humidity');
INSERT INTO MEASUREMENT (DateTime, SensorID, MeasValue) VALUES (TO_DATE('08/05/18 23:45', 'DD/MM/YY HH24:MI'), 461554, 80);
INSERT INTO SENSOR (SerialNumber, CityPlaced, SensorModel, MinimValue, MaximValue, Unit, SensorType) VALUES (52284, 'Λαύριο 2', 'QZNS-741', 726.0, 1096.9, 'hPa', 'Pressure');
INSERT INTO MEASUREMENT (DateTime, SensorID, MeasValue) VALUES (TO_DATE('08/05/18 23:45', 'DD/MM/YY HH24:MI'), 52284, 1006.2);
INSERT INTO SENSOR (SerialNumber, CityPlaced, SensorModel, MinimValue, MaximValue, Unit, SensorType) VALUES (24039, 'Λαύριο 2', 'UBJQ-2452', 0.0, 24.9, 'km/h', 'Wind');
INSERT INTO MEASUREMENT (DateTime, SensorID, MeasValue) VALUES (TO_DATE('08/05/18 23:45', 'DD/MM/YY HH24:MI'), 24039, 1.3);
INSERT INTO SENSOR (SerialNumber, CityPlaced, SensorModel, MinimValue, MaximValue, Unit, SensorType) VALUES (975063, 'Λαύριο', 'VXSHJ-962', -53.0, 72.9, '°C', 'Temperature');
INSERT INTO MEASUREMENT (DateTime, SensorID, MeasValue) VALUES (TO_DATE('08/05/18 23:38', 'DD/MM/YY HH24:MI'), 975063, 19.5);
INSERT INTO SENSOR (SerialNumber, CityPlaced, SensorModel, MinimValue, MaximValue, Unit, SensorType) VALUES (967840, 'Λαύριο', 'AHMYA-3385', 0, 100, '%', 'Humidity');
INSERT INTO MEASUREMENT (DateTime, SensorID, MeasValue) VALUES (TO_DATE('08/05/18 23:38', 'DD/MM/YY HH24:MI'), 967840, 79);
INSERT INTO SENSOR (SerialNumber, CityPlaced, SensorModel, MinimValue, MaximValue, Unit, SensorType) VALUES (57517, 'Λαύριο', 'KTPP-885', 719.0, 1081.9, 'hPa', 'Pressure');
INSERT INTO MEASUREMENT (DateTime, SensorID, MeasValue) VALUES (TO_DATE('08/05/18 23:38', 'DD/MM/YY HH24:MI'), 57517, 1004.7);
INSERT INTO SENSOR (SerialNumber, CityPlaced, SensorModel, MinimValue, MaximValue, Unit, SensorType) VALUES (82763, 'Λαύριο', 'DPIJ-0930', 0.0, 21.9, 'km/h', 'Wind');
INSERT INTO MEASUREMENT (DateTime, SensorID, MeasValue) VALUES (TO_DATE('08/05/18 23:38', 'DD/MM/YY HH24:MI'), 82763, 2.4);
INSERT INTO SENSOR (SerialNumber, CityPlaced, SensorModel, MinimValue, MaximValue, Unit, SensorType) VALUES (977997, 'Λυκόβρυση', 'DGGDA-487', -53.0, 63.9, '°C', 'Temperature');
INSERT INTO MEASUREMENT (DateTime, SensorID, MeasValue) VALUES (TO_DATE('08/05/18 23:45', 'DD/MM/YY HH24:MI'), 977997, 16.9);
INSERT INTO SENSOR (SerialNumber, CityPlaced, SensorModel, MinimValue, MaximValue, Unit, SensorType) VALUES (611469, 'Λυκόβρυση', 'JUSPM-6010', 0, 100, '%', 'Humidity');
INSERT INTO MEASUREMENT (DateTime, SensorID, MeasValue) VALUES (TO_DATE('08/05/18 23:45', 'DD/MM/YY HH24:MI'), 611469, 83);
INSERT INTO SENSOR (SerialNumber, CityPlaced, SensorModel, MinimValue, MaximValue, Unit, SensorType) VALUES (91685, 'Λυκόβρυση', 'KTGN-140', 726.0, 1080.9, 'hPa', 'Pressure');
INSERT INTO MEASUREMENT (DateTime, SensorID, MeasValue) VALUES (TO_DATE('08/05/18 23:45', 'DD/MM/YY HH24:MI'), 91685, 1007.2);
INSERT INTO SENSOR (SerialNumber, CityPlaced, SensorModel, MinimValue, MaximValue, Unit, SensorType) VALUES (93070, 'Λυκόβρυση', 'YQZL-5292', 0.0, 23.9, 'km/h', 'Wind');
INSERT INTO MEASUREMENT (DateTime, SensorID, MeasValue) VALUES (TO_DATE('08/05/18 23:45', 'DD/MM/YY HH24:MI'), 93070, 2.2);
INSERT INTO SENSOR (SerialNumber, CityPlaced, SensorModel, MinimValue, MaximValue, Unit, SensorType) VALUES (920735, 'Μαραθώνας Παραλία', 'LSHOH-957', -57.0, 78.9, '°C', 'Temperature');
INSERT INTO MEASUREMENT (DateTime, SensorID, MeasValue) VALUES (TO_DATE('08/05/18 23:47', 'DD/MM/YY HH24:MI'), 920735, 18.3);
INSERT INTO SENSOR (SerialNumber, CityPlaced, SensorModel, MinimValue, MaximValue, Unit, SensorType) VALUES (916314, 'Μαραθώνας Παραλία', 'WFNTM-3442', 0, 100, '%', 'Humidity');
INSERT INTO MEASUREMENT (DateTime, SensorID, MeasValue) VALUES (TO_DATE('08/05/18 23:47', 'DD/MM/YY HH24:MI'), 916314, 91);
INSERT INTO SENSOR (SerialNumber, CityPlaced, SensorModel, MinimValue, MaximValue, Unit, SensorType) VALUES (98336, 'Μαραθώνας Παραλία', 'ULDY-946', 729.0, 1091.9, 'hPa', 'Pressure');
INSERT INTO MEASUREMENT (DateTime, SensorID, MeasValue) VALUES (TO_DATE('08/05/18 23:47', 'DD/MM/YY HH24:MI'), 98336, 1006.8);
INSERT INTO SENSOR (SerialNumber, CityPlaced, SensorModel, MinimValue, MaximValue, Unit, SensorType) VALUES (43517, 'Μαραθώνας Παραλία', 'KGWQ-2186', 0.0, 25.9, 'km/h', 'Wind');
INSERT INTO MEASUREMENT (DateTime, SensorID, MeasValue) VALUES (TO_DATE('08/05/18 23:47', 'DD/MM/YY HH24:MI'), 43517, 2.6);
INSERT INTO SENSOR (SerialNumber, CityPlaced, SensorModel, MinimValue, MaximValue, Unit, SensorType) VALUES (104867, 'Μαρούσι Κοκκινιά', 'YNJCU-234', -60.0, 65.9, '°C', 'Temperature');
INSERT INTO MEASUREMENT (DateTime, SensorID, MeasValue) VALUES (TO_DATE('08/05/18 23:45', 'DD/MM/YY HH24:MI'), 104867, 17.3);
INSERT INTO SENSOR (SerialNumber, CityPlaced, SensorModel, MinimValue, MaximValue, Unit, SensorType) VALUES (299049, 'Μαρούσι Κοκκινιά', 'PKOBK-3358', 0, 100, '%', 'Humidity');
INSERT INTO MEASUREMENT (DateTime, SensorID, MeasValue) VALUES (TO_DATE('08/05/18 23:45', 'DD/MM/YY HH24:MI'), 299049, 83);
INSERT INTO SENSOR (SerialNumber, CityPlaced, SensorModel, MinimValue, MaximValue, Unit, SensorType) VALUES (63458, 'Μαρούσι Κοκκινιά', 'RIHZ-436', 746.0, 1082.9, 'hPa', 'Pressure');
INSERT INTO MEASUREMENT (DateTime, SensorID, MeasValue) VALUES (TO_DATE('08/05/18 23:45', 'DD/MM/YY HH24:MI'), 63458, 1008.1);
INSERT INTO SENSOR (SerialNumber, CityPlaced, SensorModel, MinimValue, MaximValue, Unit, SensorType) VALUES (62272, 'Μαρούσι Κοκκινιά', 'MUJU-4645', 0.0, 25.9, 'km/h', 'Wind');
INSERT INTO MEASUREMENT (DateTime, SensorID, MeasValue) VALUES (TO_DATE('08/05/18 23:45', 'DD/MM/YY HH24:MI'), 62272, 0.3);
INSERT INTO SENSOR (SerialNumber, CityPlaced, SensorModel, MinimValue, MaximValue, Unit, SensorType) VALUES (536172, 'Νέα Κηφισιά', 'LLVLX-958', -56.0, 63.9, '°C', 'Temperature');
INSERT INTO MEASUREMENT (DateTime, SensorID, MeasValue) VALUES (TO_DATE('08/05/18 23:48', 'DD/MM/YY HH24:MI'), 536172, 16.7);
INSERT INTO SENSOR (SerialNumber, CityPlaced, SensorModel, MinimValue, MaximValue, Unit, SensorType) VALUES (177346, 'Νέα Κηφισιά', 'XZAND-7667', 0, 100, '%', 'Humidity');
INSERT INTO MEASUREMENT (DateTime, SensorID, MeasValue) VALUES (TO_DATE('08/05/18 23:48', 'DD/MM/YY HH24:MI'), 177346, 87);
INSERT INTO SENSOR (SerialNumber, CityPlaced, SensorModel, MinimValue, MaximValue, Unit, SensorType) VALUES (75533, 'Νέα Κηφισιά', 'YFLO-955', 737.0, 1068.9, 'hPa', 'Pressure');
INSERT INTO MEASUREMENT (DateTime, SensorID, MeasValue) VALUES (TO_DATE('08/05/18 23:48', 'DD/MM/YY HH24:MI'), 75533, 1005.5);
INSERT INTO SENSOR (SerialNumber, CityPlaced, SensorModel, MinimValue, MaximValue, Unit, SensorType) VALUES (77401, 'Νέα Κηφισιά', 'EYSW-5132', 0.0, 21.9, 'km/h', 'Wind');
INSERT INTO MEASUREMENT (DateTime, SensorID, MeasValue) VALUES (TO_DATE('08/05/18 23:48', 'DD/MM/YY HH24:MI'), 77401, 2.3);
INSERT INTO SENSOR (SerialNumber, CityPlaced, SensorModel, MinimValue, MaximValue, Unit, SensorType) VALUES (513109, 'Νέο Φάληρο 2', 'HMBEU-618', -50.0, 80.9, '°C', 'Temperature');
INSERT INTO MEASUREMENT (DateTime, SensorID, MeasValue) VALUES (TO_DATE('08/05/18 23:45', 'DD/MM/YY HH24:MI'), 513109, 20.0);
INSERT INTO SENSOR (SerialNumber, CityPlaced, SensorModel, MinimValue, MaximValue, Unit, SensorType) VALUES (241137, 'Νέο Φάληρο 2', 'JRKRM-2281', 0, 100, '%', 'Humidity');
INSERT INTO MEASUREMENT (DateTime, SensorID, MeasValue) VALUES (TO_DATE('08/05/18 23:45', 'DD/MM/YY HH24:MI'), 241137, 67);
INSERT INTO SENSOR (SerialNumber, CityPlaced, SensorModel, MinimValue, MaximValue, Unit, SensorType) VALUES (89054, 'Νέο Φάληρο 2', 'BFDD-841', 737.0, 1073.9, 'hPa', 'Pressure');
INSERT INTO MEASUREMENT (DateTime, SensorID, MeasValue) VALUES (TO_DATE('08/05/18 23:45', 'DD/MM/YY HH24:MI'), 89054, 1004.0);
INSERT INTO SENSOR (SerialNumber, CityPlaced, SensorModel, MinimValue, MaximValue, Unit, SensorType) VALUES (17769, 'Νέο Φάληρο 2', 'JBWT-3172', 0.0, 24.9, 'km/h', 'Wind');
INSERT INTO MEASUREMENT (DateTime, SensorID, MeasValue) VALUES (TO_DATE('08/05/18 23:45', 'DD/MM/YY HH24:MI'), 17769, 3.7);
INSERT INTO SENSOR (SerialNumber, CityPlaced, SensorModel, MinimValue, MaximValue, Unit, SensorType) VALUES (145326, 'Νίκαια Περιβολάκι', 'DEUTV-202', -51.0, 63.9, '°C', 'Temperature');
INSERT INTO MEASUREMENT (DateTime, SensorID, MeasValue) VALUES (TO_DATE('08/05/18 23:47', 'DD/MM/YY HH24:MI'), 145326, 20.1);
INSERT INTO SENSOR (SerialNumber, CityPlaced, SensorModel, MinimValue, MaximValue, Unit, SensorType) VALUES (750100, 'Νίκαια Περιβολάκι', 'HNAEY-1734', 0, 100, '%', 'Humidity');
INSERT INTO MEASUREMENT (DateTime, SensorID, MeasValue) VALUES (TO_DATE('08/05/18 23:47', 'DD/MM/YY HH24:MI'), 750100, 89);
INSERT INTO SENSOR (SerialNumber, CityPlaced, SensorModel, MinimValue, MaximValue, Unit, SensorType) VALUES (46210, 'Νίκαια Περιβολάκι', 'OTCC-777', 749.0, 1092.9, 'hPa', 'Pressure');
INSERT INTO MEASUREMENT (DateTime, SensorID, MeasValue) VALUES (TO_DATE('08/05/18 23:47', 'DD/MM/YY HH24:MI'), 46210, 1005.4);
INSERT INTO SENSOR (SerialNumber, CityPlaced, SensorModel, MinimValue, MaximValue, Unit, SensorType) VALUES (99708, 'Νίκαια Περιβολάκι', 'CSSD-5996', 0.0, 23.9, 'km/h', 'Wind');
INSERT INTO MEASUREMENT (DateTime, SensorID, MeasValue) VALUES (TO_DATE('08/05/18 23:47', 'DD/MM/YY HH24:MI'), 99708, 5.9);
INSERT INTO SENSOR (SerialNumber, CityPlaced, SensorModel, MinimValue, MaximValue, Unit, SensorType) VALUES (278043, 'Παλαιό Φάληρο 2', 'AGZHU-248', -58.0, 80.9, '°C', 'Temperature');
INSERT INTO MEASUREMENT (DateTime, SensorID, MeasValue) VALUES (TO_DATE('08/05/18 23:45', 'DD/MM/YY HH24:MI'), 278043, 20.2);
INSERT INTO SENSOR (SerialNumber, CityPlaced, SensorModel, MinimValue, MaximValue, Unit, SensorType) VALUES (949897, 'Παλαιό Φάληρο 2', 'PRBTS-9893', 0, 100, '%', 'Humidity');
INSERT INTO MEASUREMENT (DateTime, SensorID, MeasValue) VALUES (TO_DATE('08/05/18 23:45', 'DD/MM/YY HH24:MI'), 949897, 82);
INSERT INTO SENSOR (SerialNumber, CityPlaced, SensorModel, MinimValue, MaximValue, Unit, SensorType) VALUES (71634, 'Παλαιό Φάληρο 2', 'PNUV-990', 747.0, 1073.9, 'hPa', 'Pressure');
INSERT INTO MEASUREMENT (DateTime, SensorID, MeasValue) VALUES (TO_DATE('08/05/18 23:45', 'DD/MM/YY HH24:MI'), 71634, 1005.3);
INSERT INTO SENSOR (SerialNumber, CityPlaced, SensorModel, MinimValue, MaximValue, Unit, SensorType) VALUES (35289, 'Παλαιό Φάληρο 2', 'XGSR-3774', 0.0, 21.9, 'km/h', 'Wind');
INSERT INTO MEASUREMENT (DateTime, SensorID, MeasValue) VALUES (TO_DATE('08/05/18 23:45', 'DD/MM/YY HH24:MI'), 35289, 0.8);
INSERT INTO SENSOR (SerialNumber, CityPlaced, SensorModel, MinimValue, MaximValue, Unit, SensorType) VALUES (998510, 'Παλλήνη Κάντζα', 'CBPNN-484', -56.0, 64.9, '°C', 'Temperature');
INSERT INTO MEASUREMENT (DateTime, SensorID, MeasValue) VALUES (TO_DATE('08/05/18 23:39', 'DD/MM/YY HH24:MI'), 998510, 17.6);
INSERT INTO SENSOR (SerialNumber, CityPlaced, SensorModel, MinimValue, MaximValue, Unit, SensorType) VALUES (490812, 'Παλλήνη Κάντζα', 'XEANP-0426', 0, 100, '%', 'Humidity');
INSERT INTO MEASUREMENT (DateTime, SensorID, MeasValue) VALUES (TO_DATE('08/05/18 23:39', 'DD/MM/YY HH24:MI'), 490812, 75);
INSERT INTO SENSOR (SerialNumber, CityPlaced, SensorModel, MinimValue, MaximValue, Unit, SensorType) VALUES (71616, 'Παλλήνη Κάντζα', 'VGQB-136', 714.0, 1094.9, 'hPa', 'Pressure');
INSERT INTO MEASUREMENT (DateTime, SensorID, MeasValue) VALUES (TO_DATE('08/05/18 23:39', 'DD/MM/YY HH24:MI'), 71616, 1005.8);
INSERT INTO SENSOR (SerialNumber, CityPlaced, SensorModel, MinimValue, MaximValue, Unit, SensorType) VALUES (56094, 'Παλλήνη Κάντζα', 'XOKN-2382', 0.0, 24.9, 'km/h', 'Wind');
INSERT INTO MEASUREMENT (DateTime, SensorID, MeasValue) VALUES (TO_DATE('08/05/18 23:39', 'DD/MM/YY HH24:MI'), 56094, 1.4);
INSERT INTO SENSOR (SerialNumber, CityPlaced, SensorModel, MinimValue, MaximValue, Unit, SensorType) VALUES (914710, 'Πειραιάς Λόφος Βώκου', 'RDNPK-945', -57.0, 75.9, '°C', 'Temperature');
INSERT INTO MEASUREMENT (DateTime, SensorID, MeasValue) VALUES (TO_DATE('08/05/18 23:43', 'DD/MM/YY HH24:MI'), 914710, 20.0);
INSERT INTO SENSOR (SerialNumber, CityPlaced, SensorModel, MinimValue, MaximValue, Unit, SensorType) VALUES (595866, 'Πειραιάς Λόφος Βώκου', 'KFDNR-4751', 0, 100, '%', 'Humidity');
INSERT INTO MEASUREMENT (DateTime, SensorID, MeasValue) VALUES (TO_DATE('08/05/18 23:43', 'DD/MM/YY HH24:MI'), 595866, 74);
INSERT INTO SENSOR (SerialNumber, CityPlaced, SensorModel, MinimValue, MaximValue, Unit, SensorType) VALUES (42424, 'Πειραιάς Λόφος Βώκου', 'LXRV-945', 732.0, 1078.9, 'hPa', 'Pressure');
INSERT INTO MEASUREMENT (DateTime, SensorID, MeasValue) VALUES (TO_DATE('08/05/18 23:43', 'DD/MM/YY HH24:MI'), 42424, 1007.5);
INSERT INTO SENSOR (SerialNumber, CityPlaced, SensorModel, MinimValue, MaximValue, Unit, SensorType) VALUES (25594, 'Πειραιάς Λόφος Βώκου', 'GDPW-1462', 0.0, 22.9, 'km/h', 'Wind');
INSERT INTO MEASUREMENT (DateTime, SensorID, MeasValue) VALUES (TO_DATE('08/05/18 23:43', 'DD/MM/YY HH24:MI'), 25594, 1.6);
INSERT INTO SENSOR (SerialNumber, CityPlaced, SensorModel, MinimValue, MaximValue, Unit, SensorType) VALUES (494203, 'Πειραιάς', 'LXPGI-384', -50.0, 70.9, '°C', 'Temperature');
INSERT INTO MEASUREMENT (DateTime, SensorID, MeasValue) VALUES (TO_DATE('08/05/18 23:48', 'DD/MM/YY HH24:MI'), 494203, 19.9);
INSERT INTO SENSOR (SerialNumber, CityPlaced, SensorModel, MinimValue, MaximValue, Unit, SensorType) VALUES (798434, 'Πειραιάς', 'BYSGL-1086', 0, 100, '%', 'Humidity');
INSERT INTO MEASUREMENT (DateTime, SensorID, MeasValue) VALUES (TO_DATE('08/05/18 23:48', 'DD/MM/YY HH24:MI'), 798434, 78);
INSERT INTO SENSOR (SerialNumber, CityPlaced, SensorModel, MinimValue, MaximValue, Unit, SensorType) VALUES (78890, 'Πειραιάς', 'UKPE-448', 745.0, 1067.9, 'hPa', 'Pressure');
INSERT INTO MEASUREMENT (DateTime, SensorID, MeasValue) VALUES (TO_DATE('08/05/18 23:48', 'DD/MM/YY HH24:MI'), 78890, 1006.5);
INSERT INTO SENSOR (SerialNumber, CityPlaced, SensorModel, MinimValue, MaximValue, Unit, SensorType) VALUES (62595, 'Πειραιάς', 'YDEX-4719', 0.0, 23.9, 'km/h', 'Wind');
INSERT INTO MEASUREMENT (DateTime, SensorID, MeasValue) VALUES (TO_DATE('08/05/18 23:48', 'DD/MM/YY HH24:MI'), 62595, 1.6);
INSERT INTO SENSOR (SerialNumber, CityPlaced, SensorModel, MinimValue, MaximValue, Unit, SensorType) VALUES (917444, 'Περαμα', 'LZPNI-692', -52.0, 79.9, '°C', 'Temperature');
INSERT INTO MEASUREMENT (DateTime, SensorID, MeasValue) VALUES (TO_DATE('08/05/18 23:45', 'DD/MM/YY HH24:MI'), 917444, 19.6);
INSERT INTO SENSOR (SerialNumber, CityPlaced, SensorModel, MinimValue, MaximValue, Unit, SensorType) VALUES (918478, 'Περαμα', 'YHZTF-9499', 0, 100, '%', 'Humidity');
INSERT INTO MEASUREMENT (DateTime, SensorID, MeasValue) VALUES (TO_DATE('08/05/18 23:45', 'DD/MM/YY HH24:MI'), 918478, 70);
INSERT INTO SENSOR (SerialNumber, CityPlaced, SensorModel, MinimValue, MaximValue, Unit, SensorType) VALUES (26125, 'Περαμα', 'DXXD-605', 746.0, 1095.9, 'hPa', 'Pressure');
INSERT INTO MEASUREMENT (DateTime, SensorID, MeasValue) VALUES (TO_DATE('08/05/18 23:45', 'DD/MM/YY HH24:MI'), 26125, 1007.4);
INSERT INTO SENSOR (SerialNumber, CityPlaced, SensorModel, MinimValue, MaximValue, Unit, SensorType) VALUES (40944, 'Περαμα', 'CVMA-3529', 0.0, 25.9, 'km/h', 'Wind');
INSERT INTO MEASUREMENT (DateTime, SensorID, MeasValue) VALUES (TO_DATE('08/05/18 23:45', 'DD/MM/YY HH24:MI'), 40944, 3.8);
INSERT INTO SENSOR (SerialNumber, CityPlaced, SensorModel, MinimValue, MaximValue, Unit, SensorType) VALUES (285628, 'Πόρτο Ράφτη Λιμικό', 'BZTBQ-824', -52.0, 63.9, '°C', 'Temperature');
INSERT INTO MEASUREMENT (DateTime, SensorID, MeasValue) VALUES (TO_DATE('08/05/18 23:47', 'DD/MM/YY HH24:MI'), 285628, 16.2);
INSERT INTO SENSOR (SerialNumber, CityPlaced, SensorModel, MinimValue, MaximValue, Unit, SensorType) VALUES (299374, 'Πόρτο Ράφτη Λιμικό', 'EZZGQ-7135', 0, 100, '%', 'Humidity');
INSERT INTO MEASUREMENT (DateTime, SensorID, MeasValue) VALUES (TO_DATE('08/05/18 23:47', 'DD/MM/YY HH24:MI'), 299374, 89);
INSERT INTO SENSOR (SerialNumber, CityPlaced, SensorModel, MinimValue, MaximValue, Unit, SensorType) VALUES (89243, 'Πόρτο Ράφτη Λιμικό', 'HUOX-108', 718.0, 1054.9, 'hPa', 'Pressure');
INSERT INTO MEASUREMENT (DateTime, SensorID, MeasValue) VALUES (TO_DATE('08/05/18 23:47', 'DD/MM/YY HH24:MI'), 89243, 1003.7);
INSERT INTO SENSOR (SerialNumber, CityPlaced, SensorModel, MinimValue, MaximValue, Unit, SensorType) VALUES (46508, 'Πόρτο Ράφτη Λιμικό', 'TUTE-6511', 0.0, 20.9, 'km/h', 'Wind');
INSERT INTO MEASUREMENT (DateTime, SensorID, MeasValue) VALUES (TO_DATE('08/05/18 23:47', 'DD/MM/YY HH24:MI'), 46508, 2.7);
INSERT INTO SENSOR (SerialNumber, CityPlaced, SensorModel, MinimValue, MaximValue, Unit, SensorType) VALUES (227058, 'Ρέα', 'ORNLL-136', -51.0, 62.9, '°C', 'Temperature');
INSERT INTO MEASUREMENT (DateTime, SensorID, MeasValue) VALUES (TO_DATE('08/05/18 23:45', 'DD/MM/YY HH24:MI'), 227058, 14.0);
INSERT INTO SENSOR (SerialNumber, CityPlaced, SensorModel, MinimValue, MaximValue, Unit, SensorType) VALUES (801084, 'Ρέα', 'RFQAT-6043', 0, 100, '%', 'Humidity');
INSERT INTO MEASUREMENT (DateTime, SensorID, MeasValue) VALUES (TO_DATE('08/05/18 23:45', 'DD/MM/YY HH24:MI'), 801084, 93);
INSERT INTO SENSOR (SerialNumber, CityPlaced, SensorModel, MinimValue, MaximValue, Unit, SensorType) VALUES (45826, 'Ρέα', 'FUCR-707', 701.0, 1078.9, 'hPa', 'Pressure');
INSERT INTO MEASUREMENT (DateTime, SensorID, MeasValue) VALUES (TO_DATE('08/05/18 23:45', 'DD/MM/YY HH24:MI'), 45826, 1005.0);
INSERT INTO SENSOR (SerialNumber, CityPlaced, SensorModel, MinimValue, MaximValue, Unit, SensorType) VALUES (78917, 'Ρέα', 'SQJT-2755', 0.0, 24.9, 'km/h', 'Wind');
INSERT INTO MEASUREMENT (DateTime, SensorID, MeasValue) VALUES (TO_DATE('08/05/18 23:45', 'DD/MM/YY HH24:MI'), 78917, 0.0);
INSERT INTO SENSOR (SerialNumber, CityPlaced, SensorModel, MinimValue, MaximValue, Unit, SensorType) VALUES (561221, 'Σαλαμίνα', 'BUDEE-954', -54.0, 69.9, '°C', 'Temperature');
INSERT INTO MEASUREMENT (DateTime, SensorID, MeasValue) VALUES (TO_DATE('08/05/18 23:39', 'DD/MM/YY HH24:MI'), 561221, 18.8);
INSERT INTO SENSOR (SerialNumber, CityPlaced, SensorModel, MinimValue, MaximValue, Unit, SensorType) VALUES (641162, 'Σαλαμίνα', 'OBBUG-3470', 0, 100, '%', 'Humidity');
INSERT INTO MEASUREMENT (DateTime, SensorID, MeasValue) VALUES (TO_DATE('08/05/18 23:39', 'DD/MM/YY HH24:MI'), 641162, 78);
INSERT INTO SENSOR (SerialNumber, CityPlaced, SensorModel, MinimValue, MaximValue, Unit, SensorType) VALUES (73478, 'Σαλαμίνα', 'RHHV-723', 731.0, 1071.9, 'hPa', 'Pressure');
INSERT INTO MEASUREMENT (DateTime, SensorID, MeasValue) VALUES (TO_DATE('08/05/18 23:39', 'DD/MM/YY HH24:MI'), 73478, 1005.8);
INSERT INTO SENSOR (SerialNumber, CityPlaced, SensorModel, MinimValue, MaximValue, Unit, SensorType) VALUES (72139, 'Σαλαμίνα', 'BJND-5992', 0.0, 22.9, 'km/h', 'Wind');
INSERT INTO MEASUREMENT (DateTime, SensorID, MeasValue) VALUES (TO_DATE('08/05/18 23:39', 'DD/MM/YY HH24:MI'), 72139, 0.8);
INSERT INTO SENSOR (SerialNumber, CityPlaced, SensorModel, MinimValue, MaximValue, Unit, SensorType) VALUES (890525, 'Σχινιάς', 'JNQMS-861', -52.0, 68.9, '°C', 'Temperature');
INSERT INTO MEASUREMENT (DateTime, SensorID, MeasValue) VALUES (TO_DATE('08/05/18 23:40', 'DD/MM/YY HH24:MI'), 890525, 19.5);
INSERT INTO SENSOR (SerialNumber, CityPlaced, SensorModel, MinimValue, MaximValue, Unit, SensorType) VALUES (486679, 'Σχινιάς', 'BGCUF-6261', 0, 100, '%', 'Humidity');
INSERT INTO MEASUREMENT (DateTime, SensorID, MeasValue) VALUES (TO_DATE('08/05/18 23:40', 'DD/MM/YY HH24:MI'), 486679, 0);
INSERT INTO SENSOR (SerialNumber, CityPlaced, SensorModel, MinimValue, MaximValue, Unit, SensorType) VALUES (55158, 'Σχινιάς', 'GLZJ-516', 747.0, 1062.9, 'hPa', 'Pressure');
INSERT INTO MEASUREMENT (DateTime, SensorID, MeasValue) VALUES (TO_DATE('08/05/18 23:40', 'DD/MM/YY HH24:MI'), 55158, 1005.4);
INSERT INTO SENSOR (SerialNumber, CityPlaced, SensorModel, MinimValue, MaximValue, Unit, SensorType) VALUES (63207, 'Σχινιάς', 'HFMS-4035', 0.0, 24.9, 'km/h', 'Wind');
INSERT INTO MEASUREMENT (DateTime, SensorID, MeasValue) VALUES (TO_DATE('08/05/18 23:40', 'DD/MM/YY HH24:MI'), 63207, 1.4);
INSERT INTO SENSOR (SerialNumber, CityPlaced, SensorModel, MinimValue, MaximValue, Unit, SensorType) VALUES (216127, 'Υμηττός', 'UBPCV-281', -56.0, 61.9, '°C', 'Temperature');
INSERT INTO MEASUREMENT (DateTime, SensorID, MeasValue) VALUES (TO_DATE('08/05/18 23:43', 'DD/MM/YY HH24:MI'), 216127, 18.4);
INSERT INTO SENSOR (SerialNumber, CityPlaced, SensorModel, MinimValue, MaximValue, Unit, SensorType) VALUES (723225, 'Υμηττός', 'BCWXA-0307', 0, 100, '%', 'Humidity');
INSERT INTO MEASUREMENT (DateTime, SensorID, MeasValue) VALUES (TO_DATE('08/05/18 23:43', 'DD/MM/YY HH24:MI'), 723225, 80);
INSERT INTO SENSOR (SerialNumber, CityPlaced, SensorModel, MinimValue, MaximValue, Unit, SensorType) VALUES (73161, 'Υμηττός', 'FMMR-290', 750.0, 1070.9, 'hPa', 'Pressure');
INSERT INTO MEASUREMENT (DateTime, SensorID, MeasValue) VALUES (TO_DATE('08/05/18 23:43', 'DD/MM/YY HH24:MI'), 73161, 754.3);
INSERT INTO SENSOR (SerialNumber, CityPlaced, SensorModel, MinimValue, MaximValue, Unit, SensorType) VALUES (78600, 'Υμηττός', 'ZKFH-9389', 0.0, 25.9, 'km/h', 'Wind');
INSERT INTO MEASUREMENT (DateTime, SensorID, MeasValue) VALUES (TO_DATE('08/05/18 23:43', 'DD/MM/YY HH24:MI'), 78600, 3.5);
INSERT INTO SENSOR (SerialNumber, CityPlaced, SensorModel, MinimValue, MaximValue, Unit, SensorType) VALUES (559021, 'Χαλάνδρι 2', 'INHDG-577', -50.0, 75.9, '°C', 'Temperature');
INSERT INTO MEASUREMENT (DateTime, SensorID, MeasValue) VALUES (TO_DATE('08/05/18 23:48', 'DD/MM/YY HH24:MI'), 559021, 17.8);
INSERT INTO SENSOR (SerialNumber, CityPlaced, SensorModel, MinimValue, MaximValue, Unit, SensorType) VALUES (499027, 'Χαλάνδρι 2', 'DSNXY-6051', 0, 100, '%', 'Humidity');
INSERT INTO MEASUREMENT (DateTime, SensorID, MeasValue) VALUES (TO_DATE('08/05/18 23:48', 'DD/MM/YY HH24:MI'), 499027, 79);
INSERT INTO SENSOR (SerialNumber, CityPlaced, SensorModel, MinimValue, MaximValue, Unit, SensorType) VALUES (38169, 'Χαλάνδρι 2', 'BUWU-505', 730.0, 1050.9, 'hPa', 'Pressure');
INSERT INTO MEASUREMENT (DateTime, SensorID, MeasValue) VALUES (TO_DATE('08/05/18 23:48', 'DD/MM/YY HH24:MI'), 38169, 1006.1);
INSERT INTO SENSOR (SerialNumber, CityPlaced, SensorModel, MinimValue, MaximValue, Unit, SensorType) VALUES (36647, 'Χαλάνδρι 2', 'QFRF-6337', 0.0, 24.9, 'km/h', 'Wind');
INSERT INTO MEASUREMENT (DateTime, SensorID, MeasValue) VALUES (TO_DATE('08/05/18 23:48', 'DD/MM/YY HH24:MI'), 36647, 1.0);
INSERT INTO SENSOR (SerialNumber, CityPlaced, SensorModel, MinimValue, MaximValue, Unit, SensorType) VALUES (719725, 'Αράχωβα', 'RABPT-486', -50.0, 80.9, '°C', 'Temperature');
INSERT INTO MEASUREMENT (DateTime, SensorID, MeasValue) VALUES (TO_DATE('08/05/18 23:42', 'DD/MM/YY HH24:MI'), 719725, 13.8);
INSERT INTO SENSOR (SerialNumber, CityPlaced, SensorModel, MinimValue, MaximValue, Unit, SensorType) VALUES (689037, 'Αράχωβα', 'GUQAR-8838', 0, 100, '%', 'Humidity');
INSERT INTO MEASUREMENT (DateTime, SensorID, MeasValue) VALUES (TO_DATE('08/05/18 23:42', 'DD/MM/YY HH24:MI'), 689037, 77);
INSERT INTO SENSOR (SerialNumber, CityPlaced, SensorModel, MinimValue, MaximValue, Unit, SensorType) VALUES (38350, 'Αράχωβα', 'FCHB-014', 742.0, 1059.9, 'hPa', 'Pressure');
INSERT INTO MEASUREMENT (DateTime, SensorID, MeasValue) VALUES (TO_DATE('08/05/18 23:42', 'DD/MM/YY HH24:MI'), 38350, 1006.0);
INSERT INTO SENSOR (SerialNumber, CityPlaced, SensorModel, MinimValue, MaximValue, Unit, SensorType) VALUES (58909, 'Αράχωβα', 'CFTJ-3613', 0.0, 25.9, 'km/h', 'Wind');
INSERT INTO MEASUREMENT (DateTime, SensorID, MeasValue) VALUES (TO_DATE('08/05/18 23:42', 'DD/MM/YY HH24:MI'), 58909, 0.0);
INSERT INTO SENSOR (SerialNumber, CityPlaced, SensorModel, MinimValue, MaximValue, Unit, SensorType) VALUES (190548, 'Λιβαδειά', 'VXKAS-317', -50.0, 64.9, '°C', 'Temperature');
INSERT INTO MEASUREMENT (DateTime, SensorID, MeasValue) VALUES (TO_DATE('08/05/18 23:30', 'DD/MM/YY HH24:MI'), 190548, 16.3);
INSERT INTO SENSOR (SerialNumber, CityPlaced, SensorModel, MinimValue, MaximValue, Unit, SensorType) VALUES (939612, 'Λιβαδειά', 'OVSCS-7219', 0, 100, '%', 'Humidity');
INSERT INTO MEASUREMENT (DateTime, SensorID, MeasValue) VALUES (TO_DATE('08/05/18 23:30', 'DD/MM/YY HH24:MI'), 939612, 87);
INSERT INTO SENSOR (SerialNumber, CityPlaced, SensorModel, MinimValue, MaximValue, Unit, SensorType) VALUES (67994, 'Λιβαδειά', 'GLJE-586', 717.0, 1050.9, 'hPa', 'Pressure');
INSERT INTO MEASUREMENT (DateTime, SensorID, MeasValue) VALUES (TO_DATE('08/05/18 23:30', 'DD/MM/YY HH24:MI'), 67994, 1007.4);
INSERT INTO SENSOR (SerialNumber, CityPlaced, SensorModel, MinimValue, MaximValue, Unit, SensorType) VALUES (65762, 'Λιβαδειά', 'WWTN-9795', 0.0, 23.9, 'km/h', 'Wind');
INSERT INTO MEASUREMENT (DateTime, SensorID, MeasValue) VALUES (TO_DATE('08/05/18 23:30', 'DD/MM/YY HH24:MI'), 65762, 0.0);
INSERT INTO SENSOR (SerialNumber, CityPlaced, SensorModel, MinimValue, MaximValue, Unit, SensorType) VALUES (408153, 'Οινόφυτα', 'HEVTS-355', -56.0, 67.9, '°C', 'Temperature');
INSERT INTO MEASUREMENT (DateTime, SensorID, MeasValue) VALUES (TO_DATE('08/05/18 23:48', 'DD/MM/YY HH24:MI'), 408153, 17.1);
INSERT INTO SENSOR (SerialNumber, CityPlaced, SensorModel, MinimValue, MaximValue, Unit, SensorType) VALUES (693259, 'Οινόφυτα', 'OWLBU-6410', 0, 100, '%', 'Humidity');
INSERT INTO MEASUREMENT (DateTime, SensorID, MeasValue) VALUES (TO_DATE('08/05/18 23:48', 'DD/MM/YY HH24:MI'), 693259, 91);
INSERT INTO SENSOR (SerialNumber, CityPlaced, SensorModel, MinimValue, MaximValue, Unit, SensorType) VALUES (13320, 'Οινόφυτα', 'RMCM-608', 749.0, 1052.9, 'hPa', 'Pressure');
INSERT INTO MEASUREMENT (DateTime, SensorID, MeasValue) VALUES (TO_DATE('08/05/18 23:48', 'DD/MM/YY HH24:MI'), 13320, 1006.5);
INSERT INTO SENSOR (SerialNumber, CityPlaced, SensorModel, MinimValue, MaximValue, Unit, SensorType) VALUES (70989, 'Οινόφυτα', 'NBRW-9725', 0.0, 20.9, 'km/h', 'Wind');
INSERT INTO MEASUREMENT (DateTime, SensorID, MeasValue) VALUES (TO_DATE('08/05/18 23:48', 'DD/MM/YY HH24:MI'), 70989, 2.7);
INSERT INTO SENSOR (SerialNumber, CityPlaced, SensorModel, MinimValue, MaximValue, Unit, SensorType) VALUES (458557, 'Παρνασσός Σκαμνός', 'TOXBW-703', -52.0, 78.9, '°C', 'Temperature');
INSERT INTO MEASUREMENT (DateTime, SensorID, MeasValue) VALUES (TO_DATE('08/05/18 23:45', 'DD/MM/YY HH24:MI'), 458557, 7.5);
INSERT INTO SENSOR (SerialNumber, CityPlaced, SensorModel, MinimValue, MaximValue, Unit, SensorType) VALUES (946215, 'Παρνασσός Σκαμνός', 'LVLWY-0120', 0, 100, '%', 'Humidity');
INSERT INTO MEASUREMENT (DateTime, SensorID, MeasValue) VALUES (TO_DATE('08/05/18 23:45', 'DD/MM/YY HH24:MI'), 946215, 95);
INSERT INTO SENSOR (SerialNumber, CityPlaced, SensorModel, MinimValue, MaximValue, Unit, SensorType) VALUES (67364, 'Παρνασσός Σκαμνός', 'HNVU-924', 709.0, 1058.9, 'hPa', 'Pressure');
INSERT INTO MEASUREMENT (DateTime, SensorID, MeasValue) VALUES (TO_DATE('08/05/18 23:45', 'DD/MM/YY HH24:MI'), 67364, 1018.2);
INSERT INTO SENSOR (SerialNumber, CityPlaced, SensorModel, MinimValue, MaximValue, Unit, SensorType) VALUES (80032, 'Παρνασσός Σκαμνός', 'LQFH-7061', 0.0, 22.9, 'km/h', 'Wind');
INSERT INTO MEASUREMENT (DateTime, SensorID, MeasValue) VALUES (TO_DATE('08/05/18 23:45', 'DD/MM/YY HH24:MI'), 80032, 0.0);
INSERT INTO SENSOR (SerialNumber, CityPlaced, SensorModel, MinimValue, MaximValue, Unit, SensorType) VALUES (352623, 'Ιστιαία', 'TDGEN-648', -58.0, 67.9, '°C', 'Temperature');
INSERT INTO MEASUREMENT (DateTime, SensorID, MeasValue) VALUES (TO_DATE('08/05/18 23:45', 'DD/MM/YY HH24:MI'), 352623, 16.6);
INSERT INTO SENSOR (SerialNumber, CityPlaced, SensorModel, MinimValue, MaximValue, Unit, SensorType) VALUES (366027, 'Ιστιαία', 'KNOGN-4647', 0, 100, '%', 'Humidity');
INSERT INTO MEASUREMENT (DateTime, SensorID, MeasValue) VALUES (TO_DATE('08/05/18 23:45', 'DD/MM/YY HH24:MI'), 366027, 94);
INSERT INTO SENSOR (SerialNumber, CityPlaced, SensorModel, MinimValue, MaximValue, Unit, SensorType) VALUES (80598, 'Ιστιαία', 'SLOA-034', 704.0, 1075.9, 'hPa', 'Pressure');
INSERT INTO MEASUREMENT (DateTime, SensorID, MeasValue) VALUES (TO_DATE('08/05/18 23:45', 'DD/MM/YY HH24:MI'), 80598, 1007.4);
INSERT INTO SENSOR (SerialNumber, CityPlaced, SensorModel, MinimValue, MaximValue, Unit, SensorType) VALUES (59227, 'Ιστιαία', 'VGLW-8711', 0.0, 22.9, 'km/h', 'Wind');
INSERT INTO MEASUREMENT (DateTime, SensorID, MeasValue) VALUES (TO_DATE('08/05/18 23:45', 'DD/MM/YY HH24:MI'), 59227, 1.1);
INSERT INTO SENSOR (SerialNumber, CityPlaced, SensorModel, MinimValue, MaximValue, Unit, SensorType) VALUES (939257, 'Κάρυστος', 'JRFOB-173', -51.0, 64.9, '°C', 'Temperature');
INSERT INTO MEASUREMENT (DateTime, SensorID, MeasValue) VALUES (TO_DATE('08/05/18 23:39', 'DD/MM/YY HH24:MI'), 939257, 20.6);
INSERT INTO SENSOR (SerialNumber, CityPlaced, SensorModel, MinimValue, MaximValue, Unit, SensorType) VALUES (143923, 'Κάρυστος', 'OOYNX-9130', 0, 100, '%', 'Humidity');
INSERT INTO MEASUREMENT (DateTime, SensorID, MeasValue) VALUES (TO_DATE('08/05/18 23:39', 'DD/MM/YY HH24:MI'), 143923, 65);
INSERT INTO SENSOR (SerialNumber, CityPlaced, SensorModel, MinimValue, MaximValue, Unit, SensorType) VALUES (64529, 'Κάρυστος', 'SMMZ-406', 726.0, 1067.9, 'hPa', 'Pressure');
INSERT INTO MEASUREMENT (DateTime, SensorID, MeasValue) VALUES (TO_DATE('08/05/18 23:39', 'DD/MM/YY HH24:MI'), 64529, 1007.2);
INSERT INTO SENSOR (SerialNumber, CityPlaced, SensorModel, MinimValue, MaximValue, Unit, SensorType) VALUES (52533, 'Κάρυστος', 'SVSL-2494', 0.0, 25.9, 'km/h', 'Wind');
INSERT INTO MEASUREMENT (DateTime, SensorID, MeasValue) VALUES (TO_DATE('08/05/18 23:39', 'DD/MM/YY HH24:MI'), 52533, 3.2);
INSERT INTO SENSOR (SerialNumber, CityPlaced, SensorModel, MinimValue, MaximValue, Unit, SensorType) VALUES (146702, 'Καβοντόρος Πρινιά', 'FNAAI-031', -54.0, 72.9, '°C', 'Temperature');
INSERT INTO MEASUREMENT (DateTime, SensorID, MeasValue) VALUES (TO_DATE('08/05/18 23:44', 'DD/MM/YY HH24:MI'), 146702, 18.6);
INSERT INTO SENSOR (SerialNumber, CityPlaced, SensorModel, MinimValue, MaximValue, Unit, SensorType) VALUES (397014, 'Καβοντόρος Πρινιά', 'TRYTK-6365', 0, 100, '%', 'Humidity');
INSERT INTO MEASUREMENT (DateTime, SensorID, MeasValue) VALUES (TO_DATE('08/05/18 23:44', 'DD/MM/YY HH24:MI'), 397014, 66);
INSERT INTO SENSOR (SerialNumber, CityPlaced, SensorModel, MinimValue, MaximValue, Unit, SensorType) VALUES (94290, 'Καβοντόρος Πρινιά', 'LNVW-871', 722.0, 1082.9, 'hPa', 'Pressure');
INSERT INTO MEASUREMENT (DateTime, SensorID, MeasValue) VALUES (TO_DATE('08/05/18 23:44', 'DD/MM/YY HH24:MI'), 94290, 1005.8);
INSERT INTO SENSOR (SerialNumber, CityPlaced, SensorModel, MinimValue, MaximValue, Unit, SensorType) VALUES (85197, 'Καβοντόρος Πρινιά', 'CGHU-0005', 0.0, 22.9, 'km/h', 'Wind');
INSERT INTO MEASUREMENT (DateTime, SensorID, MeasValue) VALUES (TO_DATE('08/05/18 23:44', 'DD/MM/YY HH24:MI'), 85197, 5.6);
INSERT INTO SENSOR (SerialNumber, CityPlaced, SensorModel, MinimValue, MaximValue, Unit, SensorType) VALUES (502315, 'Σέττα', 'FCNGC-041', -53.0, 68.9, '°C', 'Temperature');
INSERT INTO MEASUREMENT (DateTime, SensorID, MeasValue) VALUES (TO_DATE('08/05/18 23:43', 'DD/MM/YY HH24:MI'), 502315, 13.0);
INSERT INTO SENSOR (SerialNumber, CityPlaced, SensorModel, MinimValue, MaximValue, Unit, SensorType) VALUES (395643, 'Σέττα', 'VLVFD-6071', 0, 100, '%', 'Humidity');
INSERT INTO MEASUREMENT (DateTime, SensorID, MeasValue) VALUES (TO_DATE('08/05/18 23:43', 'DD/MM/YY HH24:MI'), 395643, 80);
INSERT INTO SENSOR (SerialNumber, CityPlaced, SensorModel, MinimValue, MaximValue, Unit, SensorType) VALUES (74316, 'Σέττα', 'VVRW-180', 750.0, 1084.9, 'hPa', 'Pressure');
INSERT INTO MEASUREMENT (DateTime, SensorID, MeasValue) VALUES (TO_DATE('08/05/18 23:43', 'DD/MM/YY HH24:MI'), 74316, 1006.6);
INSERT INTO SENSOR (SerialNumber, CityPlaced, SensorModel, MinimValue, MaximValue, Unit, SensorType) VALUES (75908, 'Σέττα', 'VFWU-2843', 0.0, 24.9, 'km/h', 'Wind');
INSERT INTO MEASUREMENT (DateTime, SensorID, MeasValue) VALUES (TO_DATE('08/05/18 23:43', 'DD/MM/YY HH24:MI'), 75908, 0.0);
INSERT INTO SENSOR (SerialNumber, CityPlaced, SensorModel, MinimValue, MaximValue, Unit, SensorType) VALUES (571261, 'Χαλκίδα, Δροσιά Ανθηδώνος', 'XYHEF-476', -58.0, 72.9, '°C', 'Temperature');
INSERT INTO MEASUREMENT (DateTime, SensorID, MeasValue) VALUES (TO_DATE('08/05/18 23:37', 'DD/MM/YY HH24:MI'), 571261, 18.0);
INSERT INTO SENSOR (SerialNumber, CityPlaced, SensorModel, MinimValue, MaximValue, Unit, SensorType) VALUES (750609, 'Χαλκίδα, Δροσιά Ανθηδώνος', 'YKYRC-4971', 0, 100, '%', 'Humidity');
INSERT INTO MEASUREMENT (DateTime, SensorID, MeasValue) VALUES (TO_DATE('08/05/18 23:37', 'DD/MM/YY HH24:MI'), 750609, 78);
INSERT INTO SENSOR (SerialNumber, CityPlaced, SensorModel, MinimValue, MaximValue, Unit, SensorType) VALUES (14615, 'Χαλκίδα, Δροσιά Ανθηδώνος', 'BPHY-252', 703.0, 1099.9, 'hPa', 'Pressure');
INSERT INTO MEASUREMENT (DateTime, SensorID, MeasValue) VALUES (TO_DATE('08/05/18 23:37', 'DD/MM/YY HH24:MI'), 14615, 1005.0);
INSERT INTO SENSOR (SerialNumber, CityPlaced, SensorModel, MinimValue, MaximValue, Unit, SensorType) VALUES (34341, 'Χαλκίδα, Δροσιά Ανθηδώνος', 'XWNV-6430', 0.0, 22.9, 'km/h', 'Wind');
INSERT INTO MEASUREMENT (DateTime, SensorID, MeasValue) VALUES (TO_DATE('08/05/18 23:37', 'DD/MM/YY HH24:MI'), 34341, 4.3);
INSERT INTO SENSOR (SerialNumber, CityPlaced, SensorModel, MinimValue, MaximValue, Unit, SensorType) VALUES (689608, 'Χαλκίδα', 'WWVDI-963', -55.0, 61.9, '°C', 'Temperature');
INSERT INTO MEASUREMENT (DateTime, SensorID, MeasValue) VALUES (TO_DATE('08/05/18 23:45', 'DD/MM/YY HH24:MI'), 689608, 19.9);
INSERT INTO SENSOR (SerialNumber, CityPlaced, SensorModel, MinimValue, MaximValue, Unit, SensorType) VALUES (115305, 'Χαλκίδα', 'PVLXO-0460', 0, 100, '%', 'Humidity');
INSERT INTO MEASUREMENT (DateTime, SensorID, MeasValue) VALUES (TO_DATE('08/05/18 23:45', 'DD/MM/YY HH24:MI'), 115305, 75);
INSERT INTO SENSOR (SerialNumber, CityPlaced, SensorModel, MinimValue, MaximValue, Unit, SensorType) VALUES (77276, 'Χαλκίδα', 'JTAU-385', 719.0, 1052.9, 'hPa', 'Pressure');
INSERT INTO MEASUREMENT (DateTime, SensorID, MeasValue) VALUES (TO_DATE('08/05/18 23:45', 'DD/MM/YY HH24:MI'), 77276, 1006.4);
INSERT INTO SENSOR (SerialNumber, CityPlaced, SensorModel, MinimValue, MaximValue, Unit, SensorType) VALUES (69714, 'Χαλκίδα', 'PACS-0137', 0.0, 21.9, 'km/h', 'Wind');
INSERT INTO MEASUREMENT (DateTime, SensorID, MeasValue) VALUES (TO_DATE('08/05/18 23:45', 'DD/MM/YY HH24:MI'), 69714, 5.0);
INSERT INTO SENSOR (SerialNumber, CityPlaced, SensorModel, MinimValue, MaximValue, Unit, SensorType) VALUES (644737, 'Ωρεοί', 'WQGHL-985', -54.0, 64.9, '°C', 'Temperature');
INSERT INTO MEASUREMENT (DateTime, SensorID, MeasValue) VALUES (TO_DATE('08/05/18 23:45', 'DD/MM/YY HH24:MI'), 644737, 17.2);
INSERT INTO SENSOR (SerialNumber, CityPlaced, SensorModel, MinimValue, MaximValue, Unit, SensorType) VALUES (158011, 'Ωρεοί', 'RJHKU-5461', 0, 100, '%', 'Humidity');
INSERT INTO MEASUREMENT (DateTime, SensorID, MeasValue) VALUES (TO_DATE('08/05/18 23:45', 'DD/MM/YY HH24:MI'), 158011, 91);
INSERT INTO SENSOR (SerialNumber, CityPlaced, SensorModel, MinimValue, MaximValue, Unit, SensorType) VALUES (25078, 'Ωρεοί', 'RCBF-187', 732.0, 1054.9, 'hPa', 'Pressure');
INSERT INTO MEASUREMENT (DateTime, SensorID, MeasValue) VALUES (TO_DATE('08/05/18 23:45', 'DD/MM/YY HH24:MI'), 25078, 1004.1);
INSERT INTO SENSOR (SerialNumber, CityPlaced, SensorModel, MinimValue, MaximValue, Unit, SensorType) VALUES (56169, 'Ωρεοί', 'ODCH-2066', 0.0, 22.9, 'km/h', 'Wind');
INSERT INTO MEASUREMENT (DateTime, SensorID, MeasValue) VALUES (TO_DATE('08/05/18 23:45', 'DD/MM/YY HH24:MI'), 56169, 0.3);
INSERT INTO SENSOR (SerialNumber, CityPlaced, SensorModel, MinimValue, MaximValue, Unit, SensorType) VALUES (697719, 'Καμμένα Βούρλα, Καινούργιο', 'ZLSNH-267', -53.0, 71.9, '°C', 'Temperature');
INSERT INTO MEASUREMENT (DateTime, SensorID, MeasValue) VALUES (TO_DATE('08/05/18 23:43', 'DD/MM/YY HH24:MI'), 697719, 16.2);
INSERT INTO SENSOR (SerialNumber, CityPlaced, SensorModel, MinimValue, MaximValue, Unit, SensorType) VALUES (872304, 'Καμμένα Βούρλα, Καινούργιο', 'QAXDE-1656', 0, 100, '%', 'Humidity');
INSERT INTO MEASUREMENT (DateTime, SensorID, MeasValue) VALUES (TO_DATE('08/05/18 23:43', 'DD/MM/YY HH24:MI'), 872304, 87);
INSERT INTO SENSOR (SerialNumber, CityPlaced, SensorModel, MinimValue, MaximValue, Unit, SensorType) VALUES (83412, 'Καμμένα Βούρλα, Καινούργιο', 'YSPX-928', 721.0, 1100.9, 'hPa', 'Pressure');
INSERT INTO MEASUREMENT (DateTime, SensorID, MeasValue) VALUES (TO_DATE('08/05/18 23:43', 'DD/MM/YY HH24:MI'), 83412, 1006.2);
INSERT INTO SENSOR (SerialNumber, CityPlaced, SensorModel, MinimValue, MaximValue, Unit, SensorType) VALUES (95523, 'Καμμένα Βούρλα, Καινούργιο', 'IADU-3014', 0.0, 25.9, 'km/h', 'Wind');
INSERT INTO MEASUREMENT (DateTime, SensorID, MeasValue) VALUES (TO_DATE('08/05/18 23:43', 'DD/MM/YY HH24:MI'), 95523, 7.5);
INSERT INTO SENSOR (SerialNumber, CityPlaced, SensorModel, MinimValue, MaximValue, Unit, SensorType) VALUES (734131, 'Λαμία Άμπλιανη', 'UTEGR-192', -60.0, 61.9, '°C', 'Temperature');
INSERT INTO MEASUREMENT (DateTime, SensorID, MeasValue) VALUES (TO_DATE('08/05/18 23:40', 'DD/MM/YY HH24:MI'), 734131, 17.2);
INSERT INTO SENSOR (SerialNumber, CityPlaced, SensorModel, MinimValue, MaximValue, Unit, SensorType) VALUES (563024, 'Λαμία Άμπλιανη', 'RYMQG-9279', 0, 100, '%', 'Humidity');
INSERT INTO MEASUREMENT (DateTime, SensorID, MeasValue) VALUES (TO_DATE('08/05/18 23:40', 'DD/MM/YY HH24:MI'), 563024, 91);
INSERT INTO SENSOR (SerialNumber, CityPlaced, SensorModel, MinimValue, MaximValue, Unit, SensorType) VALUES (55354, 'Λαμία Άμπλιανη', 'WSBZ-601', 728.0, 1083.9, 'hPa', 'Pressure');
INSERT INTO MEASUREMENT (DateTime, SensorID, MeasValue) VALUES (TO_DATE('08/05/18 23:40', 'DD/MM/YY HH24:MI'), 55354, 1005.5);
INSERT INTO SENSOR (SerialNumber, CityPlaced, SensorModel, MinimValue, MaximValue, Unit, SensorType) VALUES (85798, 'Λαμία Άμπλιανη', 'FCBQ-4710', 0.0, 25.9, 'km/h', 'Wind');
INSERT INTO MEASUREMENT (DateTime, SensorID, MeasValue) VALUES (TO_DATE('08/05/18 23:40', 'DD/MM/YY HH24:MI'), 85798, 2.7);
INSERT INTO SENSOR (SerialNumber, CityPlaced, SensorModel, MinimValue, MaximValue, Unit, SensorType) VALUES (156373, 'Παρνασσός Πολύδροσο', 'ORRAH-615', -50.0, 74.9, '°C', 'Temperature');
INSERT INTO MEASUREMENT (DateTime, SensorID, MeasValue) VALUES (TO_DATE('08/05/18 23:48', 'DD/MM/YY HH24:MI'), 156373, 15.2);
INSERT INTO SENSOR (SerialNumber, CityPlaced, SensorModel, MinimValue, MaximValue, Unit, SensorType) VALUES (352010, 'Παρνασσός Πολύδροσο', 'KWRIL-9206', 0, 100, '%', 'Humidity');
INSERT INTO MEASUREMENT (DateTime, SensorID, MeasValue) VALUES (TO_DATE('08/05/18 23:48', 'DD/MM/YY HH24:MI'), 352010, 84);
INSERT INTO SENSOR (SerialNumber, CityPlaced, SensorModel, MinimValue, MaximValue, Unit, SensorType) VALUES (43591, 'Παρνασσός Πολύδροσο', 'BUAW-240', 704.0, 1081.9, 'hPa', 'Pressure');
INSERT INTO MEASUREMENT (DateTime, SensorID, MeasValue) VALUES (TO_DATE('08/05/18 23:48', 'DD/MM/YY HH24:MI'), 43591, 1001.5);
INSERT INTO SENSOR (SerialNumber, CityPlaced, SensorModel, MinimValue, MaximValue, Unit, SensorType) VALUES (21839, 'Παρνασσός Πολύδροσο', 'ZDFX-5635', 0.0, 25.9, 'km/h', 'Wind');
INSERT INTO MEASUREMENT (DateTime, SensorID, MeasValue) VALUES (TO_DATE('08/05/18 23:48', 'DD/MM/YY HH24:MI'), 21839, 0.0);

COMMIT;

MERGE INTO MONTHLY_STATISTICS
USING (SELECT S.CITYPLACED AS City, MIN(M.MEASVALUE) AS Minim, MAX(M.MEASVALUE) AS Maxim, ROUND(AVG(M.MEASVALUE),1) AS Avrg, S.SENSORTYPE AS S_Type, TO_CHAR(M.DATETIME, 'MM/YY') AS CurDate
FROM MEASUREMENT M INNER JOIN SENSOR S ON M.SENSORID = S.SERIALNUMBER
WHERE TO_CHAR(M.DATETIME, 'MM/YY') = '05/18'
GROUP BY S.CITYPLACED, S.SENSORTYPE, TO_CHAR(M.DATETIME, 'MM/YY')) TMP
ON (TMP.City = M_STATCITY AND TMP.CurDate = TO_CHAR(MONTHID, 'MM/YY') AND TMP.S_Type = M_STATTYPE)
WHEN NOT MATCHED THEN INSERT (MONTHID, M_STATCITY, M_STATMIN, M_STATMAX, M_STATAVG, M_STATTYPE) VALUES (TO_DATE(TMP.CurDate, 'MM/YY'), TMP.City, TMP.Minim, TMP.Maxim, TMP.Avrg, TMP.S_Type)
WHEN MATCHED THEN UPDATE SET M_STATMIN = TMP.Minim, M_STATMAX = TMP.Maxim, M_STATAVG = TMP.Avrg;

MERGE INTO DAILY_STATISTICS
USING (SELECT S.CITYPLACED AS City, MIN(M.MEASVALUE) AS Minim, MAX(M.MEASVALUE) AS Maxim, ROUND(AVG(M.MEASVALUE),1) AS Avrg, S.SENSORTYPE AS S_Type, TO_CHAR(M.DATETIME, 'DD/MM/YY') AS CurDate
FROM MEASUREMENT M INNER JOIN SENSOR S ON M.SENSORID = S.SERIALNUMBER
WHERE TO_CHAR(M.DATETIME, 'DD/MM/YY') = '09/05/18'
GROUP BY S.CITYPLACED, S.SENSORTYPE, TO_CHAR(M.DATETIME, 'DD/MM/YY')) TMP
ON (TMP.City = D_STATCITY AND TMP.CurDate = TO_CHAR(DAYID, 'DD/MM/YY') AND TMP.S_Type = D_STATTYPE)
WHEN NOT MATCHED THEN INSERT (DAYID, D_STATCITY, D_STATMIN, D_STATMAX, D_STATAVG, D_STATTYPE) VALUES (TO_DATE(TMP.CurDate, 'DD/MM/YY'), TMP.City, TMP.Minim, TMP.Maxim, TMP.Avrg, TMP.S_Type)
WHEN MATCHED THEN UPDATE SET D_STATMIN = TMP.Minim, D_STATMAX = TMP.Maxim, D_STATAVG = TMP.Avrg;

COMMIT;

INSERT INTO WEATHER_STATION (City, Prefecture, StationOP, Altitude, Latitude, Longitude) VALUES('Κομπότι', 'Αρτα', 'N.O.A.', '75', '39.102071', '21.083716');
INSERT INTO WEATHER_STATION (City, Prefecture, StationOP, Altitude, Latitude, Longitude) VALUES('Ζαγοροχώρια Βωβούσα', 'Ιωάννινα', 'N.O.A.', '1024', '39.938033', '21.048891');
INSERT INTO WEATHER_STATION (City, Prefecture, StationOP, Altitude, Latitude, Longitude) VALUES('Κόνιτσα', 'Ιωάννινα', 'N.O.A.', '530', '40.048071', '20.752837');
INSERT INTO WEATHER_STATION (City, Prefecture, StationOP, Altitude, Latitude, Longitude) VALUES('Μπασίτσι', 'Μαγνησία', 'P.W.S.', '336', '39.219598', '22.562487');
INSERT INTO WEATHER_STATION (City, Prefecture, StationOP, Altitude, Latitude, Longitude) VALUES('Κομοτηνή', 'Ροδόπη', 'P.W.S.', '40', '41.122439', '25.406558');
INSERT INTO WEATHER_STATION (City, Prefecture, StationOP, Altitude, Latitude, Longitude) VALUES('Λαχός Ιθάκη', 'Κεφαλληνία', 'M.C.', '49', '38.428460', '20.676487');
INSERT INTO WEATHER_STATION (City, Prefecture, StationOP, Altitude, Latitude, Longitude) VALUES('Βουνοχώρι', 'Καβάλα', 'P.W.S.', '830', '41.070291', '24.373469');
INSERT INTO WEATHER_STATION (City, Prefecture, StationOP, Altitude, Latitude, Longitude) VALUES('Δρέπανο Ναύπλιο', 'Αργολίδα', 'M.C.', '38', '37.540188', '22.892368');
INSERT INTO WEATHER_STATION (City, Prefecture, StationOP, Altitude, Latitude, Longitude) VALUES('Αιγάλεω 2', 'Αττική', 'M.C.', '62', '37.979694', '23.660735');
INSERT INTO WEATHER_STATION (City, Prefecture, StationOP, Altitude, Latitude, Longitude) VALUES('Μενίδι', 'Αττική', 'M.C.', '130', '38.085220', '23.738064');
INSERT INTO WEATHER_STATION (City, Prefecture, StationOP, Altitude, Latitude, Longitude) VALUES('Φυλή', 'Αττική', 'M.C.', '360', '38.102909', '23.669036');
INSERT INTO WEATHER_STATION (City, Prefecture, StationOP, Altitude, Latitude, Longitude) VALUES('Aγόριανη Επτάλοφος', 'Φωκίδα', 'P.W.S.', '870', '38.595789', '22.494455');
INSERT INTO SENSOR (SerialNumber, CityPlaced, SensorModel, MinimValue, MaximValue, Unit, SensorType) VALUES (172266, 'Νάξος Γαλανάδον', 'YKCOB-644', -53.0, 74.9, '°C', 'Temperature');
INSERT INTO MEASUREMENT (DateTime, SensorID, MeasValue) VALUES (TO_DATE('09/05/18 12:45', 'DD/MM/YY HH24:MI'), 172266, 23.7);
INSERT INTO SENSOR (SerialNumber, CityPlaced, SensorModel, MinimValue, MaximValue, Unit, SensorType) VALUES (105511, 'Νάξος Γαλανάδον', 'RIIOO-4890', 0, 100, '%', 'Humidity');
INSERT INTO MEASUREMENT (DateTime, SensorID, MeasValue) VALUES (TO_DATE('09/05/18 12:45', 'DD/MM/YY HH24:MI'), 105511, 51);
INSERT INTO SENSOR (SerialNumber, CityPlaced, SensorModel, MinimValue, MaximValue, Unit, SensorType) VALUES (96962, 'Νάξος Γαλανάδον', 'IGAY-575', 737.0, 1072.9, 'hPa', 'Pressure');
INSERT INTO MEASUREMENT (DateTime, SensorID, MeasValue) VALUES (TO_DATE('09/05/18 12:45', 'DD/MM/YY HH24:MI'), 96962, 1007.3);
INSERT INTO SENSOR (SerialNumber, CityPlaced, SensorModel, MinimValue, MaximValue, Unit, SensorType) VALUES (83375, 'Νάξος Γαλανάδον', 'WVQU-5568', 0.0, 22.9, 'km/h', 'Wind');
INSERT INTO MEASUREMENT (DateTime, SensorID, MeasValue) VALUES (TO_DATE('09/05/18 12:45', 'DD/MM/YY HH24:MI'), 83375, 9.4);
INSERT INTO SENSOR (SerialNumber, CityPlaced, SensorModel, MinimValue, MaximValue, Unit, SensorType) VALUES (339004, 'Σύρος', 'VRZGN-267', -60.0, 80.9, '°C', 'Temperature');
INSERT INTO MEASUREMENT (DateTime, SensorID, MeasValue) VALUES (TO_DATE('09/05/18 12:45', 'DD/MM/YY HH24:MI'), 339004, 24.0);
INSERT INTO SENSOR (SerialNumber, CityPlaced, SensorModel, MinimValue, MaximValue, Unit, SensorType) VALUES (373576, 'Σύρος', 'ITDFE-5291', 0, 100, '%', 'Humidity');
INSERT INTO MEASUREMENT (DateTime, SensorID, MeasValue) VALUES (TO_DATE('09/05/18 12:45', 'DD/MM/YY HH24:MI'), 373576, 62);
INSERT INTO SENSOR (SerialNumber, CityPlaced, SensorModel, MinimValue, MaximValue, Unit, SensorType) VALUES (14915, 'Σύρος', 'GQXF-374', 748.0, 1051.9, 'hPa', 'Pressure');
INSERT INTO MEASUREMENT (DateTime, SensorID, MeasValue) VALUES (TO_DATE('09/05/18 12:45', 'DD/MM/YY HH24:MI'), 14915, 1006.2);
INSERT INTO SENSOR (SerialNumber, CityPlaced, SensorModel, MinimValue, MaximValue, Unit, SensorType) VALUES (65542, 'Σύρος', 'UCNN-5261', 0.0, 20.9, 'km/h', 'Wind');
INSERT INTO MEASUREMENT (DateTime, SensorID, MeasValue) VALUES (TO_DATE('09/05/18 12:45', 'DD/MM/YY HH24:MI'), 65542, 7.7);
INSERT INTO SENSOR (SerialNumber, CityPlaced, SensorModel, MinimValue, MaximValue, Unit, SensorType) VALUES (537681, 'Θεοδώριανα', 'KDZYE-521', -50.0, 69.9, '°C', 'Temperature');
INSERT INTO MEASUREMENT (DateTime, SensorID, MeasValue) VALUES (TO_DATE('09/05/18 12:43', 'DD/MM/YY HH24:MI'), 537681, 18.9);
INSERT INTO SENSOR (SerialNumber, CityPlaced, SensorModel, MinimValue, MaximValue, Unit, SensorType) VALUES (719476, 'Θεοδώριανα', 'OFZVM-1155', 0, 100, '%', 'Humidity');
INSERT INTO MEASUREMENT (DateTime, SensorID, MeasValue) VALUES (TO_DATE('09/05/18 12:43', 'DD/MM/YY HH24:MI'), 719476, 71);
INSERT INTO SENSOR (SerialNumber, CityPlaced, SensorModel, MinimValue, MaximValue, Unit, SensorType) VALUES (56487, 'Θεοδώριανα', 'ZMFK-566', 747.0, 1081.9, 'hPa', 'Pressure');
INSERT INTO MEASUREMENT (DateTime, SensorID, MeasValue) VALUES (TO_DATE('09/05/18 12:43', 'DD/MM/YY HH24:MI'), 56487, 1004.4);
INSERT INTO SENSOR (SerialNumber, CityPlaced, SensorModel, MinimValue, MaximValue, Unit, SensorType) VALUES (31396, 'Θεοδώριανα', 'MRTK-1720', 0.0, 21.9, 'km/h', 'Wind');
INSERT INTO MEASUREMENT (DateTime, SensorID, MeasValue) VALUES (TO_DATE('09/05/18 12:43', 'DD/MM/YY HH24:MI'), 31396, 3.5);
INSERT INTO SENSOR (SerialNumber, CityPlaced, SensorModel, MinimValue, MaximValue, Unit, SensorType) VALUES (903130, 'Κομπότι', 'SCUIA-537', -57.0, 66.9, '°C', 'Temperature');
INSERT INTO MEASUREMENT (DateTime, SensorID, MeasValue) VALUES (TO_DATE('09/05/18 12:45', 'DD/MM/YY HH24:MI'), 903130, 23.2);
INSERT INTO SENSOR (SerialNumber, CityPlaced, SensorModel, MinimValue, MaximValue, Unit, SensorType) VALUES (310154, 'Κομπότι', 'WHINR-5312', 0, 100, '%', 'Humidity');
INSERT INTO MEASUREMENT (DateTime, SensorID, MeasValue) VALUES (TO_DATE('09/05/18 12:45', 'DD/MM/YY HH24:MI'), 310154, 65);
INSERT INTO SENSOR (SerialNumber, CityPlaced, SensorModel, MinimValue, MaximValue, Unit, SensorType) VALUES (63349, 'Κομπότι', 'VZWN-265', 700.0, 1091.9, 'hPa', 'Pressure');
INSERT INTO MEASUREMENT (DateTime, SensorID, MeasValue) VALUES (TO_DATE('09/05/18 12:45', 'DD/MM/YY HH24:MI'), 63349, 1005.3);
INSERT INTO SENSOR (SerialNumber, CityPlaced, SensorModel, MinimValue, MaximValue, Unit, SensorType) VALUES (47510, 'Κομπότι', 'UFZK-7380', 0.0, 20.9, 'km/h', 'Wind');
INSERT INTO MEASUREMENT (DateTime, SensorID, MeasValue) VALUES (TO_DATE('09/05/18 12:45', 'DD/MM/YY HH24:MI'), 47510, 4.3);
INSERT INTO SENSOR (SerialNumber, CityPlaced, SensorModel, MinimValue, MaximValue, Unit, SensorType) VALUES (261480, 'Λεπιανά', 'ZAFTQ-699', -54.0, 66.9, '°C', 'Temperature');
INSERT INTO MEASUREMENT (DateTime, SensorID, MeasValue) VALUES (TO_DATE('09/05/18 12:45', 'DD/MM/YY HH24:MI'), 261480, 18.4);
INSERT INTO SENSOR (SerialNumber, CityPlaced, SensorModel, MinimValue, MaximValue, Unit, SensorType) VALUES (399863, 'Λεπιανά', 'GSTZF-3716', 0, 100, '%', 'Humidity');
INSERT INTO MEASUREMENT (DateTime, SensorID, MeasValue) VALUES (TO_DATE('09/05/18 12:45', 'DD/MM/YY HH24:MI'), 399863, 80);
INSERT INTO SENSOR (SerialNumber, CityPlaced, SensorModel, MinimValue, MaximValue, Unit, SensorType) VALUES (12040, 'Λεπιανά', 'ZCRJ-842', 708.0, 1052.9, 'hPa', 'Pressure');
INSERT INTO MEASUREMENT (DateTime, SensorID, MeasValue) VALUES (TO_DATE('09/05/18 12:45', 'DD/MM/YY HH24:MI'), 12040, 1004.1);
INSERT INTO SENSOR (SerialNumber, CityPlaced, SensorModel, MinimValue, MaximValue, Unit, SensorType) VALUES (39680, 'Λεπιανά', 'ZAUX-6742', 0.0, 25.9, 'km/h', 'Wind');
INSERT INTO MEASUREMENT (DateTime, SensorID, MeasValue) VALUES (TO_DATE('09/05/18 12:45', 'DD/MM/YY HH24:MI'), 39680, 2.1);
INSERT INTO SENSOR (SerialNumber, CityPlaced, SensorModel, MinimValue, MaximValue, Unit, SensorType) VALUES (226275, 'Ηγουμενίτσα', 'LCMJC-427', -58.0, 75.9, '°C', 'Temperature');
INSERT INTO MEASUREMENT (DateTime, SensorID, MeasValue) VALUES (TO_DATE('09/05/18 12:43', 'DD/MM/YY HH24:MI'), 226275, 20.3);
INSERT INTO SENSOR (SerialNumber, CityPlaced, SensorModel, MinimValue, MaximValue, Unit, SensorType) VALUES (752145, 'Ηγουμενίτσα', 'DPVMI-8162', 0, 100, '%', 'Humidity');
INSERT INTO MEASUREMENT (DateTime, SensorID, MeasValue) VALUES (TO_DATE('09/05/18 12:43', 'DD/MM/YY HH24:MI'), 752145, 78);
INSERT INTO SENSOR (SerialNumber, CityPlaced, SensorModel, MinimValue, MaximValue, Unit, SensorType) VALUES (92489, 'Ηγουμενίτσα', 'KONA-544', 742.0, 1092.9, 'hPa', 'Pressure');
INSERT INTO MEASUREMENT (DateTime, SensorID, MeasValue) VALUES (TO_DATE('09/05/18 12:43', 'DD/MM/YY HH24:MI'), 92489, 1006.2);
INSERT INTO SENSOR (SerialNumber, CityPlaced, SensorModel, MinimValue, MaximValue, Unit, SensorType) VALUES (25051, 'Ηγουμενίτσα', 'ISFD-1082', 0.0, 22.9, 'km/h', 'Wind');
INSERT INTO MEASUREMENT (DateTime, SensorID, MeasValue) VALUES (TO_DATE('09/05/18 12:43', 'DD/MM/YY HH24:MI'), 25051, 7.5);
INSERT INTO SENSOR (SerialNumber, CityPlaced, SensorModel, MinimValue, MaximValue, Unit, SensorType) VALUES (126065, 'Φιλοθέη', 'XSMAV-009', -54.0, 70.9, '°C', 'Temperature');
INSERT INTO MEASUREMENT (DateTime, SensorID, MeasValue) VALUES (TO_DATE('09/05/18 12:48', 'DD/MM/YY HH24:MI'), 126065, 21.2);
INSERT INTO SENSOR (SerialNumber, CityPlaced, SensorModel, MinimValue, MaximValue, Unit, SensorType) VALUES (872935, 'Φιλοθέη', 'HWKVM-8305', 0, 100, '%', 'Humidity');
INSERT INTO MEASUREMENT (DateTime, SensorID, MeasValue) VALUES (TO_DATE('09/05/18 12:48', 'DD/MM/YY HH24:MI'), 872935, 94);
INSERT INTO SENSOR (SerialNumber, CityPlaced, SensorModel, MinimValue, MaximValue, Unit, SensorType) VALUES (60082, 'Φιλοθέη', 'ESIH-259', 722.0, 1096.9, 'hPa', 'Pressure');
INSERT INTO MEASUREMENT (DateTime, SensorID, MeasValue) VALUES (TO_DATE('09/05/18 12:48', 'DD/MM/YY HH24:MI'), 60082, 1007.4);
INSERT INTO SENSOR (SerialNumber, CityPlaced, SensorModel, MinimValue, MaximValue, Unit, SensorType) VALUES (84922, 'Φιλοθέη', 'MKGQ-5343', 0.0, 20.9, 'km/h', 'Wind');
INSERT INTO MEASUREMENT (DateTime, SensorID, MeasValue) VALUES (TO_DATE('09/05/18 12:48', 'DD/MM/YY HH24:MI'), 84922, 6.8);
INSERT INTO SENSOR (SerialNumber, CityPlaced, SensorModel, MinimValue, MaximValue, Unit, SensorType) VALUES (608907, 'Αγία Κυριακή', 'DPOPS-609', -52.0, 77.9, '°C', 'Temperature');
INSERT INTO MEASUREMENT (DateTime, SensorID, MeasValue) VALUES (TO_DATE('09/05/18 12:46', 'DD/MM/YY HH24:MI'), 608907, 20.5);
INSERT INTO SENSOR (SerialNumber, CityPlaced, SensorModel, MinimValue, MaximValue, Unit, SensorType) VALUES (756032, 'Αγία Κυριακή', 'TMUHR-1738', 0, 100, '%', 'Humidity');
INSERT INTO MEASUREMENT (DateTime, SensorID, MeasValue) VALUES (TO_DATE('09/05/18 12:46', 'DD/MM/YY HH24:MI'), 756032, 67);
INSERT INTO SENSOR (SerialNumber, CityPlaced, SensorModel, MinimValue, MaximValue, Unit, SensorType) VALUES (16253, 'Αγία Κυριακή', 'CCZF-122', 711.0, 1069.9, 'hPa', 'Pressure');
INSERT INTO MEASUREMENT (DateTime, SensorID, MeasValue) VALUES (TO_DATE('09/05/18 12:46', 'DD/MM/YY HH24:MI'), 16253, 1006.3);
INSERT INTO SENSOR (SerialNumber, CityPlaced, SensorModel, MinimValue, MaximValue, Unit, SensorType) VALUES (16558, 'Αγία Κυριακή', 'PGKI-5531', 0.0, 24.9, 'km/h', 'Wind');
INSERT INTO MEASUREMENT (DateTime, SensorID, MeasValue) VALUES (TO_DATE('09/05/18 12:46', 'DD/MM/YY HH24:MI'), 16558, 0.8);
INSERT INTO SENSOR (SerialNumber, CityPlaced, SensorModel, MinimValue, MaximValue, Unit, SensorType) VALUES (353621, 'Αγία Παρασκευή Κεράσοβο', 'FLAKF-738', -56.0, 66.9, '°C', 'Temperature');
INSERT INTO MEASUREMENT (DateTime, SensorID, MeasValue) VALUES (TO_DATE('09/05/18 12:44', 'DD/MM/YY HH24:MI'), 353621, 15.6);
INSERT INTO SENSOR (SerialNumber, CityPlaced, SensorModel, MinimValue, MaximValue, Unit, SensorType) VALUES (878089, 'Αγία Παρασκευή Κεράσοβο', 'YSDHZ-5440', 0, 100, '%', 'Humidity');
INSERT INTO MEASUREMENT (DateTime, SensorID, MeasValue) VALUES (TO_DATE('09/05/18 12:44', 'DD/MM/YY HH24:MI'), 878089, 79);
INSERT INTO SENSOR (SerialNumber, CityPlaced, SensorModel, MinimValue, MaximValue, Unit, SensorType) VALUES (49453, 'Αγία Παρασκευή Κεράσοβο', 'JCUO-218', 727.0, 1072.9, 'hPa', 'Pressure');
INSERT INTO MEASUREMENT (DateTime, SensorID, MeasValue) VALUES (TO_DATE('09/05/18 12:44', 'DD/MM/YY HH24:MI'), 49453, 1004.5);
INSERT INTO SENSOR (SerialNumber, CityPlaced, SensorModel, MinimValue, MaximValue, Unit, SensorType) VALUES (59431, 'Αγία Παρασκευή Κεράσοβο', 'ZWJM-3319', 0.0, 22.9, 'km/h', 'Wind');
INSERT INTO MEASUREMENT (DateTime, SensorID, MeasValue) VALUES (TO_DATE('09/05/18 12:44', 'DD/MM/YY HH24:MI'), 59431, 5.1);
INSERT INTO SENSOR (SerialNumber, CityPlaced, SensorModel, MinimValue, MaximValue, Unit, SensorType) VALUES (115504, 'Ανατολή Κέντρο', 'UYZVK-204', -58.0, 75.9, '°C', 'Temperature');
INSERT INTO MEASUREMENT (DateTime, SensorID, MeasValue) VALUES (TO_DATE('09/05/18 12:45', 'DD/MM/YY HH24:MI'), 115504, 21.4);
INSERT INTO SENSOR (SerialNumber, CityPlaced, SensorModel, MinimValue, MaximValue, Unit, SensorType) VALUES (198955, 'Ανατολή Κέντρο', 'ZCAFI-6478', 0, 100, '%', 'Humidity');
INSERT INTO MEASUREMENT (DateTime, SensorID, MeasValue) VALUES (TO_DATE('09/05/18 12:45', 'DD/MM/YY HH24:MI'), 198955, 69);
INSERT INTO SENSOR (SerialNumber, CityPlaced, SensorModel, MinimValue, MaximValue, Unit, SensorType) VALUES (95476, 'Ανατολή Κέντρο', 'ZUFF-608', 711.0, 1076.9, 'hPa', 'Pressure');
INSERT INTO MEASUREMENT (DateTime, SensorID, MeasValue) VALUES (TO_DATE('09/05/18 12:45', 'DD/MM/YY HH24:MI'), 95476, 1008.2);
INSERT INTO SENSOR (SerialNumber, CityPlaced, SensorModel, MinimValue, MaximValue, Unit, SensorType) VALUES (97642, 'Ανατολή Κέντρο', 'AYVQ-4038', 0.0, 21.9, 'km/h', 'Wind');
INSERT INTO MEASUREMENT (DateTime, SensorID, MeasValue) VALUES (TO_DATE('09/05/18 12:45', 'DD/MM/YY HH24:MI'), 97642, 5.7);
INSERT INTO SENSOR (SerialNumber, CityPlaced, SensorModel, MinimValue, MaximValue, Unit, SensorType) VALUES (312669, 'Δερβίζιανα', 'UCASO-832', -58.0, 66.9, '°C', 'Temperature');
INSERT INTO MEASUREMENT (DateTime, SensorID, MeasValue) VALUES (TO_DATE('09/05/18 12:41', 'DD/MM/YY HH24:MI'), 312669, 18.3);
INSERT INTO SENSOR (SerialNumber, CityPlaced, SensorModel, MinimValue, MaximValue, Unit, SensorType) VALUES (822434, 'Δερβίζιανα', 'XDUWJ-5176', 0, 100, '%', 'Humidity');
INSERT INTO MEASUREMENT (DateTime, SensorID, MeasValue) VALUES (TO_DATE('09/05/18 12:41', 'DD/MM/YY HH24:MI'), 822434, 80);
INSERT INTO SENSOR (SerialNumber, CityPlaced, SensorModel, MinimValue, MaximValue, Unit, SensorType) VALUES (79461, 'Δερβίζιανα', 'OKMB-408', 747.0, 1063.9, 'hPa', 'Pressure');
INSERT INTO MEASUREMENT (DateTime, SensorID, MeasValue) VALUES (TO_DATE('09/05/18 12:41', 'DD/MM/YY HH24:MI'), 79461, 1005.4);
INSERT INTO SENSOR (SerialNumber, CityPlaced, SensorModel, MinimValue, MaximValue, Unit, SensorType) VALUES (86027, 'Δερβίζιανα', 'RMFN-9273', 0.0, 24.9, 'km/h', 'Wind');
INSERT INTO MEASUREMENT (DateTime, SensorID, MeasValue) VALUES (TO_DATE('09/05/18 12:41', 'DD/MM/YY HH24:MI'), 86027, 1.1);
INSERT INTO SENSOR (SerialNumber, CityPlaced, SensorModel, MinimValue, MaximValue, Unit, SensorType) VALUES (860058, 'Δωδώνη', 'PBVBK-629', -55.0, 78.9, '°C', 'Temperature');
INSERT INTO MEASUREMENT (DateTime, SensorID, MeasValue) VALUES (TO_DATE('09/05/18 12:44', 'DD/MM/YY HH24:MI'), 860058, 20.3);
INSERT INTO SENSOR (SerialNumber, CityPlaced, SensorModel, MinimValue, MaximValue, Unit, SensorType) VALUES (204478, 'Δωδώνη', 'HSRJJ-1531', 0, 100, '%', 'Humidity');
INSERT INTO MEASUREMENT (DateTime, SensorID, MeasValue) VALUES (TO_DATE('09/05/18 12:44', 'DD/MM/YY HH24:MI'), 204478, 72);
INSERT INTO SENSOR (SerialNumber, CityPlaced, SensorModel, MinimValue, MaximValue, Unit, SensorType) VALUES (91763, 'Δωδώνη', 'RYAJ-282', 732.0, 1087.9, 'hPa', 'Pressure');
INSERT INTO MEASUREMENT (DateTime, SensorID, MeasValue) VALUES (TO_DATE('09/05/18 12:44', 'DD/MM/YY HH24:MI'), 91763, 1004.7);
INSERT INTO SENSOR (SerialNumber, CityPlaced, SensorModel, MinimValue, MaximValue, Unit, SensorType) VALUES (96880, 'Δωδώνη', 'MKYW-0079', 0.0, 22.9, 'km/h', 'Wind');
INSERT INTO MEASUREMENT (DateTime, SensorID, MeasValue) VALUES (TO_DATE('09/05/18 12:44', 'DD/MM/YY HH24:MI'), 96880, 1.6);
INSERT INTO SENSOR (SerialNumber, CityPlaced, SensorModel, MinimValue, MaximValue, Unit, SensorType) VALUES (411785, 'Ελεούσα', 'BFUUN-806', -58.0, 61.9, '°C', 'Temperature');
INSERT INTO MEASUREMENT (DateTime, SensorID, MeasValue) VALUES (TO_DATE('09/05/18 12:48', 'DD/MM/YY HH24:MI'), 411785, 21.5);
INSERT INTO SENSOR (SerialNumber, CityPlaced, SensorModel, MinimValue, MaximValue, Unit, SensorType) VALUES (385052, 'Ελεούσα', 'TOSOZ-8792', 0, 100, '%', 'Humidity');
INSERT INTO MEASUREMENT (DateTime, SensorID, MeasValue) VALUES (TO_DATE('09/05/18 12:48', 'DD/MM/YY HH24:MI'), 385052, 60);
INSERT INTO SENSOR (SerialNumber, CityPlaced, SensorModel, MinimValue, MaximValue, Unit, SensorType) VALUES (80654, 'Ελεούσα', 'CEMC-290', 704.0, 1055.9, 'hPa', 'Pressure');
INSERT INTO MEASUREMENT (DateTime, SensorID, MeasValue) VALUES (TO_DATE('09/05/18 12:48', 'DD/MM/YY HH24:MI'), 80654, 1013.2);
INSERT INTO SENSOR (SerialNumber, CityPlaced, SensorModel, MinimValue, MaximValue, Unit, SensorType) VALUES (22643, 'Ελεούσα', 'PWFY-5482', 0.0, 25.9, 'km/h', 'Wind');
INSERT INTO MEASUREMENT (DateTime, SensorID, MeasValue) VALUES (TO_DATE('09/05/18 12:48', 'DD/MM/YY HH24:MI'), 22643, 0.0);
INSERT INTO SENSOR (SerialNumber, CityPlaced, SensorModel, MinimValue, MaximValue, Unit, SensorType) VALUES (263515, 'Ζίτσα', 'JZHUQ-484', -55.0, 73.9, '°C', 'Temperature');
INSERT INTO MEASUREMENT (DateTime, SensorID, MeasValue) VALUES (TO_DATE('09/05/18 12:46', 'DD/MM/YY HH24:MI'), 263515, 19.4);
INSERT INTO SENSOR (SerialNumber, CityPlaced, SensorModel, MinimValue, MaximValue, Unit, SensorType) VALUES (329689, 'Ζίτσα', 'WBRHR-2663', 0, 100, '%', 'Humidity');
INSERT INTO MEASUREMENT (DateTime, SensorID, MeasValue) VALUES (TO_DATE('09/05/18 12:46', 'DD/MM/YY HH24:MI'), 329689, 85);
INSERT INTO SENSOR (SerialNumber, CityPlaced, SensorModel, MinimValue, MaximValue, Unit, SensorType) VALUES (69780, 'Ζίτσα', 'TESG-497', 700.0, 1071.9, 'hPa', 'Pressure');
INSERT INTO MEASUREMENT (DateTime, SensorID, MeasValue) VALUES (TO_DATE('09/05/18 12:46', 'DD/MM/YY HH24:MI'), 69780, 1005.1);
INSERT INTO SENSOR (SerialNumber, CityPlaced, SensorModel, MinimValue, MaximValue, Unit, SensorType) VALUES (81748, 'Ζίτσα', 'HORR-0654', 0.0, 21.9, 'km/h', 'Wind');
INSERT INTO MEASUREMENT (DateTime, SensorID, MeasValue) VALUES (TO_DATE('09/05/18 12:46', 'DD/MM/YY HH24:MI'), 81748, 0.3);
INSERT INTO SENSOR (SerialNumber, CityPlaced, SensorModel, MinimValue, MaximValue, Unit, SensorType) VALUES (710337, 'Ζαγοροχώρια Βωβούσα', 'ITQXO-632', -54.0, 76.9, '°C', 'Temperature');
INSERT INTO MEASUREMENT (DateTime, SensorID, MeasValue) VALUES (TO_DATE('09/05/18 12:36', 'DD/MM/YY HH24:MI'), 710337, 16.6);
INSERT INTO SENSOR (SerialNumber, CityPlaced, SensorModel, MinimValue, MaximValue, Unit, SensorType) VALUES (437700, 'Ζαγοροχώρια Βωβούσα', 'PYOQR-4122', 0, 100, '%', 'Humidity');
INSERT INTO MEASUREMENT (DateTime, SensorID, MeasValue) VALUES (TO_DATE('09/05/18 12:36', 'DD/MM/YY HH24:MI'), 437700, 73);
INSERT INTO SENSOR (SerialNumber, CityPlaced, SensorModel, MinimValue, MaximValue, Unit, SensorType) VALUES (46094, 'Ζαγοροχώρια Βωβούσα', 'YPXN-885', 745.0, 1064.9, 'hPa', 'Pressure');
INSERT INTO MEASUREMENT (DateTime, SensorID, MeasValue) VALUES (TO_DATE('09/05/18 12:36', 'DD/MM/YY HH24:MI'), 46094, 1005.8);
INSERT INTO SENSOR (SerialNumber, CityPlaced, SensorModel, MinimValue, MaximValue, Unit, SensorType) VALUES (24920, 'Ζαγοροχώρια Βωβούσα', 'FUJJ-9515', 0.0, 21.9, 'km/h', 'Wind');
INSERT INTO MEASUREMENT (DateTime, SensorID, MeasValue) VALUES (TO_DATE('09/05/18 12:36', 'DD/MM/YY HH24:MI'), 24920, 1.1);
INSERT INTO SENSOR (SerialNumber, CityPlaced, SensorModel, MinimValue, MaximValue, Unit, SensorType) VALUES (817482, 'Ζαγοροχώρια Τρίστενο', 'PUBQF-800', -60.0, 75.9, '°C', 'Temperature');
INSERT INTO MEASUREMENT (DateTime, SensorID, MeasValue) VALUES (TO_DATE('09/05/18 12:01', 'DD/MM/YY HH24:MI'), 817482, 16.7);
INSERT INTO SENSOR (SerialNumber, CityPlaced, SensorModel, MinimValue, MaximValue, Unit, SensorType) VALUES (536916, 'Ζαγοροχώρια Τρίστενο', 'FXODE-6655', 0, 100, '%', 'Humidity');
INSERT INTO MEASUREMENT (DateTime, SensorID, MeasValue) VALUES (TO_DATE('09/05/18 12:01', 'DD/MM/YY HH24:MI'), 536916, 84);
INSERT INTO SENSOR (SerialNumber, CityPlaced, SensorModel, MinimValue, MaximValue, Unit, SensorType) VALUES (71081, 'Ζαγοροχώρια Τρίστενο', 'YOFX-572', 716.0, 1057.9, 'hPa', 'Pressure');
INSERT INTO MEASUREMENT (DateTime, SensorID, MeasValue) VALUES (TO_DATE('09/05/18 12:01', 'DD/MM/YY HH24:MI'), 71081, 1004.4);
INSERT INTO SENSOR (SerialNumber, CityPlaced, SensorModel, MinimValue, MaximValue, Unit, SensorType) VALUES (26862, 'Ζαγοροχώρια Τρίστενο', 'YPRB-3414', 0.0, 25.9, 'km/h', 'Wind');
INSERT INTO MEASUREMENT (DateTime, SensorID, MeasValue) VALUES (TO_DATE('09/05/18 12:01', 'DD/MM/YY HH24:MI'), 26862, 2.9);
INSERT INTO SENSOR (SerialNumber, CityPlaced, SensorModel, MinimValue, MaximValue, Unit, SensorType) VALUES (903492, 'Ιωάννινα Αμπελόκηποι', 'AFUFG-709', -53.0, 76.9, '°C', 'Temperature');
INSERT INTO MEASUREMENT (DateTime, SensorID, MeasValue) VALUES (TO_DATE('09/05/18 12:45', 'DD/MM/YY HH24:MI'), 903492, 20.2);
INSERT INTO SENSOR (SerialNumber, CityPlaced, SensorModel, MinimValue, MaximValue, Unit, SensorType) VALUES (816515, 'Ιωάννινα Αμπελόκηποι', 'JUFWG-0010', 0, 100, '%', 'Humidity');
INSERT INTO MEASUREMENT (DateTime, SensorID, MeasValue) VALUES (TO_DATE('09/05/18 12:45', 'DD/MM/YY HH24:MI'), 816515, 59);
INSERT INTO SENSOR (SerialNumber, CityPlaced, SensorModel, MinimValue, MaximValue, Unit, SensorType) VALUES (14024, 'Ιωάννινα Αμπελόκηποι', 'YFYL-097', 710.0, 1069.9, 'hPa', 'Pressure');
INSERT INTO MEASUREMENT (DateTime, SensorID, MeasValue) VALUES (TO_DATE('09/05/18 12:45', 'DD/MM/YY HH24:MI'), 14024, 1003.9);
INSERT INTO SENSOR (SerialNumber, CityPlaced, SensorModel, MinimValue, MaximValue, Unit, SensorType) VALUES (48593, 'Ιωάννινα Αμπελόκηποι', 'YRSR-8668', 0.0, 21.9, 'km/h', 'Wind');
INSERT INTO MEASUREMENT (DateTime, SensorID, MeasValue) VALUES (TO_DATE('09/05/18 12:45', 'DD/MM/YY HH24:MI'), 48593, 4.5);
INSERT INTO SENSOR (SerialNumber, CityPlaced, SensorModel, MinimValue, MaximValue, Unit, SensorType) VALUES (335709, 'Ιωάννινα Κέντρο', 'ZNTMF-402', -58.0, 63.9, '°C', 'Temperature');
INSERT INTO MEASUREMENT (DateTime, SensorID, MeasValue) VALUES (TO_DATE('09/05/18 12:45', 'DD/MM/YY HH24:MI'), 335709, 21.4);
INSERT INTO SENSOR (SerialNumber, CityPlaced, SensorModel, MinimValue, MaximValue, Unit, SensorType) VALUES (487601, 'Ιωάννινα Κέντρο', 'KBKTG-8904', 0, 100, '%', 'Humidity');
INSERT INTO MEASUREMENT (DateTime, SensorID, MeasValue) VALUES (TO_DATE('09/05/18 12:45', 'DD/MM/YY HH24:MI'), 487601, 65);
INSERT INTO SENSOR (SerialNumber, CityPlaced, SensorModel, MinimValue, MaximValue, Unit, SensorType) VALUES (52251, 'Ιωάννινα Κέντρο', 'EOOS-2092', 0.0, 25.9, 'km/h', 'Wind');
INSERT INTO MEASUREMENT (DateTime, SensorID, MeasValue) VALUES (TO_DATE('09/05/18 12:45', 'DD/MM/YY HH24:MI'), 52251, 2.4);
INSERT INTO SENSOR (SerialNumber, CityPlaced, SensorModel, MinimValue, MaximValue, Unit, SensorType) VALUES (721072, 'Ιωάννινα', 'ILCDN-960', -50.0, 72.9, '°C', 'Temperature');
INSERT INTO MEASUREMENT (DateTime, SensorID, MeasValue) VALUES (TO_DATE('09/05/18 12:41', 'DD/MM/YY HH24:MI'), 721072, 21.4);
INSERT INTO SENSOR (SerialNumber, CityPlaced, SensorModel, MinimValue, MaximValue, Unit, SensorType) VALUES (763498, 'Ιωάννινα', 'SLZDD-8229', 0, 100, '%', 'Humidity');
INSERT INTO MEASUREMENT (DateTime, SensorID, MeasValue) VALUES (TO_DATE('09/05/18 12:41', 'DD/MM/YY HH24:MI'), 763498, 65);
INSERT INTO SENSOR (SerialNumber, CityPlaced, SensorModel, MinimValue, MaximValue, Unit, SensorType) VALUES (49585, 'Ιωάννινα', 'DJGG-818', 725.0, 1061.9, 'hPa', 'Pressure');
INSERT INTO MEASUREMENT (DateTime, SensorID, MeasValue) VALUES (TO_DATE('09/05/18 12:41', 'DD/MM/YY HH24:MI'), 49585, 1003.9);
INSERT INTO SENSOR (SerialNumber, CityPlaced, SensorModel, MinimValue, MaximValue, Unit, SensorType) VALUES (22857, 'Ιωάννινα', 'MICP-0419', 0.0, 22.9, 'km/h', 'Wind');
INSERT INTO MEASUREMENT (DateTime, SensorID, MeasValue) VALUES (TO_DATE('09/05/18 12:41', 'DD/MM/YY HH24:MI'), 22857, 1.1);
INSERT INTO SENSOR (SerialNumber, CityPlaced, SensorModel, MinimValue, MaximValue, Unit, SensorType) VALUES (785334, 'Καρδαμίτσια', 'PAOYB-395', -55.0, 80.9, '°C', 'Temperature');
INSERT INTO MEASUREMENT (DateTime, SensorID, MeasValue) VALUES (TO_DATE('09/05/18 12:44', 'DD/MM/YY HH24:MI'), 785334, 18.2);
INSERT INTO SENSOR (SerialNumber, CityPlaced, SensorModel, MinimValue, MaximValue, Unit, SensorType) VALUES (102583, 'Καρδαμίτσια', 'TFZTJ-7101', 0, 100, '%', 'Humidity');
INSERT INTO MEASUREMENT (DateTime, SensorID, MeasValue) VALUES (TO_DATE('09/05/18 12:44', 'DD/MM/YY HH24:MI'), 102583, 98);
INSERT INTO SENSOR (SerialNumber, CityPlaced, SensorModel, MinimValue, MaximValue, Unit, SensorType) VALUES (29762, 'Καρδαμίτσια', 'DGZS-325', 740.0, 1086.9, 'hPa', 'Pressure');
INSERT INTO MEASUREMENT (DateTime, SensorID, MeasValue) VALUES (TO_DATE('09/05/18 12:44', 'DD/MM/YY HH24:MI'), 29762, 1002.4);
INSERT INTO SENSOR (SerialNumber, CityPlaced, SensorModel, MinimValue, MaximValue, Unit, SensorType) VALUES (18782, 'Καρδαμίτσια', 'TTKU-7105', 0.0, 22.9, 'km/h', 'Wind');
INSERT INTO MEASUREMENT (DateTime, SensorID, MeasValue) VALUES (TO_DATE('09/05/18 12:44', 'DD/MM/YY HH24:MI'), 18782, 0.0);
INSERT INTO SENSOR (SerialNumber, CityPlaced, SensorModel, MinimValue, MaximValue, Unit, SensorType) VALUES (685992, 'Κόνιτσα', 'USXDL-620', -50.0, 63.9, '°C', 'Temperature');
INSERT INTO MEASUREMENT (DateTime, SensorID, MeasValue) VALUES (TO_DATE('09/05/18 12:47', 'DD/MM/YY HH24:MI'), 685992, 20.5);
INSERT INTO SENSOR (SerialNumber, CityPlaced, SensorModel, MinimValue, MaximValue, Unit, SensorType) VALUES (327513, 'Κόνιτσα', 'XXTGU-8003', 0, 100, '%', 'Humidity');
INSERT INTO MEASUREMENT (DateTime, SensorID, MeasValue) VALUES (TO_DATE('09/05/18 12:47', 'DD/MM/YY HH24:MI'), 327513, 71);
INSERT INTO SENSOR (SerialNumber, CityPlaced, SensorModel, MinimValue, MaximValue, Unit, SensorType) VALUES (14157, 'Κόνιτσα', 'FXFU-338', 711.0, 1069.9, 'hPa', 'Pressure');
INSERT INTO MEASUREMENT (DateTime, SensorID, MeasValue) VALUES (TO_DATE('09/05/18 12:47', 'DD/MM/YY HH24:MI'), 14157, 1006.1);
INSERT INTO SENSOR (SerialNumber, CityPlaced, SensorModel, MinimValue, MaximValue, Unit, SensorType) VALUES (85016, 'Κόνιτσα', 'XRSZ-4802', 0.0, 20.9, 'km/h', 'Wind');
INSERT INTO MEASUREMENT (DateTime, SensorID, MeasValue) VALUES (TO_DATE('09/05/18 12:47', 'DD/MM/YY HH24:MI'), 85016, 4.8);
INSERT INTO SENSOR (SerialNumber, CityPlaced, SensorModel, MinimValue, MaximValue, Unit, SensorType) VALUES (620427, 'Μέτσοβο', 'QGBBH-238', -58.0, 62.9, '°C', 'Temperature');
INSERT INTO MEASUREMENT (DateTime, SensorID, MeasValue) VALUES (TO_DATE('09/05/18 12:44', 'DD/MM/YY HH24:MI'), 620427, 17.2);
INSERT INTO SENSOR (SerialNumber, CityPlaced, SensorModel, MinimValue, MaximValue, Unit, SensorType) VALUES (102071, 'Μέτσοβο', 'PXZGA-3532', 0, 100, '%', 'Humidity');
INSERT INTO MEASUREMENT (DateTime, SensorID, MeasValue) VALUES (TO_DATE('09/05/18 12:44', 'DD/MM/YY HH24:MI'), 102071, 67);
INSERT INTO SENSOR (SerialNumber, CityPlaced, SensorModel, MinimValue, MaximValue, Unit, SensorType) VALUES (82654, 'Μέτσοβο', 'POYI-633', 737.0, 1069.9, 'hPa', 'Pressure');
INSERT INTO MEASUREMENT (DateTime, SensorID, MeasValue) VALUES (TO_DATE('09/05/18 12:44', 'DD/MM/YY HH24:MI'), 82654, 1004.9);
INSERT INTO SENSOR (SerialNumber, CityPlaced, SensorModel, MinimValue, MaximValue, Unit, SensorType) VALUES (14339, 'Μέτσοβο', 'XYWV-5452', 0.0, 25.9, 'km/h', 'Wind');
INSERT INTO MEASUREMENT (DateTime, SensorID, MeasValue) VALUES (TO_DATE('09/05/18 12:44', 'DD/MM/YY HH24:MI'), 14339, 5.6);
INSERT INTO SENSOR (SerialNumber, CityPlaced, SensorModel, MinimValue, MaximValue, Unit, SensorType) VALUES (156451, 'Πληκάτι', 'DZTJA-973', -58.0, 75.9, '°C', 'Temperature');
INSERT INTO MEASUREMENT (DateTime, SensorID, MeasValue) VALUES (TO_DATE('09/05/18 12:44', 'DD/MM/YY HH24:MI'), 156451, 15.4);
INSERT INTO SENSOR (SerialNumber, CityPlaced, SensorModel, MinimValue, MaximValue, Unit, SensorType) VALUES (995421, 'Πληκάτι', 'BQKXW-8574', 0, 100, '%', 'Humidity');
INSERT INTO MEASUREMENT (DateTime, SensorID, MeasValue) VALUES (TO_DATE('09/05/18 12:44', 'DD/MM/YY HH24:MI'), 995421, 78);
INSERT INTO SENSOR (SerialNumber, CityPlaced, SensorModel, MinimValue, MaximValue, Unit, SensorType) VALUES (10806, 'Πληκάτι', 'ERLV-196', 701.0, 1078.9, 'hPa', 'Pressure');
INSERT INTO MEASUREMENT (DateTime, SensorID, MeasValue) VALUES (TO_DATE('09/05/18 12:44', 'DD/MM/YY HH24:MI'), 10806, 1005.2);
INSERT INTO SENSOR (SerialNumber, CityPlaced, SensorModel, MinimValue, MaximValue, Unit, SensorType) VALUES (96956, 'Πληκάτι', 'FDFF-6480', 0.0, 21.9, 'km/h', 'Wind');
INSERT INTO MEASUREMENT (DateTime, SensorID, MeasValue) VALUES (TO_DATE('09/05/18 12:44', 'DD/MM/YY HH24:MI'), 96956, 1.3);
INSERT INTO SENSOR (SerialNumber, CityPlaced, SensorModel, MinimValue, MaximValue, Unit, SensorType) VALUES (753923, 'Πράμαντα', 'RASVM-115', -50.0, 63.9, '°C', 'Temperature');
INSERT INTO MEASUREMENT (DateTime, SensorID, MeasValue) VALUES (TO_DATE('09/05/18 12:32', 'DD/MM/YY HH24:MI'), 753923, 18.1);
INSERT INTO SENSOR (SerialNumber, CityPlaced, SensorModel, MinimValue, MaximValue, Unit, SensorType) VALUES (973489, 'Πράμαντα', 'MOTAZ-7613', 0, 100, '%', 'Humidity');
INSERT INTO MEASUREMENT (DateTime, SensorID, MeasValue) VALUES (TO_DATE('09/05/18 12:32', 'DD/MM/YY HH24:MI'), 973489, 75);
INSERT INTO SENSOR (SerialNumber, CityPlaced, SensorModel, MinimValue, MaximValue, Unit, SensorType) VALUES (11580, 'Πράμαντα', 'GZCV-961', 743.0, 1051.9, 'hPa', 'Pressure');
INSERT INTO MEASUREMENT (DateTime, SensorID, MeasValue) VALUES (TO_DATE('09/05/18 12:32', 'DD/MM/YY HH24:MI'), 11580, 1006.3);
INSERT INTO SENSOR (SerialNumber, CityPlaced, SensorModel, MinimValue, MaximValue, Unit, SensorType) VALUES (36995, 'Πράμαντα', 'OGJQ-7555', 0.0, 20.9, 'km/h', 'Wind');
INSERT INTO MEASUREMENT (DateTime, SensorID, MeasValue) VALUES (TO_DATE('09/05/18 12:32', 'DD/MM/YY HH24:MI'), 36995, 3.8);
INSERT INTO SENSOR (SerialNumber, CityPlaced, SensorModel, MinimValue, MaximValue, Unit, SensorType) VALUES (340860, 'Τύρια', 'VFAFW-765', -55.0, 77.9, '°C', 'Temperature');
INSERT INTO MEASUREMENT (DateTime, SensorID, MeasValue) VALUES (TO_DATE('09/05/18 12:41', 'DD/MM/YY HH24:MI'), 340860, 21.4);
INSERT INTO SENSOR (SerialNumber, CityPlaced, SensorModel, MinimValue, MaximValue, Unit, SensorType) VALUES (115569, 'Τύρια', 'GOSNG-2879', 0, 100, '%', 'Humidity');
INSERT INTO MEASUREMENT (DateTime, SensorID, MeasValue) VALUES (TO_DATE('09/05/18 12:41', 'DD/MM/YY HH24:MI'), 115569, 69);
INSERT INTO SENSOR (SerialNumber, CityPlaced, SensorModel, MinimValue, MaximValue, Unit, SensorType) VALUES (78526, 'Τύρια', 'DMUX-628', 717.0, 1085.9, 'hPa', 'Pressure');
INSERT INTO MEASUREMENT (DateTime, SensorID, MeasValue) VALUES (TO_DATE('09/05/18 12:41', 'DD/MM/YY HH24:MI'), 78526, 1004.9);
INSERT INTO SENSOR (SerialNumber, CityPlaced, SensorModel, MinimValue, MaximValue, Unit, SensorType) VALUES (11502, 'Τύρια', 'ZELP-4057', 0.0, 22.9, 'km/h', 'Wind');
INSERT INTO MEASUREMENT (DateTime, SensorID, MeasValue) VALUES (TO_DATE('09/05/18 12:41', 'DD/MM/YY HH24:MI'), 11502, 1.6);
INSERT INTO SENSOR (SerialNumber, CityPlaced, SensorModel, MinimValue, MaximValue, Unit, SensorType) VALUES (797368, 'Καστροσυκιά', 'CBHTW-033', -58.0, 64.9, '°C', 'Temperature');
INSERT INTO MEASUREMENT (DateTime, SensorID, MeasValue) VALUES (TO_DATE('09/05/18 12:47', 'DD/MM/YY HH24:MI'), 797368, 20.0);
INSERT INTO SENSOR (SerialNumber, CityPlaced, SensorModel, MinimValue, MaximValue, Unit, SensorType) VALUES (336213, 'Καστροσυκιά', 'BLINW-2639', 0, 100, '%', 'Humidity');
INSERT INTO MEASUREMENT (DateTime, SensorID, MeasValue) VALUES (TO_DATE('09/05/18 12:47', 'DD/MM/YY HH24:MI'), 336213, 86);
INSERT INTO SENSOR (SerialNumber, CityPlaced, SensorModel, MinimValue, MaximValue, Unit, SensorType) VALUES (42373, 'Καστροσυκιά', 'RONP-623', 719.0, 1052.9, 'hPa', 'Pressure');
INSERT INTO MEASUREMENT (DateTime, SensorID, MeasValue) VALUES (TO_DATE('09/05/18 12:47', 'DD/MM/YY HH24:MI'), 42373, 1005.3);
INSERT INTO SENSOR (SerialNumber, CityPlaced, SensorModel, MinimValue, MaximValue, Unit, SensorType) VALUES (27178, 'Καστροσυκιά', 'VIHV-0355', 0.0, 24.9, 'km/h', 'Wind');
INSERT INTO MEASUREMENT (DateTime, SensorID, MeasValue) VALUES (TO_DATE('09/05/18 12:47', 'DD/MM/YY HH24:MI'), 27178, 6.3);
INSERT INTO SENSOR (SerialNumber, CityPlaced, SensorModel, MinimValue, MaximValue, Unit, SensorType) VALUES (650498, 'Φυλακτή Λίμνη Πλαστήρα', 'NMSKX-765', -57.0, 77.9, '°C', 'Temperature');
INSERT INTO MEASUREMENT (DateTime, SensorID, MeasValue) VALUES (TO_DATE('09/05/18 12:45', 'DD/MM/YY HH24:MI'), 650498, 17.4);
INSERT INTO SENSOR (SerialNumber, CityPlaced, SensorModel, MinimValue, MaximValue, Unit, SensorType) VALUES (227844, 'Φυλακτή Λίμνη Πλαστήρα', 'LKARF-7119', 0, 100, '%', 'Humidity');
INSERT INTO MEASUREMENT (DateTime, SensorID, MeasValue) VALUES (TO_DATE('09/05/18 12:45', 'DD/MM/YY HH24:MI'), 227844, 28);
INSERT INTO SENSOR (SerialNumber, CityPlaced, SensorModel, MinimValue, MaximValue, Unit, SensorType) VALUES (54938, 'Φυλακτή Λίμνη Πλαστήρα', 'AUSO-922', 729.0, 1061.9, 'hPa', 'Pressure');
INSERT INTO MEASUREMENT (DateTime, SensorID, MeasValue) VALUES (TO_DATE('09/05/18 12:45', 'DD/MM/YY HH24:MI'), 54938, 1005.8);
INSERT INTO SENSOR (SerialNumber, CityPlaced, SensorModel, MinimValue, MaximValue, Unit, SensorType) VALUES (40191, 'Φυλακτή Λίμνη Πλαστήρα', 'HQQV-4366', 0.0, 22.9, 'km/h', 'Wind');
INSERT INTO MEASUREMENT (DateTime, SensorID, MeasValue) VALUES (TO_DATE('09/05/18 12:45', 'DD/MM/YY HH24:MI'), 40191, 5.7);
INSERT INTO SENSOR (SerialNumber, CityPlaced, SensorModel, MinimValue, MaximValue, Unit, SensorType) VALUES (834386, 'Βελίκα', 'JSEZA-831', -56.0, 62.9, '°C', 'Temperature');
INSERT INTO MEASUREMENT (DateTime, SensorID, MeasValue) VALUES (TO_DATE('09/05/18 12:48', 'DD/MM/YY HH24:MI'), 834386, 22.1);
INSERT INTO SENSOR (SerialNumber, CityPlaced, SensorModel, MinimValue, MaximValue, Unit, SensorType) VALUES (627163, 'Βελίκα', 'KQRYV-0444', 0, 100, '%', 'Humidity');
INSERT INTO MEASUREMENT (DateTime, SensorID, MeasValue) VALUES (TO_DATE('09/05/18 12:48', 'DD/MM/YY HH24:MI'), 627163, 78);
INSERT INTO SENSOR (SerialNumber, CityPlaced, SensorModel, MinimValue, MaximValue, Unit, SensorType) VALUES (73026, 'Βελίκα', 'EJKG-742', 712.0, 1061.9, 'hPa', 'Pressure');
INSERT INTO MEASUREMENT (DateTime, SensorID, MeasValue) VALUES (TO_DATE('09/05/18 12:48', 'DD/MM/YY HH24:MI'), 73026, 1006.4);
INSERT INTO SENSOR (SerialNumber, CityPlaced, SensorModel, MinimValue, MaximValue, Unit, SensorType) VALUES (70544, 'Βελίκα', 'DFAB-1118', 0.0, 22.9, 'km/h', 'Wind');
INSERT INTO MEASUREMENT (DateTime, SensorID, MeasValue) VALUES (TO_DATE('09/05/18 12:48', 'DD/MM/YY HH24:MI'), 70544, 7.3);
INSERT INTO SENSOR (SerialNumber, CityPlaced, SensorModel, MinimValue, MaximValue, Unit, SensorType) VALUES (717380, 'Λάρισα 6 Δρόμοι', 'IEDCN-672', -50.0, 74.9, '°C', 'Temperature');
INSERT INTO MEASUREMENT (DateTime, SensorID, MeasValue) VALUES (TO_DATE('09/05/18 12:44', 'DD/MM/YY HH24:MI'), 717380, 26.0);
INSERT INTO SENSOR (SerialNumber, CityPlaced, SensorModel, MinimValue, MaximValue, Unit, SensorType) VALUES (204977, 'Λάρισα 6 Δρόμοι', 'FJXUU-1415', 0, 100, '%', 'Humidity');
INSERT INTO MEASUREMENT (DateTime, SensorID, MeasValue) VALUES (TO_DATE('09/05/18 12:44', 'DD/MM/YY HH24:MI'), 204977, 52);
INSERT INTO SENSOR (SerialNumber, CityPlaced, SensorModel, MinimValue, MaximValue, Unit, SensorType) VALUES (57132, 'Λάρισα 6 Δρόμοι', 'CNUZ-708', 744.0, 1086.9, 'hPa', 'Pressure');
INSERT INTO MEASUREMENT (DateTime, SensorID, MeasValue) VALUES (TO_DATE('09/05/18 12:44', 'DD/MM/YY HH24:MI'), 57132, 1004.1);
INSERT INTO SENSOR (SerialNumber, CityPlaced, SensorModel, MinimValue, MaximValue, Unit, SensorType) VALUES (79712, 'Λάρισα 6 Δρόμοι', 'XTPX-2883', 0.0, 20.9, 'km/h', 'Wind');
INSERT INTO MEASUREMENT (DateTime, SensorID, MeasValue) VALUES (TO_DATE('09/05/18 12:44', 'DD/MM/YY HH24:MI'), 79712, 1.1);
INSERT INTO SENSOR (SerialNumber, CityPlaced, SensorModel, MinimValue, MaximValue, Unit, SensorType) VALUES (491033, 'Λάρισα ΑΤΑ', 'GXCVV-738', -59.0, 73.9, '°C', 'Temperature');
INSERT INTO MEASUREMENT (DateTime, SensorID, MeasValue) VALUES (TO_DATE('09/05/18 12:42', 'DD/MM/YY HH24:MI'), 491033, 26.2);
INSERT INTO SENSOR (SerialNumber, CityPlaced, SensorModel, MinimValue, MaximValue, Unit, SensorType) VALUES (615290, 'Λάρισα ΑΤΑ', 'FULHD-6460', 0, 100, '%', 'Humidity');
INSERT INTO MEASUREMENT (DateTime, SensorID, MeasValue) VALUES (TO_DATE('09/05/18 12:42', 'DD/MM/YY HH24:MI'), 615290, 46);
INSERT INTO SENSOR (SerialNumber, CityPlaced, SensorModel, MinimValue, MaximValue, Unit, SensorType) VALUES (99630, 'Λάρισα ΑΤΑ', 'PBIT-436', 728.0, 1064.9, 'hPa', 'Pressure');
INSERT INTO MEASUREMENT (DateTime, SensorID, MeasValue) VALUES (TO_DATE('09/05/18 12:42', 'DD/MM/YY HH24:MI'), 99630, 1002.5);
INSERT INTO SENSOR (SerialNumber, CityPlaced, SensorModel, MinimValue, MaximValue, Unit, SensorType) VALUES (33417, 'Λάρισα ΑΤΑ', 'GWSN-1112', 0.0, 21.9, 'km/h', 'Wind');
INSERT INTO MEASUREMENT (DateTime, SensorID, MeasValue) VALUES (TO_DATE('09/05/18 12:42', 'DD/MM/YY HH24:MI'), 33417, 5.1);
INSERT INTO SENSOR (SerialNumber, CityPlaced, SensorModel, MinimValue, MaximValue, Unit, SensorType) VALUES (894804, 'Λάρισα Σίφνου', 'MIVOM-142', -56.0, 77.9, '°C', 'Temperature');
INSERT INTO MEASUREMENT (DateTime, SensorID, MeasValue) VALUES (TO_DATE('09/05/18 12:48', 'DD/MM/YY HH24:MI'), 894804, 24.8);
INSERT INTO SENSOR (SerialNumber, CityPlaced, SensorModel, MinimValue, MaximValue, Unit, SensorType) VALUES (449980, 'Λάρισα Σίφνου', 'HZSHU-3147', 0, 100, '%', 'Humidity');
INSERT INTO MEASUREMENT (DateTime, SensorID, MeasValue) VALUES (TO_DATE('09/05/18 12:48', 'DD/MM/YY HH24:MI'), 449980, 53);
INSERT INTO SENSOR (SerialNumber, CityPlaced, SensorModel, MinimValue, MaximValue, Unit, SensorType) VALUES (10711, 'Λάρισα Σίφνου', 'DMLG-819', 722.0, 1100.9, 'hPa', 'Pressure');
INSERT INTO MEASUREMENT (DateTime, SensorID, MeasValue) VALUES (TO_DATE('09/05/18 12:48', 'DD/MM/YY HH24:MI'), 10711, 1004.6);
INSERT INTO SENSOR (SerialNumber, CityPlaced, SensorModel, MinimValue, MaximValue, Unit, SensorType) VALUES (36863, 'Λάρισα Σίφνου', 'XAIE-1136', 0.0, 20.9, 'km/h', 'Wind');
INSERT INTO MEASUREMENT (DateTime, SensorID, MeasValue) VALUES (TO_DATE('09/05/18 12:48', 'DD/MM/YY HH24:MI'), 36863, 2.2);
INSERT INTO SENSOR (SerialNumber, CityPlaced, SensorModel, MinimValue, MaximValue, Unit, SensorType) VALUES (422805, 'Συκούριο', 'ZKDBZ-795', -57.0, 80.9, '°C', 'Temperature');
INSERT INTO MEASUREMENT (DateTime, SensorID, MeasValue) VALUES (TO_DATE('09/05/18 12:48', 'DD/MM/YY HH24:MI'), 422805, 24.5);
INSERT INTO SENSOR (SerialNumber, CityPlaced, SensorModel, MinimValue, MaximValue, Unit, SensorType) VALUES (109834, 'Συκούριο', 'ZAWZG-5083', 0, 100, '%', 'Humidity');
INSERT INTO MEASUREMENT (DateTime, SensorID, MeasValue) VALUES (TO_DATE('09/05/18 12:48', 'DD/MM/YY HH24:MI'), 109834, 54);
INSERT INTO SENSOR (SerialNumber, CityPlaced, SensorModel, MinimValue, MaximValue, Unit, SensorType) VALUES (70883, 'Συκούριο', 'GFYT-586', 702.0, 1095.9, 'hPa', 'Pressure');
INSERT INTO MEASUREMENT (DateTime, SensorID, MeasValue) VALUES (TO_DATE('09/05/18 12:48', 'DD/MM/YY HH24:MI'), 70883, 1003.6);
INSERT INTO SENSOR (SerialNumber, CityPlaced, SensorModel, MinimValue, MaximValue, Unit, SensorType) VALUES (89125, 'Συκούριο', 'ROVR-9935', 0.0, 24.9, 'km/h', 'Wind');
INSERT INTO MEASUREMENT (DateTime, SensorID, MeasValue) VALUES (TO_DATE('09/05/18 12:48', 'DD/MM/YY HH24:MI'), 89125, 5.8);
INSERT INTO SENSOR (SerialNumber, CityPlaced, SensorModel, MinimValue, MaximValue, Unit, SensorType) VALUES (934564, 'Μπασίτσι', 'TUIFC-158', -50.0, 61.9, '°C', 'Temperature');
INSERT INTO MEASUREMENT (DateTime, SensorID, MeasValue) VALUES (TO_DATE('09/05/18 12:47', 'DD/MM/YY HH24:MI'), 934564, 26.0);
INSERT INTO SENSOR (SerialNumber, CityPlaced, SensorModel, MinimValue, MaximValue, Unit, SensorType) VALUES (196088, 'Μπασίτσι', 'YPDDN-4731', 0, 100, '%', 'Humidity');
INSERT INTO MEASUREMENT (DateTime, SensorID, MeasValue) VALUES (TO_DATE('09/05/18 12:47', 'DD/MM/YY HH24:MI'), 196088, 48);
INSERT INTO SENSOR (SerialNumber, CityPlaced, SensorModel, MinimValue, MaximValue, Unit, SensorType) VALUES (22031, 'Μπασίτσι', 'KAVT-737', 720.0, 1093.9, 'hPa', 'Pressure');
INSERT INTO MEASUREMENT (DateTime, SensorID, MeasValue) VALUES (TO_DATE('09/05/18 12:47', 'DD/MM/YY HH24:MI'), 22031, 1004.5);
INSERT INTO SENSOR (SerialNumber, CityPlaced, SensorModel, MinimValue, MaximValue, Unit, SensorType) VALUES (51788, 'Μπασίτσι', 'SWRI-1059', 0.0, 20.9, 'km/h', 'Wind');
INSERT INTO MEASUREMENT (DateTime, SensorID, MeasValue) VALUES (TO_DATE('09/05/18 12:47', 'DD/MM/YY HH24:MI'), 51788, 5.2);
INSERT INTO SENSOR (SerialNumber, CityPlaced, SensorModel, MinimValue, MaximValue, Unit, SensorType) VALUES (787616, 'Πηγάδι', 'LCWLR-438', -55.0, 79.9, '°C', 'Temperature');
INSERT INTO MEASUREMENT (DateTime, SensorID, MeasValue) VALUES (TO_DATE('09/05/18 12:35', 'DD/MM/YY HH24:MI'), 787616, 24.1);
INSERT INTO SENSOR (SerialNumber, CityPlaced, SensorModel, MinimValue, MaximValue, Unit, SensorType) VALUES (914462, 'Πηγάδι', 'DXMHM-4634', 0, 100, '%', 'Humidity');
INSERT INTO MEASUREMENT (DateTime, SensorID, MeasValue) VALUES (TO_DATE('09/05/18 12:35', 'DD/MM/YY HH24:MI'), 914462, 64);
INSERT INTO SENSOR (SerialNumber, CityPlaced, SensorModel, MinimValue, MaximValue, Unit, SensorType) VALUES (89752, 'Πηγάδι', 'OAFG-983', 742.0, 1075.9, 'hPa', 'Pressure');
INSERT INTO MEASUREMENT (DateTime, SensorID, MeasValue) VALUES (TO_DATE('09/05/18 12:35', 'DD/MM/YY HH24:MI'), 89752, 1003.9);
INSERT INTO SENSOR (SerialNumber, CityPlaced, SensorModel, MinimValue, MaximValue, Unit, SensorType) VALUES (39641, 'Πηγάδι', 'AQEK-4705', 0.0, 20.9, 'km/h', 'Wind');
INSERT INTO MEASUREMENT (DateTime, SensorID, MeasValue) VALUES (TO_DATE('09/05/18 12:35', 'DD/MM/YY HH24:MI'), 39641, 0.0);
INSERT INTO SENSOR (SerialNumber, CityPlaced, SensorModel, MinimValue, MaximValue, Unit, SensorType) VALUES (920743, 'Πορταριά', 'HBMZS-516', -52.0, 65.9, '°C', 'Temperature');
INSERT INTO MEASUREMENT (DateTime, SensorID, MeasValue) VALUES (TO_DATE('09/05/18 12:45', 'DD/MM/YY HH24:MI'), 920743, 19.3);
INSERT INTO SENSOR (SerialNumber, CityPlaced, SensorModel, MinimValue, MaximValue, Unit, SensorType) VALUES (528525, 'Πορταριά', 'GVHVZ-2583', 0, 100, '%', 'Humidity');
INSERT INTO MEASUREMENT (DateTime, SensorID, MeasValue) VALUES (TO_DATE('09/05/18 12:45', 'DD/MM/YY HH24:MI'), 528525, 43);
INSERT INTO SENSOR (SerialNumber, CityPlaced, SensorModel, MinimValue, MaximValue, Unit, SensorType) VALUES (11509, 'Πορταριά', 'PVXJ-701', 726.0, 1092.9, 'hPa', 'Pressure');
INSERT INTO MEASUREMENT (DateTime, SensorID, MeasValue) VALUES (TO_DATE('09/05/18 12:45', 'DD/MM/YY HH24:MI'), 11509, 1002.7);
INSERT INTO SENSOR (SerialNumber, CityPlaced, SensorModel, MinimValue, MaximValue, Unit, SensorType) VALUES (97681, 'Πορταριά', 'RYTW-6080', 0.0, 25.9, 'km/h', 'Wind');
INSERT INTO MEASUREMENT (DateTime, SensorID, MeasValue) VALUES (TO_DATE('09/05/18 12:45', 'DD/MM/YY HH24:MI'), 97681, 0.0);
INSERT INTO SENSOR (SerialNumber, CityPlaced, SensorModel, MinimValue, MaximValue, Unit, SensorType) VALUES (734342, 'Σκιάθος Ερασιτεχνικό Αστεροσκοπείο', 'ACHCL-633', -60.0, 78.9, '°C', 'Temperature');
INSERT INTO MEASUREMENT (DateTime, SensorID, MeasValue) VALUES (TO_DATE('09/05/18 12:47', 'DD/MM/YY HH24:MI'), 734342, 22.2);
INSERT INTO SENSOR (SerialNumber, CityPlaced, SensorModel, MinimValue, MaximValue, Unit, SensorType) VALUES (245496, 'Σκιάθος Ερασιτεχνικό Αστεροσκοπείο', 'SFOCL-8381', 0, 100, '%', 'Humidity');
INSERT INTO MEASUREMENT (DateTime, SensorID, MeasValue) VALUES (TO_DATE('09/05/18 12:47', 'DD/MM/YY HH24:MI'), 245496, 73);
INSERT INTO SENSOR (SerialNumber, CityPlaced, SensorModel, MinimValue, MaximValue, Unit, SensorType) VALUES (41208, 'Σκιάθος Ερασιτεχνικό Αστεροσκοπείο', 'QLTF-812', 726.0, 1059.9, 'hPa', 'Pressure');
INSERT INTO MEASUREMENT (DateTime, SensorID, MeasValue) VALUES (TO_DATE('09/05/18 12:47', 'DD/MM/YY HH24:MI'), 41208, 1005.0);
INSERT INTO SENSOR (SerialNumber, CityPlaced, SensorModel, MinimValue, MaximValue, Unit, SensorType) VALUES (64725, 'Σκιάθος Ερασιτεχνικό Αστεροσκοπείο', 'OFOV-1143', 0.0, 21.9, 'km/h', 'Wind');
INSERT INTO MEASUREMENT (DateTime, SensorID, MeasValue) VALUES (TO_DATE('09/05/18 12:47', 'DD/MM/YY HH24:MI'), 64725, 7.2);
INSERT INTO SENSOR (SerialNumber, CityPlaced, SensorModel, MinimValue, MaximValue, Unit, SensorType) VALUES (494581, 'Σκόπελος', 'AYPZR-387', -53.0, 66.9, '°C', 'Temperature');
INSERT INTO MEASUREMENT (DateTime, SensorID, MeasValue) VALUES (TO_DATE('09/05/18 12:40', 'DD/MM/YY HH24:MI'), 494581, 22.6);
INSERT INTO SENSOR (SerialNumber, CityPlaced, SensorModel, MinimValue, MaximValue, Unit, SensorType) VALUES (314258, 'Σκόπελος', 'UFHBQ-4489', 0, 100, '%', 'Humidity');
INSERT INTO MEASUREMENT (DateTime, SensorID, MeasValue) VALUES (TO_DATE('09/05/18 12:40', 'DD/MM/YY HH24:MI'), 314258, 73);
INSERT INTO SENSOR (SerialNumber, CityPlaced, SensorModel, MinimValue, MaximValue, Unit, SensorType) VALUES (38725, 'Σκόπελος', 'NGFT-801', 745.0, 1078.9, 'hPa', 'Pressure');
INSERT INTO MEASUREMENT (DateTime, SensorID, MeasValue) VALUES (TO_DATE('09/05/18 12:40', 'DD/MM/YY HH24:MI'), 38725, 1007.7);
INSERT INTO SENSOR (SerialNumber, CityPlaced, SensorModel, MinimValue, MaximValue, Unit, SensorType) VALUES (64396, 'Σκόπελος', 'TGUQ-9106', 0.0, 24.9, 'km/h', 'Wind');
INSERT INTO MEASUREMENT (DateTime, SensorID, MeasValue) VALUES (TO_DATE('09/05/18 12:40', 'DD/MM/YY HH24:MI'), 64396, 7.0);
INSERT INTO SENSOR (SerialNumber, CityPlaced, SensorModel, MinimValue, MaximValue, Unit, SensorType) VALUES (191611, 'Διδυμότειχο', 'STHEN-754', -57.0, 61.9, '°C', 'Temperature');
INSERT INTO MEASUREMENT (DateTime, SensorID, MeasValue) VALUES (TO_DATE('09/05/18 12:46', 'DD/MM/YY HH24:MI'), 191611, 26.4);
INSERT INTO SENSOR (SerialNumber, CityPlaced, SensorModel, MinimValue, MaximValue, Unit, SensorType) VALUES (423392, 'Διδυμότειχο', 'DXUTE-5417', 0, 100, '%', 'Humidity');
INSERT INTO MEASUREMENT (DateTime, SensorID, MeasValue) VALUES (TO_DATE('09/05/18 12:46', 'DD/MM/YY HH24:MI'), 423392, 24);
INSERT INTO SENSOR (SerialNumber, CityPlaced, SensorModel, MinimValue, MaximValue, Unit, SensorType) VALUES (93989, 'Διδυμότειχο', 'VKPZ-543', 716.0, 1093.9, 'hPa', 'Pressure');
INSERT INTO MEASUREMENT (DateTime, SensorID, MeasValue) VALUES (TO_DATE('09/05/18 12:46', 'DD/MM/YY HH24:MI'), 93989, 1004.0);
INSERT INTO SENSOR (SerialNumber, CityPlaced, SensorModel, MinimValue, MaximValue, Unit, SensorType) VALUES (48473, 'Διδυμότειχο', 'MAUG-8137', 0.0, 20.9, 'km/h', 'Wind');
INSERT INTO MEASUREMENT (DateTime, SensorID, MeasValue) VALUES (TO_DATE('09/05/18 12:46', 'DD/MM/YY HH24:MI'), 48473, 6.2);
INSERT INTO SENSOR (SerialNumber, CityPlaced, SensorModel, MinimValue, MaximValue, Unit, SensorType) VALUES (565594, 'Γέρακας', 'ZZOPA-164', -59.0, 68.9, '°C', 'Temperature');
INSERT INTO MEASUREMENT (DateTime, SensorID, MeasValue) VALUES (TO_DATE('09/05/18 12:48', 'DD/MM/YY HH24:MI'), 565594, 24.8);
INSERT INTO SENSOR (SerialNumber, CityPlaced, SensorModel, MinimValue, MaximValue, Unit, SensorType) VALUES (709968, 'Γέρακας', 'HRCAL-8795', 0, 100, '%', 'Humidity');
INSERT INTO MEASUREMENT (DateTime, SensorID, MeasValue) VALUES (TO_DATE('09/05/18 12:48', 'DD/MM/YY HH24:MI'), 709968, 63);
INSERT INTO SENSOR (SerialNumber, CityPlaced, SensorModel, MinimValue, MaximValue, Unit, SensorType) VALUES (75692, 'Γέρακας', 'LYJZ-602', 721.0, 1058.9, 'hPa', 'Pressure');
INSERT INTO MEASUREMENT (DateTime, SensorID, MeasValue) VALUES (TO_DATE('09/05/18 12:48', 'DD/MM/YY HH24:MI'), 75692, 1006.8);
INSERT INTO SENSOR (SerialNumber, CityPlaced, SensorModel, MinimValue, MaximValue, Unit, SensorType) VALUES (30330, 'Γέρακας', 'HQMR-3394', 0.0, 22.9, 'km/h', 'Wind');
INSERT INTO MEASUREMENT (DateTime, SensorID, MeasValue) VALUES (TO_DATE('09/05/18 12:48', 'DD/MM/YY HH24:MI'), 30330, 3.7);
INSERT INTO SENSOR (SerialNumber, CityPlaced, SensorModel, MinimValue, MaximValue, Unit, SensorType) VALUES (942247, 'Αιολικό Πάρκο Μοναστήρι I', 'AREJM-429', -53.0, 66.9, '°C', 'Temperature');
INSERT INTO MEASUREMENT (DateTime, SensorID, MeasValue) VALUES (TO_DATE('09/05/18 12:48', 'DD/MM/YY HH24:MI'), 942247, 17.8);
INSERT INTO SENSOR (SerialNumber, CityPlaced, SensorModel, MinimValue, MaximValue, Unit, SensorType) VALUES (586791, 'Αιολικό Πάρκο Μοναστήρι I', 'LCOPP-1754', 0, 100, '%', 'Humidity');
INSERT INTO MEASUREMENT (DateTime, SensorID, MeasValue) VALUES (TO_DATE('09/05/18 12:48', 'DD/MM/YY HH24:MI'), 586791, 55);
INSERT INTO SENSOR (SerialNumber, CityPlaced, SensorModel, MinimValue, MaximValue, Unit, SensorType) VALUES (62392, 'Αιολικό Πάρκο Μοναστήρι I', 'MKFP-181', 717.0, 1096.9, 'hPa', 'Pressure');
INSERT INTO MEASUREMENT (DateTime, SensorID, MeasValue) VALUES (TO_DATE('09/05/18 12:48', 'DD/MM/YY HH24:MI'), 62392, 999.8);
INSERT INTO SENSOR (SerialNumber, CityPlaced, SensorModel, MinimValue, MaximValue, Unit, SensorType) VALUES (69205, 'Αιολικό Πάρκο Μοναστήρι I', 'IZUF-9946', 0.0, 24.9, 'km/h', 'Wind');
INSERT INTO MEASUREMENT (DateTime, SensorID, MeasValue) VALUES (TO_DATE('09/05/18 12:48', 'DD/MM/YY HH24:MI'), 69205, 8.0);
INSERT INTO SENSOR (SerialNumber, CityPlaced, SensorModel, MinimValue, MaximValue, Unit, SensorType) VALUES (388076, 'Κομοτηνή', 'CCLIC-783', -54.0, 65.9, '°C', 'Temperature');
INSERT INTO MEASUREMENT (DateTime, SensorID, MeasValue) VALUES (TO_DATE('09/05/18 12:40', 'DD/MM/YY HH24:MI'), 388076, 23.9);
INSERT INTO SENSOR (SerialNumber, CityPlaced, SensorModel, MinimValue, MaximValue, Unit, SensorType) VALUES (178412, 'Κομοτηνή', 'KEKVN-2367', 0, 100, '%', 'Humidity');
INSERT INTO MEASUREMENT (DateTime, SensorID, MeasValue) VALUES (TO_DATE('09/05/18 12:40', 'DD/MM/YY HH24:MI'), 178412, 70);
INSERT INTO SENSOR (SerialNumber, CityPlaced, SensorModel, MinimValue, MaximValue, Unit, SensorType) VALUES (93014, 'Κομοτηνή', 'KAQL-622', 722.0, 1080.9, 'hPa', 'Pressure');
INSERT INTO MEASUREMENT (DateTime, SensorID, MeasValue) VALUES (TO_DATE('09/05/18 12:40', 'DD/MM/YY HH24:MI'), 93014, 1004.8);
INSERT INTO SENSOR (SerialNumber, CityPlaced, SensorModel, MinimValue, MaximValue, Unit, SensorType) VALUES (61154, 'Κομοτηνή', 'PZVE-8123', 0.0, 24.9, 'km/h', 'Wind');
INSERT INTO MEASUREMENT (DateTime, SensorID, MeasValue) VALUES (TO_DATE('09/05/18 12:40', 'DD/MM/YY HH24:MI'), 61154, 11.8);
INSERT INTO SENSOR (SerialNumber, CityPlaced, SensorModel, MinimValue, MaximValue, Unit, SensorType) VALUES (787048, 'Παντοκράτορας', 'AKQJR-346', -56.0, 78.9, '°C', 'Temperature');
INSERT INTO MEASUREMENT (DateTime, SensorID, MeasValue) VALUES (TO_DATE('09/05/18 12:48', 'DD/MM/YY HH24:MI'), 787048, 18.1);
INSERT INTO SENSOR (SerialNumber, CityPlaced, SensorModel, MinimValue, MaximValue, Unit, SensorType) VALUES (356247, 'Παντοκράτορας', 'QEMQG-4567', 0, 100, '%', 'Humidity');
INSERT INTO MEASUREMENT (DateTime, SensorID, MeasValue) VALUES (TO_DATE('09/05/18 12:48', 'DD/MM/YY HH24:MI'), 356247, 80);
INSERT INTO SENSOR (SerialNumber, CityPlaced, SensorModel, MinimValue, MaximValue, Unit, SensorType) VALUES (26429, 'Παντοκράτορας', 'ZWFE-867', 713.0, 1058.9, 'hPa', 'Pressure');
INSERT INTO MEASUREMENT (DateTime, SensorID, MeasValue) VALUES (TO_DATE('09/05/18 12:48', 'DD/MM/YY HH24:MI'), 26429, 1008.5);
INSERT INTO SENSOR (SerialNumber, CityPlaced, SensorModel, MinimValue, MaximValue, Unit, SensorType) VALUES (16820, 'Παντοκράτορας', 'IDSN-8817', 0.0, 21.9, 'km/h', 'Wind');
INSERT INTO MEASUREMENT (DateTime, SensorID, MeasValue) VALUES (TO_DATE('09/05/18 12:48', 'DD/MM/YY HH24:MI'), 16820, 1.5);
INSERT INTO SENSOR (SerialNumber, CityPlaced, SensorModel, MinimValue, MaximValue, Unit, SensorType) VALUES (624424, 'Ιθάκη', 'IUBRA-213', -60.0, 76.9, '°C', 'Temperature');
INSERT INTO MEASUREMENT (DateTime, SensorID, MeasValue) VALUES (TO_DATE('09/05/18 12:39', 'DD/MM/YY HH24:MI'), 624424, 22.4);
INSERT INTO SENSOR (SerialNumber, CityPlaced, SensorModel, MinimValue, MaximValue, Unit, SensorType) VALUES (170688, 'Ιθάκη', 'XZRGM-7516', 0, 100, '%', 'Humidity');
INSERT INTO MEASUREMENT (DateTime, SensorID, MeasValue) VALUES (TO_DATE('09/05/18 12:39', 'DD/MM/YY HH24:MI'), 170688, 67);
INSERT INTO SENSOR (SerialNumber, CityPlaced, SensorModel, MinimValue, MaximValue, Unit, SensorType) VALUES (86448, 'Ιθάκη', 'PJRF-079', 739.0, 1055.9, 'hPa', 'Pressure');
INSERT INTO MEASUREMENT (DateTime, SensorID, MeasValue) VALUES (TO_DATE('09/05/18 12:39', 'DD/MM/YY HH24:MI'), 86448, 1006.0);
INSERT INTO SENSOR (SerialNumber, CityPlaced, SensorModel, MinimValue, MaximValue, Unit, SensorType) VALUES (42517, 'Ιθάκη', 'IICX-2291', 0.0, 22.9, 'km/h', 'Wind');
INSERT INTO MEASUREMENT (DateTime, SensorID, MeasValue) VALUES (TO_DATE('09/05/18 12:39', 'DD/MM/YY HH24:MI'), 42517, 2.7);
INSERT INTO SENSOR (SerialNumber, CityPlaced, SensorModel, MinimValue, MaximValue, Unit, SensorType) VALUES (992707, 'Λαχός Ιθάκη', 'IJYRH-568', -58.0, 72.9, '°C', 'Temperature');
INSERT INTO MEASUREMENT (DateTime, SensorID, MeasValue) VALUES (TO_DATE('09/05/18 12:43', 'DD/MM/YY HH24:MI'), 992707, 21.8);
INSERT INTO SENSOR (SerialNumber, CityPlaced, SensorModel, MinimValue, MaximValue, Unit, SensorType) VALUES (712216, 'Λαχός Ιθάκη', 'NNFJY-7058', 0, 100, '%', 'Humidity');
INSERT INTO MEASUREMENT (DateTime, SensorID, MeasValue) VALUES (TO_DATE('09/05/18 12:43', 'DD/MM/YY HH24:MI'), 712216, 78);
INSERT INTO SENSOR (SerialNumber, CityPlaced, SensorModel, MinimValue, MaximValue, Unit, SensorType) VALUES (55796, 'Λαχός Ιθάκη', 'XHCS-632', 706.0, 1086.9, 'hPa', 'Pressure');
INSERT INTO MEASUREMENT (DateTime, SensorID, MeasValue) VALUES (TO_DATE('09/05/18 12:43', 'DD/MM/YY HH24:MI'), 55796, 1005.2);
INSERT INTO SENSOR (SerialNumber, CityPlaced, SensorModel, MinimValue, MaximValue, Unit, SensorType) VALUES (11253, 'Λαχός Ιθάκη', 'OOCQ-7677', 0.0, 21.9, 'km/h', 'Wind');
INSERT INTO MEASUREMENT (DateTime, SensorID, MeasValue) VALUES (TO_DATE('09/05/18 12:43', 'DD/MM/YY HH24:MI'), 11253, 0.0);
INSERT INTO SENSOR (SerialNumber, CityPlaced, SensorModel, MinimValue, MaximValue, Unit, SensorType) VALUES (699032, 'Πλατρειθιάς Ιθάκη', 'XNHKP-065', -53.0, 66.9, '°C', 'Temperature');
INSERT INTO MEASUREMENT (DateTime, SensorID, MeasValue) VALUES (TO_DATE('09/05/18 12:40', 'DD/MM/YY HH24:MI'), 699032, 20.9);
INSERT INTO SENSOR (SerialNumber, CityPlaced, SensorModel, MinimValue, MaximValue, Unit, SensorType) VALUES (541104, 'Πλατρειθιάς Ιθάκη', 'DGJCW-8466', 0, 100, '%', 'Humidity');
INSERT INTO MEASUREMENT (DateTime, SensorID, MeasValue) VALUES (TO_DATE('09/05/18 12:40', 'DD/MM/YY HH24:MI'), 541104, 82);
INSERT INTO SENSOR (SerialNumber, CityPlaced, SensorModel, MinimValue, MaximValue, Unit, SensorType) VALUES (13889, 'Πλατρειθιάς Ιθάκη', 'GZDO-143', 739.0, 1063.9, 'hPa', 'Pressure');
INSERT INTO MEASUREMENT (DateTime, SensorID, MeasValue) VALUES (TO_DATE('09/05/18 12:40', 'DD/MM/YY HH24:MI'), 13889, 1006.2);
INSERT INTO SENSOR (SerialNumber, CityPlaced, SensorModel, MinimValue, MaximValue, Unit, SensorType) VALUES (85662, 'Πλατρειθιάς Ιθάκη', 'ACIA-7109', 0.0, 21.9, 'km/h', 'Wind');
INSERT INTO MEASUREMENT (DateTime, SensorID, MeasValue) VALUES (TO_DATE('09/05/18 12:40', 'DD/MM/YY HH24:MI'), 85662, 4.8);
INSERT INTO SENSOR (SerialNumber, CityPlaced, SensorModel, MinimValue, MaximValue, Unit, SensorType) VALUES (455159, 'Σπαρτιά', 'ZOGWF-590', -52.0, 62.9, '°C', 'Temperature');
INSERT INTO MEASUREMENT (DateTime, SensorID, MeasValue) VALUES (TO_DATE('09/05/18 12:48', 'DD/MM/YY HH24:MI'), 455159, 21.2);
INSERT INTO SENSOR (SerialNumber, CityPlaced, SensorModel, MinimValue, MaximValue, Unit, SensorType) VALUES (418275, 'Σπαρτιά', 'MFBQL-6300', 0, 100, '%', 'Humidity');
INSERT INTO MEASUREMENT (DateTime, SensorID, MeasValue) VALUES (TO_DATE('09/05/18 12:48', 'DD/MM/YY HH24:MI'), 418275, 76);
INSERT INTO SENSOR (SerialNumber, CityPlaced, SensorModel, MinimValue, MaximValue, Unit, SensorType) VALUES (59408, 'Σπαρτιά', 'RPVH-863', 712.0, 1074.9, 'hPa', 'Pressure');
INSERT INTO MEASUREMENT (DateTime, SensorID, MeasValue) VALUES (TO_DATE('09/05/18 12:48', 'DD/MM/YY HH24:MI'), 59408, 1089.0);
INSERT INTO SENSOR (SerialNumber, CityPlaced, SensorModel, MinimValue, MaximValue, Unit, SensorType) VALUES (95604, 'Σπαρτιά', 'NAIR-1393', 0.0, 22.9, 'km/h', 'Wind');
INSERT INTO MEASUREMENT (DateTime, SensorID, MeasValue) VALUES (TO_DATE('09/05/18 12:48', 'DD/MM/YY HH24:MI'), 95604, 0.0);
INSERT INTO SENSOR (SerialNumber, CityPlaced, SensorModel, MinimValue, MaximValue, Unit, SensorType) VALUES (189363, 'Λευκάδα', 'ADLVI-997', -59.0, 74.9, '°C', 'Temperature');
INSERT INTO MEASUREMENT (DateTime, SensorID, MeasValue) VALUES (TO_DATE('09/05/18 12:39', 'DD/MM/YY HH24:MI'), 189363, 20.7);
INSERT INTO SENSOR (SerialNumber, CityPlaced, SensorModel, MinimValue, MaximValue, Unit, SensorType) VALUES (557820, 'Λευκάδα', 'VJZTP-5721', 0, 100, '%', 'Humidity');
INSERT INTO MEASUREMENT (DateTime, SensorID, MeasValue) VALUES (TO_DATE('09/05/18 12:39', 'DD/MM/YY HH24:MI'), 557820, 80);
INSERT INTO SENSOR (SerialNumber, CityPlaced, SensorModel, MinimValue, MaximValue, Unit, SensorType) VALUES (35934, 'Λευκάδα', 'AKOB-645', 726.0, 1055.9, 'hPa', 'Pressure');
INSERT INTO MEASUREMENT (DateTime, SensorID, MeasValue) VALUES (TO_DATE('09/05/18 12:39', 'DD/MM/YY HH24:MI'), 35934, 1006.1);
INSERT INTO SENSOR (SerialNumber, CityPlaced, SensorModel, MinimValue, MaximValue, Unit, SensorType) VALUES (33765, 'Λευκάδα', 'GEBM-9763', 0.0, 25.9, 'km/h', 'Wind');
INSERT INTO MEASUREMENT (DateTime, SensorID, MeasValue) VALUES (TO_DATE('09/05/18 12:39', 'DD/MM/YY HH24:MI'), 33765, 14.2);
INSERT INTO SENSOR (SerialNumber, CityPlaced, SensorModel, MinimValue, MaximValue, Unit, SensorType) VALUES (454452, 'Πλατύστομα', 'GPMOX-820', -52.0, 69.9, '°C', 'Temperature');
INSERT INTO MEASUREMENT (DateTime, SensorID, MeasValue) VALUES (TO_DATE('09/05/18 12:47', 'DD/MM/YY HH24:MI'), 454452, 18.4);
INSERT INTO SENSOR (SerialNumber, CityPlaced, SensorModel, MinimValue, MaximValue, Unit, SensorType) VALUES (673464, 'Πλατύστομα', 'UOWOG-3060', 0, 100, '%', 'Humidity');
INSERT INTO MEASUREMENT (DateTime, SensorID, MeasValue) VALUES (TO_DATE('09/05/18 12:47', 'DD/MM/YY HH24:MI'), 673464, 83);
INSERT INTO SENSOR (SerialNumber, CityPlaced, SensorModel, MinimValue, MaximValue, Unit, SensorType) VALUES (18040, 'Πλατύστομα', 'JYSW-947', 726.0, 1070.9, 'hPa', 'Pressure');
INSERT INTO MEASUREMENT (DateTime, SensorID, MeasValue) VALUES (TO_DATE('09/05/18 12:47', 'DD/MM/YY HH24:MI'), 18040, 1005.9);
INSERT INTO SENSOR (SerialNumber, CityPlaced, SensorModel, MinimValue, MaximValue, Unit, SensorType) VALUES (75520, 'Πλατύστομα', 'ENGC-1662', 0.0, 24.9, 'km/h', 'Wind');
INSERT INTO MEASUREMENT (DateTime, SensorID, MeasValue) VALUES (TO_DATE('09/05/18 12:47', 'DD/MM/YY HH24:MI'), 75520, 4.8);
INSERT INTO SENSOR (SerialNumber, CityPlaced, SensorModel, MinimValue, MaximValue, Unit, SensorType) VALUES (812249, 'Παντάνασσα Γάζι', 'EQZJP-834', -50.0, 74.9, '°C', 'Temperature');
INSERT INTO MEASUREMENT (DateTime, SensorID, MeasValue) VALUES (TO_DATE('09/05/18 12:48', 'DD/MM/YY HH24:MI'), 812249, 22.0);
INSERT INTO SENSOR (SerialNumber, CityPlaced, SensorModel, MinimValue, MaximValue, Unit, SensorType) VALUES (432038, 'Παντάνασσα Γάζι', 'ODODL-2243', 0, 100, '%', 'Humidity');
INSERT INTO MEASUREMENT (DateTime, SensorID, MeasValue) VALUES (TO_DATE('09/05/18 12:48', 'DD/MM/YY HH24:MI'), 432038, 76);
INSERT INTO SENSOR (SerialNumber, CityPlaced, SensorModel, MinimValue, MaximValue, Unit, SensorType) VALUES (49799, 'Παντάνασσα Γάζι', 'GQHJ-023', 737.0, 1075.9, 'hPa', 'Pressure');
INSERT INTO MEASUREMENT (DateTime, SensorID, MeasValue) VALUES (TO_DATE('09/05/18 12:48', 'DD/MM/YY HH24:MI'), 49799, 1005.2);
INSERT INTO SENSOR (SerialNumber, CityPlaced, SensorModel, MinimValue, MaximValue, Unit, SensorType) VALUES (23188, 'Παντάνασσα Γάζι', 'TZWG-4436', 0.0, 20.9, 'km/h', 'Wind');
INSERT INTO MEASUREMENT (DateTime, SensorID, MeasValue) VALUES (TO_DATE('09/05/18 12:48', 'DD/MM/YY HH24:MI'), 23188, 5.5);
INSERT INTO SENSOR (SerialNumber, CityPlaced, SensorModel, MinimValue, MaximValue, Unit, SensorType) VALUES (545376, 'Σταυράκια', 'BPIJZ-841', -60.0, 78.9, '°C', 'Temperature');
INSERT INTO MEASUREMENT (DateTime, SensorID, MeasValue) VALUES (TO_DATE('09/05/18 12:45', 'DD/MM/YY HH24:MI'), 545376, 23.0);
INSERT INTO SENSOR (SerialNumber, CityPlaced, SensorModel, MinimValue, MaximValue, Unit, SensorType) VALUES (907245, 'Σταυράκια', 'EEJMR-8563', 0, 100, '%', 'Humidity');
INSERT INTO MEASUREMENT (DateTime, SensorID, MeasValue) VALUES (TO_DATE('09/05/18 12:45', 'DD/MM/YY HH24:MI'), 907245, 65);
INSERT INTO SENSOR (SerialNumber, CityPlaced, SensorModel, MinimValue, MaximValue, Unit, SensorType) VALUES (49705, 'Σταυράκια', 'KIBP-569', 719.0, 1094.9, 'hPa', 'Pressure');
INSERT INTO MEASUREMENT (DateTime, SensorID, MeasValue) VALUES (TO_DATE('09/05/18 12:45', 'DD/MM/YY HH24:MI'), 49705, 1006.6);
INSERT INTO SENSOR (SerialNumber, CityPlaced, SensorModel, MinimValue, MaximValue, Unit, SensorType) VALUES (92405, 'Σταυράκια', 'RDVH-2094', 0.0, 25.9, 'km/h', 'Wind');
INSERT INTO MEASUREMENT (DateTime, SensorID, MeasValue) VALUES (TO_DATE('09/05/18 12:45', 'DD/MM/YY HH24:MI'), 92405, 11.0);
INSERT INTO SENSOR (SerialNumber, CityPlaced, SensorModel, MinimValue, MaximValue, Unit, SensorType) VALUES (822076, 'Ελούντα', 'UNQXC-640', -57.0, 67.9, '°C', 'Temperature');
INSERT INTO MEASUREMENT (DateTime, SensorID, MeasValue) VALUES (TO_DATE('09/05/18 12:48', 'DD/MM/YY HH24:MI'), 822076, 0.0);
INSERT INTO SENSOR (SerialNumber, CityPlaced, SensorModel, MinimValue, MaximValue, Unit, SensorType) VALUES (486366, 'Ελούντα', 'BUSJW-2606', 0, 100, '%', 'Humidity');
INSERT INTO MEASUREMENT (DateTime, SensorID, MeasValue) VALUES (TO_DATE('09/05/18 12:48', 'DD/MM/YY HH24:MI'), 486366, 0);
INSERT INTO SENSOR (SerialNumber, CityPlaced, SensorModel, MinimValue, MaximValue, Unit, SensorType) VALUES (66802, 'Ελούντα', 'HQVU-519', 734.0, 1072.9, 'hPa', 'Pressure');
INSERT INTO MEASUREMENT (DateTime, SensorID, MeasValue) VALUES (TO_DATE('09/05/18 12:48', 'DD/MM/YY HH24:MI'), 66802, 1007.6);
INSERT INTO SENSOR (SerialNumber, CityPlaced, SensorModel, MinimValue, MaximValue, Unit, SensorType) VALUES (96945, 'Ελούντα', 'UVYM-6338', 0.0, 22.9, 'km/h', 'Wind');
INSERT INTO MEASUREMENT (DateTime, SensorID, MeasValue) VALUES (TO_DATE('09/05/18 12:48', 'DD/MM/YY HH24:MI'), 96945, 3.4);
INSERT INTO SENSOR (SerialNumber, CityPlaced, SensorModel, MinimValue, MaximValue, Unit, SensorType) VALUES (316632, 'Ρούστικα', 'NWIZG-143', -54.0, 78.9, '°C', 'Temperature');
INSERT INTO MEASUREMENT (DateTime, SensorID, MeasValue) VALUES (TO_DATE('09/05/18 12:47', 'DD/MM/YY HH24:MI'), 316632, 24.9);
INSERT INTO SENSOR (SerialNumber, CityPlaced, SensorModel, MinimValue, MaximValue, Unit, SensorType) VALUES (510582, 'Ρούστικα', 'LGDPA-9690', 0, 100, '%', 'Humidity');
INSERT INTO MEASUREMENT (DateTime, SensorID, MeasValue) VALUES (TO_DATE('09/05/18 12:47', 'DD/MM/YY HH24:MI'), 510582, 51);
INSERT INTO SENSOR (SerialNumber, CityPlaced, SensorModel, MinimValue, MaximValue, Unit, SensorType) VALUES (24156, 'Ρούστικα', 'KLWE-663', 738.0, 1092.9, 'hPa', 'Pressure');
INSERT INTO MEASUREMENT (DateTime, SensorID, MeasValue) VALUES (TO_DATE('09/05/18 12:47', 'DD/MM/YY HH24:MI'), 24156, 1005.2);
INSERT INTO SENSOR (SerialNumber, CityPlaced, SensorModel, MinimValue, MaximValue, Unit, SensorType) VALUES (39490, 'Ρούστικα', 'KQGO-4952', 0.0, 25.9, 'km/h', 'Wind');
INSERT INTO MEASUREMENT (DateTime, SensorID, MeasValue) VALUES (TO_DATE('09/05/18 12:47', 'DD/MM/YY HH24:MI'), 39490, 3.2);
INSERT INTO SENSOR (SerialNumber, CityPlaced, SensorModel, MinimValue, MaximValue, Unit, SensorType) VALUES (593155, 'Κουντούρα', 'ZEIEV-404', -60.0, 80.9, '°C', 'Temperature');
INSERT INTO MEASUREMENT (DateTime, SensorID, MeasValue) VALUES (TO_DATE('09/05/18 12:41', 'DD/MM/YY HH24:MI'), 593155, 22.3);
INSERT INTO SENSOR (SerialNumber, CityPlaced, SensorModel, MinimValue, MaximValue, Unit, SensorType) VALUES (364013, 'Κουντούρα', 'ENXDR-6837', 0, 100, '%', 'Humidity');
INSERT INTO MEASUREMENT (DateTime, SensorID, MeasValue) VALUES (TO_DATE('09/05/18 12:41', 'DD/MM/YY HH24:MI'), 364013, 65);
INSERT INTO SENSOR (SerialNumber, CityPlaced, SensorModel, MinimValue, MaximValue, Unit, SensorType) VALUES (65904, 'Κουντούρα', 'VGDM-864', 748.0, 1064.9, 'hPa', 'Pressure');
INSERT INTO MEASUREMENT (DateTime, SensorID, MeasValue) VALUES (TO_DATE('09/05/18 12:41', 'DD/MM/YY HH24:MI'), 65904, 1008.9);
INSERT INTO SENSOR (SerialNumber, CityPlaced, SensorModel, MinimValue, MaximValue, Unit, SensorType) VALUES (65329, 'Κουντούρα', 'FEXL-2733', 0.0, 20.9, 'km/h', 'Wind');
INSERT INTO MEASUREMENT (DateTime, SensorID, MeasValue) VALUES (TO_DATE('09/05/18 12:41', 'DD/MM/YY HH24:MI'), 65329, 3.2);
INSERT INTO SENSOR (SerialNumber, CityPlaced, SensorModel, MinimValue, MaximValue, Unit, SensorType) VALUES (517957, 'Δράμα Νέα Αμισός  Δράμα', 'UYTQX-439', -53.0, 73.9, '°C', 'Temperature');
INSERT INTO MEASUREMENT (DateTime, SensorID, MeasValue) VALUES (TO_DATE('09/05/18 12:45', 'DD/MM/YY HH24:MI'), 517957, 25.6);
INSERT INTO SENSOR (SerialNumber, CityPlaced, SensorModel, MinimValue, MaximValue, Unit, SensorType) VALUES (995937, 'Δράμα Νέα Αμισός  Δράμα', 'JDZQU-0307', 0, 100, '%', 'Humidity');
INSERT INTO MEASUREMENT (DateTime, SensorID, MeasValue) VALUES (TO_DATE('09/05/18 12:45', 'DD/MM/YY HH24:MI'), 995937, 53);
INSERT INTO SENSOR (SerialNumber, CityPlaced, SensorModel, MinimValue, MaximValue, Unit, SensorType) VALUES (70019, 'Δράμα Νέα Αμισός  Δράμα', 'QDOA-139', 742.0, 1080.9, 'hPa', 'Pressure');
INSERT INTO MEASUREMENT (DateTime, SensorID, MeasValue) VALUES (TO_DATE('09/05/18 12:45', 'DD/MM/YY HH24:MI'), 70019, 1004.6);
INSERT INTO SENSOR (SerialNumber, CityPlaced, SensorModel, MinimValue, MaximValue, Unit, SensorType) VALUES (70307, 'Δράμα Νέα Αμισός  Δράμα', 'WXEG-0642', 0.0, 24.9, 'km/h', 'Wind');
INSERT INTO MEASUREMENT (DateTime, SensorID, MeasValue) VALUES (TO_DATE('09/05/18 12:45', 'DD/MM/YY HH24:MI'), 70307, 1.5);
INSERT INTO SENSOR (SerialNumber, CityPlaced, SensorModel, MinimValue, MaximValue, Unit, SensorType) VALUES (597400, 'Δράμα Αμπελόκηποι', 'TJFRF-830', -58.0, 72.9, '°C', 'Temperature');
INSERT INTO MEASUREMENT (DateTime, SensorID, MeasValue) VALUES (TO_DATE('09/05/18 12:48', 'DD/MM/YY HH24:MI'), 597400, 24.8);
INSERT INTO SENSOR (SerialNumber, CityPlaced, SensorModel, MinimValue, MaximValue, Unit, SensorType) VALUES (953603, 'Δράμα Αμπελόκηποι', 'LEVOG-2770', 0, 100, '%', 'Humidity');
INSERT INTO MEASUREMENT (DateTime, SensorID, MeasValue) VALUES (TO_DATE('09/05/18 12:48', 'DD/MM/YY HH24:MI'), 953603, 55);
INSERT INTO SENSOR (SerialNumber, CityPlaced, SensorModel, MinimValue, MaximValue, Unit, SensorType) VALUES (94885, 'Δράμα Αμπελόκηποι', 'TRBU-856', 729.0, 1092.9, 'hPa', 'Pressure');
INSERT INTO MEASUREMENT (DateTime, SensorID, MeasValue) VALUES (TO_DATE('09/05/18 12:48', 'DD/MM/YY HH24:MI'), 94885, 1004.2);
INSERT INTO SENSOR (SerialNumber, CityPlaced, SensorModel, MinimValue, MaximValue, Unit, SensorType) VALUES (90852, 'Δράμα Αμπελόκηποι', 'LDLH-6392', 0.0, 25.9, 'km/h', 'Wind');
INSERT INTO MEASUREMENT (DateTime, SensorID, MeasValue) VALUES (TO_DATE('09/05/18 12:48', 'DD/MM/YY HH24:MI'), 90852, 4.0);
INSERT INTO SENSOR (SerialNumber, CityPlaced, SensorModel, MinimValue, MaximValue, Unit, SensorType) VALUES (535508, 'Δράμα Κέντρο', 'QOXUM-841', -54.0, 80.9, '°C', 'Temperature');
INSERT INTO MEASUREMENT (DateTime, SensorID, MeasValue) VALUES (TO_DATE('09/05/18 12:46', 'DD/MM/YY HH24:MI'), 535508, 24.7);
INSERT INTO SENSOR (SerialNumber, CityPlaced, SensorModel, MinimValue, MaximValue, Unit, SensorType) VALUES (911190, 'Δράμα Κέντρο', 'MIFHQ-6002', 0, 100, '%', 'Humidity');
INSERT INTO MEASUREMENT (DateTime, SensorID, MeasValue) VALUES (TO_DATE('09/05/18 12:46', 'DD/MM/YY HH24:MI'), 911190, 55);
INSERT INTO SENSOR (SerialNumber, CityPlaced, SensorModel, MinimValue, MaximValue, Unit, SensorType) VALUES (93295, 'Δράμα Κέντρο', 'TISJ-655', 704.0, 1052.9, 'hPa', 'Pressure');
INSERT INTO MEASUREMENT (DateTime, SensorID, MeasValue) VALUES (TO_DATE('09/05/18 12:46', 'DD/MM/YY HH24:MI'), 93295, 1003.6);
INSERT INTO SENSOR (SerialNumber, CityPlaced, SensorModel, MinimValue, MaximValue, Unit, SensorType) VALUES (98101, 'Δράμα Κέντρο', 'LRAV-3675', 0.0, 22.9, 'km/h', 'Wind');
INSERT INTO MEASUREMENT (DateTime, SensorID, MeasValue) VALUES (TO_DATE('09/05/18 12:46', 'DD/MM/YY HH24:MI'), 98101, 6.2);
INSERT INTO SENSOR (SerialNumber, CityPlaced, SensorModel, MinimValue, MaximValue, Unit, SensorType) VALUES (678993, 'Καλαμώνας', 'NOXVZ-566', -54.0, 76.9, '°C', 'Temperature');
INSERT INTO MEASUREMENT (DateTime, SensorID, MeasValue) VALUES (TO_DATE('09/05/18 12:45', 'DD/MM/YY HH24:MI'), 678993, 26.9);
INSERT INTO SENSOR (SerialNumber, CityPlaced, SensorModel, MinimValue, MaximValue, Unit, SensorType) VALUES (311559, 'Καλαμώνας', 'UNBCE-1359', 0, 100, '%', 'Humidity');
INSERT INTO MEASUREMENT (DateTime, SensorID, MeasValue) VALUES (TO_DATE('09/05/18 12:45', 'DD/MM/YY HH24:MI'), 311559, 56);
INSERT INTO SENSOR (SerialNumber, CityPlaced, SensorModel, MinimValue, MaximValue, Unit, SensorType) VALUES (14336, 'Καλαμώνας', 'MPKC-943', 729.0, 1096.9, 'hPa', 'Pressure');
INSERT INTO MEASUREMENT (DateTime, SensorID, MeasValue) VALUES (TO_DATE('09/05/18 12:45', 'DD/MM/YY HH24:MI'), 14336, 1000.5);
INSERT INTO SENSOR (SerialNumber, CityPlaced, SensorModel, MinimValue, MaximValue, Unit, SensorType) VALUES (61379, 'Καλαμώνας', 'YIHS-2228', 0.0, 22.9, 'km/h', 'Wind');
INSERT INTO MEASUREMENT (DateTime, SensorID, MeasValue) VALUES (TO_DATE('09/05/18 12:45', 'DD/MM/YY HH24:MI'), 61379, 0.1);
INSERT INTO SENSOR (SerialNumber, CityPlaced, SensorModel, MinimValue, MaximValue, Unit, SensorType) VALUES (702222, 'Βέροια', 'SSLOZ-095', -54.0, 76.9, '°C', 'Temperature');
INSERT INTO MEASUREMENT (DateTime, SensorID, MeasValue) VALUES (TO_DATE('09/05/18 12:45', 'DD/MM/YY HH24:MI'), 702222, 24.4);
INSERT INTO SENSOR (SerialNumber, CityPlaced, SensorModel, MinimValue, MaximValue, Unit, SensorType) VALUES (849269, 'Βέροια', 'JOWSN-9676', 0, 100, '%', 'Humidity');
INSERT INTO MEASUREMENT (DateTime, SensorID, MeasValue) VALUES (TO_DATE('09/05/18 12:45', 'DD/MM/YY HH24:MI'), 849269, 57);
INSERT INTO SENSOR (SerialNumber, CityPlaced, SensorModel, MinimValue, MaximValue, Unit, SensorType) VALUES (25466, 'Βέροια', 'QMJH-3229', 0.0, 23.9, 'km/h', 'Wind');
INSERT INTO MEASUREMENT (DateTime, SensorID, MeasValue) VALUES (TO_DATE('09/05/18 12:45', 'DD/MM/YY HH24:MI'), 25466, 2.7);
INSERT INTO SENSOR (SerialNumber, CityPlaced, SensorModel, MinimValue, MaximValue, Unit, SensorType) VALUES (101757, 'Στενήμαχος', 'MHTNE-968', -56.0, 72.9, '°C', 'Temperature');
INSERT INTO MEASUREMENT (DateTime, SensorID, MeasValue) VALUES (TO_DATE('09/05/18 12:45', 'DD/MM/YY HH24:MI'), 101757, 23.5);
INSERT INTO SENSOR (SerialNumber, CityPlaced, SensorModel, MinimValue, MaximValue, Unit, SensorType) VALUES (998333, 'Στενήμαχος', 'EFFEQ-7783', 0, 100, '%', 'Humidity');
INSERT INTO MEASUREMENT (DateTime, SensorID, MeasValue) VALUES (TO_DATE('09/05/18 12:45', 'DD/MM/YY HH24:MI'), 998333, 49);
INSERT INTO SENSOR (SerialNumber, CityPlaced, SensorModel, MinimValue, MaximValue, Unit, SensorType) VALUES (11423, 'Στενήμαχος', 'BLER-372', 704.0, 1073.9, 'hPa', 'Pressure');
INSERT INTO MEASUREMENT (DateTime, SensorID, MeasValue) VALUES (TO_DATE('09/05/18 12:45', 'DD/MM/YY HH24:MI'), 11423, 1004.0);
INSERT INTO SENSOR (SerialNumber, CityPlaced, SensorModel, MinimValue, MaximValue, Unit, SensorType) VALUES (12958, 'Στενήμαχος', 'VHBY-8763', 0.0, 25.9, 'km/h', 'Wind');
INSERT INTO MEASUREMENT (DateTime, SensorID, MeasValue) VALUES (TO_DATE('09/05/18 12:45', 'DD/MM/YY HH24:MI'), 12958, 3.3);
INSERT INTO SENSOR (SerialNumber, CityPlaced, SensorModel, MinimValue, MaximValue, Unit, SensorType) VALUES (746889, 'Επταπύργιο', 'EPYLV-364', -59.0, 70.9, '°C', 'Temperature');
INSERT INTO MEASUREMENT (DateTime, SensorID, MeasValue) VALUES (TO_DATE('09/05/18 12:48', 'DD/MM/YY HH24:MI'), 746889, 26.1);
INSERT INTO SENSOR (SerialNumber, CityPlaced, SensorModel, MinimValue, MaximValue, Unit, SensorType) VALUES (808081, 'Επταπύργιο', 'BVDRJ-5291', 0, 100, '%', 'Humidity');
INSERT INTO MEASUREMENT (DateTime, SensorID, MeasValue) VALUES (TO_DATE('09/05/18 12:48', 'DD/MM/YY HH24:MI'), 808081, 59);
INSERT INTO SENSOR (SerialNumber, CityPlaced, SensorModel, MinimValue, MaximValue, Unit, SensorType) VALUES (94670, 'Επταπύργιο', 'OVFZ-905', 726.0, 1075.9, 'hPa', 'Pressure');
INSERT INTO MEASUREMENT (DateTime, SensorID, MeasValue) VALUES (TO_DATE('09/05/18 12:48', 'DD/MM/YY HH24:MI'), 94670, 1005.6);
INSERT INTO SENSOR (SerialNumber, CityPlaced, SensorModel, MinimValue, MaximValue, Unit, SensorType) VALUES (79924, 'Επταπύργιο', 'TBGV-9890', 0.0, 21.9, 'km/h', 'Wind');
INSERT INTO MEASUREMENT (DateTime, SensorID, MeasValue) VALUES (TO_DATE('09/05/18 12:48', 'DD/MM/YY HH24:MI'), 79924, 1.9);
INSERT INTO SENSOR (SerialNumber, CityPlaced, SensorModel, MinimValue, MaximValue, Unit, SensorType) VALUES (226616, 'Θεσσαλονίκη Ευκαρπία', 'QVKND-902', -53.0, 60.9, '°C', 'Temperature');
INSERT INTO MEASUREMENT (DateTime, SensorID, MeasValue) VALUES (TO_DATE('09/05/18 12:47', 'DD/MM/YY HH24:MI'), 226616, 27.2);
INSERT INTO SENSOR (SerialNumber, CityPlaced, SensorModel, MinimValue, MaximValue, Unit, SensorType) VALUES (220179, 'Θεσσαλονίκη Ευκαρπία', 'QXUYW-8367', 0, 100, '%', 'Humidity');
INSERT INTO MEASUREMENT (DateTime, SensorID, MeasValue) VALUES (TO_DATE('09/05/18 12:47', 'DD/MM/YY HH24:MI'), 220179, 48);
INSERT INTO SENSOR (SerialNumber, CityPlaced, SensorModel, MinimValue, MaximValue, Unit, SensorType) VALUES (96063, 'Θεσσαλονίκη Ευκαρπία', 'LCZT-413', 715.0, 1097.9, 'hPa', 'Pressure');
INSERT INTO MEASUREMENT (DateTime, SensorID, MeasValue) VALUES (TO_DATE('09/05/18 12:47', 'DD/MM/YY HH24:MI'), 96063, 1004.2);
INSERT INTO SENSOR (SerialNumber, CityPlaced, SensorModel, MinimValue, MaximValue, Unit, SensorType) VALUES (87152, 'Θεσσαλονίκη Ευκαρπία', 'XUWI-1020', 0.0, 25.9, 'km/h', 'Wind');
INSERT INTO MEASUREMENT (DateTime, SensorID, MeasValue) VALUES (TO_DATE('09/05/18 12:47', 'DD/MM/YY HH24:MI'), 87152, 2.5);
INSERT INTO SENSOR (SerialNumber, CityPlaced, SensorModel, MinimValue, MaximValue, Unit, SensorType) VALUES (129301, 'Ιωνία SV2BZQ', 'FKITS-019', -50.0, 74.9, '°C', 'Temperature');
INSERT INTO MEASUREMENT (DateTime, SensorID, MeasValue) VALUES (TO_DATE('09/05/18 12:47', 'DD/MM/YY HH24:MI'), 129301, 27.6);
INSERT INTO SENSOR (SerialNumber, CityPlaced, SensorModel, MinimValue, MaximValue, Unit, SensorType) VALUES (695015, 'Ιωνία SV2BZQ', 'GXRYE-9972', 0, 100, '%', 'Humidity');
INSERT INTO MEASUREMENT (DateTime, SensorID, MeasValue) VALUES (TO_DATE('09/05/18 12:47', 'DD/MM/YY HH24:MI'), 695015, 58);
INSERT INTO SENSOR (SerialNumber, CityPlaced, SensorModel, MinimValue, MaximValue, Unit, SensorType) VALUES (91259, 'Ιωνία SV2BZQ', 'OGJP-700', 720.0, 1083.9, 'hPa', 'Pressure');
INSERT INTO MEASUREMENT (DateTime, SensorID, MeasValue) VALUES (TO_DATE('09/05/18 12:47', 'DD/MM/YY HH24:MI'), 91259, 1003.3);
INSERT INTO SENSOR (SerialNumber, CityPlaced, SensorModel, MinimValue, MaximValue, Unit, SensorType) VALUES (78399, 'Ιωνία SV2BZQ', 'CQCS-1263', 0.0, 24.9, 'km/h', 'Wind');
INSERT INTO MEASUREMENT (DateTime, SensorID, MeasValue) VALUES (TO_DATE('09/05/18 12:47', 'DD/MM/YY HH24:MI'), 78399, 3.2);
INSERT INTO SENSOR (SerialNumber, CityPlaced, SensorModel, MinimValue, MaximValue, Unit, SensorType) VALUES (897738, 'Κάτω Πυλαία', 'YDKFS-259', -59.0, 75.9, '°C', 'Temperature');
INSERT INTO MEASUREMENT (DateTime, SensorID, MeasValue) VALUES (TO_DATE('09/05/18 12:45', 'DD/MM/YY HH24:MI'), 897738, 23.2);
INSERT INTO SENSOR (SerialNumber, CityPlaced, SensorModel, MinimValue, MaximValue, Unit, SensorType) VALUES (430384, 'Κάτω Πυλαία', 'MJSQF-9677', 0, 100, '%', 'Humidity');
INSERT INTO MEASUREMENT (DateTime, SensorID, MeasValue) VALUES (TO_DATE('09/05/18 12:45', 'DD/MM/YY HH24:MI'), 430384, 68);
INSERT INTO SENSOR (SerialNumber, CityPlaced, SensorModel, MinimValue, MaximValue, Unit, SensorType) VALUES (98697, 'Κάτω Πυλαία', 'VLAM-072', 736.0, 1078.9, 'hPa', 'Pressure');
INSERT INTO MEASUREMENT (DateTime, SensorID, MeasValue) VALUES (TO_DATE('09/05/18 12:45', 'DD/MM/YY HH24:MI'), 98697, 1004.9);
INSERT INTO SENSOR (SerialNumber, CityPlaced, SensorModel, MinimValue, MaximValue, Unit, SensorType) VALUES (61455, 'Κάτω Πυλαία', 'HESM-2424', 0.0, 22.9, 'km/h', 'Wind');
INSERT INTO MEASUREMENT (DateTime, SensorID, MeasValue) VALUES (TO_DATE('09/05/18 12:45', 'DD/MM/YY HH24:MI'), 61455, 7.3);
INSERT INTO SENSOR (SerialNumber, CityPlaced, SensorModel, MinimValue, MaximValue, Unit, SensorType) VALUES (363077, 'Καλαμαριά 2', 'FYWGN-128', -51.0, 63.9, '°C', 'Temperature');
INSERT INTO MEASUREMENT (DateTime, SensorID, MeasValue) VALUES (TO_DATE('09/05/18 12:39', 'DD/MM/YY HH24:MI'), 363077, 23.7);
INSERT INTO SENSOR (SerialNumber, CityPlaced, SensorModel, MinimValue, MaximValue, Unit, SensorType) VALUES (868574, 'Καλαμαριά 2', 'DEGHD-7687', 0, 100, '%', 'Humidity');
INSERT INTO MEASUREMENT (DateTime, SensorID, MeasValue) VALUES (TO_DATE('09/05/18 12:39', 'DD/MM/YY HH24:MI'), 868574, 59);
INSERT INTO SENSOR (SerialNumber, CityPlaced, SensorModel, MinimValue, MaximValue, Unit, SensorType) VALUES (63097, 'Καλαμαριά 2', 'OJQR-903', 707.0, 1096.9, 'hPa', 'Pressure');
INSERT INTO MEASUREMENT (DateTime, SensorID, MeasValue) VALUES (TO_DATE('09/05/18 12:39', 'DD/MM/YY HH24:MI'), 63097, 1004.5);
INSERT INTO SENSOR (SerialNumber, CityPlaced, SensorModel, MinimValue, MaximValue, Unit, SensorType) VALUES (35398, 'Καλαμαριά 2', 'EXOH-1919', 0.0, 21.9, 'km/h', 'Wind');
INSERT INTO MEASUREMENT (DateTime, SensorID, MeasValue) VALUES (TO_DATE('09/05/18 12:39', 'DD/MM/YY HH24:MI'), 35398, 4.5);
INSERT INTO SENSOR (SerialNumber, CityPlaced, SensorModel, MinimValue, MaximValue, Unit, SensorType) VALUES (963360, 'Καλαμαριά SV2BNL 2', 'GUWDB-218', -55.0, 77.9, '°C', 'Temperature');
INSERT INTO MEASUREMENT (DateTime, SensorID, MeasValue) VALUES (TO_DATE('09/05/18 12:45', 'DD/MM/YY HH24:MI'), 963360, 24.1);
INSERT INTO SENSOR (SerialNumber, CityPlaced, SensorModel, MinimValue, MaximValue, Unit, SensorType) VALUES (661337, 'Καλαμαριά SV2BNL 2', 'HCCWO-2785', 0, 100, '%', 'Humidity');
INSERT INTO MEASUREMENT (DateTime, SensorID, MeasValue) VALUES (TO_DATE('09/05/18 12:45', 'DD/MM/YY HH24:MI'), 661337, 53);
INSERT INTO SENSOR (SerialNumber, CityPlaced, SensorModel, MinimValue, MaximValue, Unit, SensorType) VALUES (13545, 'Καλαμαριά SV2BNL 2', 'WRRZ-161', 714.0, 1051.9, 'hPa', 'Pressure');
INSERT INTO MEASUREMENT (DateTime, SensorID, MeasValue) VALUES (TO_DATE('09/05/18 12:45', 'DD/MM/YY HH24:MI'), 13545, 1004.1);
INSERT INTO SENSOR (SerialNumber, CityPlaced, SensorModel, MinimValue, MaximValue, Unit, SensorType) VALUES (48099, 'Καλαμαριά SV2BNL 2', 'OUUO-7453', 0.0, 25.9, 'km/h', 'Wind');
INSERT INTO MEASUREMENT (DateTime, SensorID, MeasValue) VALUES (TO_DATE('09/05/18 12:45', 'DD/MM/YY HH24:MI'), 48099, 2.1);
INSERT INTO SENSOR (SerialNumber, CityPlaced, SensorModel, MinimValue, MaximValue, Unit, SensorType) VALUES (996019, 'Καρδία SV2HNE', 'MGDLR-754', -52.0, 70.9, '°C', 'Temperature');
INSERT INTO MEASUREMENT (DateTime, SensorID, MeasValue) VALUES (TO_DATE('09/05/18 12:44', 'DD/MM/YY HH24:MI'), 996019, 22.7);
INSERT INTO SENSOR (SerialNumber, CityPlaced, SensorModel, MinimValue, MaximValue, Unit, SensorType) VALUES (131626, 'Καρδία SV2HNE', 'TDNEF-3271', 0, 100, '%', 'Humidity');
INSERT INTO MEASUREMENT (DateTime, SensorID, MeasValue) VALUES (TO_DATE('09/05/18 12:44', 'DD/MM/YY HH24:MI'), 131626, 53);
INSERT INTO SENSOR (SerialNumber, CityPlaced, SensorModel, MinimValue, MaximValue, Unit, SensorType) VALUES (37611, 'Καρδία SV2HNE', 'TKGN-716', 727.0, 1053.9, 'hPa', 'Pressure');
INSERT INTO MEASUREMENT (DateTime, SensorID, MeasValue) VALUES (TO_DATE('09/05/18 12:44', 'DD/MM/YY HH24:MI'), 37611, 1005.0);
INSERT INTO SENSOR (SerialNumber, CityPlaced, SensorModel, MinimValue, MaximValue, Unit, SensorType) VALUES (48174, 'Καρδία SV2HNE', 'PBSY-1193', 0.0, 21.9, 'km/h', 'Wind');
INSERT INTO MEASUREMENT (DateTime, SensorID, MeasValue) VALUES (TO_DATE('09/05/18 12:44', 'DD/MM/YY HH24:MI'), 48174, 0.0);
INSERT INTO SENSOR (SerialNumber, CityPlaced, SensorModel, MinimValue, MaximValue, Unit, SensorType) VALUES (201872, 'Νέα Κρήνη', 'SQOHW-203', -60.0, 77.9, '°C', 'Temperature');
INSERT INTO MEASUREMENT (DateTime, SensorID, MeasValue) VALUES (TO_DATE('09/05/18 12:48', 'DD/MM/YY HH24:MI'), 201872, 23.2);
INSERT INTO SENSOR (SerialNumber, CityPlaced, SensorModel, MinimValue, MaximValue, Unit, SensorType) VALUES (788019, 'Νέα Κρήνη', 'GVPBZ-1411', 0, 100, '%', 'Humidity');
INSERT INTO MEASUREMENT (DateTime, SensorID, MeasValue) VALUES (TO_DATE('09/05/18 12:48', 'DD/MM/YY HH24:MI'), 788019, 73);
INSERT INTO SENSOR (SerialNumber, CityPlaced, SensorModel, MinimValue, MaximValue, Unit, SensorType) VALUES (66568, 'Νέα Κρήνη', 'VIWK-742', 724.0, 1069.9, 'hPa', 'Pressure');
INSERT INTO MEASUREMENT (DateTime, SensorID, MeasValue) VALUES (TO_DATE('09/05/18 12:48', 'DD/MM/YY HH24:MI'), 66568, 1005.3);
INSERT INTO SENSOR (SerialNumber, CityPlaced, SensorModel, MinimValue, MaximValue, Unit, SensorType) VALUES (41068, 'Νέα Κρήνη', 'LZUT-8835', 0.0, 23.9, 'km/h', 'Wind');
INSERT INTO MEASUREMENT (DateTime, SensorID, MeasValue) VALUES (TO_DATE('09/05/18 12:48', 'DD/MM/YY HH24:MI'), 41068, 0.0);
INSERT INTO SENSOR (SerialNumber, CityPlaced, SensorModel, MinimValue, MaximValue, Unit, SensorType) VALUES (839255, 'Πεντάλοφος SV2BZQ', 'XFDDR-737', -52.0, 68.9, '°C', 'Temperature');
INSERT INTO MEASUREMENT (DateTime, SensorID, MeasValue) VALUES (TO_DATE('09/05/18 12:41', 'DD/MM/YY HH24:MI'), 839255, 24.0);
INSERT INTO SENSOR (SerialNumber, CityPlaced, SensorModel, MinimValue, MaximValue, Unit, SensorType) VALUES (125165, 'Πεντάλοφος SV2BZQ', 'MUUDA-0071', 0, 100, '%', 'Humidity');
INSERT INTO MEASUREMENT (DateTime, SensorID, MeasValue) VALUES (TO_DATE('09/05/18 12:41', 'DD/MM/YY HH24:MI'), 125165, 59);
INSERT INTO SENSOR (SerialNumber, CityPlaced, SensorModel, MinimValue, MaximValue, Unit, SensorType) VALUES (11648, 'Πεντάλοφος SV2BZQ', 'GTZT-156', 740.0, 1068.9, 'hPa', 'Pressure');
INSERT INTO MEASUREMENT (DateTime, SensorID, MeasValue) VALUES (TO_DATE('09/05/18 12:41', 'DD/MM/YY HH24:MI'), 11648, 1004.4);
INSERT INTO SENSOR (SerialNumber, CityPlaced, SensorModel, MinimValue, MaximValue, Unit, SensorType) VALUES (30547, 'Πεντάλοφος SV2BZQ', 'PDTJ-5185', 0.0, 22.9, 'km/h', 'Wind');
INSERT INTO MEASUREMENT (DateTime, SensorID, MeasValue) VALUES (TO_DATE('09/05/18 12:41', 'DD/MM/YY HH24:MI'), 30547, 3.7);
INSERT INTO SENSOR (SerialNumber, CityPlaced, SensorModel, MinimValue, MaximValue, Unit, SensorType) VALUES (526925, 'Πυλαία SV2HUI', 'IHCEO-746', -50.0, 63.9, '°C', 'Temperature');
INSERT INTO MEASUREMENT (DateTime, SensorID, MeasValue) VALUES (TO_DATE('09/05/18 12:48', 'DD/MM/YY HH24:MI'), 526925, 23.7);
INSERT INTO SENSOR (SerialNumber, CityPlaced, SensorModel, MinimValue, MaximValue, Unit, SensorType) VALUES (310266, 'Πυλαία SV2HUI', 'UUUQY-0555', 0, 100, '%', 'Humidity');
INSERT INTO MEASUREMENT (DateTime, SensorID, MeasValue) VALUES (TO_DATE('09/05/18 12:48', 'DD/MM/YY HH24:MI'), 310266, 59);
INSERT INTO SENSOR (SerialNumber, CityPlaced, SensorModel, MinimValue, MaximValue, Unit, SensorType) VALUES (98467, 'Πυλαία SV2HUI', 'JDCN-222', 701.0, 1090.9, 'hPa', 'Pressure');
INSERT INTO MEASUREMENT (DateTime, SensorID, MeasValue) VALUES (TO_DATE('09/05/18 12:48', 'DD/MM/YY HH24:MI'), 98467, 1020.6);
INSERT INTO SENSOR (SerialNumber, CityPlaced, SensorModel, MinimValue, MaximValue, Unit, SensorType) VALUES (33265, 'Πυλαία SV2HUI', 'OJRN-7765', 0.0, 22.9, 'km/h', 'Wind');
INSERT INTO MEASUREMENT (DateTime, SensorID, MeasValue) VALUES (TO_DATE('09/05/18 12:48', 'DD/MM/YY HH24:MI'), 33265, 2.0);
INSERT INTO SENSOR (SerialNumber, CityPlaced, SensorModel, MinimValue, MaximValue, Unit, SensorType) VALUES (979724, 'Φίλυρο (Οικοισμος Γερακίνα)', 'WNANN-282', -55.0, 71.9, '°C', 'Temperature');
INSERT INTO MEASUREMENT (DateTime, SensorID, MeasValue) VALUES (TO_DATE('09/05/18 12:45', 'DD/MM/YY HH24:MI'), 979724, 21.6);
INSERT INTO SENSOR (SerialNumber, CityPlaced, SensorModel, MinimValue, MaximValue, Unit, SensorType) VALUES (711379, 'Φίλυρο (Οικοισμος Γερακίνα)', 'KLZRJ-7037', 0, 100, '%', 'Humidity');
INSERT INTO MEASUREMENT (DateTime, SensorID, MeasValue) VALUES (TO_DATE('09/05/18 12:45', 'DD/MM/YY HH24:MI'), 711379, 64);
INSERT INTO SENSOR (SerialNumber, CityPlaced, SensorModel, MinimValue, MaximValue, Unit, SensorType) VALUES (41699, 'Φίλυρο (Οικοισμος Γερακίνα)', 'VXMW-073', 703.0, 1053.9, 'hPa', 'Pressure');
INSERT INTO MEASUREMENT (DateTime, SensorID, MeasValue) VALUES (TO_DATE('09/05/18 12:45', 'DD/MM/YY HH24:MI'), 41699, 1004.3);
INSERT INTO SENSOR (SerialNumber, CityPlaced, SensorModel, MinimValue, MaximValue, Unit, SensorType) VALUES (46441, 'Φίλυρο (Οικοισμος Γερακίνα)', 'WRFI-2967', 0.0, 22.9, 'km/h', 'Wind');
INSERT INTO MEASUREMENT (DateTime, SensorID, MeasValue) VALUES (TO_DATE('09/05/18 12:45', 'DD/MM/YY HH24:MI'), 46441, 3.4);
INSERT INTO SENSOR (SerialNumber, CityPlaced, SensorModel, MinimValue, MaximValue, Unit, SensorType) VALUES (506165, 'Ωραιόκαστρο', 'NETZQ-340', -60.0, 80.9, '°C', 'Temperature');
INSERT INTO MEASUREMENT (DateTime, SensorID, MeasValue) VALUES (TO_DATE('09/05/18 12:48', 'DD/MM/YY HH24:MI'), 506165, 23.8);
INSERT INTO SENSOR (SerialNumber, CityPlaced, SensorModel, MinimValue, MaximValue, Unit, SensorType) VALUES (574114, 'Ωραιόκαστρο', 'KTNTH-6570', 0, 100, '%', 'Humidity');
INSERT INTO MEASUREMENT (DateTime, SensorID, MeasValue) VALUES (TO_DATE('09/05/18 12:48', 'DD/MM/YY HH24:MI'), 574114, 58);
INSERT INTO SENSOR (SerialNumber, CityPlaced, SensorModel, MinimValue, MaximValue, Unit, SensorType) VALUES (95946, 'Ωραιόκαστρο', 'RBAB-387', 707.0, 1096.9, 'hPa', 'Pressure');
INSERT INTO MEASUREMENT (DateTime, SensorID, MeasValue) VALUES (TO_DATE('09/05/18 12:48', 'DD/MM/YY HH24:MI'), 95946, 1004.7);
INSERT INTO SENSOR (SerialNumber, CityPlaced, SensorModel, MinimValue, MaximValue, Unit, SensorType) VALUES (68279, 'Ωραιόκαστρο', 'AVRZ-9362', 0.0, 20.9, 'km/h', 'Wind');
INSERT INTO MEASUREMENT (DateTime, SensorID, MeasValue) VALUES (TO_DATE('09/05/18 12:48', 'DD/MM/YY HH24:MI'), 68279, 0.3);
INSERT INTO SENSOR (SerialNumber, CityPlaced, SensorModel, MinimValue, MaximValue, Unit, SensorType) VALUES (719615, 'Βουνοχώρι', 'JPHJA-659', -50.0, 61.9, '°C', 'Temperature');
INSERT INTO MEASUREMENT (DateTime, SensorID, MeasValue) VALUES (TO_DATE('09/05/18 12:45', 'DD/MM/YY HH24:MI'), 719615, 21.4);
INSERT INTO SENSOR (SerialNumber, CityPlaced, SensorModel, MinimValue, MaximValue, Unit, SensorType) VALUES (858552, 'Βουνοχώρι', 'HBGLP-3857', 0, 100, '%', 'Humidity');
INSERT INTO MEASUREMENT (DateTime, SensorID, MeasValue) VALUES (TO_DATE('09/05/18 12:45', 'DD/MM/YY HH24:MI'), 858552, 62);
INSERT INTO SENSOR (SerialNumber, CityPlaced, SensorModel, MinimValue, MaximValue, Unit, SensorType) VALUES (10586, 'Βουνοχώρι', 'WKUU-398', 706.0, 1066.9, 'hPa', 'Pressure');
INSERT INTO MEASUREMENT (DateTime, SensorID, MeasValue) VALUES (TO_DATE('09/05/18 12:45', 'DD/MM/YY HH24:MI'), 10586, 1006.6);
INSERT INTO SENSOR (SerialNumber, CityPlaced, SensorModel, MinimValue, MaximValue, Unit, SensorType) VALUES (32003, 'Βουνοχώρι', 'LKRR-6354', 0.0, 24.9, 'km/h', 'Wind');
INSERT INTO MEASUREMENT (DateTime, SensorID, MeasValue) VALUES (TO_DATE('09/05/18 12:45', 'DD/MM/YY HH24:MI'), 32003, 4.1);
INSERT INTO SENSOR (SerialNumber, CityPlaced, SensorModel, MinimValue, MaximValue, Unit, SensorType) VALUES (275159, 'Ελευθερούπολη', 'JCRAU-338', -60.0, 68.9, '°C', 'Temperature');
INSERT INTO MEASUREMENT (DateTime, SensorID, MeasValue) VALUES (TO_DATE('09/05/18 12:46', 'DD/MM/YY HH24:MI'), 275159, 25.0);
INSERT INTO SENSOR (SerialNumber, CityPlaced, SensorModel, MinimValue, MaximValue, Unit, SensorType) VALUES (213522, 'Ελευθερούπολη', 'CZFPJ-2685', 0, 100, '%', 'Humidity');
INSERT INTO MEASUREMENT (DateTime, SensorID, MeasValue) VALUES (TO_DATE('09/05/18 12:46', 'DD/MM/YY HH24:MI'), 213522, 53);
INSERT INTO SENSOR (SerialNumber, CityPlaced, SensorModel, MinimValue, MaximValue, Unit, SensorType) VALUES (62100, 'Ελευθερούπολη', 'CJJL-293', 730.0, 1059.9, 'hPa', 'Pressure');
INSERT INTO MEASUREMENT (DateTime, SensorID, MeasValue) VALUES (TO_DATE('09/05/18 12:46', 'DD/MM/YY HH24:MI'), 62100, 1004.9);
INSERT INTO SENSOR (SerialNumber, CityPlaced, SensorModel, MinimValue, MaximValue, Unit, SensorType) VALUES (80073, 'Ελευθερούπολη', 'BXDR-4409', 0.0, 21.9, 'km/h', 'Wind');
INSERT INTO MEASUREMENT (DateTime, SensorID, MeasValue) VALUES (TO_DATE('09/05/18 12:46', 'DD/MM/YY HH24:MI'), 80073, 4.8);
INSERT INTO SENSOR (SerialNumber, CityPlaced, SensorModel, MinimValue, MaximValue, Unit, SensorType) VALUES (969905, 'Θάσος Λιμένας', 'IHFNU-629', -60.0, 80.9, '°C', 'Temperature');
INSERT INTO MEASUREMENT (DateTime, SensorID, MeasValue) VALUES (TO_DATE('09/05/18 12:40', 'DD/MM/YY HH24:MI'), 969905, 23.6);
INSERT INTO SENSOR (SerialNumber, CityPlaced, SensorModel, MinimValue, MaximValue, Unit, SensorType) VALUES (602789, 'Θάσος Λιμένας', 'UWGWD-7787', 0, 100, '%', 'Humidity');
INSERT INTO MEASUREMENT (DateTime, SensorID, MeasValue) VALUES (TO_DATE('09/05/18 12:40', 'DD/MM/YY HH24:MI'), 602789, 68);
INSERT INTO SENSOR (SerialNumber, CityPlaced, SensorModel, MinimValue, MaximValue, Unit, SensorType) VALUES (62088, 'Θάσος Λιμένας', 'SUHN-015', 709.0, 1098.9, 'hPa', 'Pressure');
INSERT INTO MEASUREMENT (DateTime, SensorID, MeasValue) VALUES (TO_DATE('09/05/18 12:40', 'DD/MM/YY HH24:MI'), 62088, 999.1);
INSERT INTO SENSOR (SerialNumber, CityPlaced, SensorModel, MinimValue, MaximValue, Unit, SensorType) VALUES (24815, 'Θάσος Λιμένας', 'YQEZ-8507', 0.0, 23.9, 'km/h', 'Wind');
INSERT INTO MEASUREMENT (DateTime, SensorID, MeasValue) VALUES (TO_DATE('09/05/18 12:40', 'DD/MM/YY HH24:MI'), 24815, 1.1);
INSERT INTO SENSOR (SerialNumber, CityPlaced, SensorModel, MinimValue, MaximValue, Unit, SensorType) VALUES (692626, 'Καβάλα', 'QVJVY-379', -59.0, 60.9, '°C', 'Temperature');
INSERT INTO MEASUREMENT (DateTime, SensorID, MeasValue) VALUES (TO_DATE('09/05/18 12:45', 'DD/MM/YY HH24:MI'), 692626, 22.0);
INSERT INTO SENSOR (SerialNumber, CityPlaced, SensorModel, MinimValue, MaximValue, Unit, SensorType) VALUES (451301, 'Καβάλα', 'CBENB-5567', 0, 100, '%', 'Humidity');
INSERT INTO MEASUREMENT (DateTime, SensorID, MeasValue) VALUES (TO_DATE('09/05/18 12:45', 'DD/MM/YY HH24:MI'), 451301, 71);
INSERT INTO SENSOR (SerialNumber, CityPlaced, SensorModel, MinimValue, MaximValue, Unit, SensorType) VALUES (83653, 'Καβάλα', 'ISOO-713', 735.0, 1057.9, 'hPa', 'Pressure');
INSERT INTO MEASUREMENT (DateTime, SensorID, MeasValue) VALUES (TO_DATE('09/05/18 12:45', 'DD/MM/YY HH24:MI'), 83653, 1006.0);
INSERT INTO SENSOR (SerialNumber, CityPlaced, SensorModel, MinimValue, MaximValue, Unit, SensorType) VALUES (23262, 'Καβάλα', 'OSDM-0529', 0.0, 23.9, 'km/h', 'Wind');
INSERT INTO MEASUREMENT (DateTime, SensorID, MeasValue) VALUES (TO_DATE('09/05/18 12:45', 'DD/MM/YY HH24:MI'), 23262, 4.7);
INSERT INTO SENSOR (SerialNumber, CityPlaced, SensorModel, MinimValue, MaximValue, Unit, SensorType) VALUES (627634, 'Παλαιοχώρι Παγγαίο', 'YMCBI-155', -54.0, 78.9, '°C', 'Temperature');
INSERT INTO MEASUREMENT (DateTime, SensorID, MeasValue) VALUES (TO_DATE('09/05/18 12:40', 'DD/MM/YY HH24:MI'), 627634, 25.8);
INSERT INTO SENSOR (SerialNumber, CityPlaced, SensorModel, MinimValue, MaximValue, Unit, SensorType) VALUES (490559, 'Παλαιοχώρι Παγγαίο', 'PNLVY-9138', 0, 100, '%', 'Humidity');
INSERT INTO MEASUREMENT (DateTime, SensorID, MeasValue) VALUES (TO_DATE('09/05/18 12:40', 'DD/MM/YY HH24:MI'), 490559, 60);
INSERT INTO SENSOR (SerialNumber, CityPlaced, SensorModel, MinimValue, MaximValue, Unit, SensorType) VALUES (30205, 'Παλαιοχώρι Παγγαίο', 'EHZG-263', 743.0, 1054.9, 'hPa', 'Pressure');
INSERT INTO MEASUREMENT (DateTime, SensorID, MeasValue) VALUES (TO_DATE('09/05/18 12:40', 'DD/MM/YY HH24:MI'), 30205, 1004.0);
INSERT INTO SENSOR (SerialNumber, CityPlaced, SensorModel, MinimValue, MaximValue, Unit, SensorType) VALUES (21862, 'Παλαιοχώρι Παγγαίο', 'LLDN-2013', 0.0, 23.9, 'km/h', 'Wind');
INSERT INTO MEASUREMENT (DateTime, SensorID, MeasValue) VALUES (TO_DATE('09/05/18 12:40', 'DD/MM/YY HH24:MI'), 21862, 0.0);
INSERT INTO SENSOR (SerialNumber, CityPlaced, SensorModel, MinimValue, MaximValue, Unit, SensorType) VALUES (392271, 'Βεγορίτιδα', 'RNYSI-375', -57.0, 65.9, '°C', 'Temperature');
INSERT INTO MEASUREMENT (DateTime, SensorID, MeasValue) VALUES (TO_DATE('09/05/18 12:37', 'DD/MM/YY HH24:MI'), 392271, 19.7);
INSERT INTO SENSOR (SerialNumber, CityPlaced, SensorModel, MinimValue, MaximValue, Unit, SensorType) VALUES (600574, 'Βεγορίτιδα', 'FAIUO-1938', 0, 100, '%', 'Humidity');
INSERT INTO MEASUREMENT (DateTime, SensorID, MeasValue) VALUES (TO_DATE('09/05/18 12:37', 'DD/MM/YY HH24:MI'), 600574, 74);
INSERT INTO SENSOR (SerialNumber, CityPlaced, SensorModel, MinimValue, MaximValue, Unit, SensorType) VALUES (63760, 'Βεγορίτιδα', 'DCWB-645', 703.0, 1051.9, 'hPa', 'Pressure');
INSERT INTO MEASUREMENT (DateTime, SensorID, MeasValue) VALUES (TO_DATE('09/05/18 12:37', 'DD/MM/YY HH24:MI'), 63760, 1006.5);
INSERT INTO SENSOR (SerialNumber, CityPlaced, SensorModel, MinimValue, MaximValue, Unit, SensorType) VALUES (79093, 'Βεγορίτιδα', 'NVDQ-9998', 0.0, 23.9, 'km/h', 'Wind');
INSERT INTO MEASUREMENT (DateTime, SensorID, MeasValue) VALUES (TO_DATE('09/05/18 12:37', 'DD/MM/YY HH24:MI'), 79093, 6.7);
INSERT INTO SENSOR (SerialNumber, CityPlaced, SensorModel, MinimValue, MaximValue, Unit, SensorType) VALUES (473586, 'Μακρύγιαλος SV2BZQ', 'XTWMG-828', -50.0, 66.9, '°C', 'Temperature');
INSERT INTO MEASUREMENT (DateTime, SensorID, MeasValue) VALUES (TO_DATE('09/05/18 12:42', 'DD/MM/YY HH24:MI'), 473586, 23.2);
INSERT INTO SENSOR (SerialNumber, CityPlaced, SensorModel, MinimValue, MaximValue, Unit, SensorType) VALUES (165453, 'Μακρύγιαλος SV2BZQ', 'TZYHJ-9136', 0, 100, '%', 'Humidity');
INSERT INTO MEASUREMENT (DateTime, SensorID, MeasValue) VALUES (TO_DATE('09/05/18 12:42', 'DD/MM/YY HH24:MI'), 165453, 69);
INSERT INTO SENSOR (SerialNumber, CityPlaced, SensorModel, MinimValue, MaximValue, Unit, SensorType) VALUES (45341, 'Μακρύγιαλος SV2BZQ', 'MQDG-742', 710.0, 1070.9, 'hPa', 'Pressure');
INSERT INTO MEASUREMENT (DateTime, SensorID, MeasValue) VALUES (TO_DATE('09/05/18 12:42', 'DD/MM/YY HH24:MI'), 45341, 1004.4);
INSERT INTO SENSOR (SerialNumber, CityPlaced, SensorModel, MinimValue, MaximValue, Unit, SensorType) VALUES (39700, 'Μακρύγιαλος SV2BZQ', 'RHNU-5117', 0.0, 24.9, 'km/h', 'Wind');
INSERT INTO MEASUREMENT (DateTime, SensorID, MeasValue) VALUES (TO_DATE('09/05/18 12:42', 'DD/MM/YY HH24:MI'), 39700, 3.7);
INSERT INTO SENSOR (SerialNumber, CityPlaced, SensorModel, MinimValue, MaximValue, Unit, SensorType) VALUES (973083, 'Ηράκλεια Σέρρες', 'FYMUK-122', -53.0, 65.9, '°C', 'Temperature');
INSERT INTO MEASUREMENT (DateTime, SensorID, MeasValue) VALUES (TO_DATE('09/05/18 12:15', 'DD/MM/YY HH24:MI'), 973083, 23.9);
INSERT INTO SENSOR (SerialNumber, CityPlaced, SensorModel, MinimValue, MaximValue, Unit, SensorType) VALUES (174754, 'Ηράκλεια Σέρρες', 'ZQTRD-4660', 0, 100, '%', 'Humidity');
INSERT INTO MEASUREMENT (DateTime, SensorID, MeasValue) VALUES (TO_DATE('09/05/18 12:15', 'DD/MM/YY HH24:MI'), 174754, 61);
INSERT INTO SENSOR (SerialNumber, CityPlaced, SensorModel, MinimValue, MaximValue, Unit, SensorType) VALUES (19606, 'Ηράκλεια Σέρρες', 'XWUY-218', 728.0, 1060.9, 'hPa', 'Pressure');
INSERT INTO MEASUREMENT (DateTime, SensorID, MeasValue) VALUES (TO_DATE('09/05/18 12:15', 'DD/MM/YY HH24:MI'), 19606, 1003.8);
INSERT INTO SENSOR (SerialNumber, CityPlaced, SensorModel, MinimValue, MaximValue, Unit, SensorType) VALUES (37744, 'Ηράκλεια Σέρρες', 'IUUM-4866', 0.0, 25.9, 'km/h', 'Wind');
INSERT INTO MEASUREMENT (DateTime, SensorID, MeasValue) VALUES (TO_DATE('09/05/18 12:15', 'DD/MM/YY HH24:MI'), 37744, 3.6);
INSERT INTO SENSOR (SerialNumber, CityPlaced, SensorModel, MinimValue, MaximValue, Unit, SensorType) VALUES (253045, 'Πρώτη', 'PVMMO-534', -57.0, 64.9, '°C', 'Temperature');
INSERT INTO MEASUREMENT (DateTime, SensorID, MeasValue) VALUES (TO_DATE('09/05/18 12:45', 'DD/MM/YY HH24:MI'), 253045, 23.3);
INSERT INTO SENSOR (SerialNumber, CityPlaced, SensorModel, MinimValue, MaximValue, Unit, SensorType) VALUES (991050, 'Πρώτη', 'OPQVC-0443', 0, 100, '%', 'Humidity');
INSERT INTO MEASUREMENT (DateTime, SensorID, MeasValue) VALUES (TO_DATE('09/05/18 12:45', 'DD/MM/YY HH24:MI'), 991050, 53);
INSERT INTO SENSOR (SerialNumber, CityPlaced, SensorModel, MinimValue, MaximValue, Unit, SensorType) VALUES (53934, 'Πρώτη', 'PUIG-865', 744.0, 1055.9, 'hPa', 'Pressure');
INSERT INTO MEASUREMENT (DateTime, SensorID, MeasValue) VALUES (TO_DATE('09/05/18 12:45', 'DD/MM/YY HH24:MI'), 53934, 1003.3);
INSERT INTO SENSOR (SerialNumber, CityPlaced, SensorModel, MinimValue, MaximValue, Unit, SensorType) VALUES (76074, 'Πρώτη', 'FCCO-4500', 0.0, 20.9, 'km/h', 'Wind');
INSERT INTO MEASUREMENT (DateTime, SensorID, MeasValue) VALUES (TO_DATE('09/05/18 12:45', 'DD/MM/YY HH24:MI'), 76074, 2.1);
INSERT INTO SENSOR (SerialNumber, CityPlaced, SensorModel, MinimValue, MaximValue, Unit, SensorType) VALUES (683371, 'Ροδολίβος', 'DCDWX-527', -50.0, 69.9, '°C', 'Temperature');
INSERT INTO MEASUREMENT (DateTime, SensorID, MeasValue) VALUES (TO_DATE('09/05/18 12:45', 'DD/MM/YY HH24:MI'), 683371, 21.1);
INSERT INTO SENSOR (SerialNumber, CityPlaced, SensorModel, MinimValue, MaximValue, Unit, SensorType) VALUES (795653, 'Ροδολίβος', 'FLKBE-9353', 0, 100, '%', 'Humidity');
INSERT INTO MEASUREMENT (DateTime, SensorID, MeasValue) VALUES (TO_DATE('09/05/18 12:45', 'DD/MM/YY HH24:MI'), 795653, 61);
INSERT INTO SENSOR (SerialNumber, CityPlaced, SensorModel, MinimValue, MaximValue, Unit, SensorType) VALUES (86666, 'Ροδολίβος', 'VQJA-168', 728.0, 1055.9, 'hPa', 'Pressure');
INSERT INTO MEASUREMENT (DateTime, SensorID, MeasValue) VALUES (TO_DATE('09/05/18 12:45', 'DD/MM/YY HH24:MI'), 86666, 1006.0);
INSERT INTO SENSOR (SerialNumber, CityPlaced, SensorModel, MinimValue, MaximValue, Unit, SensorType) VALUES (64179, 'Ροδολίβος', 'DCSV-5993', 0.0, 20.9, 'km/h', 'Wind');
INSERT INTO MEASUREMENT (DateTime, SensorID, MeasValue) VALUES (TO_DATE('09/05/18 12:45', 'DD/MM/YY HH24:MI'), 64179, 2.2);
INSERT INTO SENSOR (SerialNumber, CityPlaced, SensorModel, MinimValue, MaximValue, Unit, SensorType) VALUES (988225, 'Χρυσοχώραφα Σέρρες', 'YRPVA-861', -60.0, 71.9, '°C', 'Temperature');
INSERT INTO MEASUREMENT (DateTime, SensorID, MeasValue) VALUES (TO_DATE('09/05/18 12:45', 'DD/MM/YY HH24:MI'), 988225, 24.6);
INSERT INTO SENSOR (SerialNumber, CityPlaced, SensorModel, MinimValue, MaximValue, Unit, SensorType) VALUES (250526, 'Χρυσοχώραφα Σέρρες', 'UVDXT-5514', 0, 100, '%', 'Humidity');
INSERT INTO MEASUREMENT (DateTime, SensorID, MeasValue) VALUES (TO_DATE('09/05/18 12:45', 'DD/MM/YY HH24:MI'), 250526, 63);
INSERT INTO SENSOR (SerialNumber, CityPlaced, SensorModel, MinimValue, MaximValue, Unit, SensorType) VALUES (75853, 'Χρυσοχώραφα Σέρρες', 'UXPL-408', 713.0, 1090.9, 'hPa', 'Pressure');
INSERT INTO MEASUREMENT (DateTime, SensorID, MeasValue) VALUES (TO_DATE('09/05/18 12:45', 'DD/MM/YY HH24:MI'), 75853, 1003.5);
INSERT INTO SENSOR (SerialNumber, CityPlaced, SensorModel, MinimValue, MaximValue, Unit, SensorType) VALUES (52393, 'Χρυσοχώραφα Σέρρες', 'UYEK-5983', 0.0, 22.9, 'km/h', 'Wind');
INSERT INTO MEASUREMENT (DateTime, SensorID, MeasValue) VALUES (TO_DATE('09/05/18 12:45', 'DD/MM/YY HH24:MI'), 52393, 1.5);
INSERT INTO SENSOR (SerialNumber, CityPlaced, SensorModel, MinimValue, MaximValue, Unit, SensorType) VALUES (190528, 'Nέα Μουδανιά', 'HBPQL-910', -53.0, 67.9, '°C', 'Temperature');
INSERT INTO MEASUREMENT (DateTime, SensorID, MeasValue) VALUES (TO_DATE('09/05/18 12:48', 'DD/MM/YY HH24:MI'), 190528, 22.3);
INSERT INTO SENSOR (SerialNumber, CityPlaced, SensorModel, MinimValue, MaximValue, Unit, SensorType) VALUES (560841, 'Nέα Μουδανιά', 'XLPVR-3787', 0, 100, '%', 'Humidity');
INSERT INTO MEASUREMENT (DateTime, SensorID, MeasValue) VALUES (TO_DATE('09/05/18 12:48', 'DD/MM/YY HH24:MI'), 560841, 74);
INSERT INTO SENSOR (SerialNumber, CityPlaced, SensorModel, MinimValue, MaximValue, Unit, SensorType) VALUES (31569, 'Nέα Μουδανιά', 'WTUU-855', 732.0, 1052.9, 'hPa', 'Pressure');
INSERT INTO MEASUREMENT (DateTime, SensorID, MeasValue) VALUES (TO_DATE('09/05/18 12:48', 'DD/MM/YY HH24:MI'), 31569, 1004.7);
INSERT INTO SENSOR (SerialNumber, CityPlaced, SensorModel, MinimValue, MaximValue, Unit, SensorType) VALUES (91714, 'Nέα Μουδανιά', 'YKVO-5345', 0.0, 23.9, 'km/h', 'Wind');
INSERT INTO MEASUREMENT (DateTime, SensorID, MeasValue) VALUES (TO_DATE('09/05/18 12:48', 'DD/MM/YY HH24:MI'), 91714, 4.1);
INSERT INTO SENSOR (SerialNumber, CityPlaced, SensorModel, MinimValue, MaximValue, Unit, SensorType) VALUES (768708, 'Άγιος Νικόλαος', 'ICZHN-604', -55.0, 75.9, '°C', 'Temperature');
INSERT INTO MEASUREMENT (DateTime, SensorID, MeasValue) VALUES (TO_DATE('09/05/18 12:45', 'DD/MM/YY HH24:MI'), 768708, 23.6);
INSERT INTO SENSOR (SerialNumber, CityPlaced, SensorModel, MinimValue, MaximValue, Unit, SensorType) VALUES (557798, 'Άγιος Νικόλαος', 'HZRIS-9416', 0, 100, '%', 'Humidity');
INSERT INTO MEASUREMENT (DateTime, SensorID, MeasValue) VALUES (TO_DATE('09/05/18 12:45', 'DD/MM/YY HH24:MI'), 557798, 54);
INSERT INTO SENSOR (SerialNumber, CityPlaced, SensorModel, MinimValue, MaximValue, Unit, SensorType) VALUES (16744, 'Άγιος Νικόλαος', 'YNHY-296', 715.0, 1087.9, 'hPa', 'Pressure');
INSERT INTO MEASUREMENT (DateTime, SensorID, MeasValue) VALUES (TO_DATE('09/05/18 12:45', 'DD/MM/YY HH24:MI'), 16744, 1005.8);
INSERT INTO SENSOR (SerialNumber, CityPlaced, SensorModel, MinimValue, MaximValue, Unit, SensorType) VALUES (24185, 'Άγιος Νικόλαος', 'ADME-3291', 0.0, 22.9, 'km/h', 'Wind');
INSERT INTO MEASUREMENT (DateTime, SensorID, MeasValue) VALUES (TO_DATE('09/05/18 12:45', 'DD/MM/YY HH24:MI'), 24185, 8.4);
INSERT INTO SENSOR (SerialNumber, CityPlaced, SensorModel, MinimValue, MaximValue, Unit, SensorType) VALUES (918124, 'Νέα Ηράκλεια', 'OIVGK-256', -58.0, 69.9, '°C', 'Temperature');
INSERT INTO MEASUREMENT (DateTime, SensorID, MeasValue) VALUES (TO_DATE('09/05/18 12:45', 'DD/MM/YY HH24:MI'), 918124, 22.8);
INSERT INTO SENSOR (SerialNumber, CityPlaced, SensorModel, MinimValue, MaximValue, Unit, SensorType) VALUES (146017, 'Νέα Ηράκλεια', 'XMUGZ-3878', 0, 100, '%', 'Humidity');
INSERT INTO MEASUREMENT (DateTime, SensorID, MeasValue) VALUES (TO_DATE('09/05/18 12:45', 'DD/MM/YY HH24:MI'), 146017, 81);
INSERT INTO SENSOR (SerialNumber, CityPlaced, SensorModel, MinimValue, MaximValue, Unit, SensorType) VALUES (42648, 'Νέα Ηράκλεια', 'KMWX-164', 706.0, 1086.9, 'hPa', 'Pressure');
INSERT INTO MEASUREMENT (DateTime, SensorID, MeasValue) VALUES (TO_DATE('09/05/18 12:45', 'DD/MM/YY HH24:MI'), 42648, 1003.1);
INSERT INTO SENSOR (SerialNumber, CityPlaced, SensorModel, MinimValue, MaximValue, Unit, SensorType) VALUES (93720, 'Νέα Ηράκλεια', 'IRIR-7082', 0.0, 24.9, 'km/h', 'Wind');
INSERT INTO MEASUREMENT (DateTime, SensorID, MeasValue) VALUES (TO_DATE('09/05/18 12:45', 'DD/MM/YY HH24:MI'), 93720, 3.4);
INSERT INTO SENSOR (SerialNumber, CityPlaced, SensorModel, MinimValue, MaximValue, Unit, SensorType) VALUES (276529, 'Δρέπανο Ναύπλιο', 'TNTLI-572', -59.0, 68.9, '°C', 'Temperature');
INSERT INTO MEASUREMENT (DateTime, SensorID, MeasValue) VALUES (TO_DATE('09/05/18 12:40', 'DD/MM/YY HH24:MI'), 276529, 22.9);
INSERT INTO SENSOR (SerialNumber, CityPlaced, SensorModel, MinimValue, MaximValue, Unit, SensorType) VALUES (393840, 'Δρέπανο Ναύπλιο', 'AMQQJ-4977', 0, 100, '%', 'Humidity');
INSERT INTO MEASUREMENT (DateTime, SensorID, MeasValue) VALUES (TO_DATE('09/05/18 12:40', 'DD/MM/YY HH24:MI'), 393840, 71);
INSERT INTO SENSOR (SerialNumber, CityPlaced, SensorModel, MinimValue, MaximValue, Unit, SensorType) VALUES (85346, 'Δρέπανο Ναύπλιο', 'ABGV-412', 719.0, 1089.9, 'hPa', 'Pressure');
INSERT INTO MEASUREMENT (DateTime, SensorID, MeasValue) VALUES (TO_DATE('09/05/18 12:40', 'DD/MM/YY HH24:MI'), 85346, 1005.0);
INSERT INTO SENSOR (SerialNumber, CityPlaced, SensorModel, MinimValue, MaximValue, Unit, SensorType) VALUES (80259, 'Δρέπανο Ναύπλιο', 'ZCDX-4880', 0.0, 25.9, 'km/h', 'Wind');
INSERT INTO MEASUREMENT (DateTime, SensorID, MeasValue) VALUES (TO_DATE('09/05/18 12:40', 'DD/MM/YY HH24:MI'), 80259, 6.8);
INSERT INTO SENSOR (SerialNumber, CityPlaced, SensorModel, MinimValue, MaximValue, Unit, SensorType) VALUES (614002, 'Ναύπλιο', 'PPICP-189', -56.0, 79.9, '°C', 'Temperature');
INSERT INTO MEASUREMENT (DateTime, SensorID, MeasValue) VALUES (TO_DATE('09/05/18 12:45', 'DD/MM/YY HH24:MI'), 614002, 24.9);
INSERT INTO SENSOR (SerialNumber, CityPlaced, SensorModel, MinimValue, MaximValue, Unit, SensorType) VALUES (432644, 'Ναύπλιο', 'TGOHN-2980', 0, 100, '%', 'Humidity');
INSERT INTO MEASUREMENT (DateTime, SensorID, MeasValue) VALUES (TO_DATE('09/05/18 12:45', 'DD/MM/YY HH24:MI'), 432644, 50);
INSERT INTO SENSOR (SerialNumber, CityPlaced, SensorModel, MinimValue, MaximValue, Unit, SensorType) VALUES (52648, 'Ναύπλιο', 'TQMQ-841', 749.0, 1077.9, 'hPa', 'Pressure');
INSERT INTO MEASUREMENT (DateTime, SensorID, MeasValue) VALUES (TO_DATE('09/05/18 12:45', 'DD/MM/YY HH24:MI'), 52648, 1005.6);
INSERT INTO SENSOR (SerialNumber, CityPlaced, SensorModel, MinimValue, MaximValue, Unit, SensorType) VALUES (93711, 'Ναύπλιο', 'QPIE-0768', 0.0, 21.9, 'km/h', 'Wind');
INSERT INTO MEASUREMENT (DateTime, SensorID, MeasValue) VALUES (TO_DATE('09/05/18 12:45', 'DD/MM/YY HH24:MI'), 93711, 10.6);
INSERT INTO SENSOR (SerialNumber, CityPlaced, SensorModel, MinimValue, MaximValue, Unit, SensorType) VALUES (621368, 'Νεοχώρι Φαλαισία Β. Ταΰγετος', 'CWAAM-468', -55.0, 65.9, '°C', 'Temperature');
INSERT INTO MEASUREMENT (DateTime, SensorID, MeasValue) VALUES (TO_DATE('09/05/18 12:45', 'DD/MM/YY HH24:MI'), 621368, 18.3);
INSERT INTO SENSOR (SerialNumber, CityPlaced, SensorModel, MinimValue, MaximValue, Unit, SensorType) VALUES (618519, 'Νεοχώρι Φαλαισία Β. Ταΰγετος', 'FZBWM-5680', 0, 100, '%', 'Humidity');
INSERT INTO MEASUREMENT (DateTime, SensorID, MeasValue) VALUES (TO_DATE('09/05/18 12:45', 'DD/MM/YY HH24:MI'), 618519, 49);
INSERT INTO SENSOR (SerialNumber, CityPlaced, SensorModel, MinimValue, MaximValue, Unit, SensorType) VALUES (56576, 'Νεοχώρι Φαλαισία Β. Ταΰγετος', 'QQLR-940', 702.0, 1068.9, 'hPa', 'Pressure');
INSERT INTO MEASUREMENT (DateTime, SensorID, MeasValue) VALUES (TO_DATE('09/05/18 12:45', 'DD/MM/YY HH24:MI'), 56576, 1006.2);
INSERT INTO SENSOR (SerialNumber, CityPlaced, SensorModel, MinimValue, MaximValue, Unit, SensorType) VALUES (34517, 'Νεοχώρι Φαλαισία Β. Ταΰγετος', 'FZSU-1723', 0.0, 24.9, 'km/h', 'Wind');
INSERT INTO MEASUREMENT (DateTime, SensorID, MeasValue) VALUES (TO_DATE('09/05/18 12:45', 'DD/MM/YY HH24:MI'), 34517, 6.4);
INSERT INTO SENSOR (SerialNumber, CityPlaced, SensorModel, MinimValue, MaximValue, Unit, SensorType) VALUES (740027, 'Ακράτα Συλιβαινιώτικα', 'OUDTY-397', -58.0, 73.9, '°C', 'Temperature');
INSERT INTO MEASUREMENT (DateTime, SensorID, MeasValue) VALUES (TO_DATE('09/05/18 12:45', 'DD/MM/YY HH24:MI'), 740027, 22.2);
INSERT INTO SENSOR (SerialNumber, CityPlaced, SensorModel, MinimValue, MaximValue, Unit, SensorType) VALUES (277359, 'Ακράτα Συλιβαινιώτικα', 'KWDYH-4778', 0, 100, '%', 'Humidity');
INSERT INTO MEASUREMENT (DateTime, SensorID, MeasValue) VALUES (TO_DATE('09/05/18 12:45', 'DD/MM/YY HH24:MI'), 277359, 74);
INSERT INTO SENSOR (SerialNumber, CityPlaced, SensorModel, MinimValue, MaximValue, Unit, SensorType) VALUES (85393, 'Ακράτα Συλιβαινιώτικα', 'PHGJ-477', 713.0, 1093.9, 'hPa', 'Pressure');
INSERT INTO MEASUREMENT (DateTime, SensorID, MeasValue) VALUES (TO_DATE('09/05/18 12:45', 'DD/MM/YY HH24:MI'), 85393, 1005.5);
INSERT INTO SENSOR (SerialNumber, CityPlaced, SensorModel, MinimValue, MaximValue, Unit, SensorType) VALUES (52123, 'Ακράτα Συλιβαινιώτικα', 'WXJP-6883', 0.0, 23.9, 'km/h', 'Wind');
INSERT INTO MEASUREMENT (DateTime, SensorID, MeasValue) VALUES (TO_DATE('09/05/18 12:45', 'DD/MM/YY HH24:MI'), 52123, 8.1);
INSERT INTO SENSOR (SerialNumber, CityPlaced, SensorModel, MinimValue, MaximValue, Unit, SensorType) VALUES (130861, 'Κάτω Βλασία', 'FOXZH-181', -60.0, 66.9, '°C', 'Temperature');
INSERT INTO MEASUREMENT (DateTime, SensorID, MeasValue) VALUES (TO_DATE('09/05/18 12:44', 'DD/MM/YY HH24:MI'), 130861, 17.3);
INSERT INTO SENSOR (SerialNumber, CityPlaced, SensorModel, MinimValue, MaximValue, Unit, SensorType) VALUES (674945, 'Κάτω Βλασία', 'IACCO-5963', 0, 100, '%', 'Humidity');
INSERT INTO MEASUREMENT (DateTime, SensorID, MeasValue) VALUES (TO_DATE('09/05/18 12:44', 'DD/MM/YY HH24:MI'), 674945, 80);
INSERT INTO SENSOR (SerialNumber, CityPlaced, SensorModel, MinimValue, MaximValue, Unit, SensorType) VALUES (70621, 'Κάτω Βλασία', 'EFYH-469', 705.0, 1054.9, 'hPa', 'Pressure');
INSERT INTO MEASUREMENT (DateTime, SensorID, MeasValue) VALUES (TO_DATE('09/05/18 12:44', 'DD/MM/YY HH24:MI'), 70621, 1006.6);
INSERT INTO SENSOR (SerialNumber, CityPlaced, SensorModel, MinimValue, MaximValue, Unit, SensorType) VALUES (12580, 'Κάτω Βλασία', 'PMLT-9405', 0.0, 25.9, 'km/h', 'Wind');
INSERT INTO MEASUREMENT (DateTime, SensorID, MeasValue) VALUES (TO_DATE('09/05/18 12:44', 'DD/MM/YY HH24:MI'), 12580, 5.1);
INSERT INTO SENSOR (SerialNumber, CityPlaced, SensorModel, MinimValue, MaximValue, Unit, SensorType) VALUES (719582, 'Πάτρα Αγιά', 'BTHUU-301', -57.0, 71.9, '°C', 'Temperature');
INSERT INTO MEASUREMENT (DateTime, SensorID, MeasValue) VALUES (TO_DATE('09/05/18 12:45', 'DD/MM/YY HH24:MI'), 719582, 21.4);
INSERT INTO SENSOR (SerialNumber, CityPlaced, SensorModel, MinimValue, MaximValue, Unit, SensorType) VALUES (873267, 'Πάτρα Αγιά', 'RHNMY-0626', 0, 100, '%', 'Humidity');
INSERT INTO MEASUREMENT (DateTime, SensorID, MeasValue) VALUES (TO_DATE('09/05/18 12:45', 'DD/MM/YY HH24:MI'), 873267, 78);
INSERT INTO SENSOR (SerialNumber, CityPlaced, SensorModel, MinimValue, MaximValue, Unit, SensorType) VALUES (74909, 'Πάτρα Αγιά', 'WVLK-902', 700.0, 1086.9, 'hPa', 'Pressure');
INSERT INTO MEASUREMENT (DateTime, SensorID, MeasValue) VALUES (TO_DATE('09/05/18 12:45', 'DD/MM/YY HH24:MI'), 74909, 1006.0);
INSERT INTO SENSOR (SerialNumber, CityPlaced, SensorModel, MinimValue, MaximValue, Unit, SensorType) VALUES (20759, 'Πάτρα Αγιά', 'NNSP-1586', 0.0, 24.9, 'km/h', 'Wind');
INSERT INTO MEASUREMENT (DateTime, SensorID, MeasValue) VALUES (TO_DATE('09/05/18 12:45', 'DD/MM/YY HH24:MI'), 20759, 8.9);
INSERT INTO SENSOR (SerialNumber, CityPlaced, SensorModel, MinimValue, MaximValue, Unit, SensorType) VALUES (713411, 'Πάτρα Κετχ', 'ABGEO-892', -60.0, 78.9, '°C', 'Temperature');
INSERT INTO MEASUREMENT (DateTime, SensorID, MeasValue) VALUES (TO_DATE('09/05/18 12:45', 'DD/MM/YY HH24:MI'), 713411, 22.2);
INSERT INTO SENSOR (SerialNumber, CityPlaced, SensorModel, MinimValue, MaximValue, Unit, SensorType) VALUES (443267, 'Πάτρα Κετχ', 'KDPQV-2029', 0, 100, '%', 'Humidity');
INSERT INTO MEASUREMENT (DateTime, SensorID, MeasValue) VALUES (TO_DATE('09/05/18 12:45', 'DD/MM/YY HH24:MI'), 443267, 66);
INSERT INTO SENSOR (SerialNumber, CityPlaced, SensorModel, MinimValue, MaximValue, Unit, SensorType) VALUES (52138, 'Πάτρα Κετχ', 'YRJP-800', 708.0, 1078.9, 'hPa', 'Pressure');
INSERT INTO MEASUREMENT (DateTime, SensorID, MeasValue) VALUES (TO_DATE('09/05/18 12:45', 'DD/MM/YY HH24:MI'), 52138, 1006.1);
INSERT INTO SENSOR (SerialNumber, CityPlaced, SensorModel, MinimValue, MaximValue, Unit, SensorType) VALUES (73386, 'Πάτρα Κετχ', 'EHHV-2593', 0.0, 22.9, 'km/h', 'Wind');
INSERT INTO MEASUREMENT (DateTime, SensorID, MeasValue) VALUES (TO_DATE('09/05/18 12:45', 'DD/MM/YY HH24:MI'), 73386, 3.8);
INSERT INTO SENSOR (SerialNumber, CityPlaced, SensorModel, MinimValue, MaximValue, Unit, SensorType) VALUES (918147, 'Ρίο Καστελόκαμπος', 'MFIYV-534', -52.0, 66.9, '°C', 'Temperature');
INSERT INTO MEASUREMENT (DateTime, SensorID, MeasValue) VALUES (TO_DATE('09/05/18 12:45', 'DD/MM/YY HH24:MI'), 918147, 22.3);
INSERT INTO SENSOR (SerialNumber, CityPlaced, SensorModel, MinimValue, MaximValue, Unit, SensorType) VALUES (661695, 'Ρίο Καστελόκαμπος', 'UNFZE-0864', 0, 100, '%', 'Humidity');
INSERT INTO MEASUREMENT (DateTime, SensorID, MeasValue) VALUES (TO_DATE('09/05/18 12:45', 'DD/MM/YY HH24:MI'), 661695, 70);
INSERT INTO SENSOR (SerialNumber, CityPlaced, SensorModel, MinimValue, MaximValue, Unit, SensorType) VALUES (82132, 'Ρίο Καστελόκαμπος', 'AFJY-863', 745.0, 1061.9, 'hPa', 'Pressure');
INSERT INTO MEASUREMENT (DateTime, SensorID, MeasValue) VALUES (TO_DATE('09/05/18 12:45', 'DD/MM/YY HH24:MI'), 82132, 1006.8);
INSERT INTO SENSOR (SerialNumber, CityPlaced, SensorModel, MinimValue, MaximValue, Unit, SensorType) VALUES (51359, 'Ρίο Καστελόκαμπος', 'JUSW-7552', 0.0, 23.9, 'km/h', 'Wind');
INSERT INTO MEASUREMENT (DateTime, SensorID, MeasValue) VALUES (TO_DATE('09/05/18 12:45', 'DD/MM/YY HH24:MI'), 51359, 7.0);
INSERT INTO SENSOR (SerialNumber, CityPlaced, SensorModel, MinimValue, MaximValue, Unit, SensorType) VALUES (934833, 'Καπελέτο Βάρδας', 'HVPHB-989', -54.0, 77.9, '°C', 'Temperature');
INSERT INTO MEASUREMENT (DateTime, SensorID, MeasValue) VALUES (TO_DATE('09/05/18 12:45', 'DD/MM/YY HH24:MI'), 934833, 22.6);
INSERT INTO SENSOR (SerialNumber, CityPlaced, SensorModel, MinimValue, MaximValue, Unit, SensorType) VALUES (756394, 'Καπελέτο Βάρδας', 'XJOZT-3434', 0, 100, '%', 'Humidity');
INSERT INTO MEASUREMENT (DateTime, SensorID, MeasValue) VALUES (TO_DATE('09/05/18 12:45', 'DD/MM/YY HH24:MI'), 756394, 74);
INSERT INTO SENSOR (SerialNumber, CityPlaced, SensorModel, MinimValue, MaximValue, Unit, SensorType) VALUES (82337, 'Καπελέτο Βάρδας', 'QIUC-052', 705.0, 1067.9, 'hPa', 'Pressure');
INSERT INTO MEASUREMENT (DateTime, SensorID, MeasValue) VALUES (TO_DATE('09/05/18 12:45', 'DD/MM/YY HH24:MI'), 82337, 1005.7);
INSERT INTO SENSOR (SerialNumber, CityPlaced, SensorModel, MinimValue, MaximValue, Unit, SensorType) VALUES (27981, 'Καπελέτο Βάρδας', 'VMXH-8367', 0.0, 25.9, 'km/h', 'Wind');
INSERT INTO MEASUREMENT (DateTime, SensorID, MeasValue) VALUES (TO_DATE('09/05/18 12:45', 'DD/MM/YY HH24:MI'), 27981, 6.2);
INSERT INTO SENSOR (SerialNumber, CityPlaced, SensorModel, MinimValue, MaximValue, Unit, SensorType) VALUES (267143, 'Πύργος Νεάπολη', 'IHKEN-975', -60.0, 66.9, '°C', 'Temperature');
INSERT INTO MEASUREMENT (DateTime, SensorID, MeasValue) VALUES (TO_DATE('09/05/18 12:48', 'DD/MM/YY HH24:MI'), 267143, 23.6);
INSERT INTO SENSOR (SerialNumber, CityPlaced, SensorModel, MinimValue, MaximValue, Unit, SensorType) VALUES (741856, 'Πύργος Νεάπολη', 'ZSGOO-7282', 0, 100, '%', 'Humidity');
INSERT INTO MEASUREMENT (DateTime, SensorID, MeasValue) VALUES (TO_DATE('09/05/18 12:48', 'DD/MM/YY HH24:MI'), 741856, 68);
INSERT INTO SENSOR (SerialNumber, CityPlaced, SensorModel, MinimValue, MaximValue, Unit, SensorType) VALUES (87996, 'Πύργος Νεάπολη', 'PCEK-940', 707.0, 1090.9, 'hPa', 'Pressure');
INSERT INTO MEASUREMENT (DateTime, SensorID, MeasValue) VALUES (TO_DATE('09/05/18 12:48', 'DD/MM/YY HH24:MI'), 87996, 1006.4);
INSERT INTO SENSOR (SerialNumber, CityPlaced, SensorModel, MinimValue, MaximValue, Unit, SensorType) VALUES (25541, 'Πύργος Νεάπολη', 'YGHA-7333', 0.0, 21.9, 'km/h', 'Wind');
INSERT INTO MEASUREMENT (DateTime, SensorID, MeasValue) VALUES (TO_DATE('09/05/18 12:48', 'DD/MM/YY HH24:MI'), 25541, 1.3);
INSERT INTO SENSOR (SerialNumber, CityPlaced, SensorModel, MinimValue, MaximValue, Unit, SensorType) VALUES (321220, 'Πύργος', 'PUTCJ-578', -53.0, 61.9, '°C', 'Temperature');
INSERT INTO MEASUREMENT (DateTime, SensorID, MeasValue) VALUES (TO_DATE('09/05/18 12:46', 'DD/MM/YY HH24:MI'), 321220, 23.2);
INSERT INTO SENSOR (SerialNumber, CityPlaced, SensorModel, MinimValue, MaximValue, Unit, SensorType) VALUES (754426, 'Πύργος', 'VJVQR-4258', 0, 100, '%', 'Humidity');
INSERT INTO MEASUREMENT (DateTime, SensorID, MeasValue) VALUES (TO_DATE('09/05/18 12:46', 'DD/MM/YY HH24:MI'), 754426, 66);
INSERT INTO SENSOR (SerialNumber, CityPlaced, SensorModel, MinimValue, MaximValue, Unit, SensorType) VALUES (57888, 'Πύργος', 'FZGX-895', 710.0, 1075.9, 'hPa', 'Pressure');
INSERT INTO MEASUREMENT (DateTime, SensorID, MeasValue) VALUES (TO_DATE('09/05/18 12:46', 'DD/MM/YY HH24:MI'), 57888, 1005.8);
INSERT INTO SENSOR (SerialNumber, CityPlaced, SensorModel, MinimValue, MaximValue, Unit, SensorType) VALUES (85192, 'Πύργος', 'DAFP-5558', 0.0, 23.9, 'km/h', 'Wind');
INSERT INTO MEASUREMENT (DateTime, SensorID, MeasValue) VALUES (TO_DATE('09/05/18 12:46', 'DD/MM/YY HH24:MI'), 85192, 6.7);
INSERT INTO SENSOR (SerialNumber, CityPlaced, SensorModel, MinimValue, MaximValue, Unit, SensorType) VALUES (256973, 'Δερβένι', 'PJMNM-990', -55.0, 60.9, '°C', 'Temperature');
INSERT INTO MEASUREMENT (DateTime, SensorID, MeasValue) VALUES (TO_DATE('09/05/18 12:35', 'DD/MM/YY HH24:MI'), 256973, 21.8);
INSERT INTO SENSOR (SerialNumber, CityPlaced, SensorModel, MinimValue, MaximValue, Unit, SensorType) VALUES (801936, 'Δερβένι', 'MMQWQ-0550', 0, 100, '%', 'Humidity');
INSERT INTO MEASUREMENT (DateTime, SensorID, MeasValue) VALUES (TO_DATE('09/05/18 12:35', 'DD/MM/YY HH24:MI'), 801936, 71);
INSERT INTO SENSOR (SerialNumber, CityPlaced, SensorModel, MinimValue, MaximValue, Unit, SensorType) VALUES (47267, 'Δερβένι', 'SPEV-921', 704.0, 1086.9, 'hPa', 'Pressure');
INSERT INTO MEASUREMENT (DateTime, SensorID, MeasValue) VALUES (TO_DATE('09/05/18 12:35', 'DD/MM/YY HH24:MI'), 47267, 1004.7);
INSERT INTO SENSOR (SerialNumber, CityPlaced, SensorModel, MinimValue, MaximValue, Unit, SensorType) VALUES (72661, 'Δερβένι', 'MCEX-0623', 0.0, 21.9, 'km/h', 'Wind');
INSERT INTO MEASUREMENT (DateTime, SensorID, MeasValue) VALUES (TO_DATE('09/05/18 12:35', 'DD/MM/YY HH24:MI'), 72661, 1.3);
INSERT INTO SENSOR (SerialNumber, CityPlaced, SensorModel, MinimValue, MaximValue, Unit, SensorType) VALUES (132191, 'Καίσαρι - Ζήρια', 'EZTCD-530', -57.0, 70.9, '°C', 'Temperature');
INSERT INTO MEASUREMENT (DateTime, SensorID, MeasValue) VALUES (TO_DATE('09/05/18 12:48', 'DD/MM/YY HH24:MI'), 132191, 22.8);
INSERT INTO SENSOR (SerialNumber, CityPlaced, SensorModel, MinimValue, MaximValue, Unit, SensorType) VALUES (843748, 'Καίσαρι - Ζήρια', 'JYBKX-0617', 0, 100, '%', 'Humidity');
INSERT INTO MEASUREMENT (DateTime, SensorID, MeasValue) VALUES (TO_DATE('09/05/18 12:48', 'DD/MM/YY HH24:MI'), 843748, 50);
INSERT INTO SENSOR (SerialNumber, CityPlaced, SensorModel, MinimValue, MaximValue, Unit, SensorType) VALUES (24568, 'Καίσαρι - Ζήρια', 'HPAD-239', 725.0, 1095.9, 'hPa', 'Pressure');
INSERT INTO MEASUREMENT (DateTime, SensorID, MeasValue) VALUES (TO_DATE('09/05/18 12:48', 'DD/MM/YY HH24:MI'), 24568, 1008.4);
INSERT INTO SENSOR (SerialNumber, CityPlaced, SensorModel, MinimValue, MaximValue, Unit, SensorType) VALUES (68470, 'Καίσαρι - Ζήρια', 'GVVZ-4045', 0.0, 20.9, 'km/h', 'Wind');
INSERT INTO MEASUREMENT (DateTime, SensorID, MeasValue) VALUES (TO_DATE('09/05/18 12:48', 'DD/MM/YY HH24:MI'), 68470, 4.8);
INSERT INTO SENSOR (SerialNumber, CityPlaced, SensorModel, MinimValue, MaximValue, Unit, SensorType) VALUES (166406, 'Κόρινθος', 'QQJVI-910', -60.0, 77.9, '°C', 'Temperature');
INSERT INTO MEASUREMENT (DateTime, SensorID, MeasValue) VALUES (TO_DATE('09/05/18 12:47', 'DD/MM/YY HH24:MI'), 166406, 23.2);
INSERT INTO SENSOR (SerialNumber, CityPlaced, SensorModel, MinimValue, MaximValue, Unit, SensorType) VALUES (626989, 'Κόρινθος', 'ZKYVW-7109', 0, 100, '%', 'Humidity');
INSERT INTO MEASUREMENT (DateTime, SensorID, MeasValue) VALUES (TO_DATE('09/05/18 12:47', 'DD/MM/YY HH24:MI'), 626989, 70);
INSERT INTO SENSOR (SerialNumber, CityPlaced, SensorModel, MinimValue, MaximValue, Unit, SensorType) VALUES (33666, 'Κόρινθος', 'CPVB-592', 733.0, 1092.9, 'hPa', 'Pressure');
INSERT INTO MEASUREMENT (DateTime, SensorID, MeasValue) VALUES (TO_DATE('09/05/18 12:47', 'DD/MM/YY HH24:MI'), 33666, 1002.8);
INSERT INTO SENSOR (SerialNumber, CityPlaced, SensorModel, MinimValue, MaximValue, Unit, SensorType) VALUES (47182, 'Κόρινθος', 'DDEI-7975', 0.0, 23.9, 'km/h', 'Wind');
INSERT INTO MEASUREMENT (DateTime, SensorID, MeasValue) VALUES (TO_DATE('09/05/18 12:47', 'DD/MM/YY HH24:MI'), 47182, 0.0);
INSERT INTO SENSOR (SerialNumber, CityPlaced, SensorModel, MinimValue, MaximValue, Unit, SensorType) VALUES (457188, 'Λαλιώτη', 'YZZLU-583', -52.0, 80.9, '°C', 'Temperature');
INSERT INTO MEASUREMENT (DateTime, SensorID, MeasValue) VALUES (TO_DATE('09/05/18 12:48', 'DD/MM/YY HH24:MI'), 457188, 21.4);
INSERT INTO SENSOR (SerialNumber, CityPlaced, SensorModel, MinimValue, MaximValue, Unit, SensorType) VALUES (786735, 'Λαλιώτη', 'KXMGR-1094', 0, 100, '%', 'Humidity');
INSERT INTO MEASUREMENT (DateTime, SensorID, MeasValue) VALUES (TO_DATE('09/05/18 12:48', 'DD/MM/YY HH24:MI'), 786735, 70);
INSERT INTO SENSOR (SerialNumber, CityPlaced, SensorModel, MinimValue, MaximValue, Unit, SensorType) VALUES (59611, 'Λαλιώτη', 'GTIF-999', 712.0, 1065.9, 'hPa', 'Pressure');
INSERT INTO MEASUREMENT (DateTime, SensorID, MeasValue) VALUES (TO_DATE('09/05/18 12:48', 'DD/MM/YY HH24:MI'), 59611, 1005.2);
INSERT INTO SENSOR (SerialNumber, CityPlaced, SensorModel, MinimValue, MaximValue, Unit, SensorType) VALUES (83249, 'Λαλιώτη', 'XWLO-2548', 0.0, 24.9, 'km/h', 'Wind');
INSERT INTO MEASUREMENT (DateTime, SensorID, MeasValue) VALUES (TO_DATE('09/05/18 12:48', 'DD/MM/YY HH24:MI'), 83249, 4.0);
INSERT INTO SENSOR (SerialNumber, CityPlaced, SensorModel, MinimValue, MaximValue, Unit, SensorType) VALUES (714537, 'Συκιά', 'JVNXP-271', -55.0, 63.9, '°C', 'Temperature');
INSERT INTO MEASUREMENT (DateTime, SensorID, MeasValue) VALUES (TO_DATE('09/05/18 12:45', 'DD/MM/YY HH24:MI'), 714537, 20.3);
INSERT INTO SENSOR (SerialNumber, CityPlaced, SensorModel, MinimValue, MaximValue, Unit, SensorType) VALUES (623274, 'Συκιά', 'ZDZOG-6338', 0, 100, '%', 'Humidity');
INSERT INTO MEASUREMENT (DateTime, SensorID, MeasValue) VALUES (TO_DATE('09/05/18 12:45', 'DD/MM/YY HH24:MI'), 623274, 74);
INSERT INTO SENSOR (SerialNumber, CityPlaced, SensorModel, MinimValue, MaximValue, Unit, SensorType) VALUES (99939, 'Συκιά', 'TUGA-362', 737.0, 1085.9, 'hPa', 'Pressure');
INSERT INTO MEASUREMENT (DateTime, SensorID, MeasValue) VALUES (TO_DATE('09/05/18 12:45', 'DD/MM/YY HH24:MI'), 99939, 1005.0);
INSERT INTO SENSOR (SerialNumber, CityPlaced, SensorModel, MinimValue, MaximValue, Unit, SensorType) VALUES (78674, 'Συκιά', 'WQEF-9630', 0.0, 21.9, 'km/h', 'Wind');
INSERT INTO MEASUREMENT (DateTime, SensorID, MeasValue) VALUES (TO_DATE('09/05/18 12:45', 'DD/MM/YY HH24:MI'), 78674, 2.7);
INSERT INTO SENSOR (SerialNumber, CityPlaced, SensorModel, MinimValue, MaximValue, Unit, SensorType) VALUES (365878, 'Γεράκι', 'SFMVX-161', -59.0, 67.9, '°C', 'Temperature');
INSERT INTO MEASUREMENT (DateTime, SensorID, MeasValue) VALUES (TO_DATE('09/05/18 12:38', 'DD/MM/YY HH24:MI'), 365878, 22.8);
INSERT INTO SENSOR (SerialNumber, CityPlaced, SensorModel, MinimValue, MaximValue, Unit, SensorType) VALUES (197623, 'Γεράκι', 'FXCML-5674', 0, 100, '%', 'Humidity');
INSERT INTO MEASUREMENT (DateTime, SensorID, MeasValue) VALUES (TO_DATE('09/05/18 12:38', 'DD/MM/YY HH24:MI'), 197623, 53);
INSERT INTO SENSOR (SerialNumber, CityPlaced, SensorModel, MinimValue, MaximValue, Unit, SensorType) VALUES (38159, 'Γεράκι', 'IWWJ-505', 719.0, 1092.9, 'hPa', 'Pressure');
INSERT INTO MEASUREMENT (DateTime, SensorID, MeasValue) VALUES (TO_DATE('09/05/18 12:38', 'DD/MM/YY HH24:MI'), 38159, 1007.9);
INSERT INTO SENSOR (SerialNumber, CityPlaced, SensorModel, MinimValue, MaximValue, Unit, SensorType) VALUES (16603, 'Γεράκι', 'WOCL-2656', 0.0, 23.9, 'km/h', 'Wind');
INSERT INTO MEASUREMENT (DateTime, SensorID, MeasValue) VALUES (TO_DATE('09/05/18 12:38', 'DD/MM/YY HH24:MI'), 16603, 9.9);
INSERT INTO SENSOR (SerialNumber, CityPlaced, SensorModel, MinimValue, MaximValue, Unit, SensorType) VALUES (817001, 'Βελανιδιά Κρεμμύδια', 'XGRAC-883', -53.0, 76.9, '°C', 'Temperature');
INSERT INTO MEASUREMENT (DateTime, SensorID, MeasValue) VALUES (TO_DATE('09/05/18 12:44', 'DD/MM/YY HH24:MI'), 817001, 22.9);
INSERT INTO SENSOR (SerialNumber, CityPlaced, SensorModel, MinimValue, MaximValue, Unit, SensorType) VALUES (482342, 'Βελανιδιά Κρεμμύδια', 'LQNJG-6566', 0, 100, '%', 'Humidity');
INSERT INTO MEASUREMENT (DateTime, SensorID, MeasValue) VALUES (TO_DATE('09/05/18 12:44', 'DD/MM/YY HH24:MI'), 482342, 72);
INSERT INTO SENSOR (SerialNumber, CityPlaced, SensorModel, MinimValue, MaximValue, Unit, SensorType) VALUES (78044, 'Βελανιδιά Κρεμμύδια', 'ICLF-295', 700.0, 1073.9, 'hPa', 'Pressure');
INSERT INTO MEASUREMENT (DateTime, SensorID, MeasValue) VALUES (TO_DATE('09/05/18 12:44', 'DD/MM/YY HH24:MI'), 78044, 1004.3);
INSERT INTO SENSOR (SerialNumber, CityPlaced, SensorModel, MinimValue, MaximValue, Unit, SensorType) VALUES (97527, 'Βελανιδιά Κρεμμύδια', 'BXKA-4662', 0.0, 25.9, 'km/h', 'Wind');
INSERT INTO MEASUREMENT (DateTime, SensorID, MeasValue) VALUES (TO_DATE('09/05/18 12:44', 'DD/MM/YY HH24:MI'), 97527, 2.4);
INSERT INTO SENSOR (SerialNumber, CityPlaced, SensorModel, MinimValue, MaximValue, Unit, SensorType) VALUES (679091, 'Καλαμάτα Κέντρο', 'AAMAA-022', -54.0, 69.9, '°C', 'Temperature');
INSERT INTO MEASUREMENT (DateTime, SensorID, MeasValue) VALUES (TO_DATE('09/05/18 12:41', 'DD/MM/YY HH24:MI'), 679091, 23.1);
INSERT INTO SENSOR (SerialNumber, CityPlaced, SensorModel, MinimValue, MaximValue, Unit, SensorType) VALUES (723967, 'Καλαμάτα Κέντρο', 'LBXQX-9317', 0, 100, '%', 'Humidity');
INSERT INTO MEASUREMENT (DateTime, SensorID, MeasValue) VALUES (TO_DATE('09/05/18 12:41', 'DD/MM/YY HH24:MI'), 723967, 63);
INSERT INTO SENSOR (SerialNumber, CityPlaced, SensorModel, MinimValue, MaximValue, Unit, SensorType) VALUES (79948, 'Καλαμάτα Κέντρο', 'NYLK-323', 707.0, 1100.9, 'hPa', 'Pressure');
INSERT INTO MEASUREMENT (DateTime, SensorID, MeasValue) VALUES (TO_DATE('09/05/18 12:41', 'DD/MM/YY HH24:MI'), 79948, 1005.1);
INSERT INTO SENSOR (SerialNumber, CityPlaced, SensorModel, MinimValue, MaximValue, Unit, SensorType) VALUES (48405, 'Καλαμάτα Κέντρο', 'SQCP-0082', 0.0, 20.9, 'km/h', 'Wind');
INSERT INTO MEASUREMENT (DateTime, SensorID, MeasValue) VALUES (TO_DATE('09/05/18 12:41', 'DD/MM/YY HH24:MI'), 48405, 5.1);
INSERT INTO SENSOR (SerialNumber, CityPlaced, SensorModel, MinimValue, MaximValue, Unit, SensorType) VALUES (105285, 'Κορομηλιά', 'RDKPP-081', -54.0, 75.9, '°C', 'Temperature');
INSERT INTO MEASUREMENT (DateTime, SensorID, MeasValue) VALUES (TO_DATE('09/05/18 12:45', 'DD/MM/YY HH24:MI'), 105285, 20.8);
INSERT INTO SENSOR (SerialNumber, CityPlaced, SensorModel, MinimValue, MaximValue, Unit, SensorType) VALUES (620720, 'Κορομηλιά', 'LGUOS-2411', 0, 100, '%', 'Humidity');
INSERT INTO MEASUREMENT (DateTime, SensorID, MeasValue) VALUES (TO_DATE('09/05/18 12:45', 'DD/MM/YY HH24:MI'), 620720, 66);
INSERT INTO SENSOR (SerialNumber, CityPlaced, SensorModel, MinimValue, MaximValue, Unit, SensorType) VALUES (48736, 'Κορομηλιά', 'MUMU-764', 727.0, 1082.9, 'hPa', 'Pressure');
INSERT INTO MEASUREMENT (DateTime, SensorID, MeasValue) VALUES (TO_DATE('09/05/18 12:45', 'DD/MM/YY HH24:MI'), 48736, 1007.4);
INSERT INTO SENSOR (SerialNumber, CityPlaced, SensorModel, MinimValue, MaximValue, Unit, SensorType) VALUES (62280, 'Κορομηλιά', 'FFYJ-8152', 0.0, 23.9, 'km/h', 'Wind');
INSERT INTO MEASUREMENT (DateTime, SensorID, MeasValue) VALUES (TO_DATE('09/05/18 12:45', 'DD/MM/YY HH24:MI'), 62280, 2.1);
INSERT INTO SENSOR (SerialNumber, CityPlaced, SensorModel, MinimValue, MaximValue, Unit, SensorType) VALUES (771273, 'Μάνεσης', 'FOFNS-441', -54.0, 65.9, '°C', 'Temperature');
INSERT INTO MEASUREMENT (DateTime, SensorID, MeasValue) VALUES (TO_DATE('09/05/18 12:40', 'DD/MM/YY HH24:MI'), 771273, 23.4);
INSERT INTO SENSOR (SerialNumber, CityPlaced, SensorModel, MinimValue, MaximValue, Unit, SensorType) VALUES (982261, 'Μάνεσης', 'CAOWM-5487', 0, 100, '%', 'Humidity');
INSERT INTO MEASUREMENT (DateTime, SensorID, MeasValue) VALUES (TO_DATE('09/05/18 12:40', 'DD/MM/YY HH24:MI'), 982261, 65);
INSERT INTO SENSOR (SerialNumber, CityPlaced, SensorModel, MinimValue, MaximValue, Unit, SensorType) VALUES (52361, 'Μάνεσης', 'MNEI-064', 745.0, 1069.9, 'hPa', 'Pressure');
INSERT INTO MEASUREMENT (DateTime, SensorID, MeasValue) VALUES (TO_DATE('09/05/18 12:40', 'DD/MM/YY HH24:MI'), 52361, 1006.8);
INSERT INTO SENSOR (SerialNumber, CityPlaced, SensorModel, MinimValue, MaximValue, Unit, SensorType) VALUES (36568, 'Μάνεσης', 'DACA-7922', 0.0, 22.9, 'km/h', 'Wind');
INSERT INTO MEASUREMENT (DateTime, SensorID, MeasValue) VALUES (TO_DATE('09/05/18 12:40', 'DD/MM/YY HH24:MI'), 36568, 4.0);
INSERT INTO SENSOR (SerialNumber, CityPlaced, SensorModel, MinimValue, MaximValue, Unit, SensorType) VALUES (101570, 'Νέδουσα Ταϋγέτου', 'POLZY-674', -59.0, 61.9, '°C', 'Temperature');
INSERT INTO MEASUREMENT (DateTime, SensorID, MeasValue) VALUES (TO_DATE('09/05/18 12:44', 'DD/MM/YY HH24:MI'), 101570, 20.9);
INSERT INTO SENSOR (SerialNumber, CityPlaced, SensorModel, MinimValue, MaximValue, Unit, SensorType) VALUES (175980, 'Νέδουσα Ταϋγέτου', 'FVOOP-0404', 0, 100, '%', 'Humidity');
INSERT INTO MEASUREMENT (DateTime, SensorID, MeasValue) VALUES (TO_DATE('09/05/18 12:44', 'DD/MM/YY HH24:MI'), 175980, 55);
INSERT INTO SENSOR (SerialNumber, CityPlaced, SensorModel, MinimValue, MaximValue, Unit, SensorType) VALUES (42738, 'Νέδουσα Ταϋγέτου', 'ESAU-871', 742.0, 1055.9, 'hPa', 'Pressure');
INSERT INTO MEASUREMENT (DateTime, SensorID, MeasValue) VALUES (TO_DATE('09/05/18 12:44', 'DD/MM/YY HH24:MI'), 42738, 1007.1);
INSERT INTO SENSOR (SerialNumber, CityPlaced, SensorModel, MinimValue, MaximValue, Unit, SensorType) VALUES (21900, 'Νέδουσα Ταϋγέτου', 'RHQQ-9557', 0.0, 21.9, 'km/h', 'Wind');
INSERT INTO MEASUREMENT (DateTime, SensorID, MeasValue) VALUES (TO_DATE('09/05/18 12:44', 'DD/MM/YY HH24:MI'), 21900, 4.8);
INSERT INTO SENSOR (SerialNumber, CityPlaced, SensorModel, MinimValue, MaximValue, Unit, SensorType) VALUES (627342, 'Φοινικούντα', 'PUYCA-209', -57.0, 80.9, '°C', 'Temperature');
INSERT INTO MEASUREMENT (DateTime, SensorID, MeasValue) VALUES (TO_DATE('09/05/18 12:48', 'DD/MM/YY HH24:MI'), 627342, 22.2);
INSERT INTO SENSOR (SerialNumber, CityPlaced, SensorModel, MinimValue, MaximValue, Unit, SensorType) VALUES (631294, 'Φοινικούντα', 'FTYRG-6317', 0, 100, '%', 'Humidity');
INSERT INTO MEASUREMENT (DateTime, SensorID, MeasValue) VALUES (TO_DATE('09/05/18 12:48', 'DD/MM/YY HH24:MI'), 631294, 75);
INSERT INTO SENSOR (SerialNumber, CityPlaced, SensorModel, MinimValue, MaximValue, Unit, SensorType) VALUES (64231, 'Φοινικούντα', 'HZBZ-160', 721.0, 1056.9, 'hPa', 'Pressure');
INSERT INTO MEASUREMENT (DateTime, SensorID, MeasValue) VALUES (TO_DATE('09/05/18 12:48', 'DD/MM/YY HH24:MI'), 64231, 1008.0);
INSERT INTO SENSOR (SerialNumber, CityPlaced, SensorModel, MinimValue, MaximValue, Unit, SensorType) VALUES (12564, 'Φοινικούντα', 'UMRF-5073', 0.0, 25.9, 'km/h', 'Wind');
INSERT INTO MEASUREMENT (DateTime, SensorID, MeasValue) VALUES (TO_DATE('09/05/18 12:48', 'DD/MM/YY HH24:MI'), 12564, 6.3);
INSERT INTO SENSOR (SerialNumber, CityPlaced, SensorModel, MinimValue, MaximValue, Unit, SensorType) VALUES (719575, 'Αμφιλοχία', 'GVOPB-928', -51.0, 66.9, '°C', 'Temperature');
INSERT INTO MEASUREMENT (DateTime, SensorID, MeasValue) VALUES (TO_DATE('09/05/18 12:44', 'DD/MM/YY HH24:MI'), 719575, 24.6);
INSERT INTO SENSOR (SerialNumber, CityPlaced, SensorModel, MinimValue, MaximValue, Unit, SensorType) VALUES (158021, 'Αμφιλοχία', 'RDYVK-6477', 0, 100, '%', 'Humidity');
INSERT INTO MEASUREMENT (DateTime, SensorID, MeasValue) VALUES (TO_DATE('09/05/18 12:44', 'DD/MM/YY HH24:MI'), 158021, 71);
INSERT INTO SENSOR (SerialNumber, CityPlaced, SensorModel, MinimValue, MaximValue, Unit, SensorType) VALUES (66630, 'Αμφιλοχία', 'YILX-034', 714.0, 1078.9, 'hPa', 'Pressure');
INSERT INTO MEASUREMENT (DateTime, SensorID, MeasValue) VALUES (TO_DATE('09/05/18 12:44', 'DD/MM/YY HH24:MI'), 66630, 1005.8);
INSERT INTO SENSOR (SerialNumber, CityPlaced, SensorModel, MinimValue, MaximValue, Unit, SensorType) VALUES (51384, 'Αμφιλοχία', 'TLBF-6808', 0.0, 21.9, 'km/h', 'Wind');
INSERT INTO MEASUREMENT (DateTime, SensorID, MeasValue) VALUES (TO_DATE('09/05/18 12:44', 'DD/MM/YY HH24:MI'), 51384, 6.4);
INSERT INTO SENSOR (SerialNumber, CityPlaced, SensorModel, MinimValue, MaximValue, Unit, SensorType) VALUES (738083, 'Ναύπακτος', 'INVVH-064', -56.0, 71.9, '°C', 'Temperature');
INSERT INTO MEASUREMENT (DateTime, SensorID, MeasValue) VALUES (TO_DATE('09/05/18 12:39', 'DD/MM/YY HH24:MI'), 738083, 24.4);
INSERT INTO SENSOR (SerialNumber, CityPlaced, SensorModel, MinimValue, MaximValue, Unit, SensorType) VALUES (118972, 'Ναύπακτος', 'TDJTT-9339', 0, 100, '%', 'Humidity');
INSERT INTO MEASUREMENT (DateTime, SensorID, MeasValue) VALUES (TO_DATE('09/05/18 12:39', 'DD/MM/YY HH24:MI'), 118972, 67);
INSERT INTO SENSOR (SerialNumber, CityPlaced, SensorModel, MinimValue, MaximValue, Unit, SensorType) VALUES (49765, 'Ναύπακτος', 'GIOV-402', 728.0, 1059.9, 'hPa', 'Pressure');
INSERT INTO MEASUREMENT (DateTime, SensorID, MeasValue) VALUES (TO_DATE('09/05/18 12:39', 'DD/MM/YY HH24:MI'), 49765, 1005.0);
INSERT INTO SENSOR (SerialNumber, CityPlaced, SensorModel, MinimValue, MaximValue, Unit, SensorType) VALUES (12235, 'Ναύπακτος', 'XGCD-6481', 0.0, 21.9, 'km/h', 'Wind');
INSERT INTO MEASUREMENT (DateTime, SensorID, MeasValue) VALUES (TO_DATE('09/05/18 12:39', 'DD/MM/YY HH24:MI'), 12235, 18.3);
INSERT INTO SENSOR (SerialNumber, CityPlaced, SensorModel, MinimValue, MaximValue, Unit, SensorType) VALUES (660614, 'Παναιτώλιο', 'NFALQ-485', -51.0, 72.9, '°C', 'Temperature');
INSERT INTO MEASUREMENT (DateTime, SensorID, MeasValue) VALUES (TO_DATE('09/05/18 12:45', 'DD/MM/YY HH24:MI'), 660614, 23.1);
INSERT INTO SENSOR (SerialNumber, CityPlaced, SensorModel, MinimValue, MaximValue, Unit, SensorType) VALUES (427100, 'Παναιτώλιο', 'NIEYV-5504', 0, 100, '%', 'Humidity');
INSERT INTO MEASUREMENT (DateTime, SensorID, MeasValue) VALUES (TO_DATE('09/05/18 12:45', 'DD/MM/YY HH24:MI'), 427100, 65);
INSERT INTO SENSOR (SerialNumber, CityPlaced, SensorModel, MinimValue, MaximValue, Unit, SensorType) VALUES (81078, 'Παναιτώλιο', 'RILS-905', 710.0, 1099.9, 'hPa', 'Pressure');
INSERT INTO MEASUREMENT (DateTime, SensorID, MeasValue) VALUES (TO_DATE('09/05/18 12:45', 'DD/MM/YY HH24:MI'), 81078, 1004.5);
INSERT INTO SENSOR (SerialNumber, CityPlaced, SensorModel, MinimValue, MaximValue, Unit, SensorType) VALUES (21733, 'Παναιτώλιο', 'KPXX-5401', 0.0, 20.9, 'km/h', 'Wind');
INSERT INTO MEASUREMENT (DateTime, SensorID, MeasValue) VALUES (TO_DATE('09/05/18 12:45', 'DD/MM/YY HH24:MI'), 21733, 6.7);
INSERT INTO SENSOR (SerialNumber, CityPlaced, SensorModel, MinimValue, MaximValue, Unit, SensorType) VALUES (914950, 'Άγιος Δημήτριος', 'THTCV-848', -60.0, 75.9, '°C', 'Temperature');
INSERT INTO MEASUREMENT (DateTime, SensorID, MeasValue) VALUES (TO_DATE('09/05/18 12:48', 'DD/MM/YY HH24:MI'), 914950, 24.5);
INSERT INTO SENSOR (SerialNumber, CityPlaced, SensorModel, MinimValue, MaximValue, Unit, SensorType) VALUES (227441, 'Άγιος Δημήτριος', 'PWEDF-9018', 0, 100, '%', 'Humidity');
INSERT INTO MEASUREMENT (DateTime, SensorID, MeasValue) VALUES (TO_DATE('09/05/18 12:48', 'DD/MM/YY HH24:MI'), 227441, 57);
INSERT INTO SENSOR (SerialNumber, CityPlaced, SensorModel, MinimValue, MaximValue, Unit, SensorType) VALUES (20752, 'Άγιος Δημήτριος', 'XKAX-568', 730.0, 1097.9, 'hPa', 'Pressure');
INSERT INTO MEASUREMENT (DateTime, SensorID, MeasValue) VALUES (TO_DATE('09/05/18 12:48', 'DD/MM/YY HH24:MI'), 20752, 1005.8);
INSERT INTO SENSOR (SerialNumber, CityPlaced, SensorModel, MinimValue, MaximValue, Unit, SensorType) VALUES (82042, 'Άγιος Δημήτριος', 'AOLF-8797', 0.0, 22.9, 'km/h', 'Wind');
INSERT INTO MEASUREMENT (DateTime, SensorID, MeasValue) VALUES (TO_DATE('09/05/18 12:48', 'DD/MM/YY HH24:MI'), 82042, 8.7);
INSERT INTO SENSOR (SerialNumber, CityPlaced, SensorModel, MinimValue, MaximValue, Unit, SensorType) VALUES (265831, 'Άνω Μελίσσια', 'NQSAH-198', -56.0, 60.9, '°C', 'Temperature');
INSERT INTO MEASUREMENT (DateTime, SensorID, MeasValue) VALUES (TO_DATE('09/05/18 12:48', 'DD/MM/YY HH24:MI'), 265831, 22.2);
INSERT INTO SENSOR (SerialNumber, CityPlaced, SensorModel, MinimValue, MaximValue, Unit, SensorType) VALUES (858764, 'Άνω Μελίσσια', 'ZEKLN-7585', 0, 100, '%', 'Humidity');
INSERT INTO MEASUREMENT (DateTime, SensorID, MeasValue) VALUES (TO_DATE('09/05/18 12:48', 'DD/MM/YY HH24:MI'), 858764, 59);
INSERT INTO SENSOR (SerialNumber, CityPlaced, SensorModel, MinimValue, MaximValue, Unit, SensorType) VALUES (69093, 'Άνω Μελίσσια', 'HFZZ-000', 704.0, 1058.9, 'hPa', 'Pressure');
INSERT INTO MEASUREMENT (DateTime, SensorID, MeasValue) VALUES (TO_DATE('09/05/18 12:48', 'DD/MM/YY HH24:MI'), 69093, 1005.7);
INSERT INTO SENSOR (SerialNumber, CityPlaced, SensorModel, MinimValue, MaximValue, Unit, SensorType) VALUES (74575, 'Άνω Μελίσσια', 'WMZQ-6531', 0.0, 23.9, 'km/h', 'Wind');
INSERT INTO MEASUREMENT (DateTime, SensorID, MeasValue) VALUES (TO_DATE('09/05/18 12:48', 'DD/MM/YY HH24:MI'), 74575, 6.7);
INSERT INTO SENSOR (SerialNumber, CityPlaced, SensorModel, MinimValue, MaximValue, Unit, SensorType) VALUES (945075, 'Ύδρα', 'KPNGY-326', -51.0, 66.9, '°C', 'Temperature');
INSERT INTO MEASUREMENT (DateTime, SensorID, MeasValue) VALUES (TO_DATE('09/05/18 12:47', 'DD/MM/YY HH24:MI'), 945075, 23.4);
INSERT INTO SENSOR (SerialNumber, CityPlaced, SensorModel, MinimValue, MaximValue, Unit, SensorType) VALUES (901824, 'Ύδρα', 'ZAWMI-5442', 0, 100, '%', 'Humidity');
INSERT INTO MEASUREMENT (DateTime, SensorID, MeasValue) VALUES (TO_DATE('09/05/18 12:47', 'DD/MM/YY HH24:MI'), 901824, 68);
INSERT INTO SENSOR (SerialNumber, CityPlaced, SensorModel, MinimValue, MaximValue, Unit, SensorType) VALUES (34309, 'Ύδρα', 'TYZV-322', 711.0, 1085.9, 'hPa', 'Pressure');
INSERT INTO MEASUREMENT (DateTime, SensorID, MeasValue) VALUES (TO_DATE('09/05/18 12:47', 'DD/MM/YY HH24:MI'), 34309, 1005.9);
INSERT INTO SENSOR (SerialNumber, CityPlaced, SensorModel, MinimValue, MaximValue, Unit, SensorType) VALUES (91015, 'Ύδρα', 'EYWM-3732', 0.0, 25.9, 'km/h', 'Wind');
INSERT INTO MEASUREMENT (DateTime, SensorID, MeasValue) VALUES (TO_DATE('09/05/18 12:47', 'DD/MM/YY HH24:MI'), 91015, 3.0);
INSERT INTO SENSOR (SerialNumber, CityPlaced, SensorModel, MinimValue, MaximValue, Unit, SensorType) VALUES (244412, 'Αγία Παρασκευή', 'HWWKG-880', -51.0, 71.9, '°C', 'Temperature');
INSERT INTO MEASUREMENT (DateTime, SensorID, MeasValue) VALUES (TO_DATE('09/05/18 12:45', 'DD/MM/YY HH24:MI'), 244412, 22.8);
INSERT INTO SENSOR (SerialNumber, CityPlaced, SensorModel, MinimValue, MaximValue, Unit, SensorType) VALUES (167022, 'Αγία Παρασκευή', 'NLJFL-4761', 0, 100, '%', 'Humidity');
INSERT INTO MEASUREMENT (DateTime, SensorID, MeasValue) VALUES (TO_DATE('09/05/18 12:45', 'DD/MM/YY HH24:MI'), 167022, 67);
INSERT INTO SENSOR (SerialNumber, CityPlaced, SensorModel, MinimValue, MaximValue, Unit, SensorType) VALUES (28873, 'Αγία Παρασκευή', 'RCRZ-128', 703.0, 1073.9, 'hPa', 'Pressure');
INSERT INTO MEASUREMENT (DateTime, SensorID, MeasValue) VALUES (TO_DATE('09/05/18 12:45', 'DD/MM/YY HH24:MI'), 28873, 1004.4);
INSERT INTO SENSOR (SerialNumber, CityPlaced, SensorModel, MinimValue, MaximValue, Unit, SensorType) VALUES (95531, 'Αγία Παρασκευή', 'DOSZ-7025', 0.0, 25.9, 'km/h', 'Wind');
INSERT INTO MEASUREMENT (DateTime, SensorID, MeasValue) VALUES (TO_DATE('09/05/18 12:45', 'DD/MM/YY HH24:MI'), 95531, 9.4);
INSERT INTO SENSOR (SerialNumber, CityPlaced, SensorModel, MinimValue, MaximValue, Unit, SensorType) VALUES (388081, 'Αγιος Στέφανος 2', 'LDHFG-105', -54.0, 79.9, '°C', 'Temperature');
INSERT INTO MEASUREMENT (DateTime, SensorID, MeasValue) VALUES (TO_DATE('09/05/18 12:47', 'DD/MM/YY HH24:MI'), 388081, 25.4);
INSERT INTO SENSOR (SerialNumber, CityPlaced, SensorModel, MinimValue, MaximValue, Unit, SensorType) VALUES (319822, 'Αγιος Στέφανος 2', 'HZHJP-0526', 0, 100, '%', 'Humidity');
INSERT INTO MEASUREMENT (DateTime, SensorID, MeasValue) VALUES (TO_DATE('09/05/18 12:47', 'DD/MM/YY HH24:MI'), 319822, 53);
INSERT INTO SENSOR (SerialNumber, CityPlaced, SensorModel, MinimValue, MaximValue, Unit, SensorType) VALUES (41110, 'Αγιος Στέφανος 2', 'LQWT-670', 716.0, 1061.9, 'hPa', 'Pressure');
INSERT INTO MEASUREMENT (DateTime, SensorID, MeasValue) VALUES (TO_DATE('09/05/18 12:47', 'DD/MM/YY HH24:MI'), 41110, 1007.2);
INSERT INTO SENSOR (SerialNumber, CityPlaced, SensorModel, MinimValue, MaximValue, Unit, SensorType) VALUES (69794, 'Αγιος Στέφανος 2', 'FNLO-8587', 0.0, 22.9, 'km/h', 'Wind');
INSERT INTO MEASUREMENT (DateTime, SensorID, MeasValue) VALUES (TO_DATE('09/05/18 12:47', 'DD/MM/YY HH24:MI'), 69794, 0.3);
INSERT INTO SENSOR (SerialNumber, CityPlaced, SensorModel, MinimValue, MaximValue, Unit, SensorType) VALUES (457857, 'Αθήνα Άνω Κυψέλη', 'QCJPQ-459', -50.0, 69.9, '°C', 'Temperature');
INSERT INTO MEASUREMENT (DateTime, SensorID, MeasValue) VALUES (TO_DATE('09/05/18 12:45', 'DD/MM/YY HH24:MI'), 457857, 27.4);
INSERT INTO SENSOR (SerialNumber, CityPlaced, SensorModel, MinimValue, MaximValue, Unit, SensorType) VALUES (837480, 'Αθήνα Άνω Κυψέλη', 'CALQH-8565', 0, 100, '%', 'Humidity');
INSERT INTO MEASUREMENT (DateTime, SensorID, MeasValue) VALUES (TO_DATE('09/05/18 12:45', 'DD/MM/YY HH24:MI'), 837480, 44);
INSERT INTO SENSOR (SerialNumber, CityPlaced, SensorModel, MinimValue, MaximValue, Unit, SensorType) VALUES (52737, 'Αθήνα Άνω Κυψέλη', 'PKJE-018', 714.0, 1081.9, 'hPa', 'Pressure');
INSERT INTO MEASUREMENT (DateTime, SensorID, MeasValue) VALUES (TO_DATE('09/05/18 12:45', 'DD/MM/YY HH24:MI'), 52737, 1005.2);
INSERT INTO SENSOR (SerialNumber, CityPlaced, SensorModel, MinimValue, MaximValue, Unit, SensorType) VALUES (49973, 'Αθήνα Άνω Κυψέλη', 'MKFQ-7227', 0.0, 24.9, 'km/h', 'Wind');
INSERT INTO MEASUREMENT (DateTime, SensorID, MeasValue) VALUES (TO_DATE('09/05/18 12:45', 'DD/MM/YY HH24:MI'), 49973, 0.0);
INSERT INTO SENSOR (SerialNumber, CityPlaced, SensorModel, MinimValue, MaximValue, Unit, SensorType) VALUES (434589, 'Αθήνα Χαροκόπειο Πανεπιστήμιο', 'SGFND-265', -55.0, 77.9, '°C', 'Temperature');
INSERT INTO MEASUREMENT (DateTime, SensorID, MeasValue) VALUES (TO_DATE('09/05/18 12:42', 'DD/MM/YY HH24:MI'), 434589, 25.1);
INSERT INTO SENSOR (SerialNumber, CityPlaced, SensorModel, MinimValue, MaximValue, Unit, SensorType) VALUES (191631, 'Αθήνα Χαροκόπειο Πανεπιστήμιο', 'AWKEK-9897', 0, 100, '%', 'Humidity');
INSERT INTO MEASUREMENT (DateTime, SensorID, MeasValue) VALUES (TO_DATE('09/05/18 12:42', 'DD/MM/YY HH24:MI'), 191631, 52);
INSERT INTO SENSOR (SerialNumber, CityPlaced, SensorModel, MinimValue, MaximValue, Unit, SensorType) VALUES (83729, 'Αθήνα Χαροκόπειο Πανεπιστήμιο', 'VMVI-306', 738.0, 1091.9, 'hPa', 'Pressure');
INSERT INTO MEASUREMENT (DateTime, SensorID, MeasValue) VALUES (TO_DATE('09/05/18 12:42', 'DD/MM/YY HH24:MI'), 83729, 1005.6);
INSERT INTO SENSOR (SerialNumber, CityPlaced, SensorModel, MinimValue, MaximValue, Unit, SensorType) VALUES (85263, 'Αθήνα Χαροκόπειο Πανεπιστήμιο', 'WCRP-7180', 0.0, 25.9, 'km/h', 'Wind');
INSERT INTO MEASUREMENT (DateTime, SensorID, MeasValue) VALUES (TO_DATE('09/05/18 12:42', 'DD/MM/YY HH24:MI'), 85263, 1.9);
INSERT INTO SENSOR (SerialNumber, CityPlaced, SensorModel, MinimValue, MaximValue, Unit, SensorType) VALUES (438924, 'Αιγάλεω 2', 'WJYKL-006', -59.0, 77.9, '°C', 'Temperature');
INSERT INTO MEASUREMENT (DateTime, SensorID, MeasValue) VALUES (TO_DATE('09/05/18 12:48', 'DD/MM/YY HH24:MI'), 438924, 24.6);
INSERT INTO SENSOR (SerialNumber, CityPlaced, SensorModel, MinimValue, MaximValue, Unit, SensorType) VALUES (269016, 'Αιγάλεω 2', 'QEOJX-5217', 0, 100, '%', 'Humidity');
INSERT INTO MEASUREMENT (DateTime, SensorID, MeasValue) VALUES (TO_DATE('09/05/18 12:48', 'DD/MM/YY HH24:MI'), 269016, 55);
INSERT INTO SENSOR (SerialNumber, CityPlaced, SensorModel, MinimValue, MaximValue, Unit, SensorType) VALUES (56388, 'Αιγάλεω 2', 'GIHL-448', 742.0, 1080.9, 'hPa', 'Pressure');
INSERT INTO MEASUREMENT (DateTime, SensorID, MeasValue) VALUES (TO_DATE('09/05/18 12:48', 'DD/MM/YY HH24:MI'), 56388, 1006.4);
INSERT INTO MEASUREMENT (DateTime, SensorID, MeasValue) VALUES (TO_DATE('09/05/18 12:48', 'DD/MM/YY HH24:MI'), 12235, 8.6);
INSERT INTO SENSOR (SerialNumber, CityPlaced, SensorModel, MinimValue, MaximValue, Unit, SensorType) VALUES (933133, 'Αιγάλεω', 'JMEKY-947', -55.0, 63.9, '°C', 'Temperature');
INSERT INTO MEASUREMENT (DateTime, SensorID, MeasValue) VALUES (TO_DATE('09/05/18 12:43', 'DD/MM/YY HH24:MI'), 933133, 25.1);
INSERT INTO SENSOR (SerialNumber, CityPlaced, SensorModel, MinimValue, MaximValue, Unit, SensorType) VALUES (195507, 'Αιγάλεω', 'XULIY-5569', 0, 100, '%', 'Humidity');
INSERT INTO MEASUREMENT (DateTime, SensorID, MeasValue) VALUES (TO_DATE('09/05/18 12:43', 'DD/MM/YY HH24:MI'), 195507, 55);
INSERT INTO SENSOR (SerialNumber, CityPlaced, SensorModel, MinimValue, MaximValue, Unit, SensorType) VALUES (78499, 'Αιγάλεω', 'HYXU-269', 726.0, 1081.9, 'hPa', 'Pressure');
INSERT INTO MEASUREMENT (DateTime, SensorID, MeasValue) VALUES (TO_DATE('09/05/18 12:43', 'DD/MM/YY HH24:MI'), 78499, 1006.6);
INSERT INTO SENSOR (SerialNumber, CityPlaced, SensorModel, MinimValue, MaximValue, Unit, SensorType) VALUES (43498, 'Αιγάλεω', 'MTZK-0645', 0.0, 22.9, 'km/h', 'Wind');
INSERT INTO MEASUREMENT (DateTime, SensorID, MeasValue) VALUES (TO_DATE('09/05/18 12:43', 'DD/MM/YY HH24:MI'), 43498, 5.1);
INSERT INTO SENSOR (SerialNumber, CityPlaced, SensorModel, MinimValue, MaximValue, Unit, SensorType) VALUES (245226, 'Ανάβυσσος', 'FHWJU-086', -58.0, 76.9, '°C', 'Temperature');
INSERT INTO MEASUREMENT (DateTime, SensorID, MeasValue) VALUES (TO_DATE('09/05/18 12:39', 'DD/MM/YY HH24:MI'), 245226, 22.4);
INSERT INTO SENSOR (SerialNumber, CityPlaced, SensorModel, MinimValue, MaximValue, Unit, SensorType) VALUES (870788, 'Ανάβυσσος', 'TQVJF-6763', 0, 100, '%', 'Humidity');
INSERT INTO MEASUREMENT (DateTime, SensorID, MeasValue) VALUES (TO_DATE('09/05/18 12:39', 'DD/MM/YY HH24:MI'), 870788, 71);
INSERT INTO SENSOR (SerialNumber, CityPlaced, SensorModel, MinimValue, MaximValue, Unit, SensorType) VALUES (67720, 'Ανάβυσσος', 'KGRM-706', 717.0, 1082.9, 'hPa', 'Pressure');
INSERT INTO MEASUREMENT (DateTime, SensorID, MeasValue) VALUES (TO_DATE('09/05/18 12:39', 'DD/MM/YY HH24:MI'), 67720, 1004.7);
INSERT INTO SENSOR (SerialNumber, CityPlaced, SensorModel, MinimValue, MaximValue, Unit, SensorType) VALUES (44205, 'Ανάβυσσος', 'CHHQ-7115', 0.0, 25.9, 'km/h', 'Wind');
INSERT INTO MEASUREMENT (DateTime, SensorID, MeasValue) VALUES (TO_DATE('09/05/18 12:39', 'DD/MM/YY HH24:MI'), 44205, 0.3);
INSERT INTO SENSOR (SerialNumber, CityPlaced, SensorModel, MinimValue, MaximValue, Unit, SensorType) VALUES (860701, 'Ασπρόπυργος SV1EJD', 'PYMOA-641', -60.0, 80.9, '°C', 'Temperature');
INSERT INTO MEASUREMENT (DateTime, SensorID, MeasValue) VALUES (TO_DATE('09/05/18 12:30', 'DD/MM/YY HH24:MI'), 860701, 25.6);
INSERT INTO SENSOR (SerialNumber, CityPlaced, SensorModel, MinimValue, MaximValue, Unit, SensorType) VALUES (616918, 'Ασπρόπυργος SV1EJD', 'VHSVN-7012', 0, 100, '%', 'Humidity');
INSERT INTO MEASUREMENT (DateTime, SensorID, MeasValue) VALUES (TO_DATE('09/05/18 12:30', 'DD/MM/YY HH24:MI'), 616918, 50);
INSERT INTO SENSOR (SerialNumber, CityPlaced, SensorModel, MinimValue, MaximValue, Unit, SensorType) VALUES (86819, 'Ασπρόπυργος SV1EJD', 'ALKI-462', 733.0, 1095.9, 'hPa', 'Pressure');
INSERT INTO MEASUREMENT (DateTime, SensorID, MeasValue) VALUES (TO_DATE('09/05/18 12:30', 'DD/MM/YY HH24:MI'), 86819, 1005.0);
INSERT INTO SENSOR (SerialNumber, CityPlaced, SensorModel, MinimValue, MaximValue, Unit, SensorType) VALUES (33897, 'Ασπρόπυργος SV1EJD', 'DRAH-9853', 0.0, 24.9, 'km/h', 'Wind');
INSERT INTO MEASUREMENT (DateTime, SensorID, MeasValue) VALUES (TO_DATE('09/05/18 12:30', 'DD/MM/YY HH24:MI'), 33897, 10.5);
INSERT INTO SENSOR (SerialNumber, CityPlaced, SensorModel, MinimValue, MaximValue, Unit, SensorType) VALUES (599247, 'Αυλώνας', 'XVHEE-304', -51.0, 76.9, '°C', 'Temperature');
INSERT INTO MEASUREMENT (DateTime, SensorID, MeasValue) VALUES (TO_DATE('09/05/18 12:48', 'DD/MM/YY HH24:MI'), 599247, 26.3);
INSERT INTO SENSOR (SerialNumber, CityPlaced, SensorModel, MinimValue, MaximValue, Unit, SensorType) VALUES (868364, 'Αυλώνας', 'GJVOP-6450', 0, 100, '%', 'Humidity');
INSERT INTO MEASUREMENT (DateTime, SensorID, MeasValue) VALUES (TO_DATE('09/05/18 12:48', 'DD/MM/YY HH24:MI'), 868364, 50);
INSERT INTO SENSOR (SerialNumber, CityPlaced, SensorModel, MinimValue, MaximValue, Unit, SensorType) VALUES (92442, 'Αυλώνας', 'XVCE-563', 745.0, 1076.9, 'hPa', 'Pressure');
INSERT INTO MEASUREMENT (DateTime, SensorID, MeasValue) VALUES (TO_DATE('09/05/18 12:48', 'DD/MM/YY HH24:MI'), 92442, 1004.6);
INSERT INTO SENSOR (SerialNumber, CityPlaced, SensorModel, MinimValue, MaximValue, Unit, SensorType) VALUES (23140, 'Αυλώνας', 'AEQB-3207', 0.0, 23.9, 'km/h', 'Wind');
INSERT INTO MEASUREMENT (DateTime, SensorID, MeasValue) VALUES (TO_DATE('09/05/18 12:48', 'DD/MM/YY HH24:MI'), 23140, 2.7);
INSERT INTO SENSOR (SerialNumber, CityPlaced, SensorModel, MinimValue, MaximValue, Unit, SensorType) VALUES (824206, 'Αχαρναί 2', 'OILTU-030', -60.0, 64.9, '°C', 'Temperature');
INSERT INTO MEASUREMENT (DateTime, SensorID, MeasValue) VALUES (TO_DATE('09/05/18 12:45', 'DD/MM/YY HH24:MI'), 824206, 25.1);
INSERT INTO SENSOR (SerialNumber, CityPlaced, SensorModel, MinimValue, MaximValue, Unit, SensorType) VALUES (601275, 'Αχαρναί 2', 'YWLBI-9281', 0, 100, '%', 'Humidity');
INSERT INTO MEASUREMENT (DateTime, SensorID, MeasValue) VALUES (TO_DATE('09/05/18 12:45', 'DD/MM/YY HH24:MI'), 601275, 63);
INSERT INTO SENSOR (SerialNumber, CityPlaced, SensorModel, MinimValue, MaximValue, Unit, SensorType) VALUES (92982, 'Αχαρναί 2', 'YOKX-983', 700.0, 1085.9, 'hPa', 'Pressure');
INSERT INTO MEASUREMENT (DateTime, SensorID, MeasValue) VALUES (TO_DATE('09/05/18 12:45', 'DD/MM/YY HH24:MI'), 92982, 1005.6);
INSERT INTO SENSOR (SerialNumber, CityPlaced, SensorModel, MinimValue, MaximValue, Unit, SensorType) VALUES (57748, 'Αχαρναί 2', 'ICKE-6905', 0.0, 21.9, 'km/h', 'Wind');
INSERT INTO MEASUREMENT (DateTime, SensorID, MeasValue) VALUES (TO_DATE('09/05/18 12:45', 'DD/MM/YY HH24:MI'), 57748, 4.5);
INSERT INTO SENSOR (SerialNumber, CityPlaced, SensorModel, MinimValue, MaximValue, Unit, SensorType) VALUES (317825, 'Αχαρναί', 'XVCBX-153', -54.0, 63.9, '°C', 'Temperature');
INSERT INTO MEASUREMENT (DateTime, SensorID, MeasValue) VALUES (TO_DATE('09/05/18 12:48', 'DD/MM/YY HH24:MI'), 317825, 24.1);
INSERT INTO SENSOR (SerialNumber, CityPlaced, SensorModel, MinimValue, MaximValue, Unit, SensorType) VALUES (608604, 'Αχαρναί', 'QSIXX-4710', 0, 100, '%', 'Humidity');
INSERT INTO MEASUREMENT (DateTime, SensorID, MeasValue) VALUES (TO_DATE('09/05/18 12:48', 'DD/MM/YY HH24:MI'), 608604, 56);
INSERT INTO SENSOR (SerialNumber, CityPlaced, SensorModel, MinimValue, MaximValue, Unit, SensorType) VALUES (33695, 'Αχαρναί', 'BLPO-055', 733.0, 1072.9, 'hPa', 'Pressure');
INSERT INTO MEASUREMENT (DateTime, SensorID, MeasValue) VALUES (TO_DATE('09/05/18 12:48', 'DD/MM/YY HH24:MI'), 33695, 1005.0);
INSERT INTO SENSOR (SerialNumber, CityPlaced, SensorModel, MinimValue, MaximValue, Unit, SensorType) VALUES (68631, 'Αχαρναί', 'SHAT-0203', 0.0, 24.9, 'km/h', 'Wind');
INSERT INTO MEASUREMENT (DateTime, SensorID, MeasValue) VALUES (TO_DATE('09/05/18 12:48', 'DD/MM/YY HH24:MI'), 68631, 0.7);
INSERT INTO SENSOR (SerialNumber, CityPlaced, SensorModel, MinimValue, MaximValue, Unit, SensorType) VALUES (676630, 'Βάρκιζα', 'ANVBA-522', -55.0, 70.9, '°C', 'Temperature');
INSERT INTO MEASUREMENT (DateTime, SensorID, MeasValue) VALUES (TO_DATE('09/05/18 12:46', 'DD/MM/YY HH24:MI'), 676630, 23.7);
INSERT INTO SENSOR (SerialNumber, CityPlaced, SensorModel, MinimValue, MaximValue, Unit, SensorType) VALUES (513302, 'Βάρκιζα', 'FEZRC-6577', 0, 100, '%', 'Humidity');
INSERT INTO MEASUREMENT (DateTime, SensorID, MeasValue) VALUES (TO_DATE('09/05/18 12:46', 'DD/MM/YY HH24:MI'), 513302, 64);
INSERT INTO SENSOR (SerialNumber, CityPlaced, SensorModel, MinimValue, MaximValue, Unit, SensorType) VALUES (97324, 'Βάρκιζα', 'RRZZ-686', 718.0, 1097.9, 'hPa', 'Pressure');
INSERT INTO MEASUREMENT (DateTime, SensorID, MeasValue) VALUES (TO_DATE('09/05/18 12:46', 'DD/MM/YY HH24:MI'), 97324, 1006.2);
INSERT INTO SENSOR (SerialNumber, CityPlaced, SensorModel, MinimValue, MaximValue, Unit, SensorType) VALUES (56614, 'Βάρκιζα', 'DOHM-6330', 0.0, 23.9, 'km/h', 'Wind');
INSERT INTO MEASUREMENT (DateTime, SensorID, MeasValue) VALUES (TO_DATE('09/05/18 12:46', 'DD/MM/YY HH24:MI'), 56614, 7.0);
INSERT INTO SENSOR (SerialNumber, CityPlaced, SensorModel, MinimValue, MaximValue, Unit, SensorType) VALUES (825258, 'Βύρωνας', 'WLAGJ-811', -52.0, 70.9, '°C', 'Temperature');
INSERT INTO MEASUREMENT (DateTime, SensorID, MeasValue) VALUES (TO_DATE('09/05/18 12:48', 'DD/MM/YY HH24:MI'), 825258, 23.6);
INSERT INTO SENSOR (SerialNumber, CityPlaced, SensorModel, MinimValue, MaximValue, Unit, SensorType) VALUES (873323, 'Βύρωνας', 'YMKBA-4741', 0, 100, '%', 'Humidity');
INSERT INTO MEASUREMENT (DateTime, SensorID, MeasValue) VALUES (TO_DATE('09/05/18 12:48', 'DD/MM/YY HH24:MI'), 873323, 42);
INSERT INTO SENSOR (SerialNumber, CityPlaced, SensorModel, MinimValue, MaximValue, Unit, SensorType) VALUES (39550, 'Βύρωνας', 'YFRW-986', 741.0, 1058.9, 'hPa', 'Pressure');
INSERT INTO MEASUREMENT (DateTime, SensorID, MeasValue) VALUES (TO_DATE('09/05/18 12:48', 'DD/MM/YY HH24:MI'), 39550, 1007.0);
INSERT INTO SENSOR (SerialNumber, CityPlaced, SensorModel, MinimValue, MaximValue, Unit, SensorType) VALUES (97173, 'Βύρωνας', 'STAG-3599', 0.0, 25.9, 'km/h', 'Wind');
INSERT INTO MEASUREMENT (DateTime, SensorID, MeasValue) VALUES (TO_DATE('09/05/18 12:48', 'DD/MM/YY HH24:MI'), 97173, 4.3);
INSERT INTO SENSOR (SerialNumber, CityPlaced, SensorModel, MinimValue, MaximValue, Unit, SensorType) VALUES (552741, 'Γαλάτσι 2', 'KPTGH-759', -50.0, 75.9, '°C', 'Temperature');
INSERT INTO MEASUREMENT (DateTime, SensorID, MeasValue) VALUES (TO_DATE('09/05/18 12:40', 'DD/MM/YY HH24:MI'), 552741, 24.1);
INSERT INTO SENSOR (SerialNumber, CityPlaced, SensorModel, MinimValue, MaximValue, Unit, SensorType) VALUES (965166, 'Γαλάτσι 2', 'NHKPY-1372', 0, 100, '%', 'Humidity');
INSERT INTO MEASUREMENT (DateTime, SensorID, MeasValue) VALUES (TO_DATE('09/05/18 12:40', 'DD/MM/YY HH24:MI'), 965166, 54);
INSERT INTO SENSOR (SerialNumber, CityPlaced, SensorModel, MinimValue, MaximValue, Unit, SensorType) VALUES (59775, 'Γαλάτσι 2', 'DFLR-905', 735.0, 1070.9, 'hPa', 'Pressure');
INSERT INTO MEASUREMENT (DateTime, SensorID, MeasValue) VALUES (TO_DATE('09/05/18 12:40', 'DD/MM/YY HH24:MI'), 59775, 1006.2);
INSERT INTO SENSOR (SerialNumber, CityPlaced, SensorModel, MinimValue, MaximValue, Unit, SensorType) VALUES (10861, 'Γαλάτσι 2', 'IBOP-7217', 0.0, 23.9, 'km/h', 'Wind');
INSERT INTO MEASUREMENT (DateTime, SensorID, MeasValue) VALUES (TO_DATE('09/05/18 12:40', 'DD/MM/YY HH24:MI'), 10861, 2.4);
INSERT INTO SENSOR (SerialNumber, CityPlaced, SensorModel, MinimValue, MaximValue, Unit, SensorType) VALUES (890698, 'Γαλάτσι', 'FUUKR-558', -50.0, 64.9, '°C', 'Temperature');
INSERT INTO MEASUREMENT (DateTime, SensorID, MeasValue) VALUES (TO_DATE('09/05/18 12:48', 'DD/MM/YY HH24:MI'), 890698, 26.9);
INSERT INTO SENSOR (SerialNumber, CityPlaced, SensorModel, MinimValue, MaximValue, Unit, SensorType) VALUES (985943, 'Γαλάτσι', 'VPVCV-9840', 0, 100, '%', 'Humidity');
INSERT INTO MEASUREMENT (DateTime, SensorID, MeasValue) VALUES (TO_DATE('09/05/18 12:48', 'DD/MM/YY HH24:MI'), 985943, 65);
INSERT INTO SENSOR (SerialNumber, CityPlaced, SensorModel, MinimValue, MaximValue, Unit, SensorType) VALUES (83264, 'Γαλάτσι', 'AUHH-174', 731.0, 1069.9, 'hPa', 'Pressure');
INSERT INTO MEASUREMENT (DateTime, SensorID, MeasValue) VALUES (TO_DATE('09/05/18 12:48', 'DD/MM/YY HH24:MI'), 83264, 1004.6);
INSERT INTO SENSOR (SerialNumber, CityPlaced, SensorModel, MinimValue, MaximValue, Unit, SensorType) VALUES (68323, 'Γαλάτσι', 'TEAF-7618', 0.0, 21.9, 'km/h', 'Wind');
INSERT INTO MEASUREMENT (DateTime, SensorID, MeasValue) VALUES (TO_DATE('09/05/18 12:48', 'DD/MM/YY HH24:MI'), 68323, 4.8);
INSERT INTO SENSOR (SerialNumber, CityPlaced, SensorModel, MinimValue, MaximValue, Unit, SensorType) VALUES (488437, 'Διόνυσσος 2', 'XAOYY-964', -55.0, 67.9, '°C', 'Temperature');
INSERT INTO MEASUREMENT (DateTime, SensorID, MeasValue) VALUES (TO_DATE('09/05/18 12:44', 'DD/MM/YY HH24:MI'), 488437, 21.7);
INSERT INTO SENSOR (SerialNumber, CityPlaced, SensorModel, MinimValue, MaximValue, Unit, SensorType) VALUES (826750, 'Διόνυσσος 2', 'DBMUJ-6757', 0, 100, '%', 'Humidity');
INSERT INTO MEASUREMENT (DateTime, SensorID, MeasValue) VALUES (TO_DATE('09/05/18 12:44', 'DD/MM/YY HH24:MI'), 826750, 62);
INSERT INTO SENSOR (SerialNumber, CityPlaced, SensorModel, MinimValue, MaximValue, Unit, SensorType) VALUES (24525, 'Διόνυσσος 2', 'AORN-540', 705.0, 1088.9, 'hPa', 'Pressure');
INSERT INTO MEASUREMENT (DateTime, SensorID, MeasValue) VALUES (TO_DATE('09/05/18 12:44', 'DD/MM/YY HH24:MI'), 24525, 1006.2);
INSERT INTO SENSOR (SerialNumber, CityPlaced, SensorModel, MinimValue, MaximValue, Unit, SensorType) VALUES (92389, 'Διόνυσσος 2', 'LTIO-5920', 0.0, 23.9, 'km/h', 'Wind');
INSERT INTO MEASUREMENT (DateTime, SensorID, MeasValue) VALUES (TO_DATE('09/05/18 12:44', 'DD/MM/YY HH24:MI'), 92389, 3.5);
INSERT INTO SENSOR (SerialNumber, CityPlaced, SensorModel, MinimValue, MaximValue, Unit, SensorType) VALUES (943279, 'Εκάλη', 'ILAAJ-801', -51.0, 65.9, '°C', 'Temperature');
INSERT INTO MEASUREMENT (DateTime, SensorID, MeasValue) VALUES (TO_DATE('09/05/18 12:40', 'DD/MM/YY HH24:MI'), 943279, 23.1);
INSERT INTO SENSOR (SerialNumber, CityPlaced, SensorModel, MinimValue, MaximValue, Unit, SensorType) VALUES (881008, 'Εκάλη', 'PFVRS-4389', 0, 100, '%', 'Humidity');
INSERT INTO MEASUREMENT (DateTime, SensorID, MeasValue) VALUES (TO_DATE('09/05/18 12:40', 'DD/MM/YY HH24:MI'), 881008, 57);
INSERT INTO SENSOR (SerialNumber, CityPlaced, SensorModel, MinimValue, MaximValue, Unit, SensorType) VALUES (98358, 'Εκάλη', 'OTIC-191', 719.0, 1073.9, 'hPa', 'Pressure');
INSERT INTO MEASUREMENT (DateTime, SensorID, MeasValue) VALUES (TO_DATE('09/05/18 12:40', 'DD/MM/YY HH24:MI'), 98358, 1006.4);
INSERT INTO SENSOR (SerialNumber, CityPlaced, SensorModel, MinimValue, MaximValue, Unit, SensorType) VALUES (24674, 'Εκάλη', 'HSPI-2168', 0.0, 23.9, 'km/h', 'Wind');
INSERT INTO MEASUREMENT (DateTime, SensorID, MeasValue) VALUES (TO_DATE('09/05/18 12:40', 'DD/MM/YY HH24:MI'), 24674, 3.5);
INSERT INTO SENSOR (SerialNumber, CityPlaced, SensorModel, MinimValue, MaximValue, Unit, SensorType) VALUES (892642, 'Ζωγράφου - Ε.Μ.Π. - Σχολή Τοπογράφων', 'AHPHE-245', -59.0, 80.9, '°C', 'Temperature');
INSERT INTO MEASUREMENT (DateTime, SensorID, MeasValue) VALUES (TO_DATE('09/05/18 12:45', 'DD/MM/YY HH24:MI'), 892642, 24.2);
INSERT INTO SENSOR (SerialNumber, CityPlaced, SensorModel, MinimValue, MaximValue, Unit, SensorType) VALUES (487004, 'Ζωγράφου - Ε.Μ.Π. - Σχολή Τοπογράφων', 'NFTZH-1509', 0, 100, '%', 'Humidity');
INSERT INTO MEASUREMENT (DateTime, SensorID, MeasValue) VALUES (TO_DATE('09/05/18 12:45', 'DD/MM/YY HH24:MI'), 487004, 54);
INSERT INTO SENSOR (SerialNumber, CityPlaced, SensorModel, MinimValue, MaximValue, Unit, SensorType) VALUES (14594, 'Ζωγράφου - Ε.Μ.Π. - Σχολή Τοπογράφων', 'EHRJ-462', 712.0, 1052.9, 'hPa', 'Pressure');
INSERT INTO MEASUREMENT (DateTime, SensorID, MeasValue) VALUES (TO_DATE('09/05/18 12:45', 'DD/MM/YY HH24:MI'), 14594, 1006.5);
INSERT INTO SENSOR (SerialNumber, CityPlaced, SensorModel, MinimValue, MaximValue, Unit, SensorType) VALUES (88372, 'Ζωγράφου - Ε.Μ.Π. - Σχολή Τοπογράφων', 'XVBV-9180', 0.0, 21.9, 'km/h', 'Wind');
INSERT INTO MEASUREMENT (DateTime, SensorID, MeasValue) VALUES (TO_DATE('09/05/18 12:45', 'DD/MM/YY HH24:MI'), 88372, 4.8);
INSERT INTO SENSOR (SerialNumber, CityPlaced, SensorModel, MinimValue, MaximValue, Unit, SensorType) VALUES (257637, 'Ηλιούπολη', 'MYSYG-192', -56.0, 64.9, '°C', 'Temperature');
INSERT INTO MEASUREMENT (DateTime, SensorID, MeasValue) VALUES (TO_DATE('09/05/18 12:48', 'DD/MM/YY HH24:MI'), 257637, 24.6);
INSERT INTO SENSOR (SerialNumber, CityPlaced, SensorModel, MinimValue, MaximValue, Unit, SensorType) VALUES (129365, 'Ηλιούπολη', 'WOMCF-4604', 0, 100, '%', 'Humidity');
INSERT INTO MEASUREMENT (DateTime, SensorID, MeasValue) VALUES (TO_DATE('09/05/18 12:48', 'DD/MM/YY HH24:MI'), 129365, 55);
INSERT INTO SENSOR (SerialNumber, CityPlaced, SensorModel, MinimValue, MaximValue, Unit, SensorType) VALUES (62029, 'Ηλιούπολη', 'NZJK-974', 747.0, 1069.9, 'hPa', 'Pressure');
INSERT INTO MEASUREMENT (DateTime, SensorID, MeasValue) VALUES (TO_DATE('09/05/18 12:48', 'DD/MM/YY HH24:MI'), 62029, 1006.7);
INSERT INTO SENSOR (SerialNumber, CityPlaced, SensorModel, MinimValue, MaximValue, Unit, SensorType) VALUES (27604, 'Ηλιούπολη', 'VVCW-3190', 0.0, 23.9, 'km/h', 'Wind');
INSERT INTO MEASUREMENT (DateTime, SensorID, MeasValue) VALUES (TO_DATE('09/05/18 12:48', 'DD/MM/YY HH24:MI'), 27604, 0.5);
INSERT INTO SENSOR (SerialNumber, CityPlaced, SensorModel, MinimValue, MaximValue, Unit, SensorType) VALUES (532287, 'Ιπποκράτειος Πολιτεία', 'VLCEX-226', -56.0, 71.9, '°C', 'Temperature');
INSERT INTO MEASUREMENT (DateTime, SensorID, MeasValue) VALUES (TO_DATE('09/05/18 12:45', 'DD/MM/YY HH24:MI'), 532287, 24.7);
INSERT INTO SENSOR (SerialNumber, CityPlaced, SensorModel, MinimValue, MaximValue, Unit, SensorType) VALUES (237996, 'Ιπποκράτειος Πολιτεία', 'PJXDK-6337', 0, 100, '%', 'Humidity');
INSERT INTO MEASUREMENT (DateTime, SensorID, MeasValue) VALUES (TO_DATE('09/05/18 12:45', 'DD/MM/YY HH24:MI'), 237996, 52);
INSERT INTO SENSOR (SerialNumber, CityPlaced, SensorModel, MinimValue, MaximValue, Unit, SensorType) VALUES (42074, 'Ιπποκράτειος Πολιτεία', 'AWFO-077', 718.0, 1088.9, 'hPa', 'Pressure');
INSERT INTO MEASUREMENT (DateTime, SensorID, MeasValue) VALUES (TO_DATE('09/05/18 12:45', 'DD/MM/YY HH24:MI'), 42074, 1011.3);
INSERT INTO SENSOR (SerialNumber, CityPlaced, SensorModel, MinimValue, MaximValue, Unit, SensorType) VALUES (49399, 'Ιπποκράτειος Πολιτεία', 'PSAP-3486', 0.0, 20.9, 'km/h', 'Wind');
INSERT INTO MEASUREMENT (DateTime, SensorID, MeasValue) VALUES (TO_DATE('09/05/18 12:45', 'DD/MM/YY HH24:MI'), 49399, 5.1);
INSERT INTO SENSOR (SerialNumber, CityPlaced, SensorModel, MinimValue, MaximValue, Unit, SensorType) VALUES (755319, 'Καλαμάκι - AirMar', 'IGYKE-197', -53.0, 74.9, '°C', 'Temperature');
INSERT INTO MEASUREMENT (DateTime, SensorID, MeasValue) VALUES (TO_DATE('09/05/18 12:48', 'DD/MM/YY HH24:MI'), 755319, 22.4);
INSERT INTO SENSOR (SerialNumber, CityPlaced, SensorModel, MinimValue, MaximValue, Unit, SensorType) VALUES (228229, 'Καλαμάκι - AirMar', 'WCRSM-5637', 0, 100, '%', 'Humidity');
INSERT INTO MEASUREMENT (DateTime, SensorID, MeasValue) VALUES (TO_DATE('09/05/18 12:48', 'DD/MM/YY HH24:MI'), 228229, 78);
INSERT INTO SENSOR (SerialNumber, CityPlaced, SensorModel, MinimValue, MaximValue, Unit, SensorType) VALUES (36909, 'Καλαμάκι - AirMar', 'DTES-885', 731.0, 1068.9, 'hPa', 'Pressure');
INSERT INTO MEASUREMENT (DateTime, SensorID, MeasValue) VALUES (TO_DATE('09/05/18 12:48', 'DD/MM/YY HH24:MI'), 36909, 1005.6);
INSERT INTO SENSOR (SerialNumber, CityPlaced, SensorModel, MinimValue, MaximValue, Unit, SensorType) VALUES (30994, 'Καλαμάκι - AirMar', 'IWES-0248', 0.0, 20.9, 'km/h', 'Wind');
INSERT INTO MEASUREMENT (DateTime, SensorID, MeasValue) VALUES (TO_DATE('09/05/18 12:48', 'DD/MM/YY HH24:MI'), 30994, 4.5);
INSERT INTO SENSOR (SerialNumber, CityPlaced, SensorModel, MinimValue, MaximValue, Unit, SensorType) VALUES (273371, 'Καλύβια Θορικού', 'MEESA-256', -50.0, 63.9, '°C', 'Temperature');
INSERT INTO MEASUREMENT (DateTime, SensorID, MeasValue) VALUES (TO_DATE('09/05/18 12:46', 'DD/MM/YY HH24:MI'), 273371, 24.4);
INSERT INTO SENSOR (SerialNumber, CityPlaced, SensorModel, MinimValue, MaximValue, Unit, SensorType) VALUES (590504, 'Καλύβια Θορικού', 'XXKPJ-4966', 0, 100, '%', 'Humidity');
INSERT INTO MEASUREMENT (DateTime, SensorID, MeasValue) VALUES (TO_DATE('09/05/18 12:46', 'DD/MM/YY HH24:MI'), 590504, 54);
INSERT INTO SENSOR (SerialNumber, CityPlaced, SensorModel, MinimValue, MaximValue, Unit, SensorType) VALUES (41964, 'Καλύβια Θορικού', 'QQCU-984', 708.0, 1065.9, 'hPa', 'Pressure');
INSERT INTO MEASUREMENT (DateTime, SensorID, MeasValue) VALUES (TO_DATE('09/05/18 12:46', 'DD/MM/YY HH24:MI'), 41964, 1007.3);
INSERT INTO SENSOR (SerialNumber, CityPlaced, SensorModel, MinimValue, MaximValue, Unit, SensorType) VALUES (55917, 'Καλύβια Θορικού', 'DGMS-7857', 0.0, 20.9, 'km/h', 'Wind');
INSERT INTO MEASUREMENT (DateTime, SensorID, MeasValue) VALUES (TO_DATE('09/05/18 12:46', 'DD/MM/YY HH24:MI'), 55917, 4.0);
INSERT INTO SENSOR (SerialNumber, CityPlaced, SensorModel, MinimValue, MaximValue, Unit, SensorType) VALUES (730925, 'Κορυδαλλός', 'ETZDF-661', -59.0, 67.9, '°C', 'Temperature');
INSERT INTO MEASUREMENT (DateTime, SensorID, MeasValue) VALUES (TO_DATE('09/05/18 12:48', 'DD/MM/YY HH24:MI'), 730925, 24.3);
INSERT INTO SENSOR (SerialNumber, CityPlaced, SensorModel, MinimValue, MaximValue, Unit, SensorType) VALUES (970790, 'Κορυδαλλός', 'KFGVW-9802', 0, 100, '%', 'Humidity');
INSERT INTO MEASUREMENT (DateTime, SensorID, MeasValue) VALUES (TO_DATE('09/05/18 12:48', 'DD/MM/YY HH24:MI'), 970790, 62);
INSERT INTO SENSOR (SerialNumber, CityPlaced, SensorModel, MinimValue, MaximValue, Unit, SensorType) VALUES (13705, 'Κορυδαλλός', 'IYCA-726', 735.0, 1068.9, 'hPa', 'Pressure');
INSERT INTO MEASUREMENT (DateTime, SensorID, MeasValue) VALUES (TO_DATE('09/05/18 12:48', 'DD/MM/YY HH24:MI'), 13705, 1007.0);
INSERT INTO SENSOR (SerialNumber, CityPlaced, SensorModel, MinimValue, MaximValue, Unit, SensorType) VALUES (72665, 'Κορυδαλλός', 'MERY-1164', 0.0, 24.9, 'km/h', 'Wind');
INSERT INTO MEASUREMENT (DateTime, SensorID, MeasValue) VALUES (TO_DATE('09/05/18 12:48', 'DD/MM/YY HH24:MI'), 72665, 4.3);
INSERT INTO SENSOR (SerialNumber, CityPlaced, SensorModel, MinimValue, MaximValue, Unit, SensorType) VALUES (786395, 'Λαύριο 2', 'BEAEC-404', -57.0, 78.9, '°C', 'Temperature');
INSERT INTO MEASUREMENT (DateTime, SensorID, MeasValue) VALUES (TO_DATE('09/05/18 12:45', 'DD/MM/YY HH24:MI'), 786395, 25.2);
INSERT INTO SENSOR (SerialNumber, CityPlaced, SensorModel, MinimValue, MaximValue, Unit, SensorType) VALUES (215411, 'Λαύριο 2', 'AOCTO-4539', 0, 100, '%', 'Humidity');
INSERT INTO MEASUREMENT (DateTime, SensorID, MeasValue) VALUES (TO_DATE('09/05/18 12:45', 'DD/MM/YY HH24:MI'), 215411, 49);
INSERT INTO SENSOR (SerialNumber, CityPlaced, SensorModel, MinimValue, MaximValue, Unit, SensorType) VALUES (77009, 'Λαύριο 2', 'ZWLX-239', 739.0, 1098.9, 'hPa', 'Pressure');
INSERT INTO MEASUREMENT (DateTime, SensorID, MeasValue) VALUES (TO_DATE('09/05/18 12:45', 'DD/MM/YY HH24:MI'), 77009, 1005.6);
INSERT INTO SENSOR (SerialNumber, CityPlaced, SensorModel, MinimValue, MaximValue, Unit, SensorType) VALUES (57985, 'Λαύριο 2', 'MKXQ-4378', 0.0, 20.9, 'km/h', 'Wind');
INSERT INTO MEASUREMENT (DateTime, SensorID, MeasValue) VALUES (TO_DATE('09/05/18 12:45', 'DD/MM/YY HH24:MI'), 57985, 8.8);
INSERT INTO SENSOR (SerialNumber, CityPlaced, SensorModel, MinimValue, MaximValue, Unit, SensorType) VALUES (433921, 'Λυκόβρυση', 'THNSX-803', -54.0, 68.9, '°C', 'Temperature');
INSERT INTO MEASUREMENT (DateTime, SensorID, MeasValue) VALUES (TO_DATE('09/05/18 12:45', 'DD/MM/YY HH24:MI'), 433921, 23.3);
INSERT INTO SENSOR (SerialNumber, CityPlaced, SensorModel, MinimValue, MaximValue, Unit, SensorType) VALUES (969608, 'Λυκόβρυση', 'HLJXG-1047', 0, 100, '%', 'Humidity');
INSERT INTO MEASUREMENT (DateTime, SensorID, MeasValue) VALUES (TO_DATE('09/05/18 12:45', 'DD/MM/YY HH24:MI'), 969608, 62);
INSERT INTO SENSOR (SerialNumber, CityPlaced, SensorModel, MinimValue, MaximValue, Unit, SensorType) VALUES (24887, 'Λυκόβρυση', 'RUWD-267', 705.0, 1050.9, 'hPa', 'Pressure');
INSERT INTO MEASUREMENT (DateTime, SensorID, MeasValue) VALUES (TO_DATE('09/05/18 12:45', 'DD/MM/YY HH24:MI'), 24887, 1006.5);
INSERT INTO SENSOR (SerialNumber, CityPlaced, SensorModel, MinimValue, MaximValue, Unit, SensorType) VALUES (96349, 'Λυκόβρυση', 'LFAR-1856', 0.0, 21.9, 'km/h', 'Wind');
INSERT INTO MEASUREMENT (DateTime, SensorID, MeasValue) VALUES (TO_DATE('09/05/18 12:45', 'DD/MM/YY HH24:MI'), 96349, 9.0);
INSERT INTO SENSOR (SerialNumber, CityPlaced, SensorModel, MinimValue, MaximValue, Unit, SensorType) VALUES (836969, 'Μαραθώνας Παραλία', 'GPEFT-884', -50.0, 71.9, '°C', 'Temperature');
INSERT INTO MEASUREMENT (DateTime, SensorID, MeasValue) VALUES (TO_DATE('09/05/18 12:47', 'DD/MM/YY HH24:MI'), 836969, 22.4);
INSERT INTO SENSOR (SerialNumber, CityPlaced, SensorModel, MinimValue, MaximValue, Unit, SensorType) VALUES (584068, 'Μαραθώνας Παραλία', 'MQXBR-1691', 0, 100, '%', 'Humidity');
INSERT INTO MEASUREMENT (DateTime, SensorID, MeasValue) VALUES (TO_DATE('09/05/18 12:47', 'DD/MM/YY HH24:MI'), 584068, 79);
INSERT INTO SENSOR (SerialNumber, CityPlaced, SensorModel, MinimValue, MaximValue, Unit, SensorType) VALUES (41630, 'Μαραθώνας Παραλία', 'ZCPK-355', 713.0, 1072.9, 'hPa', 'Pressure');
INSERT INTO MEASUREMENT (DateTime, SensorID, MeasValue) VALUES (TO_DATE('09/05/18 12:47', 'DD/MM/YY HH24:MI'), 41630, 1006.7);
INSERT INTO SENSOR (SerialNumber, CityPlaced, SensorModel, MinimValue, MaximValue, Unit, SensorType) VALUES (69266, 'Μαραθώνας Παραλία', 'MGAT-3183', 0.0, 25.9, 'km/h', 'Wind');
INSERT INTO MEASUREMENT (DateTime, SensorID, MeasValue) VALUES (TO_DATE('09/05/18 12:47', 'DD/MM/YY HH24:MI'), 69266, 6.0);
INSERT INTO SENSOR (SerialNumber, CityPlaced, SensorModel, MinimValue, MaximValue, Unit, SensorType) VALUES (546324, 'Μαρούσι Κοκκινιά', 'VTJLY-673', -52.0, 63.9, '°C', 'Temperature');
INSERT INTO MEASUREMENT (DateTime, SensorID, MeasValue) VALUES (TO_DATE('09/05/18 12:45', 'DD/MM/YY HH24:MI'), 546324, 24.8);
INSERT INTO SENSOR (SerialNumber, CityPlaced, SensorModel, MinimValue, MaximValue, Unit, SensorType) VALUES (142951, 'Μαρούσι Κοκκινιά', 'TSPKV-4127', 0, 100, '%', 'Humidity');
INSERT INTO MEASUREMENT (DateTime, SensorID, MeasValue) VALUES (TO_DATE('09/05/18 12:45', 'DD/MM/YY HH24:MI'), 142951, 52);
INSERT INTO SENSOR (SerialNumber, CityPlaced, SensorModel, MinimValue, MaximValue, Unit, SensorType) VALUES (20930, 'Μαρούσι Κοκκινιά', 'CBZS-617', 705.0, 1087.9, 'hPa', 'Pressure');
INSERT INTO MEASUREMENT (DateTime, SensorID, MeasValue) VALUES (TO_DATE('09/05/18 12:45', 'DD/MM/YY HH24:MI'), 20930, 1007.6);
INSERT INTO SENSOR (SerialNumber, CityPlaced, SensorModel, MinimValue, MaximValue, Unit, SensorType) VALUES (31001, 'Μαρούσι Κοκκινιά', 'HRXR-2743', 0.0, 21.9, 'km/h', 'Wind');
INSERT INTO MEASUREMENT (DateTime, SensorID, MeasValue) VALUES (TO_DATE('09/05/18 12:45', 'DD/MM/YY HH24:MI'), 31001, 1.6);
INSERT INTO SENSOR (SerialNumber, CityPlaced, SensorModel, MinimValue, MaximValue, Unit, SensorType) VALUES (949827, 'Μενίδι', 'XZZZC-138', -50.0, 68.9, '°C', 'Temperature');
INSERT INTO MEASUREMENT (DateTime, SensorID, MeasValue) VALUES (TO_DATE('09/05/18 12:39', 'DD/MM/YY HH24:MI'), 949827, 26.4);
INSERT INTO SENSOR (SerialNumber, CityPlaced, SensorModel, MinimValue, MaximValue, Unit, SensorType) VALUES (717103, 'Μενίδι', 'BYYSH-1050', 0, 100, '%', 'Humidity');
INSERT INTO MEASUREMENT (DateTime, SensorID, MeasValue) VALUES (TO_DATE('09/05/18 12:39', 'DD/MM/YY HH24:MI'), 717103, 52);
INSERT INTO SENSOR (SerialNumber, CityPlaced, SensorModel, MinimValue, MaximValue, Unit, SensorType) VALUES (79829, 'Μενίδι', 'MZIV-555', 709.0, 1067.9, 'hPa', 'Pressure');
INSERT INTO MEASUREMENT (DateTime, SensorID, MeasValue) VALUES (TO_DATE('09/05/18 12:39', 'DD/MM/YY HH24:MI'), 79829, 1005.1);
INSERT INTO SENSOR (SerialNumber, CityPlaced, SensorModel, MinimValue, MaximValue, Unit, SensorType) VALUES (14421, 'Μενίδι', 'HDGZ-6895', 0.0, 24.9, 'km/h', 'Wind');
INSERT INTO MEASUREMENT (DateTime, SensorID, MeasValue) VALUES (TO_DATE('09/05/18 12:39', 'DD/MM/YY HH24:MI'), 14421, 4.3);
INSERT INTO SENSOR (SerialNumber, CityPlaced, SensorModel, MinimValue, MaximValue, Unit, SensorType) VALUES (871816, 'Νέα Κηφισιά', 'MNVOZ-034', -55.0, 78.9, '°C', 'Temperature');
INSERT INTO MEASUREMENT (DateTime, SensorID, MeasValue) VALUES (TO_DATE('09/05/18 12:47', 'DD/MM/YY HH24:MI'), 871816, 23.9);
INSERT INTO SENSOR (SerialNumber, CityPlaced, SensorModel, MinimValue, MaximValue, Unit, SensorType) VALUES (367214, 'Νέα Κηφισιά', 'RYJWC-0238', 0, 100, '%', 'Humidity');
INSERT INTO MEASUREMENT (DateTime, SensorID, MeasValue) VALUES (TO_DATE('09/05/18 12:47', 'DD/MM/YY HH24:MI'), 367214, 58);
INSERT INTO SENSOR (SerialNumber, CityPlaced, SensorModel, MinimValue, MaximValue, Unit, SensorType) VALUES (43957, 'Νέα Κηφισιά', 'VPTD-712', 744.0, 1058.9, 'hPa', 'Pressure');
INSERT INTO MEASUREMENT (DateTime, SensorID, MeasValue) VALUES (TO_DATE('09/05/18 12:47', 'DD/MM/YY HH24:MI'), 43957, 1005.0);
INSERT INTO SENSOR (SerialNumber, CityPlaced, SensorModel, MinimValue, MaximValue, Unit, SensorType) VALUES (89097, 'Νέα Κηφισιά', 'JSSW-9236', 0.0, 20.9, 'km/h', 'Wind');
INSERT INTO MEASUREMENT (DateTime, SensorID, MeasValue) VALUES (TO_DATE('09/05/18 12:47', 'DD/MM/YY HH24:MI'), 89097, 5.8);
INSERT INTO SENSOR (SerialNumber, CityPlaced, SensorModel, MinimValue, MaximValue, Unit, SensorType) VALUES (594537, 'Νέο Φάληρο 2', 'NCXKB-303', -51.0, 74.9, '°C', 'Temperature');
INSERT INTO MEASUREMENT (DateTime, SensorID, MeasValue) VALUES (TO_DATE('09/05/18 12:45', 'DD/MM/YY HH24:MI'), 594537, 24.6);
INSERT INTO SENSOR (SerialNumber, CityPlaced, SensorModel, MinimValue, MaximValue, Unit, SensorType) VALUES (860504, 'Νέο Φάληρο 2', 'WLZHD-6212', 0, 100, '%', 'Humidity');
INSERT INTO MEASUREMENT (DateTime, SensorID, MeasValue) VALUES (TO_DATE('09/05/18 12:45', 'DD/MM/YY HH24:MI'), 860504, 57);
INSERT INTO SENSOR (SerialNumber, CityPlaced, SensorModel, MinimValue, MaximValue, Unit, SensorType) VALUES (32034, 'Νέο Φάληρο 2', 'SJHQ-202', 707.0, 1076.9, 'hPa', 'Pressure');
INSERT INTO MEASUREMENT (DateTime, SensorID, MeasValue) VALUES (TO_DATE('09/05/18 12:45', 'DD/MM/YY HH24:MI'), 32034, 1003.0);
INSERT INTO SENSOR (SerialNumber, CityPlaced, SensorModel, MinimValue, MaximValue, Unit, SensorType) VALUES (89852, 'Νέο Φάληρο 2', 'ZKHA-3665', 0.0, 22.9, 'km/h', 'Wind');
INSERT INTO MEASUREMENT (DateTime, SensorID, MeasValue) VALUES (TO_DATE('09/05/18 12:45', 'DD/MM/YY HH24:MI'), 89852, 8.0);
INSERT INTO SENSOR (SerialNumber, CityPlaced, SensorModel, MinimValue, MaximValue, Unit, SensorType) VALUES (531214, 'Νίκαια Περιβολάκι', 'VGJWU-932', -58.0, 62.9, '°C', 'Temperature');
INSERT INTO MEASUREMENT (DateTime, SensorID, MeasValue) VALUES (TO_DATE('09/05/18 12:47', 'DD/MM/YY HH24:MI'), 531214, 25.7);
INSERT INTO SENSOR (SerialNumber, CityPlaced, SensorModel, MinimValue, MaximValue, Unit, SensorType) VALUES (858171, 'Νίκαια Περιβολάκι', 'NKDBS-5728', 0, 100, '%', 'Humidity');
INSERT INTO MEASUREMENT (DateTime, SensorID, MeasValue) VALUES (TO_DATE('09/05/18 12:47', 'DD/MM/YY HH24:MI'), 858171, 73);
INSERT INTO SENSOR (SerialNumber, CityPlaced, SensorModel, MinimValue, MaximValue, Unit, SensorType) VALUES (60812, 'Νίκαια Περιβολάκι', 'AKHJ-400', 745.0, 1095.9, 'hPa', 'Pressure');
INSERT INTO MEASUREMENT (DateTime, SensorID, MeasValue) VALUES (TO_DATE('09/05/18 12:47', 'DD/MM/YY HH24:MI'), 60812, 1004.4);
INSERT INTO SENSOR (SerialNumber, CityPlaced, SensorModel, MinimValue, MaximValue, Unit, SensorType) VALUES (60068, 'Νίκαια Περιβολάκι', 'GKYP-5756', 0.0, 22.9, 'km/h', 'Wind');
INSERT INTO MEASUREMENT (DateTime, SensorID, MeasValue) VALUES (TO_DATE('09/05/18 12:47', 'DD/MM/YY HH24:MI'), 60068, 9.8);
INSERT INTO SENSOR (SerialNumber, CityPlaced, SensorModel, MinimValue, MaximValue, Unit, SensorType) VALUES (579974, 'Παλαιό Φάληρο 2', 'FAWBS-290', -58.0, 74.9, '°C', 'Temperature');
INSERT INTO MEASUREMENT (DateTime, SensorID, MeasValue) VALUES (TO_DATE('09/05/18 12:45', 'DD/MM/YY HH24:MI'), 579974, 23.6);
INSERT INTO SENSOR (SerialNumber, CityPlaced, SensorModel, MinimValue, MaximValue, Unit, SensorType) VALUES (290907, 'Παλαιό Φάληρο 2', 'GQHID-5680', 0, 100, '%', 'Humidity');
INSERT INTO MEASUREMENT (DateTime, SensorID, MeasValue) VALUES (TO_DATE('09/05/18 12:45', 'DD/MM/YY HH24:MI'), 290907, 63);
INSERT INTO SENSOR (SerialNumber, CityPlaced, SensorModel, MinimValue, MaximValue, Unit, SensorType) VALUES (69355, 'Παλαιό Φάληρο 2', 'LMVL-848', 741.0, 1070.9, 'hPa', 'Pressure');
INSERT INTO MEASUREMENT (DateTime, SensorID, MeasValue) VALUES (TO_DATE('09/05/18 12:45', 'DD/MM/YY HH24:MI'), 69355, 1004.6);
INSERT INTO SENSOR (SerialNumber, CityPlaced, SensorModel, MinimValue, MaximValue, Unit, SensorType) VALUES (24050, 'Παλαιό Φάληρο 2', 'SWTE-3063', 0.0, 22.9, 'km/h', 'Wind');
INSERT INTO MEASUREMENT (DateTime, SensorID, MeasValue) VALUES (TO_DATE('09/05/18 12:45', 'DD/MM/YY HH24:MI'), 24050, 1.9);
INSERT INTO SENSOR (SerialNumber, CityPlaced, SensorModel, MinimValue, MaximValue, Unit, SensorType) VALUES (331919, 'Παλλήνη Κάντζα', 'SGDHF-070', -59.0, 64.9, '°C', 'Temperature');
INSERT INTO MEASUREMENT (DateTime, SensorID, MeasValue) VALUES (TO_DATE('09/05/18 12:40', 'DD/MM/YY HH24:MI'), 331919, 25.1);
INSERT INTO SENSOR (SerialNumber, CityPlaced, SensorModel, MinimValue, MaximValue, Unit, SensorType) VALUES (310701, 'Παλλήνη Κάντζα', 'REQNQ-2427', 0, 100, '%', 'Humidity');
INSERT INTO MEASUREMENT (DateTime, SensorID, MeasValue) VALUES (TO_DATE('09/05/18 12:40', 'DD/MM/YY HH24:MI'), 310701, 48);
INSERT INTO SENSOR (SerialNumber, CityPlaced, SensorModel, MinimValue, MaximValue, Unit, SensorType) VALUES (54199, 'Παλλήνη Κάντζα', 'RSFY-955', 730.0, 1079.9, 'hPa', 'Pressure');
INSERT INTO MEASUREMENT (DateTime, SensorID, MeasValue) VALUES (TO_DATE('09/05/18 12:40', 'DD/MM/YY HH24:MI'), 54199, 1005.1);
INSERT INTO SENSOR (SerialNumber, CityPlaced, SensorModel, MinimValue, MaximValue, Unit, SensorType) VALUES (61186, 'Παλλήνη Κάντζα', 'RJKE-7367', 0.0, 20.9, 'km/h', 'Wind');
INSERT INTO MEASUREMENT (DateTime, SensorID, MeasValue) VALUES (TO_DATE('09/05/18 12:40', 'DD/MM/YY HH24:MI'), 61186, 3.6);
INSERT INTO SENSOR (SerialNumber, CityPlaced, SensorModel, MinimValue, MaximValue, Unit, SensorType) VALUES (842249, 'Πειραιάς Λόφος Βώκου', 'EQTKF-015', -53.0, 78.9, '°C', 'Temperature');
INSERT INTO MEASUREMENT (DateTime, SensorID, MeasValue) VALUES (TO_DATE('09/05/18 12:43', 'DD/MM/YY HH24:MI'), 842249, 24.5);
INSERT INTO SENSOR (SerialNumber, CityPlaced, SensorModel, MinimValue, MaximValue, Unit, SensorType) VALUES (470144, 'Πειραιάς Λόφος Βώκου', 'VSGZF-3750', 0, 100, '%', 'Humidity');
INSERT INTO MEASUREMENT (DateTime, SensorID, MeasValue) VALUES (TO_DATE('09/05/18 12:43', 'DD/MM/YY HH24:MI'), 470144, 59);
INSERT INTO SENSOR (SerialNumber, CityPlaced, SensorModel, MinimValue, MaximValue, Unit, SensorType) VALUES (69433, 'Πειραιάς Λόφος Βώκου', 'GMUA-675', 731.0, 1052.9, 'hPa', 'Pressure');
INSERT INTO MEASUREMENT (DateTime, SensorID, MeasValue) VALUES (TO_DATE('09/05/18 12:43', 'DD/MM/YY HH24:MI'), 69433, 1006.6);
INSERT INTO SENSOR (SerialNumber, CityPlaced, SensorModel, MinimValue, MaximValue, Unit, SensorType) VALUES (99045, 'Πειραιάς Λόφος Βώκου', 'GZTA-0514', 0.0, 24.9, 'km/h', 'Wind');
INSERT INTO MEASUREMENT (DateTime, SensorID, MeasValue) VALUES (TO_DATE('09/05/18 12:43', 'DD/MM/YY HH24:MI'), 99045, 2.4);
INSERT INTO SENSOR (SerialNumber, CityPlaced, SensorModel, MinimValue, MaximValue, Unit, SensorType) VALUES (495736, 'Πειραιάς', 'JWUMV-016', -59.0, 80.9, '°C', 'Temperature');
INSERT INTO MEASUREMENT (DateTime, SensorID, MeasValue) VALUES (TO_DATE('09/05/18 12:48', 'DD/MM/YY HH24:MI'), 495736, 24.0);
INSERT INTO SENSOR (SerialNumber, CityPlaced, SensorModel, MinimValue, MaximValue, Unit, SensorType) VALUES (757853, 'Πειραιάς', 'IRZFO-4178', 0, 100, '%', 'Humidity');
INSERT INTO MEASUREMENT (DateTime, SensorID, MeasValue) VALUES (TO_DATE('09/05/18 12:48', 'DD/MM/YY HH24:MI'), 757853, 68);
INSERT INTO SENSOR (SerialNumber, CityPlaced, SensorModel, MinimValue, MaximValue, Unit, SensorType) VALUES (50812, 'Πειραιάς', 'HRQS-731', 730.0, 1090.9, 'hPa', 'Pressure');
INSERT INTO MEASUREMENT (DateTime, SensorID, MeasValue) VALUES (TO_DATE('09/05/18 12:48', 'DD/MM/YY HH24:MI'), 50812, 1005.7);
INSERT INTO SENSOR (SerialNumber, CityPlaced, SensorModel, MinimValue, MaximValue, Unit, SensorType) VALUES (14259, 'Πειραιάς', 'IKMH-9594', 0.0, 20.9, 'km/h', 'Wind');
INSERT INTO MEASUREMENT (DateTime, SensorID, MeasValue) VALUES (TO_DATE('09/05/18 12:48', 'DD/MM/YY HH24:MI'), 14259, 5.4);
INSERT INTO SENSOR (SerialNumber, CityPlaced, SensorModel, MinimValue, MaximValue, Unit, SensorType) VALUES (319820, 'Περαμα', 'UQMFN-093', -57.0, 64.9, '°C', 'Temperature');
INSERT INTO MEASUREMENT (DateTime, SensorID, MeasValue) VALUES (TO_DATE('09/05/18 12:45', 'DD/MM/YY HH24:MI'), 319820, 23.1);
INSERT INTO SENSOR (SerialNumber, CityPlaced, SensorModel, MinimValue, MaximValue, Unit, SensorType) VALUES (132389, 'Περαμα', 'RUHLA-2942', 0, 100, '%', 'Humidity');
INSERT INTO MEASUREMENT (DateTime, SensorID, MeasValue) VALUES (TO_DATE('09/05/18 12:45', 'DD/MM/YY HH24:MI'), 132389, 64);
INSERT INTO MEASUREMENT (DateTime, SensorID, MeasValue) VALUES (TO_DATE('09/05/18 12:45', 'DD/MM/YY HH24:MI'), 96853, 1006.4);
INSERT INTO SENSOR (SerialNumber, CityPlaced, SensorModel, MinimValue, MaximValue, Unit, SensorType) VALUES (63987, 'Περαμα', 'FDVZ-2895', 0.0, 21.9, 'km/h', 'Wind');
INSERT INTO MEASUREMENT (DateTime, SensorID, MeasValue) VALUES (TO_DATE('09/05/18 12:45', 'DD/MM/YY HH24:MI'), 63987, 8.2);
INSERT INTO SENSOR (SerialNumber, CityPlaced, SensorModel, MinimValue, MaximValue, Unit, SensorType) VALUES (202720, 'Πόρτο Ράφτη Λιμικό', 'KCAQG-772', -57.0, 71.9, '°C', 'Temperature');
INSERT INTO MEASUREMENT (DateTime, SensorID, MeasValue) VALUES (TO_DATE('09/05/18 12:47', 'DD/MM/YY HH24:MI'), 202720, 25.5);
INSERT INTO SENSOR (SerialNumber, CityPlaced, SensorModel, MinimValue, MaximValue, Unit, SensorType) VALUES (232961, 'Πόρτο Ράφτη Λιμικό', 'XPIEK-3677', 0, 100, '%', 'Humidity');
INSERT INTO MEASUREMENT (DateTime, SensorID, MeasValue) VALUES (TO_DATE('09/05/18 12:47', 'DD/MM/YY HH24:MI'), 232961, 50);
INSERT INTO SENSOR (SerialNumber, CityPlaced, SensorModel, MinimValue, MaximValue, Unit, SensorType) VALUES (42389, 'Πόρτο Ράφτη Λιμικό', 'OCXT-813', 731.0, 1075.9, 'hPa', 'Pressure');
INSERT INTO MEASUREMENT (DateTime, SensorID, MeasValue) VALUES (TO_DATE('09/05/18 12:47', 'DD/MM/YY HH24:MI'), 42389, 1002.9);
INSERT INTO SENSOR (SerialNumber, CityPlaced, SensorModel, MinimValue, MaximValue, Unit, SensorType) VALUES (20112, 'Πόρτο Ράφτη Λιμικό', 'WJFA-0614', 0.0, 23.9, 'km/h', 'Wind');
INSERT INTO MEASUREMENT (DateTime, SensorID, MeasValue) VALUES (TO_DATE('09/05/18 12:47', 'DD/MM/YY HH24:MI'), 20112, 9.7);
INSERT INTO SENSOR (SerialNumber, CityPlaced, SensorModel, MinimValue, MaximValue, Unit, SensorType) VALUES (945967, 'Ρέα', 'FCSRA-432', -58.0, 60.9, '°C', 'Temperature');
INSERT INTO MEASUREMENT (DateTime, SensorID, MeasValue) VALUES (TO_DATE('09/05/18 12:45', 'DD/MM/YY HH24:MI'), 945967, 22.2);
INSERT INTO SENSOR (SerialNumber, CityPlaced, SensorModel, MinimValue, MaximValue, Unit, SensorType) VALUES (721283, 'Ρέα', 'VLHTU-7874', 0, 100, '%', 'Humidity');
INSERT INTO MEASUREMENT (DateTime, SensorID, MeasValue) VALUES (TO_DATE('09/05/18 12:45', 'DD/MM/YY HH24:MI'), 721283, 63);
INSERT INTO SENSOR (SerialNumber, CityPlaced, SensorModel, MinimValue, MaximValue, Unit, SensorType) VALUES (75350, 'Ρέα', 'BWVU-738', 719.0, 1091.9, 'hPa', 'Pressure');
INSERT INTO MEASUREMENT (DateTime, SensorID, MeasValue) VALUES (TO_DATE('09/05/18 12:45', 'DD/MM/YY HH24:MI'), 75350, 1004.6);
INSERT INTO SENSOR (SerialNumber, CityPlaced, SensorModel, MinimValue, MaximValue, Unit, SensorType) VALUES (43150, 'Ρέα', 'DRZD-1764', 0.0, 24.9, 'km/h', 'Wind');
INSERT INTO MEASUREMENT (DateTime, SensorID, MeasValue) VALUES (TO_DATE('09/05/18 12:45', 'DD/MM/YY HH24:MI'), 43150, 0.8);
INSERT INTO SENSOR (SerialNumber, CityPlaced, SensorModel, MinimValue, MaximValue, Unit, SensorType) VALUES (506650, 'Σαλαμίνα', 'XDSRY-062', -55.0, 71.9, '°C', 'Temperature');
INSERT INTO MEASUREMENT (DateTime, SensorID, MeasValue) VALUES (TO_DATE('09/05/18 12:39', 'DD/MM/YY HH24:MI'), 506650, 23.8);
INSERT INTO SENSOR (SerialNumber, CityPlaced, SensorModel, MinimValue, MaximValue, Unit, SensorType) VALUES (291626, 'Σαλαμίνα', 'QPYYT-4255', 0, 100, '%', 'Humidity');
INSERT INTO MEASUREMENT (DateTime, SensorID, MeasValue) VALUES (TO_DATE('09/05/18 12:39', 'DD/MM/YY HH24:MI'), 291626, 68);
INSERT INTO SENSOR (SerialNumber, CityPlaced, SensorModel, MinimValue, MaximValue, Unit, SensorType) VALUES (35153, 'Σαλαμίνα', 'EIBL-925', 701.0, 1093.9, 'hPa', 'Pressure');
INSERT INTO MEASUREMENT (DateTime, SensorID, MeasValue) VALUES (TO_DATE('09/05/18 12:39', 'DD/MM/YY HH24:MI'), 35153, 1004.7);
INSERT INTO SENSOR (SerialNumber, CityPlaced, SensorModel, MinimValue, MaximValue, Unit, SensorType) VALUES (60733, 'Σαλαμίνα', 'WIWS-8245', 0.0, 25.9, 'km/h', 'Wind');
INSERT INTO MEASUREMENT (DateTime, SensorID, MeasValue) VALUES (TO_DATE('09/05/18 12:39', 'DD/MM/YY HH24:MI'), 60733, 2.4);
INSERT INTO SENSOR (SerialNumber, CityPlaced, SensorModel, MinimValue, MaximValue, Unit, SensorType) VALUES (564716, 'Σχινιάς', 'CEKUQ-407', -54.0, 74.9, '°C', 'Temperature');
INSERT INTO MEASUREMENT (DateTime, SensorID, MeasValue) VALUES (TO_DATE('09/05/18 12:40', 'DD/MM/YY HH24:MI'), 564716, 21.9);
INSERT INTO SENSOR (SerialNumber, CityPlaced, SensorModel, MinimValue, MaximValue, Unit, SensorType) VALUES (368075, 'Σχινιάς', 'CNZDM-3464', 0, 100, '%', 'Humidity');
INSERT INTO MEASUREMENT (DateTime, SensorID, MeasValue) VALUES (TO_DATE('09/05/18 12:40', 'DD/MM/YY HH24:MI'), 368075, 0);
INSERT INTO SENSOR (SerialNumber, CityPlaced, SensorModel, MinimValue, MaximValue, Unit, SensorType) VALUES (11551, 'Σχινιάς', 'VENV-194', 742.0, 1068.9, 'hPa', 'Pressure');
INSERT INTO MEASUREMENT (DateTime, SensorID, MeasValue) VALUES (TO_DATE('09/05/18 12:40', 'DD/MM/YY HH24:MI'), 11551, 1005.1);
INSERT INTO SENSOR (SerialNumber, CityPlaced, SensorModel, MinimValue, MaximValue, Unit, SensorType) VALUES (56760, 'Σχινιάς', 'IOSJ-6646', 0.0, 20.9, 'km/h', 'Wind');
INSERT INTO MEASUREMENT (DateTime, SensorID, MeasValue) VALUES (TO_DATE('09/05/18 12:40', 'DD/MM/YY HH24:MI'), 56760, 7.3);
INSERT INTO SENSOR (SerialNumber, CityPlaced, SensorModel, MinimValue, MaximValue, Unit, SensorType) VALUES (395774, 'Φυλή', 'PEEXW-643', -58.0, 77.9, '°C', 'Temperature');
INSERT INTO MEASUREMENT (DateTime, SensorID, MeasValue) VALUES (TO_DATE('09/05/18 12:43', 'DD/MM/YY HH24:MI'), 395774, 21.8);
INSERT INTO SENSOR (SerialNumber, CityPlaced, SensorModel, MinimValue, MaximValue, Unit, SensorType) VALUES (401038, 'Φυλή', 'ITQUF-5027', 0, 100, '%', 'Humidity');
INSERT INTO MEASUREMENT (DateTime, SensorID, MeasValue) VALUES (TO_DATE('09/05/18 12:43', 'DD/MM/YY HH24:MI'), 401038, 56);
INSERT INTO SENSOR (SerialNumber, CityPlaced, SensorModel, MinimValue, MaximValue, Unit, SensorType) VALUES (90056, 'Φυλή', 'XHAQ-165', 713.0, 1088.9, 'hPa', 'Pressure');
INSERT INTO MEASUREMENT (DateTime, SensorID, MeasValue) VALUES (TO_DATE('09/05/18 12:43', 'DD/MM/YY HH24:MI'), 90056, 1006.1);
INSERT INTO SENSOR (SerialNumber, CityPlaced, SensorModel, MinimValue, MaximValue, Unit, SensorType) VALUES (60351, 'Φυλή', 'UGIQ-2019', 0.0, 24.9, 'km/h', 'Wind');
INSERT INTO MEASUREMENT (DateTime, SensorID, MeasValue) VALUES (TO_DATE('09/05/18 12:43', 'DD/MM/YY HH24:MI'), 60351, 4.8);
INSERT INTO SENSOR (SerialNumber, CityPlaced, SensorModel, MinimValue, MaximValue, Unit, SensorType) VALUES (844791, 'Χαλάνδρι 2', 'TSBSO-421', -58.0, 80.9, '°C', 'Temperature');
INSERT INTO MEASUREMENT (DateTime, SensorID, MeasValue) VALUES (TO_DATE('09/05/18 12:48', 'DD/MM/YY HH24:MI'), 844791, 23.7);
INSERT INTO SENSOR (SerialNumber, CityPlaced, SensorModel, MinimValue, MaximValue, Unit, SensorType) VALUES (952376, 'Χαλάνδρι 2', 'DBVOF-2934', 0, 100, '%', 'Humidity');
INSERT INTO MEASUREMENT (DateTime, SensorID, MeasValue) VALUES (TO_DATE('09/05/18 12:48', 'DD/MM/YY HH24:MI'), 952376, 54);
INSERT INTO SENSOR (SerialNumber, CityPlaced, SensorModel, MinimValue, MaximValue, Unit, SensorType) VALUES (55146, 'Χαλάνδρι 2', 'YPQM-018', 738.0, 1094.9, 'hPa', 'Pressure');
INSERT INTO MEASUREMENT (DateTime, SensorID, MeasValue) VALUES (TO_DATE('09/05/18 12:48', 'DD/MM/YY HH24:MI'), 55146, 1005.4);
INSERT INTO SENSOR (SerialNumber, CityPlaced, SensorModel, MinimValue, MaximValue, Unit, SensorType) VALUES (29995, 'Χαλάνδρι 2', 'RUNB-4802', 0.0, 21.9, 'km/h', 'Wind');
INSERT INTO MEASUREMENT (DateTime, SensorID, MeasValue) VALUES (TO_DATE('09/05/18 12:48', 'DD/MM/YY HH24:MI'), 29995, 7.7);
INSERT INTO SENSOR (SerialNumber, CityPlaced, SensorModel, MinimValue, MaximValue, Unit, SensorType) VALUES (926477, 'Αράχωβα', 'LNYII-946', -57.0, 62.9, '°C', 'Temperature');
INSERT INTO MEASUREMENT (DateTime, SensorID, MeasValue) VALUES (TO_DATE('09/05/18 12:40', 'DD/MM/YY HH24:MI'), 926477, 19.6);
INSERT INTO SENSOR (SerialNumber, CityPlaced, SensorModel, MinimValue, MaximValue, Unit, SensorType) VALUES (851205, 'Αράχωβα', 'TAUXY-7589', 0, 100, '%', 'Humidity');
INSERT INTO MEASUREMENT (DateTime, SensorID, MeasValue) VALUES (TO_DATE('09/05/18 12:40', 'DD/MM/YY HH24:MI'), 851205, 58);
INSERT INTO SENSOR (SerialNumber, CityPlaced, SensorModel, MinimValue, MaximValue, Unit, SensorType) VALUES (86657, 'Αράχωβα', 'SYVX-098', 736.0, 1063.9, 'hPa', 'Pressure');
INSERT INTO MEASUREMENT (DateTime, SensorID, MeasValue) VALUES (TO_DATE('09/05/18 12:40', 'DD/MM/YY HH24:MI'), 86657, 1004.9);
INSERT INTO SENSOR (SerialNumber, CityPlaced, SensorModel, MinimValue, MaximValue, Unit, SensorType) VALUES (11764, 'Αράχωβα', 'ADTH-9975', 0.0, 21.9, 'km/h', 'Wind');
INSERT INTO MEASUREMENT (DateTime, SensorID, MeasValue) VALUES (TO_DATE('09/05/18 12:40', 'DD/MM/YY HH24:MI'), 11764, 0.8);
INSERT INTO SENSOR (SerialNumber, CityPlaced, SensorModel, MinimValue, MaximValue, Unit, SensorType) VALUES (856287, 'Λιβαδειά', 'TATNF-034', -54.0, 79.9, '°C', 'Temperature');
INSERT INTO MEASUREMENT (DateTime, SensorID, MeasValue) VALUES (TO_DATE('09/05/18 12:40', 'DD/MM/YY HH24:MI'), 856287, 23.5);
INSERT INTO SENSOR (SerialNumber, CityPlaced, SensorModel, MinimValue, MaximValue, Unit, SensorType) VALUES (410754, 'Λιβαδειά', 'GIHBW-5645', 0, 100, '%', 'Humidity');
INSERT INTO MEASUREMENT (DateTime, SensorID, MeasValue) VALUES (TO_DATE('09/05/18 12:40', 'DD/MM/YY HH24:MI'), 410754, 60);
INSERT INTO SENSOR (SerialNumber, CityPlaced, SensorModel, MinimValue, MaximValue, Unit, SensorType) VALUES (37168, 'Λιβαδειά', 'YOJX-286', 748.0, 1081.9, 'hPa', 'Pressure');
INSERT INTO MEASUREMENT (DateTime, SensorID, MeasValue) VALUES (TO_DATE('09/05/18 12:40', 'DD/MM/YY HH24:MI'), 37168, 1005.8);
INSERT INTO SENSOR (SerialNumber, CityPlaced, SensorModel, MinimValue, MaximValue, Unit, SensorType) VALUES (40547, 'Λιβαδειά', 'CACX-4606', 0.0, 25.9, 'km/h', 'Wind');
INSERT INTO MEASUREMENT (DateTime, SensorID, MeasValue) VALUES (TO_DATE('09/05/18 12:40', 'DD/MM/YY HH24:MI'), 40547, 3.2);
INSERT INTO SENSOR (SerialNumber, CityPlaced, SensorModel, MinimValue, MaximValue, Unit, SensorType) VALUES (777963, 'Οινόφυτα', 'XZDGP-270', -57.0, 63.9, '°C', 'Temperature');
INSERT INTO MEASUREMENT (DateTime, SensorID, MeasValue) VALUES (TO_DATE('09/05/18 12:48', 'DD/MM/YY HH24:MI'), 777963, 26.3);
INSERT INTO SENSOR (SerialNumber, CityPlaced, SensorModel, MinimValue, MaximValue, Unit, SensorType) VALUES (957894, 'Οινόφυτα', 'OJWME-7690', 0, 100, '%', 'Humidity');
INSERT INTO MEASUREMENT (DateTime, SensorID, MeasValue) VALUES (TO_DATE('09/05/18 12:48', 'DD/MM/YY HH24:MI'), 957894, 55);
INSERT INTO SENSOR (SerialNumber, CityPlaced, SensorModel, MinimValue, MaximValue, Unit, SensorType) VALUES (90262, 'Οινόφυτα', 'EXUJ-542', 706.0, 1061.9, 'hPa', 'Pressure');
INSERT INTO MEASUREMENT (DateTime, SensorID, MeasValue) VALUES (TO_DATE('09/05/18 12:48', 'DD/MM/YY HH24:MI'), 90262, 1005.2);
INSERT INTO SENSOR (SerialNumber, CityPlaced, SensorModel, MinimValue, MaximValue, Unit, SensorType) VALUES (60253, 'Οινόφυτα', 'PTIQ-9925', 0.0, 23.9, 'km/h', 'Wind');
INSERT INTO MEASUREMENT (DateTime, SensorID, MeasValue) VALUES (TO_DATE('09/05/18 12:48', 'DD/MM/YY HH24:MI'), 60253, 5.6);
INSERT INTO SENSOR (SerialNumber, CityPlaced, SensorModel, MinimValue, MaximValue, Unit, SensorType) VALUES (333049, 'Παρνασσός Σκαμνός', 'EIREO-447', -53.0, 60.9, '°C', 'Temperature');
INSERT INTO MEASUREMENT (DateTime, SensorID, MeasValue) VALUES (TO_DATE('09/05/18 12:44', 'DD/MM/YY HH24:MI'), 333049, 20.7);
INSERT INTO SENSOR (SerialNumber, CityPlaced, SensorModel, MinimValue, MaximValue, Unit, SensorType) VALUES (424287, 'Παρνασσός Σκαμνός', 'ZHUSY-1024', 0, 100, '%', 'Humidity');
INSERT INTO MEASUREMENT (DateTime, SensorID, MeasValue) VALUES (TO_DATE('09/05/18 12:44', 'DD/MM/YY HH24:MI'), 424287, 41);
INSERT INTO SENSOR (SerialNumber, CityPlaced, SensorModel, MinimValue, MaximValue, Unit, SensorType) VALUES (53781, 'Παρνασσός Σκαμνός', 'OVHJ-364', 713.0, 1085.9, 'hPa', 'Pressure');
INSERT INTO MEASUREMENT (DateTime, SensorID, MeasValue) VALUES (TO_DATE('09/05/18 12:44', 'DD/MM/YY HH24:MI'), 53781, 1017.1);
INSERT INTO SENSOR (SerialNumber, CityPlaced, SensorModel, MinimValue, MaximValue, Unit, SensorType) VALUES (12905, 'Παρνασσός Σκαμνός', 'FRJO-2025', 0.0, 24.9, 'km/h', 'Wind');
INSERT INTO MEASUREMENT (DateTime, SensorID, MeasValue) VALUES (TO_DATE('09/05/18 12:44', 'DD/MM/YY HH24:MI'), 12905, 0.0);
INSERT INTO SENSOR (SerialNumber, CityPlaced, SensorModel, MinimValue, MaximValue, Unit, SensorType) VALUES (671121, 'Ιστιαία', 'BCSFG-540', -59.0, 73.9, '°C', 'Temperature');
INSERT INTO MEASUREMENT (DateTime, SensorID, MeasValue) VALUES (TO_DATE('09/05/18 12:46', 'DD/MM/YY HH24:MI'), 671121, 23.7);
INSERT INTO SENSOR (SerialNumber, CityPlaced, SensorModel, MinimValue, MaximValue, Unit, SensorType) VALUES (825956, 'Ιστιαία', 'STLDU-3268', 0, 100, '%', 'Humidity');
INSERT INTO MEASUREMENT (DateTime, SensorID, MeasValue) VALUES (TO_DATE('09/05/18 12:46', 'DD/MM/YY HH24:MI'), 825956, 65);
INSERT INTO SENSOR (SerialNumber, CityPlaced, SensorModel, MinimValue, MaximValue, Unit, SensorType) VALUES (22138, 'Ιστιαία', 'AMJT-180', 709.0, 1061.9, 'hPa', 'Pressure');
INSERT INTO MEASUREMENT (DateTime, SensorID, MeasValue) VALUES (TO_DATE('09/05/18 12:46', 'DD/MM/YY HH24:MI'), 22138, 1006.2);
INSERT INTO SENSOR (SerialNumber, CityPlaced, SensorModel, MinimValue, MaximValue, Unit, SensorType) VALUES (47647, 'Ιστιαία', 'FJDT-5215', 0.0, 23.9, 'km/h', 'Wind');
INSERT INTO MEASUREMENT (DateTime, SensorID, MeasValue) VALUES (TO_DATE('09/05/18 12:46', 'DD/MM/YY HH24:MI'), 47647, 2.9);
INSERT INTO SENSOR (SerialNumber, CityPlaced, SensorModel, MinimValue, MaximValue, Unit, SensorType) VALUES (719201, 'Κάρυστος', 'RXSWG-971', -55.0, 67.9, '°C', 'Temperature');
INSERT INTO MEASUREMENT (DateTime, SensorID, MeasValue) VALUES (TO_DATE('09/05/18 12:39', 'DD/MM/YY HH24:MI'), 719201, 22.4);
INSERT INTO SENSOR (SerialNumber, CityPlaced, SensorModel, MinimValue, MaximValue, Unit, SensorType) VALUES (859518, 'Κάρυστος', 'OHNGE-7935', 0, 100, '%', 'Humidity');
INSERT INTO MEASUREMENT (DateTime, SensorID, MeasValue) VALUES (TO_DATE('09/05/18 12:39', 'DD/MM/YY HH24:MI'), 859518, 72);
INSERT INTO SENSOR (SerialNumber, CityPlaced, SensorModel, MinimValue, MaximValue, Unit, SensorType) VALUES (27896, 'Κάρυστος', 'NFPZ-141', 722.0, 1086.9, 'hPa', 'Pressure');
INSERT INTO MEASUREMENT (DateTime, SensorID, MeasValue) VALUES (TO_DATE('09/05/18 12:39', 'DD/MM/YY HH24:MI'), 27896, 1007.0);
INSERT INTO SENSOR (SerialNumber, CityPlaced, SensorModel, MinimValue, MaximValue, Unit, SensorType) VALUES (37254, 'Κάρυστος', 'GAWG-1803', 0.0, 21.9, 'km/h', 'Wind');
INSERT INTO MEASUREMENT (DateTime, SensorID, MeasValue) VALUES (TO_DATE('09/05/18 12:39', 'DD/MM/YY HH24:MI'), 37254, 8.3);
INSERT INTO SENSOR (SerialNumber, CityPlaced, SensorModel, MinimValue, MaximValue, Unit, SensorType) VALUES (661798, 'Καβοντόρος Πρινιά', 'OVXKR-694', -56.0, 78.9, '°C', 'Temperature');
INSERT INTO MEASUREMENT (DateTime, SensorID, MeasValue) VALUES (TO_DATE('09/05/18 12:44', 'DD/MM/YY HH24:MI'), 661798, 20.6);
INSERT INTO SENSOR (SerialNumber, CityPlaced, SensorModel, MinimValue, MaximValue, Unit, SensorType) VALUES (944717, 'Καβοντόρος Πρινιά', 'LADEP-1361', 0, 100, '%', 'Humidity');
INSERT INTO MEASUREMENT (DateTime, SensorID, MeasValue) VALUES (TO_DATE('09/05/18 12:44', 'DD/MM/YY HH24:MI'), 944717, 77);
INSERT INTO SENSOR (SerialNumber, CityPlaced, SensorModel, MinimValue, MaximValue, Unit, SensorType) VALUES (95417, 'Καβοντόρος Πρινιά', 'FSPC-973', 714.0, 1051.9, 'hPa', 'Pressure');
INSERT INTO MEASUREMENT (DateTime, SensorID, MeasValue) VALUES (TO_DATE('09/05/18 12:44', 'DD/MM/YY HH24:MI'), 95417, 1005.3);
INSERT INTO SENSOR (SerialNumber, CityPlaced, SensorModel, MinimValue, MaximValue, Unit, SensorType) VALUES (72391, 'Καβοντόρος Πρινιά', 'SZXM-4467', 0.0, 24.9, 'km/h', 'Wind');
INSERT INTO MEASUREMENT (DateTime, SensorID, MeasValue) VALUES (TO_DATE('09/05/18 12:44', 'DD/MM/YY HH24:MI'), 72391, 15.0);
INSERT INTO SENSOR (SerialNumber, CityPlaced, SensorModel, MinimValue, MaximValue, Unit, SensorType) VALUES (906893, 'Σέττα', 'ZSKME-907', -55.0, 62.9, '°C', 'Temperature');
INSERT INTO MEASUREMENT (DateTime, SensorID, MeasValue) VALUES (TO_DATE('09/05/18 12:43', 'DD/MM/YY HH24:MI'), 906893, 19.3);
INSERT INTO SENSOR (SerialNumber, CityPlaced, SensorModel, MinimValue, MaximValue, Unit, SensorType) VALUES (274023, 'Σέττα', 'LVFKF-4186', 0, 100, '%', 'Humidity');
INSERT INTO MEASUREMENT (DateTime, SensorID, MeasValue) VALUES (TO_DATE('09/05/18 12:43', 'DD/MM/YY HH24:MI'), 274023, 72);
INSERT INTO SENSOR (SerialNumber, CityPlaced, SensorModel, MinimValue, MaximValue, Unit, SensorType) VALUES (60458, 'Σέττα', 'LWSK-939', 708.0, 1060.9, 'hPa', 'Pressure');
INSERT INTO MEASUREMENT (DateTime, SensorID, MeasValue) VALUES (TO_DATE('09/05/18 12:43', 'DD/MM/YY HH24:MI'), 60458, 1005.7);
INSERT INTO SENSOR (SerialNumber, CityPlaced, SensorModel, MinimValue, MaximValue, Unit, SensorType) VALUES (73185, 'Σέττα', 'WOIP-0769', 0.0, 23.9, 'km/h', 'Wind');
INSERT INTO MEASUREMENT (DateTime, SensorID, MeasValue) VALUES (TO_DATE('09/05/18 12:43', 'DD/MM/YY HH24:MI'), 73185, 0.0);
INSERT INTO SENSOR (SerialNumber, CityPlaced, SensorModel, MinimValue, MaximValue, Unit, SensorType) VALUES (556406, 'Χαλκίδα, Δροσιά Ανθηδώνος', 'ULVDJ-367', -60.0, 67.9, '°C', 'Temperature');
INSERT INTO MEASUREMENT (DateTime, SensorID, MeasValue) VALUES (TO_DATE('09/05/18 12:37', 'DD/MM/YY HH24:MI'), 556406, 21.9);
INSERT INTO SENSOR (SerialNumber, CityPlaced, SensorModel, MinimValue, MaximValue, Unit, SensorType) VALUES (793814, 'Χαλκίδα, Δροσιά Ανθηδώνος', 'NHRBT-4374', 0, 100, '%', 'Humidity');
INSERT INTO MEASUREMENT (DateTime, SensorID, MeasValue) VALUES (TO_DATE('09/05/18 12:37', 'DD/MM/YY HH24:MI'), 793814, 77);
INSERT INTO SENSOR (SerialNumber, CityPlaced, SensorModel, MinimValue, MaximValue, Unit, SensorType) VALUES (81912, 'Χαλκίδα, Δροσιά Ανθηδώνος', 'SGEH-354', 746.0, 1097.9, 'hPa', 'Pressure');
INSERT INTO MEASUREMENT (DateTime, SensorID, MeasValue) VALUES (TO_DATE('09/05/18 12:37', 'DD/MM/YY HH24:MI'), 81912, 1004.1);
INSERT INTO SENSOR (SerialNumber, CityPlaced, SensorModel, MinimValue, MaximValue, Unit, SensorType) VALUES (46748, 'Χαλκίδα, Δροσιά Ανθηδώνος', 'PPHB-9378', 0.0, 22.9, 'km/h', 'Wind');
INSERT INTO MEASUREMENT (DateTime, SensorID, MeasValue) VALUES (TO_DATE('09/05/18 12:37', 'DD/MM/YY HH24:MI'), 46748, 5.6);
INSERT INTO SENSOR (SerialNumber, CityPlaced, SensorModel, MinimValue, MaximValue, Unit, SensorType) VALUES (342645, 'Χαλκίδα', 'VRCML-431', -54.0, 70.9, '°C', 'Temperature');
INSERT INTO MEASUREMENT (DateTime, SensorID, MeasValue) VALUES (TO_DATE('09/05/18 12:45', 'DD/MM/YY HH24:MI'), 342645, 23.0);
INSERT INTO SENSOR (SerialNumber, CityPlaced, SensorModel, MinimValue, MaximValue, Unit, SensorType) VALUES (325076, 'Χαλκίδα', 'VINCK-0200', 0, 100, '%', 'Humidity');
INSERT INTO MEASUREMENT (DateTime, SensorID, MeasValue) VALUES (TO_DATE('09/05/18 12:45', 'DD/MM/YY HH24:MI'), 325076, 74);
INSERT INTO SENSOR (SerialNumber, CityPlaced, SensorModel, MinimValue, MaximValue, Unit, SensorType) VALUES (87626, 'Χαλκίδα', 'YSBA-065', 740.0, 1079.9, 'hPa', 'Pressure');
INSERT INTO MEASUREMENT (DateTime, SensorID, MeasValue) VALUES (TO_DATE('09/05/18 12:45', 'DD/MM/YY HH24:MI'), 87626, 1005.1);
INSERT INTO SENSOR (SerialNumber, CityPlaced, SensorModel, MinimValue, MaximValue, Unit, SensorType) VALUES (70209, 'Χαλκίδα', 'MMGC-7882', 0.0, 20.9, 'km/h', 'Wind');
INSERT INTO MEASUREMENT (DateTime, SensorID, MeasValue) VALUES (TO_DATE('09/05/18 12:45', 'DD/MM/YY HH24:MI'), 70209, 5.3);
INSERT INTO SENSOR (SerialNumber, CityPlaced, SensorModel, MinimValue, MaximValue, Unit, SensorType) VALUES (945148, 'Ωρεοί', 'EUPUG-363', -58.0, 74.9, '°C', 'Temperature');
INSERT INTO MEASUREMENT (DateTime, SensorID, MeasValue) VALUES (TO_DATE('09/05/18 12:45', 'DD/MM/YY HH24:MI'), 945148, 22.6);
INSERT INTO SENSOR (SerialNumber, CityPlaced, SensorModel, MinimValue, MaximValue, Unit, SensorType) VALUES (656435, 'Ωρεοί', 'BWOAL-5404', 0, 100, '%', 'Humidity');
INSERT INTO MEASUREMENT (DateTime, SensorID, MeasValue) VALUES (TO_DATE('09/05/18 12:45', 'DD/MM/YY HH24:MI'), 656435, 62);
INSERT INTO SENSOR (SerialNumber, CityPlaced, SensorModel, MinimValue, MaximValue, Unit, SensorType) VALUES (77220, 'Ωρεοί', 'YLKT-318', 722.0, 1100.9, 'hPa', 'Pressure');
INSERT INTO MEASUREMENT (DateTime, SensorID, MeasValue) VALUES (TO_DATE('09/05/18 12:45', 'DD/MM/YY HH24:MI'), 77220, 1003.5);
INSERT INTO SENSOR (SerialNumber, CityPlaced, SensorModel, MinimValue, MaximValue, Unit, SensorType) VALUES (18133, 'Ωρεοί', 'TUUQ-5033', 0.0, 25.9, 'km/h', 'Wind');
INSERT INTO MEASUREMENT (DateTime, SensorID, MeasValue) VALUES (TO_DATE('09/05/18 12:45', 'DD/MM/YY HH24:MI'), 18133, 3.7);
INSERT INTO SENSOR (SerialNumber, CityPlaced, SensorModel, MinimValue, MaximValue, Unit, SensorType) VALUES (946484, 'Καμμένα Βούρλα, Καινούργιο', 'AFOAD-570', -57.0, 77.9, '°C', 'Temperature');
INSERT INTO MEASUREMENT (DateTime, SensorID, MeasValue) VALUES (TO_DATE('09/05/18 12:43', 'DD/MM/YY HH24:MI'), 946484, 23.9);
INSERT INTO SENSOR (SerialNumber, CityPlaced, SensorModel, MinimValue, MaximValue, Unit, SensorType) VALUES (247468, 'Καμμένα Βούρλα, Καινούργιο', 'KBEJV-3366', 0, 100, '%', 'Humidity');
INSERT INTO MEASUREMENT (DateTime, SensorID, MeasValue) VALUES (TO_DATE('09/05/18 12:43', 'DD/MM/YY HH24:MI'), 247468, 58);
INSERT INTO SENSOR (SerialNumber, CityPlaced, SensorModel, MinimValue, MaximValue, Unit, SensorType) VALUES (66772, 'Καμμένα Βούρλα, Καινούργιο', 'DRBT-858', 704.0, 1096.9, 'hPa', 'Pressure');
INSERT INTO MEASUREMENT (DateTime, SensorID, MeasValue) VALUES (TO_DATE('09/05/18 12:43', 'DD/MM/YY HH24:MI'), 66772, 1005.0);
INSERT INTO SENSOR (SerialNumber, CityPlaced, SensorModel, MinimValue, MaximValue, Unit, SensorType) VALUES (73002, 'Καμμένα Βούρλα, Καινούργιο', 'YRRP-8260', 0.0, 22.9, 'km/h', 'Wind');
INSERT INTO MEASUREMENT (DateTime, SensorID, MeasValue) VALUES (TO_DATE('09/05/18 12:43', 'DD/MM/YY HH24:MI'), 73002, 4.5);
INSERT INTO SENSOR (SerialNumber, CityPlaced, SensorModel, MinimValue, MaximValue, Unit, SensorType) VALUES (212081, 'Λαμία Άμπλιανη', 'EATJR-798', -56.0, 65.9, '°C', 'Temperature');
INSERT INTO MEASUREMENT (DateTime, SensorID, MeasValue) VALUES (TO_DATE('09/05/18 12:40', 'DD/MM/YY HH24:MI'), 212081, 23.8);
INSERT INTO SENSOR (SerialNumber, CityPlaced, SensorModel, MinimValue, MaximValue, Unit, SensorType) VALUES (176373, 'Λαμία Άμπλιανη', 'AMGUZ-3957', 0, 100, '%', 'Humidity');
INSERT INTO MEASUREMENT (DateTime, SensorID, MeasValue) VALUES (TO_DATE('09/05/18 12:40', 'DD/MM/YY HH24:MI'), 176373, 55);
INSERT INTO SENSOR (SerialNumber, CityPlaced, SensorModel, MinimValue, MaximValue, Unit, SensorType) VALUES (76660, 'Λαμία Άμπλιανη', 'KWUU-137', 749.0, 1075.9, 'hPa', 'Pressure');
INSERT INTO MEASUREMENT (DateTime, SensorID, MeasValue) VALUES (TO_DATE('09/05/18 12:40', 'DD/MM/YY HH24:MI'), 76660, 1004.1);
INSERT INTO SENSOR (SerialNumber, CityPlaced, SensorModel, MinimValue, MaximValue, Unit, SensorType) VALUES (41705, 'Λαμία Άμπλιανη', 'TEPS-3823', 0.0, 22.9, 'km/h', 'Wind');
INSERT INTO MEASUREMENT (DateTime, SensorID, MeasValue) VALUES (TO_DATE('09/05/18 12:40', 'DD/MM/YY HH24:MI'), 41705, 6.2);
INSERT INTO SENSOR (SerialNumber, CityPlaced, SensorModel, MinimValue, MaximValue, Unit, SensorType) VALUES (980357, 'Aγόριανη Επτάλοφος', 'HMCFA-021', -54.0, 61.9, '°C', 'Temperature');
INSERT INTO MEASUREMENT (DateTime, SensorID, MeasValue) VALUES (TO_DATE('09/05/18 12:08', 'DD/MM/YY HH24:MI'), 980357, 17.2);
INSERT INTO SENSOR (SerialNumber, CityPlaced, SensorModel, MinimValue, MaximValue, Unit, SensorType) VALUES (147262, 'Aγόριανη Επτάλοφος', 'REBES-8763', 0, 100, '%', 'Humidity');
INSERT INTO MEASUREMENT (DateTime, SensorID, MeasValue) VALUES (TO_DATE('09/05/18 12:08', 'DD/MM/YY HH24:MI'), 147262, 72);
INSERT INTO SENSOR (SerialNumber, CityPlaced, SensorModel, MinimValue, MaximValue, Unit, SensorType) VALUES (71645, 'Aγόριανη Επτάλοφος', 'RJTF-553', 739.0, 1059.9, 'hPa', 'Pressure');
INSERT INTO MEASUREMENT (DateTime, SensorID, MeasValue) VALUES (TO_DATE('09/05/18 12:08', 'DD/MM/YY HH24:MI'), 71645, 1010.3);
INSERT INTO SENSOR (SerialNumber, CityPlaced, SensorModel, MinimValue, MaximValue, Unit, SensorType) VALUES (39962, 'Aγόριανη Επτάλοφος', 'HWFG-8636', 0.0, 25.9, 'km/h', 'Wind');
INSERT INTO MEASUREMENT (DateTime, SensorID, MeasValue) VALUES (TO_DATE('09/05/18 12:08', 'DD/MM/YY HH24:MI'), 39962, 3.0);

COMMIT;

MERGE INTO MONTHLY_STATISTICS
USING (SELECT S.CITYPLACED AS City, MIN(M.MEASVALUE) AS Minim, MAX(M.MEASVALUE) AS Maxim, ROUND(AVG(M.MEASVALUE),1) AS Avrg, S.SENSORTYPE AS S_Type, TO_CHAR(M.DATETIME, 'MM/YY') AS CurDate
FROM MEASUREMENT M INNER JOIN SENSOR S ON M.SENSORID = S.SERIALNUMBER
WHERE TO_CHAR(M.DATETIME, 'MM/YY') = '05/18'
GROUP BY S.CITYPLACED, S.SENSORTYPE, TO_CHAR(M.DATETIME, 'MM/YY')) TMP
ON (TMP.City = M_STATCITY AND TMP.CurDate = TO_CHAR(MONTHID, 'MM/YY') AND TMP.S_Type = M_STATTYPE)
WHEN NOT MATCHED THEN INSERT (MONTHID, M_STATCITY, M_STATMIN, M_STATMAX, M_STATAVG, M_STATTYPE) VALUES (TO_DATE(TMP.CurDate, 'MM/YY'), TMP.City, TMP.Minim, TMP.Maxim, TMP.Avrg, TMP.S_Type)
WHEN MATCHED THEN UPDATE SET M_STATMIN = TMP.Minim, M_STATMAX = TMP.Maxim, M_STATAVG = TMP.Avrg;

MERGE INTO DAILY_STATISTICS
USING (SELECT S.CITYPLACED AS City, MIN(M.MEASVALUE) AS Minim, MAX(M.MEASVALUE) AS Maxim, ROUND(AVG(M.MEASVALUE),1) AS Avrg, S.SENSORTYPE AS S_Type, TO_CHAR(M.DATETIME, 'DD/MM/YY') AS CurDate
FROM MEASUREMENT M INNER JOIN SENSOR S ON M.SENSORID = S.SERIALNUMBER
WHERE TO_CHAR(M.DATETIME, 'DD/MM/YY') = '09/05/18'
GROUP BY S.CITYPLACED, S.SENSORTYPE, TO_CHAR(M.DATETIME, 'DD/MM/YY')) TMP
ON (TMP.City = D_STATCITY AND TMP.CurDate = TO_CHAR(DAYID, 'DD/MM/YY') AND TMP.S_Type = D_STATTYPE)
WHEN NOT MATCHED THEN INSERT (DAYID, D_STATCITY, D_STATMIN, D_STATMAX, D_STATAVG, D_STATTYPE) VALUES (TO_DATE(TMP.CurDate, 'DD/MM/YY'), TMP.City, TMP.Minim, TMP.Maxim, TMP.Avrg, TMP.S_Type)
WHEN MATCHED THEN UPDATE SET D_STATMIN = TMP.Minim, D_STATMAX = TMP.Maxim, D_STATAVG = TMP.Avrg;

COMMIT;

INSERT INTO WEATHER_STATION (City, Prefecture, StationOP, Altitude, Latitude, Longitude) VALUES('Ζαγοροχώρια Πέτρα', 'Ιωάννινα', 'P.W.S.', '965', '39.772416', '21.027571');
INSERT INTO WEATHER_STATION (City, Prefecture, StationOP, Altitude, Latitude, Longitude) VALUES('Ράχες', 'Φθιώτιδα', 'M.C.', '110', '38.890603', '22.781026');
INSERT INTO SENSOR (SerialNumber, CityPlaced, SensorModel, MinimValue, MaximValue, Unit, SensorType) VALUES (355321, 'Νάξος Γαλανάδον', 'FOQYA-625', -59.0, 69.9, '°C', 'Temperature');
INSERT INTO MEASUREMENT (DateTime, SensorID, MeasValue) VALUES (TO_DATE('09/05/18 13:45', 'DD/MM/YY HH24:MI'), 355321, 24.6);
INSERT INTO SENSOR (SerialNumber, CityPlaced, SensorModel, MinimValue, MaximValue, Unit, SensorType) VALUES (884228, 'Νάξος Γαλανάδον', 'YRXLB-5959', 0, 100, '%', 'Humidity');
INSERT INTO MEASUREMENT (DateTime, SensorID, MeasValue) VALUES (TO_DATE('09/05/18 13:45', 'DD/MM/YY HH24:MI'), 884228, 49);
INSERT INTO SENSOR (SerialNumber, CityPlaced, SensorModel, MinimValue, MaximValue, Unit, SensorType) VALUES (29026, 'Νάξος Γαλανάδον', 'ECDB-544', 705.0, 1088.9, 'hPa', 'Pressure');
INSERT INTO MEASUREMENT (DateTime, SensorID, MeasValue) VALUES (TO_DATE('09/05/18 13:45', 'DD/MM/YY HH24:MI'), 29026, 1008.3);
INSERT INTO SENSOR (SerialNumber, CityPlaced, SensorModel, MinimValue, MaximValue, Unit, SensorType) VALUES (97213, 'Νάξος Γαλανάδον', 'KIEL-9455', 0.0, 24.9, 'km/h', 'Wind');
INSERT INTO MEASUREMENT (DateTime, SensorID, MeasValue) VALUES (TO_DATE('09/05/18 13:45', 'DD/MM/YY HH24:MI'), 97213, 11.3);
INSERT INTO SENSOR (SerialNumber, CityPlaced, SensorModel, MinimValue, MaximValue, Unit, SensorType) VALUES (785293, 'Σύρος', 'YJVGI-854', -56.0, 61.9, '°C', 'Temperature');
INSERT INTO MEASUREMENT (DateTime, SensorID, MeasValue) VALUES (TO_DATE('09/05/18 13:45', 'DD/MM/YY HH24:MI'), 785293, 24.5);
INSERT INTO SENSOR (SerialNumber, CityPlaced, SensorModel, MinimValue, MaximValue, Unit, SensorType) VALUES (103589, 'Σύρος', 'KBQNF-2847', 0, 100, '%', 'Humidity');
INSERT INTO MEASUREMENT (DateTime, SensorID, MeasValue) VALUES (TO_DATE('09/05/18 13:45', 'DD/MM/YY HH24:MI'), 103589, 62);
INSERT INTO SENSOR (SerialNumber, CityPlaced, SensorModel, MinimValue, MaximValue, Unit, SensorType) VALUES (22868, 'Σύρος', 'VXTB-921', 705.0, 1093.9, 'hPa', 'Pressure');
INSERT INTO MEASUREMENT (DateTime, SensorID, MeasValue) VALUES (TO_DATE('09/05/18 13:45', 'DD/MM/YY HH24:MI'), 22868, 1006.3);
INSERT INTO SENSOR (SerialNumber, CityPlaced, SensorModel, MinimValue, MaximValue, Unit, SensorType) VALUES (60067, 'Σύρος', 'LAXT-8536', 0.0, 25.9, 'km/h', 'Wind');
INSERT INTO MEASUREMENT (DateTime, SensorID, MeasValue) VALUES (TO_DATE('09/05/18 13:45', 'DD/MM/YY HH24:MI'), 60067, 8.0);
INSERT INTO SENSOR (SerialNumber, CityPlaced, SensorModel, MinimValue, MaximValue, Unit, SensorType) VALUES (362050, 'Θεοδώριανα', 'EXIET-938', -59.0, 62.9, '°C', 'Temperature');
INSERT INTO MEASUREMENT (DateTime, SensorID, MeasValue) VALUES (TO_DATE('09/05/18 13:43', 'DD/MM/YY HH24:MI'), 362050, 19.4);
INSERT INTO SENSOR (SerialNumber, CityPlaced, SensorModel, MinimValue, MaximValue, Unit, SensorType) VALUES (550567, 'Θεοδώριανα', 'BCHKC-0721', 0, 100, '%', 'Humidity');
INSERT INTO MEASUREMENT (DateTime, SensorID, MeasValue) VALUES (TO_DATE('09/05/18 13:43', 'DD/MM/YY HH24:MI'), 550567, 68);
INSERT INTO SENSOR (SerialNumber, CityPlaced, SensorModel, MinimValue, MaximValue, Unit, SensorType) VALUES (11301, 'Θεοδώριανα', 'HTLQ-366', 708.0, 1081.9, 'hPa', 'Pressure');
INSERT INTO MEASUREMENT (DateTime, SensorID, MeasValue) VALUES (TO_DATE('09/05/18 13:43', 'DD/MM/YY HH24:MI'), 11301, 1004.1);
INSERT INTO SENSOR (SerialNumber, CityPlaced, SensorModel, MinimValue, MaximValue, Unit, SensorType) VALUES (83405, 'Θεοδώριανα', 'HKWW-8919', 0.0, 20.9, 'km/h', 'Wind');
INSERT INTO MEASUREMENT (DateTime, SensorID, MeasValue) VALUES (TO_DATE('09/05/18 13:43', 'DD/MM/YY HH24:MI'), 83405, 9.1);
INSERT INTO SENSOR (SerialNumber, CityPlaced, SensorModel, MinimValue, MaximValue, Unit, SensorType) VALUES (346187, 'Κομπότι', 'LMGUE-434', -57.0, 74.9, '°C', 'Temperature');
INSERT INTO MEASUREMENT (DateTime, SensorID, MeasValue) VALUES (TO_DATE('09/05/18 13:45', 'DD/MM/YY HH24:MI'), 346187, 24.3);
INSERT INTO SENSOR (SerialNumber, CityPlaced, SensorModel, MinimValue, MaximValue, Unit, SensorType) VALUES (693933, 'Κομπότι', 'RZQOD-8555', 0, 100, '%', 'Humidity');
INSERT INTO MEASUREMENT (DateTime, SensorID, MeasValue) VALUES (TO_DATE('09/05/18 13:45', 'DD/MM/YY HH24:MI'), 693933, 60);
INSERT INTO SENSOR (SerialNumber, CityPlaced, SensorModel, MinimValue, MaximValue, Unit, SensorType) VALUES (69044, 'Κομπότι', 'CTUZ-276', 710.0, 1076.9, 'hPa', 'Pressure');
INSERT INTO MEASUREMENT (DateTime, SensorID, MeasValue) VALUES (TO_DATE('09/05/18 13:45', 'DD/MM/YY HH24:MI'), 69044, 1005.3);
INSERT INTO SENSOR (SerialNumber, CityPlaced, SensorModel, MinimValue, MaximValue, Unit, SensorType) VALUES (30762, 'Κομπότι', 'XMKJ-2774', 0.0, 23.9, 'km/h', 'Wind');
INSERT INTO MEASUREMENT (DateTime, SensorID, MeasValue) VALUES (TO_DATE('09/05/18 13:45', 'DD/MM/YY HH24:MI'), 30762, 4.0);
INSERT INTO SENSOR (SerialNumber, CityPlaced, SensorModel, MinimValue, MaximValue, Unit, SensorType) VALUES (496690, 'Λεπιανά', 'JUGWG-307', -51.0, 69.9, '°C', 'Temperature');
INSERT INTO MEASUREMENT (DateTime, SensorID, MeasValue) VALUES (TO_DATE('09/05/18 13:46', 'DD/MM/YY HH24:MI'), 496690, 19.8);
INSERT INTO SENSOR (SerialNumber, CityPlaced, SensorModel, MinimValue, MaximValue, Unit, SensorType) VALUES (333288, 'Λεπιανά', 'ANTRK-7962', 0, 100, '%', 'Humidity');
INSERT INTO MEASUREMENT (DateTime, SensorID, MeasValue) VALUES (TO_DATE('09/05/18 13:46', 'DD/MM/YY HH24:MI'), 333288, 73);
INSERT INTO SENSOR (SerialNumber, CityPlaced, SensorModel, MinimValue, MaximValue, Unit, SensorType) VALUES (76598, 'Λεπιανά', 'FHFY-162', 713.0, 1087.9, 'hPa', 'Pressure');
INSERT INTO MEASUREMENT (DateTime, SensorID, MeasValue) VALUES (TO_DATE('09/05/18 13:46', 'DD/MM/YY HH24:MI'), 76598, 1004.1);
INSERT INTO SENSOR (SerialNumber, CityPlaced, SensorModel, MinimValue, MaximValue, Unit, SensorType) VALUES (45770, 'Λεπιανά', 'QTIW-8363', 0.0, 22.9, 'km/h', 'Wind');
INSERT INTO MEASUREMENT (DateTime, SensorID, MeasValue) VALUES (TO_DATE('09/05/18 13:46', 'DD/MM/YY HH24:MI'), 45770, 3.5);
INSERT INTO SENSOR (SerialNumber, CityPlaced, SensorModel, MinimValue, MaximValue, Unit, SensorType) VALUES (862848, 'Ηγουμενίτσα', 'ZOCTH-577', -51.0, 67.9, '°C', 'Temperature');
INSERT INTO MEASUREMENT (DateTime, SensorID, MeasValue) VALUES (TO_DATE('09/05/18 13:43', 'DD/MM/YY HH24:MI'), 862848, 21.7);
INSERT INTO SENSOR (SerialNumber, CityPlaced, SensorModel, MinimValue, MaximValue, Unit, SensorType) VALUES (267951, 'Ηγουμενίτσα', 'RNWXH-8407', 0, 100, '%', 'Humidity');
INSERT INTO MEASUREMENT (DateTime, SensorID, MeasValue) VALUES (TO_DATE('09/05/18 13:43', 'DD/MM/YY HH24:MI'), 267951, 73);
INSERT INTO SENSOR (SerialNumber, CityPlaced, SensorModel, MinimValue, MaximValue, Unit, SensorType) VALUES (51197, 'Ηγουμενίτσα', 'XDBJ-869', 721.0, 1083.9, 'hPa', 'Pressure');
INSERT INTO MEASUREMENT (DateTime, SensorID, MeasValue) VALUES (TO_DATE('09/05/18 13:43', 'DD/MM/YY HH24:MI'), 51197, 1006.1);
INSERT INTO SENSOR (SerialNumber, CityPlaced, SensorModel, MinimValue, MaximValue, Unit, SensorType) VALUES (95681, 'Ηγουμενίτσα', 'DSJD-6203', 0.0, 22.9, 'km/h', 'Wind');
INSERT INTO MEASUREMENT (DateTime, SensorID, MeasValue) VALUES (TO_DATE('09/05/18 13:43', 'DD/MM/YY HH24:MI'), 95681, 11.0);
INSERT INTO SENSOR (SerialNumber, CityPlaced, SensorModel, MinimValue, MaximValue, Unit, SensorType) VALUES (628175, 'Φιλοθέη', 'ZNGMO-557', -54.0, 62.9, '°C', 'Temperature');
INSERT INTO MEASUREMENT (DateTime, SensorID, MeasValue) VALUES (TO_DATE('09/05/18 13:48', 'DD/MM/YY HH24:MI'), 628175, 21.3);
INSERT INTO SENSOR (SerialNumber, CityPlaced, SensorModel, MinimValue, MaximValue, Unit, SensorType) VALUES (167506, 'Φιλοθέη', 'DUWPC-0854', 0, 100, '%', 'Humidity');
INSERT INTO MEASUREMENT (DateTime, SensorID, MeasValue) VALUES (TO_DATE('09/05/18 13:48', 'DD/MM/YY HH24:MI'), 167506, 94);
INSERT INTO SENSOR (SerialNumber, CityPlaced, SensorModel, MinimValue, MaximValue, Unit, SensorType) VALUES (59708, 'Φιλοθέη', 'ADHV-461', 715.0, 1066.9, 'hPa', 'Pressure');
INSERT INTO MEASUREMENT (DateTime, SensorID, MeasValue) VALUES (TO_DATE('09/05/18 13:48', 'DD/MM/YY HH24:MI'), 59708, 1007.2);
INSERT INTO SENSOR (SerialNumber, CityPlaced, SensorModel, MinimValue, MaximValue, Unit, SensorType) VALUES (78914, 'Φιλοθέη', 'NJFV-7558', 0.0, 20.9, 'km/h', 'Wind');
INSERT INTO MEASUREMENT (DateTime, SensorID, MeasValue) VALUES (TO_DATE('09/05/18 13:48', 'DD/MM/YY HH24:MI'), 78914, 7.9);
INSERT INTO SENSOR (SerialNumber, CityPlaced, SensorModel, MinimValue, MaximValue, Unit, SensorType) VALUES (678797, 'Αγία Κυριακή', 'UFVQD-591', -56.0, 74.9, '°C', 'Temperature');
INSERT INTO MEASUREMENT (DateTime, SensorID, MeasValue) VALUES (TO_DATE('09/05/18 13:46', 'DD/MM/YY HH24:MI'), 678797, 21.7);
INSERT INTO SENSOR (SerialNumber, CityPlaced, SensorModel, MinimValue, MaximValue, Unit, SensorType) VALUES (748183, 'Αγία Κυριακή', 'RAEQX-8090', 0, 100, '%', 'Humidity');
INSERT INTO MEASUREMENT (DateTime, SensorID, MeasValue) VALUES (TO_DATE('09/05/18 13:46', 'DD/MM/YY HH24:MI'), 748183, 67);
INSERT INTO SENSOR (SerialNumber, CityPlaced, SensorModel, MinimValue, MaximValue, Unit, SensorType) VALUES (79444, 'Αγία Κυριακή', 'LXYW-637', 735.0, 1077.9, 'hPa', 'Pressure');
INSERT INTO MEASUREMENT (DateTime, SensorID, MeasValue) VALUES (TO_DATE('09/05/18 13:46', 'DD/MM/YY HH24:MI'), 79444, 1005.9);
INSERT INTO SENSOR (SerialNumber, CityPlaced, SensorModel, MinimValue, MaximValue, Unit, SensorType) VALUES (83760, 'Αγία Κυριακή', 'UERS-4141', 0.0, 25.9, 'km/h', 'Wind');
INSERT INTO MEASUREMENT (DateTime, SensorID, MeasValue) VALUES (TO_DATE('09/05/18 13:46', 'DD/MM/YY HH24:MI'), 83760, 1.6);
INSERT INTO SENSOR (SerialNumber, CityPlaced, SensorModel, MinimValue, MaximValue, Unit, SensorType) VALUES (950595, 'Αγία Παρασκευή Κεράσοβο', 'ITXHG-257', -52.0, 62.9, '°C', 'Temperature');
INSERT INTO MEASUREMENT (DateTime, SensorID, MeasValue) VALUES (TO_DATE('09/05/18 13:44', 'DD/MM/YY HH24:MI'), 950595, 15.3);
INSERT INTO SENSOR (SerialNumber, CityPlaced, SensorModel, MinimValue, MaximValue, Unit, SensorType) VALUES (422497, 'Αγία Παρασκευή Κεράσοβο', 'EQCVS-3712', 0, 100, '%', 'Humidity');
INSERT INTO MEASUREMENT (DateTime, SensorID, MeasValue) VALUES (TO_DATE('09/05/18 13:44', 'DD/MM/YY HH24:MI'), 422497, 83);
INSERT INTO SENSOR (SerialNumber, CityPlaced, SensorModel, MinimValue, MaximValue, Unit, SensorType) VALUES (21563, 'Αγία Παρασκευή Κεράσοβο', 'ACDN-814', 722.0, 1064.9, 'hPa', 'Pressure');
INSERT INTO MEASUREMENT (DateTime, SensorID, MeasValue) VALUES (TO_DATE('09/05/18 13:44', 'DD/MM/YY HH24:MI'), 21563, 1004.4);
INSERT INTO SENSOR (SerialNumber, CityPlaced, SensorModel, MinimValue, MaximValue, Unit, SensorType) VALUES (32335, 'Αγία Παρασκευή Κεράσοβο', 'RGMO-3145', 0.0, 22.9, 'km/h', 'Wind');
INSERT INTO MEASUREMENT (DateTime, SensorID, MeasValue) VALUES (TO_DATE('09/05/18 13:44', 'DD/MM/YY HH24:MI'), 32335, 1.6);
INSERT INTO SENSOR (SerialNumber, CityPlaced, SensorModel, MinimValue, MaximValue, Unit, SensorType) VALUES (633369, 'Ανατολή Κέντρο', 'XGLLR-805', -52.0, 73.9, '°C', 'Temperature');
INSERT INTO MEASUREMENT (DateTime, SensorID, MeasValue) VALUES (TO_DATE('09/05/18 13:45', 'DD/MM/YY HH24:MI'), 633369, 21.6);
INSERT INTO SENSOR (SerialNumber, CityPlaced, SensorModel, MinimValue, MaximValue, Unit, SensorType) VALUES (400470, 'Ανατολή Κέντρο', 'DPSAT-4377', 0, 100, '%', 'Humidity');
INSERT INTO MEASUREMENT (DateTime, SensorID, MeasValue) VALUES (TO_DATE('09/05/18 13:45', 'DD/MM/YY HH24:MI'), 400470, 66);
INSERT INTO SENSOR (SerialNumber, CityPlaced, SensorModel, MinimValue, MaximValue, Unit, SensorType) VALUES (32853, 'Ανατολή Κέντρο', 'OVNJ-788', 704.0, 1075.9, 'hPa', 'Pressure');
INSERT INTO MEASUREMENT (DateTime, SensorID, MeasValue) VALUES (TO_DATE('09/05/18 13:45', 'DD/MM/YY HH24:MI'), 32853, 1007.8);
INSERT INTO SENSOR (SerialNumber, CityPlaced, SensorModel, MinimValue, MaximValue, Unit, SensorType) VALUES (68201, 'Ανατολή Κέντρο', 'JSHW-8708', 0.0, 20.9, 'km/h', 'Wind');
INSERT INTO MEASUREMENT (DateTime, SensorID, MeasValue) VALUES (TO_DATE('09/05/18 13:45', 'DD/MM/YY HH24:MI'), 68201, 7.2);
INSERT INTO SENSOR (SerialNumber, CityPlaced, SensorModel, MinimValue, MaximValue, Unit, SensorType) VALUES (182991, 'Δερβίζιανα', 'NNGPQ-777', -51.0, 60.9, '°C', 'Temperature');
INSERT INTO MEASUREMENT (DateTime, SensorID, MeasValue) VALUES (TO_DATE('09/05/18 13:41', 'DD/MM/YY HH24:MI'), 182991, 19.4);
INSERT INTO SENSOR (SerialNumber, CityPlaced, SensorModel, MinimValue, MaximValue, Unit, SensorType) VALUES (537849, 'Δερβίζιανα', 'UBJMU-2433', 0, 100, '%', 'Humidity');
INSERT INTO MEASUREMENT (DateTime, SensorID, MeasValue) VALUES (TO_DATE('09/05/18 13:41', 'DD/MM/YY HH24:MI'), 537849, 78);
INSERT INTO SENSOR (SerialNumber, CityPlaced, SensorModel, MinimValue, MaximValue, Unit, SensorType) VALUES (26141, 'Δερβίζιανα', 'HTLW-892', 744.0, 1087.9, 'hPa', 'Pressure');
INSERT INTO MEASUREMENT (DateTime, SensorID, MeasValue) VALUES (TO_DATE('09/05/18 13:41', 'DD/MM/YY HH24:MI'), 26141, 1005.0);
INSERT INTO SENSOR (SerialNumber, CityPlaced, SensorModel, MinimValue, MaximValue, Unit, SensorType) VALUES (79378, 'Δερβίζιανα', 'LBVX-1563', 0.0, 25.9, 'km/h', 'Wind');
INSERT INTO MEASUREMENT (DateTime, SensorID, MeasValue) VALUES (TO_DATE('09/05/18 13:41', 'DD/MM/YY HH24:MI'), 79378, 1.9);
INSERT INTO SENSOR (SerialNumber, CityPlaced, SensorModel, MinimValue, MaximValue, Unit, SensorType) VALUES (586689, 'Δωδώνη', 'CEXHA-089', -58.0, 74.9, '°C', 'Temperature');
INSERT INTO MEASUREMENT (DateTime, SensorID, MeasValue) VALUES (TO_DATE('09/05/18 13:44', 'DD/MM/YY HH24:MI'), 586689, 19.5);
INSERT INTO SENSOR (SerialNumber, CityPlaced, SensorModel, MinimValue, MaximValue, Unit, SensorType) VALUES (187505, 'Δωδώνη', 'RTGLY-3742', 0, 100, '%', 'Humidity');
INSERT INTO MEASUREMENT (DateTime, SensorID, MeasValue) VALUES (TO_DATE('09/05/18 13:44', 'DD/MM/YY HH24:MI'), 187505, 72);
INSERT INTO SENSOR (SerialNumber, CityPlaced, SensorModel, MinimValue, MaximValue, Unit, SensorType) VALUES (19026, 'Δωδώνη', 'VQGV-340', 738.0, 1097.9, 'hPa', 'Pressure');
INSERT INTO MEASUREMENT (DateTime, SensorID, MeasValue) VALUES (TO_DATE('09/05/18 13:44', 'DD/MM/YY HH24:MI'), 19026, 1004.6);
INSERT INTO SENSOR (SerialNumber, CityPlaced, SensorModel, MinimValue, MaximValue, Unit, SensorType) VALUES (43285, 'Δωδώνη', 'RDWV-5263', 0.0, 20.9, 'km/h', 'Wind');
INSERT INTO MEASUREMENT (DateTime, SensorID, MeasValue) VALUES (TO_DATE('09/05/18 13:44', 'DD/MM/YY HH24:MI'), 43285, 5.6);
INSERT INTO SENSOR (SerialNumber, CityPlaced, SensorModel, MinimValue, MaximValue, Unit, SensorType) VALUES (484042, 'Ελεούσα', 'JQCQV-946', -52.0, 78.9, '°C', 'Temperature');
INSERT INTO MEASUREMENT (DateTime, SensorID, MeasValue) VALUES (TO_DATE('09/05/18 13:48', 'DD/MM/YY HH24:MI'), 484042, 21.6);
INSERT INTO SENSOR (SerialNumber, CityPlaced, SensorModel, MinimValue, MaximValue, Unit, SensorType) VALUES (370035, 'Ελεούσα', 'DOVEY-6457', 0, 100, '%', 'Humidity');
INSERT INTO MEASUREMENT (DateTime, SensorID, MeasValue) VALUES (TO_DATE('09/05/18 13:48', 'DD/MM/YY HH24:MI'), 370035, 58);
INSERT INTO SENSOR (SerialNumber, CityPlaced, SensorModel, MinimValue, MaximValue, Unit, SensorType) VALUES (76916, 'Ελεούσα', 'ESVF-870', 731.0, 1056.9, 'hPa', 'Pressure');
INSERT INTO MEASUREMENT (DateTime, SensorID, MeasValue) VALUES (TO_DATE('09/05/18 13:48', 'DD/MM/YY HH24:MI'), 76916, 1013.2);
INSERT INTO SENSOR (SerialNumber, CityPlaced, SensorModel, MinimValue, MaximValue, Unit, SensorType) VALUES (17229, 'Ελεούσα', 'VIBC-6610', 0.0, 22.9, 'km/h', 'Wind');
INSERT INTO MEASUREMENT (DateTime, SensorID, MeasValue) VALUES (TO_DATE('09/05/18 13:48', 'DD/MM/YY HH24:MI'), 17229, 0.0);
INSERT INTO SENSOR (SerialNumber, CityPlaced, SensorModel, MinimValue, MaximValue, Unit, SensorType) VALUES (987031, 'Ζίτσα', 'XQABC-189', -57.0, 76.9, '°C', 'Temperature');
INSERT INTO MEASUREMENT (DateTime, SensorID, MeasValue) VALUES (TO_DATE('09/05/18 13:46', 'DD/MM/YY HH24:MI'), 987031, 19.3);
INSERT INTO SENSOR (SerialNumber, CityPlaced, SensorModel, MinimValue, MaximValue, Unit, SensorType) VALUES (440115, 'Ζίτσα', 'SLPJN-8364', 0, 100, '%', 'Humidity');
INSERT INTO MEASUREMENT (DateTime, SensorID, MeasValue) VALUES (TO_DATE('09/05/18 13:46', 'DD/MM/YY HH24:MI'), 440115, 83);
INSERT INTO SENSOR (SerialNumber, CityPlaced, SensorModel, MinimValue, MaximValue, Unit, SensorType) VALUES (92788, 'Ζίτσα', 'AIXX-675', 743.0, 1052.9, 'hPa', 'Pressure');
INSERT INTO MEASUREMENT (DateTime, SensorID, MeasValue) VALUES (TO_DATE('09/05/18 13:46', 'DD/MM/YY HH24:MI'), 92788, 1004.8);
INSERT INTO MEASUREMENT (DateTime, SensorID, MeasValue) VALUES (TO_DATE('09/05/18 13:46', 'DD/MM/YY HH24:MI'), 65759, 3.5);
INSERT INTO SENSOR (SerialNumber, CityPlaced, SensorModel, MinimValue, MaximValue, Unit, SensorType) VALUES (332615, 'Ζαγοροχώρια Πέτρα', 'NABIM-494', -50.0, 69.9, '°C', 'Temperature');
INSERT INTO MEASUREMENT (DateTime, SensorID, MeasValue) VALUES (TO_DATE('09/05/18 13:48', 'DD/MM/YY HH24:MI'), 332615, 19.5);
INSERT INTO SENSOR (SerialNumber, CityPlaced, SensorModel, MinimValue, MaximValue, Unit, SensorType) VALUES (747279, 'Ζαγοροχώρια Πέτρα', 'ZLZOP-9317', 0, 100, '%', 'Humidity');
INSERT INTO MEASUREMENT (DateTime, SensorID, MeasValue) VALUES (TO_DATE('09/05/18 13:48', 'DD/MM/YY HH24:MI'), 747279, 71);
INSERT INTO SENSOR (SerialNumber, CityPlaced, SensorModel, MinimValue, MaximValue, Unit, SensorType) VALUES (67403, 'Ζαγοροχώρια Πέτρα', 'ILCA-121', 745.0, 1093.9, 'hPa', 'Pressure');
INSERT INTO MEASUREMENT (DateTime, SensorID, MeasValue) VALUES (TO_DATE('09/05/18 13:48', 'DD/MM/YY HH24:MI'), 67403, 1003.2);
INSERT INTO SENSOR (SerialNumber, CityPlaced, SensorModel, MinimValue, MaximValue, Unit, SensorType) VALUES (37065, 'Ζαγοροχώρια Πέτρα', 'FXXI-2409', 0.0, 22.9, 'km/h', 'Wind');
INSERT INTO MEASUREMENT (DateTime, SensorID, MeasValue) VALUES (TO_DATE('09/05/18 13:48', 'DD/MM/YY HH24:MI'), 37065, 0.4);
INSERT INTO SENSOR (SerialNumber, CityPlaced, SensorModel, MinimValue, MaximValue, Unit, SensorType) VALUES (504284, 'Ιωάννινα Αμπελόκηποι', 'KLJED-936', -55.0, 78.9, '°C', 'Temperature');
INSERT INTO MEASUREMENT (DateTime, SensorID, MeasValue) VALUES (TO_DATE('09/05/18 13:45', 'DD/MM/YY HH24:MI'), 504284, 21.2);
INSERT INTO SENSOR (SerialNumber, CityPlaced, SensorModel, MinimValue, MaximValue, Unit, SensorType) VALUES (320998, 'Ιωάννινα Αμπελόκηποι', 'FZLRQ-6602', 0, 100, '%', 'Humidity');
INSERT INTO MEASUREMENT (DateTime, SensorID, MeasValue) VALUES (TO_DATE('09/05/18 13:45', 'DD/MM/YY HH24:MI'), 320998, 55);
INSERT INTO SENSOR (SerialNumber, CityPlaced, SensorModel, MinimValue, MaximValue, Unit, SensorType) VALUES (95547, 'Ιωάννινα Αμπελόκηποι', 'XBZF-476', 745.0, 1055.9, 'hPa', 'Pressure');
INSERT INTO MEASUREMENT (DateTime, SensorID, MeasValue) VALUES (TO_DATE('09/05/18 13:45', 'DD/MM/YY HH24:MI'), 95547, 1003.6);
INSERT INTO SENSOR (SerialNumber, CityPlaced, SensorModel, MinimValue, MaximValue, Unit, SensorType) VALUES (17571, 'Ιωάννινα Αμπελόκηποι', 'CHPQ-0325', 0.0, 24.9, 'km/h', 'Wind');
INSERT INTO MEASUREMENT (DateTime, SensorID, MeasValue) VALUES (TO_DATE('09/05/18 13:45', 'DD/MM/YY HH24:MI'), 17571, 2.8);
INSERT INTO SENSOR (SerialNumber, CityPlaced, SensorModel, MinimValue, MaximValue, Unit, SensorType) VALUES (779580, 'Ιωάννινα Κέντρο', 'ZNEOE-299', -53.0, 78.9, '°C', 'Temperature');
INSERT INTO MEASUREMENT (DateTime, SensorID, MeasValue) VALUES (TO_DATE('09/05/18 13:45', 'DD/MM/YY HH24:MI'), 779580, 21.7);
INSERT INTO SENSOR (SerialNumber, CityPlaced, SensorModel, MinimValue, MaximValue, Unit, SensorType) VALUES (717024, 'Ιωάννινα Κέντρο', 'WABDU-1888', 0, 100, '%', 'Humidity');
INSERT INTO MEASUREMENT (DateTime, SensorID, MeasValue) VALUES (TO_DATE('09/05/18 13:45', 'DD/MM/YY HH24:MI'), 717024, 62);
INSERT INTO SENSOR (SerialNumber, CityPlaced, SensorModel, MinimValue, MaximValue, Unit, SensorType) VALUES (37830, 'Ιωάννινα Κέντρο', 'IERT-4907', 0.0, 21.9, 'km/h', 'Wind');
INSERT INTO MEASUREMENT (DateTime, SensorID, MeasValue) VALUES (TO_DATE('09/05/18 13:45', 'DD/MM/YY HH24:MI'), 37830, 1.9);
INSERT INTO SENSOR (SerialNumber, CityPlaced, SensorModel, MinimValue, MaximValue, Unit, SensorType) VALUES (844553, 'Ιωάννινα', 'JEPOH-427', -58.0, 66.9, '°C', 'Temperature');
INSERT INTO MEASUREMENT (DateTime, SensorID, MeasValue) VALUES (TO_DATE('09/05/18 13:41', 'DD/MM/YY HH24:MI'), 844553, 21.7);
INSERT INTO SENSOR (SerialNumber, CityPlaced, SensorModel, MinimValue, MaximValue, Unit, SensorType) VALUES (297447, 'Ιωάννινα', 'DYKQO-5436', 0, 100, '%', 'Humidity');
INSERT INTO MEASUREMENT (DateTime, SensorID, MeasValue) VALUES (TO_DATE('09/05/18 13:41', 'DD/MM/YY HH24:MI'), 297447, 67);
INSERT INTO SENSOR (SerialNumber, CityPlaced, SensorModel, MinimValue, MaximValue, Unit, SensorType) VALUES (37336, 'Ιωάννινα', 'DSBN-102', 747.0, 1073.9, 'hPa', 'Pressure');
INSERT INTO MEASUREMENT (DateTime, SensorID, MeasValue) VALUES (TO_DATE('09/05/18 13:41', 'DD/MM/YY HH24:MI'), 37336, 1003.6);
INSERT INTO SENSOR (SerialNumber, CityPlaced, SensorModel, MinimValue, MaximValue, Unit, SensorType) VALUES (62279, 'Ιωάννινα', 'IIJL-9251', 0.0, 20.9, 'km/h', 'Wind');
INSERT INTO MEASUREMENT (DateTime, SensorID, MeasValue) VALUES (TO_DATE('09/05/18 13:41', 'DD/MM/YY HH24:MI'), 62279, 3.5);
INSERT INTO SENSOR (SerialNumber, CityPlaced, SensorModel, MinimValue, MaximValue, Unit, SensorType) VALUES (344164, 'Καρδαμίτσια', 'YCONC-486', -56.0, 76.9, '°C', 'Temperature');
INSERT INTO MEASUREMENT (DateTime, SensorID, MeasValue) VALUES (TO_DATE('09/05/18 13:44', 'DD/MM/YY HH24:MI'), 344164, 19.7);
INSERT INTO SENSOR (SerialNumber, CityPlaced, SensorModel, MinimValue, MaximValue, Unit, SensorType) VALUES (189568, 'Καρδαμίτσια', 'MGRIM-5560', 0, 100, '%', 'Humidity');
INSERT INTO MEASUREMENT (DateTime, SensorID, MeasValue) VALUES (TO_DATE('09/05/18 13:44', 'DD/MM/YY HH24:MI'), 189568, 83);
INSERT INTO SENSOR (SerialNumber, CityPlaced, SensorModel, MinimValue, MaximValue, Unit, SensorType) VALUES (12881, 'Καρδαμίτσια', 'VCDT-214', 705.0, 1069.9, 'hPa', 'Pressure');
INSERT INTO MEASUREMENT (DateTime, SensorID, MeasValue) VALUES (TO_DATE('09/05/18 13:44', 'DD/MM/YY HH24:MI'), 12881, 1002.0);
INSERT INTO SENSOR (SerialNumber, CityPlaced, SensorModel, MinimValue, MaximValue, Unit, SensorType) VALUES (64572, 'Καρδαμίτσια', 'GIBE-8169', 0.0, 21.9, 'km/h', 'Wind');
INSERT INTO MEASUREMENT (DateTime, SensorID, MeasValue) VALUES (TO_DATE('09/05/18 13:44', 'DD/MM/YY HH24:MI'), 64572, 0.3);
INSERT INTO SENSOR (SerialNumber, CityPlaced, SensorModel, MinimValue, MaximValue, Unit, SensorType) VALUES (639233, 'Κόνιτσα', 'SUXZI-377', -58.0, 65.9, '°C', 'Temperature');
INSERT INTO MEASUREMENT (DateTime, SensorID, MeasValue) VALUES (TO_DATE('09/05/18 13:47', 'DD/MM/YY HH24:MI'), 639233, 20.4);
INSERT INTO SENSOR (SerialNumber, CityPlaced, SensorModel, MinimValue, MaximValue, Unit, SensorType) VALUES (258814, 'Κόνιτσα', 'XWCEO-2433', 0, 100, '%', 'Humidity');
INSERT INTO MEASUREMENT (DateTime, SensorID, MeasValue) VALUES (TO_DATE('09/05/18 13:47', 'DD/MM/YY HH24:MI'), 258814, 70);
INSERT INTO SENSOR (SerialNumber, CityPlaced, SensorModel, MinimValue, MaximValue, Unit, SensorType) VALUES (13568, 'Κόνιτσα', 'ZFTG-085', 723.0, 1079.9, 'hPa', 'Pressure');
INSERT INTO MEASUREMENT (DateTime, SensorID, MeasValue) VALUES (TO_DATE('09/05/18 13:47', 'DD/MM/YY HH24:MI'), 13568, 1005.6);
INSERT INTO SENSOR (SerialNumber, CityPlaced, SensorModel, MinimValue, MaximValue, Unit, SensorType) VALUES (43480, 'Κόνιτσα', 'JMBA-2099', 0.0, 21.9, 'km/h', 'Wind');
INSERT INTO MEASUREMENT (DateTime, SensorID, MeasValue) VALUES (TO_DATE('09/05/18 13:47', 'DD/MM/YY HH24:MI'), 43480, 3.2);
INSERT INTO SENSOR (SerialNumber, CityPlaced, SensorModel, MinimValue, MaximValue, Unit, SensorType) VALUES (994564, 'Μέτσοβο', 'PKXOR-347', -58.0, 78.9, '°C', 'Temperature');
INSERT INTO MEASUREMENT (DateTime, SensorID, MeasValue) VALUES (TO_DATE('09/05/18 13:44', 'DD/MM/YY HH24:MI'), 994564, 16.6);
INSERT INTO SENSOR (SerialNumber, CityPlaced, SensorModel, MinimValue, MaximValue, Unit, SensorType) VALUES (342857, 'Μέτσοβο', 'YNKNJ-5451', 0, 100, '%', 'Humidity');
INSERT INTO MEASUREMENT (DateTime, SensorID, MeasValue) VALUES (TO_DATE('09/05/18 13:44', 'DD/MM/YY HH24:MI'), 342857, 71);
INSERT INTO SENSOR (SerialNumber, CityPlaced, SensorModel, MinimValue, MaximValue, Unit, SensorType) VALUES (38694, 'Μέτσοβο', 'MXUN-637', 706.0, 1084.9, 'hPa', 'Pressure');
INSERT INTO MEASUREMENT (DateTime, SensorID, MeasValue) VALUES (TO_DATE('09/05/18 13:44', 'DD/MM/YY HH24:MI'), 38694, 1004.6);
INSERT INTO SENSOR (SerialNumber, CityPlaced, SensorModel, MinimValue, MaximValue, Unit, SensorType) VALUES (20555, 'Μέτσοβο', 'YOZB-1114', 0.0, 23.9, 'km/h', 'Wind');
INSERT INTO MEASUREMENT (DateTime, SensorID, MeasValue) VALUES (TO_DATE('09/05/18 13:44', 'DD/MM/YY HH24:MI'), 20555, 4.3);
INSERT INTO SENSOR (SerialNumber, CityPlaced, SensorModel, MinimValue, MaximValue, Unit, SensorType) VALUES (599188, 'Πληκάτι', 'WSTKV-738', -54.0, 73.9, '°C', 'Temperature');
INSERT INTO MEASUREMENT (DateTime, SensorID, MeasValue) VALUES (TO_DATE('09/05/18 13:44', 'DD/MM/YY HH24:MI'), 599188, 15.3);
INSERT INTO SENSOR (SerialNumber, CityPlaced, SensorModel, MinimValue, MaximValue, Unit, SensorType) VALUES (621876, 'Πληκάτι', 'HSDNK-8297', 0, 100, '%', 'Humidity');
INSERT INTO MEASUREMENT (DateTime, SensorID, MeasValue) VALUES (TO_DATE('09/05/18 13:44', 'DD/MM/YY HH24:MI'), 621876, 80);
INSERT INTO SENSOR (SerialNumber, CityPlaced, SensorModel, MinimValue, MaximValue, Unit, SensorType) VALUES (11342, 'Πληκάτι', 'MKYS-956', 735.0, 1057.9, 'hPa', 'Pressure');
INSERT INTO MEASUREMENT (DateTime, SensorID, MeasValue) VALUES (TO_DATE('09/05/18 13:44', 'DD/MM/YY HH24:MI'), 11342, 1005.3);
INSERT INTO SENSOR (SerialNumber, CityPlaced, SensorModel, MinimValue, MaximValue, Unit, SensorType) VALUES (40890, 'Πληκάτι', 'WBOZ-6132', 0.0, 25.9, 'km/h', 'Wind');
INSERT INTO MEASUREMENT (DateTime, SensorID, MeasValue) VALUES (TO_DATE('09/05/18 13:44', 'DD/MM/YY HH24:MI'), 40890, 0.8);
INSERT INTO SENSOR (SerialNumber, CityPlaced, SensorModel, MinimValue, MaximValue, Unit, SensorType) VALUES (201278, 'Πράμαντα', 'EZFPH-980', -50.0, 75.9, '°C', 'Temperature');
INSERT INTO MEASUREMENT (DateTime, SensorID, MeasValue) VALUES (TO_DATE('09/05/18 13:32', 'DD/MM/YY HH24:MI'), 201278, 18.0);
INSERT INTO SENSOR (SerialNumber, CityPlaced, SensorModel, MinimValue, MaximValue, Unit, SensorType) VALUES (576162, 'Πράμαντα', 'QZJDH-8754', 0, 100, '%', 'Humidity');
INSERT INTO MEASUREMENT (DateTime, SensorID, MeasValue) VALUES (TO_DATE('09/05/18 13:32', 'DD/MM/YY HH24:MI'), 576162, 76);
INSERT INTO SENSOR (SerialNumber, CityPlaced, SensorModel, MinimValue, MaximValue, Unit, SensorType) VALUES (62038, 'Πράμαντα', 'ZRIM-444', 718.0, 1050.9, 'hPa', 'Pressure');
INSERT INTO MEASUREMENT (DateTime, SensorID, MeasValue) VALUES (TO_DATE('09/05/18 13:32', 'DD/MM/YY HH24:MI'), 62038, 1006.0);
INSERT INTO SENSOR (SerialNumber, CityPlaced, SensorModel, MinimValue, MaximValue, Unit, SensorType) VALUES (93747, 'Πράμαντα', 'INAR-5551', 0.0, 23.9, 'km/h', 'Wind');
INSERT INTO MEASUREMENT (DateTime, SensorID, MeasValue) VALUES (TO_DATE('09/05/18 13:32', 'DD/MM/YY HH24:MI'), 93747, 6.4);
INSERT INTO SENSOR (SerialNumber, CityPlaced, SensorModel, MinimValue, MaximValue, Unit, SensorType) VALUES (274061, 'Τύρια', 'KERDT-225', -51.0, 63.9, '°C', 'Temperature');
INSERT INTO MEASUREMENT (DateTime, SensorID, MeasValue) VALUES (TO_DATE('09/05/18 13:41', 'DD/MM/YY HH24:MI'), 274061, 21.5);
INSERT INTO SENSOR (SerialNumber, CityPlaced, SensorModel, MinimValue, MaximValue, Unit, SensorType) VALUES (261376, 'Τύρια', 'JBYJY-5108', 0, 100, '%', 'Humidity');
INSERT INTO MEASUREMENT (DateTime, SensorID, MeasValue) VALUES (TO_DATE('09/05/18 13:41', 'DD/MM/YY HH24:MI'), 261376, 72);
INSERT INTO SENSOR (SerialNumber, CityPlaced, SensorModel, MinimValue, MaximValue, Unit, SensorType) VALUES (77699, 'Τύρια', 'WUVH-609', 741.0, 1054.9, 'hPa', 'Pressure');
INSERT INTO MEASUREMENT (DateTime, SensorID, MeasValue) VALUES (TO_DATE('09/05/18 13:41', 'DD/MM/YY HH24:MI'), 77699, 1004.5);
INSERT INTO SENSOR (SerialNumber, CityPlaced, SensorModel, MinimValue, MaximValue, Unit, SensorType) VALUES (38079, 'Τύρια', 'AAOL-2718', 0.0, 23.9, 'km/h', 'Wind');
INSERT INTO MEASUREMENT (DateTime, SensorID, MeasValue) VALUES (TO_DATE('09/05/18 13:41', 'DD/MM/YY HH24:MI'), 38079, 2.1);
INSERT INTO SENSOR (SerialNumber, CityPlaced, SensorModel, MinimValue, MaximValue, Unit, SensorType) VALUES (579309, 'Καστροσυκιά', 'ZGEBY-630', -59.0, 69.9, '°C', 'Temperature');
INSERT INTO MEASUREMENT (DateTime, SensorID, MeasValue) VALUES (TO_DATE('09/05/18 13:47', 'DD/MM/YY HH24:MI'), 579309, 20.8);
INSERT INTO SENSOR (SerialNumber, CityPlaced, SensorModel, MinimValue, MaximValue, Unit, SensorType) VALUES (687602, 'Καστροσυκιά', 'IPBZX-3842', 0, 100, '%', 'Humidity');
INSERT INTO MEASUREMENT (DateTime, SensorID, MeasValue) VALUES (TO_DATE('09/05/18 13:47', 'DD/MM/YY HH24:MI'), 687602, 82);
INSERT INTO SENSOR (SerialNumber, CityPlaced, SensorModel, MinimValue, MaximValue, Unit, SensorType) VALUES (52846, 'Καστροσυκιά', 'RZXV-785', 738.0, 1086.9, 'hPa', 'Pressure');
INSERT INTO MEASUREMENT (DateTime, SensorID, MeasValue) VALUES (TO_DATE('09/05/18 13:47', 'DD/MM/YY HH24:MI'), 52846, 1005.3);
INSERT INTO SENSOR (SerialNumber, CityPlaced, SensorModel, MinimValue, MaximValue, Unit, SensorType) VALUES (82098, 'Καστροσυκιά', 'DHOY-6145', 0.0, 20.9, 'km/h', 'Wind');
INSERT INTO MEASUREMENT (DateTime, SensorID, MeasValue) VALUES (TO_DATE('09/05/18 13:47', 'DD/MM/YY HH24:MI'), 82098, 10.8);
INSERT INTO SENSOR (SerialNumber, CityPlaced, SensorModel, MinimValue, MaximValue, Unit, SensorType) VALUES (476343, 'Φυλακτή Λίμνη Πλαστήρα', 'QCFGH-780', -51.0, 71.9, '°C', 'Temperature');
INSERT INTO MEASUREMENT (DateTime, SensorID, MeasValue) VALUES (TO_DATE('09/05/18 13:45', 'DD/MM/YY HH24:MI'), 476343, 17.2);
INSERT INTO SENSOR (SerialNumber, CityPlaced, SensorModel, MinimValue, MaximValue, Unit, SensorType) VALUES (655096, 'Φυλακτή Λίμνη Πλαστήρα', 'BUDIN-1322', 0, 100, '%', 'Humidity');
INSERT INTO MEASUREMENT (DateTime, SensorID, MeasValue) VALUES (TO_DATE('09/05/18 13:45', 'DD/MM/YY HH24:MI'), 655096, 30);
INSERT INTO SENSOR (SerialNumber, CityPlaced, SensorModel, MinimValue, MaximValue, Unit, SensorType) VALUES (46312, 'Φυλακτή Λίμνη Πλαστήρα', 'ADZO-458', 722.0, 1085.9, 'hPa', 'Pressure');
INSERT INTO MEASUREMENT (DateTime, SensorID, MeasValue) VALUES (TO_DATE('09/05/18 13:45', 'DD/MM/YY HH24:MI'), 46312, 1005.4);
INSERT INTO SENSOR (SerialNumber, CityPlaced, SensorModel, MinimValue, MaximValue, Unit, SensorType) VALUES (92432, 'Φυλακτή Λίμνη Πλαστήρα', 'ARFJ-7001', 0.0, 20.9, 'km/h', 'Wind');
INSERT INTO MEASUREMENT (DateTime, SensorID, MeasValue) VALUES (TO_DATE('09/05/18 13:45', 'DD/MM/YY HH24:MI'), 92432, 3.6);
INSERT INTO SENSOR (SerialNumber, CityPlaced, SensorModel, MinimValue, MaximValue, Unit, SensorType) VALUES (344249, 'Βελίκα', 'XBZVZ-201', -50.0, 66.9, '°C', 'Temperature');
INSERT INTO MEASUREMENT (DateTime, SensorID, MeasValue) VALUES (TO_DATE('09/05/18 13:48', 'DD/MM/YY HH24:MI'), 344249, 22.5);
INSERT INTO SENSOR (SerialNumber, CityPlaced, SensorModel, MinimValue, MaximValue, Unit, SensorType) VALUES (156398, 'Βελίκα', 'XKNGY-4857', 0, 100, '%', 'Humidity');
INSERT INTO MEASUREMENT (DateTime, SensorID, MeasValue) VALUES (TO_DATE('09/05/18 13:48', 'DD/MM/YY HH24:MI'), 156398, 73);
INSERT INTO SENSOR (SerialNumber, CityPlaced, SensorModel, MinimValue, MaximValue, Unit, SensorType) VALUES (41623, 'Βελίκα', 'AJNY-561', 723.0, 1080.9, 'hPa', 'Pressure');
INSERT INTO MEASUREMENT (DateTime, SensorID, MeasValue) VALUES (TO_DATE('09/05/18 13:48', 'DD/MM/YY HH24:MI'), 41623, 1006.2);
INSERT INTO SENSOR (SerialNumber, CityPlaced, SensorModel, MinimValue, MaximValue, Unit, SensorType) VALUES (55516, 'Βελίκα', 'DIYK-7906', 0.0, 23.9, 'km/h', 'Wind');
INSERT INTO MEASUREMENT (DateTime, SensorID, MeasValue) VALUES (TO_DATE('09/05/18 13:48', 'DD/MM/YY HH24:MI'), 55516, 4.8);
INSERT INTO SENSOR (SerialNumber, CityPlaced, SensorModel, MinimValue, MaximValue, Unit, SensorType) VALUES (256630, 'Λάρισα 6 Δρόμοι', 'YLCZD-190', -57.0, 73.9, '°C', 'Temperature');
INSERT INTO MEASUREMENT (DateTime, SensorID, MeasValue) VALUES (TO_DATE('09/05/18 13:45', 'DD/MM/YY HH24:MI'), 256630, 27.2);
INSERT INTO SENSOR (SerialNumber, CityPlaced, SensorModel, MinimValue, MaximValue, Unit, SensorType) VALUES (248241, 'Λάρισα 6 Δρόμοι', 'STZOZ-1658', 0, 100, '%', 'Humidity');
INSERT INTO MEASUREMENT (DateTime, SensorID, MeasValue) VALUES (TO_DATE('09/05/18 13:45', 'DD/MM/YY HH24:MI'), 248241, 48);
INSERT INTO SENSOR (SerialNumber, CityPlaced, SensorModel, MinimValue, MaximValue, Unit, SensorType) VALUES (29407, 'Λάρισα 6 Δρόμοι', 'NIGB-410', 743.0, 1052.9, 'hPa', 'Pressure');
INSERT INTO MEASUREMENT (DateTime, SensorID, MeasValue) VALUES (TO_DATE('09/05/18 13:45', 'DD/MM/YY HH24:MI'), 29407, 1003.4);
INSERT INTO SENSOR (SerialNumber, CityPlaced, SensorModel, MinimValue, MaximValue, Unit, SensorType) VALUES (74598, 'Λάρισα 6 Δρόμοι', 'XXEV-6266', 0.0, 21.9, 'km/h', 'Wind');
INSERT INTO MEASUREMENT (DateTime, SensorID, MeasValue) VALUES (TO_DATE('09/05/18 13:45', 'DD/MM/YY HH24:MI'), 74598, 1.1);
INSERT INTO SENSOR (SerialNumber, CityPlaced, SensorModel, MinimValue, MaximValue, Unit, SensorType) VALUES (100524, 'Λάρισα ΑΤΑ', 'KORPL-528', -54.0, 72.9, '°C', 'Temperature');
INSERT INTO MEASUREMENT (DateTime, SensorID, MeasValue) VALUES (TO_DATE('09/05/18 13:42', 'DD/MM/YY HH24:MI'), 100524, 26.8);
INSERT INTO SENSOR (SerialNumber, CityPlaced, SensorModel, MinimValue, MaximValue, Unit, SensorType) VALUES (257612, 'Λάρισα ΑΤΑ', 'WPZBB-1338', 0, 100, '%', 'Humidity');
INSERT INTO MEASUREMENT (DateTime, SensorID, MeasValue) VALUES (TO_DATE('09/05/18 13:42', 'DD/MM/YY HH24:MI'), 257612, 45);
INSERT INTO SENSOR (SerialNumber, CityPlaced, SensorModel, MinimValue, MaximValue, Unit, SensorType) VALUES (26424, 'Λάρισα ΑΤΑ', 'XULH-459', 729.0, 1064.9, 'hPa', 'Pressure');
INSERT INTO MEASUREMENT (DateTime, SensorID, MeasValue) VALUES (TO_DATE('09/05/18 13:42', 'DD/MM/YY HH24:MI'), 26424, 1001.6);
INSERT INTO SENSOR (SerialNumber, CityPlaced, SensorModel, MinimValue, MaximValue, Unit, SensorType) VALUES (77503, 'Λάρισα ΑΤΑ', 'YHMH-4470', 0.0, 21.9, 'km/h', 'Wind');
INSERT INTO MEASUREMENT (DateTime, SensorID, MeasValue) VALUES (TO_DATE('09/05/18 13:42', 'DD/MM/YY HH24:MI'), 77503, 1.6);
INSERT INTO SENSOR (SerialNumber, CityPlaced, SensorModel, MinimValue, MaximValue, Unit, SensorType) VALUES (235547, 'Λάρισα Σίφνου', 'HTCSS-715', -50.0, 78.9, '°C', 'Temperature');
INSERT INTO MEASUREMENT (DateTime, SensorID, MeasValue) VALUES (TO_DATE('09/05/18 13:48', 'DD/MM/YY HH24:MI'), 235547, 26.1);
INSERT INTO SENSOR (SerialNumber, CityPlaced, SensorModel, MinimValue, MaximValue, Unit, SensorType) VALUES (692213, 'Λάρισα Σίφνου', 'OEFTB-3381', 0, 100, '%', 'Humidity');
INSERT INTO MEASUREMENT (DateTime, SensorID, MeasValue) VALUES (TO_DATE('09/05/18 13:48', 'DD/MM/YY HH24:MI'), 692213, 44);
INSERT INTO SENSOR (SerialNumber, CityPlaced, SensorModel, MinimValue, MaximValue, Unit, SensorType) VALUES (78800, 'Λάρισα Σίφνου', 'FIWA-226', 711.0, 1085.9, 'hPa', 'Pressure');
INSERT INTO MEASUREMENT (DateTime, SensorID, MeasValue) VALUES (TO_DATE('09/05/18 13:48', 'DD/MM/YY HH24:MI'), 78800, 1004.0);
INSERT INTO SENSOR (SerialNumber, CityPlaced, SensorModel, MinimValue, MaximValue, Unit, SensorType) VALUES (22588, 'Λάρισα Σίφνου', 'ASLU-2508', 0.0, 23.9, 'km/h', 'Wind');
INSERT INTO MEASUREMENT (DateTime, SensorID, MeasValue) VALUES (TO_DATE('09/05/18 13:48', 'DD/MM/YY HH24:MI'), 22588, 5.0);
INSERT INTO SENSOR (SerialNumber, CityPlaced, SensorModel, MinimValue, MaximValue, Unit, SensorType) VALUES (605826, 'Συκούριο', 'VYLKH-516', -56.0, 76.9, '°C', 'Temperature');
INSERT INTO MEASUREMENT (DateTime, SensorID, MeasValue) VALUES (TO_DATE('09/05/18 13:48', 'DD/MM/YY HH24:MI'), 605826, 24.6);
INSERT INTO SENSOR (SerialNumber, CityPlaced, SensorModel, MinimValue, MaximValue, Unit, SensorType) VALUES (868684, 'Συκούριο', 'ELBBZ-4081', 0, 100, '%', 'Humidity');
INSERT INTO MEASUREMENT (DateTime, SensorID, MeasValue) VALUES (TO_DATE('09/05/18 13:48', 'DD/MM/YY HH24:MI'), 868684, 52);
INSERT INTO SENSOR (SerialNumber, CityPlaced, SensorModel, MinimValue, MaximValue, Unit, SensorType) VALUES (13916, 'Συκούριο', 'PQVL-445', 736.0, 1051.9, 'hPa', 'Pressure');
INSERT INTO MEASUREMENT (DateTime, SensorID, MeasValue) VALUES (TO_DATE('09/05/18 13:48', 'DD/MM/YY HH24:MI'), 13916, 1003.1);
INSERT INTO SENSOR (SerialNumber, CityPlaced, SensorModel, MinimValue, MaximValue, Unit, SensorType) VALUES (86462, 'Συκούριο', 'BGZA-8632', 0.0, 20.9, 'km/h', 'Wind');
INSERT INTO MEASUREMENT (DateTime, SensorID, MeasValue) VALUES (TO_DATE('09/05/18 13:48', 'DD/MM/YY HH24:MI'), 86462, 8.2);
INSERT INTO SENSOR (SerialNumber, CityPlaced, SensorModel, MinimValue, MaximValue, Unit, SensorType) VALUES (443719, 'Μπασίτσι', 'YMRQY-035', -51.0, 75.9, '°C', 'Temperature');
INSERT INTO MEASUREMENT (DateTime, SensorID, MeasValue) VALUES (TO_DATE('09/05/18 13:48', 'DD/MM/YY HH24:MI'), 443719, 23.0);
INSERT INTO SENSOR (SerialNumber, CityPlaced, SensorModel, MinimValue, MaximValue, Unit, SensorType) VALUES (977417, 'Μπασίτσι', 'DUQBQ-8378', 0, 100, '%', 'Humidity');
INSERT INTO MEASUREMENT (DateTime, SensorID, MeasValue) VALUES (TO_DATE('09/05/18 13:48', 'DD/MM/YY HH24:MI'), 977417, 60);
INSERT INTO SENSOR (SerialNumber, CityPlaced, SensorModel, MinimValue, MaximValue, Unit, SensorType) VALUES (15815, 'Μπασίτσι', 'LMAZ-476', 744.0, 1091.9, 'hPa', 'Pressure');
INSERT INTO MEASUREMENT (DateTime, SensorID, MeasValue) VALUES (TO_DATE('09/05/18 13:48', 'DD/MM/YY HH24:MI'), 15815, 1004.2);
INSERT INTO SENSOR (SerialNumber, CityPlaced, SensorModel, MinimValue, MaximValue, Unit, SensorType) VALUES (60111, 'Μπασίτσι', 'KGJR-3036', 0.0, 25.9, 'km/h', 'Wind');
INSERT INTO MEASUREMENT (DateTime, SensorID, MeasValue) VALUES (TO_DATE('09/05/18 13:48', 'DD/MM/YY HH24:MI'), 60111, 5.5);
INSERT INTO SENSOR (SerialNumber, CityPlaced, SensorModel, MinimValue, MaximValue, Unit, SensorType) VALUES (314763, 'Πηγάδι', 'VPJHT-146', -58.0, 73.9, '°C', 'Temperature');
INSERT INTO MEASUREMENT (DateTime, SensorID, MeasValue) VALUES (TO_DATE('09/05/18 13:35', 'DD/MM/YY HH24:MI'), 314763, 25.7);
INSERT INTO SENSOR (SerialNumber, CityPlaced, SensorModel, MinimValue, MaximValue, Unit, SensorType) VALUES (414952, 'Πηγάδι', 'AUASI-6038', 0, 100, '%', 'Humidity');
INSERT INTO MEASUREMENT (DateTime, SensorID, MeasValue) VALUES (TO_DATE('09/05/18 13:35', 'DD/MM/YY HH24:MI'), 414952, 58);
INSERT INTO SENSOR (SerialNumber, CityPlaced, SensorModel, MinimValue, MaximValue, Unit, SensorType) VALUES (96527, 'Πηγάδι', 'DGWX-381', 710.0, 1081.9, 'hPa', 'Pressure');
INSERT INTO MEASUREMENT (DateTime, SensorID, MeasValue) VALUES (TO_DATE('09/05/18 13:35', 'DD/MM/YY HH24:MI'), 96527, 1003.3);
INSERT INTO SENSOR (SerialNumber, CityPlaced, SensorModel, MinimValue, MaximValue, Unit, SensorType) VALUES (29571, 'Πηγάδι', 'XNKX-2068', 0.0, 22.9, 'km/h', 'Wind');
INSERT INTO MEASUREMENT (DateTime, SensorID, MeasValue) VALUES (TO_DATE('09/05/18 13:35', 'DD/MM/YY HH24:MI'), 29571, 0.0);
INSERT INTO SENSOR (SerialNumber, CityPlaced, SensorModel, MinimValue, MaximValue, Unit, SensorType) VALUES (363252, 'Πορταριά', 'YFNSO-840', -52.0, 66.9, '°C', 'Temperature');
INSERT INTO MEASUREMENT (DateTime, SensorID, MeasValue) VALUES (TO_DATE('09/05/18 13:45', 'DD/MM/YY HH24:MI'), 363252, 20.3);
INSERT INTO SENSOR (SerialNumber, CityPlaced, SensorModel, MinimValue, MaximValue, Unit, SensorType) VALUES (520432, 'Πορταριά', 'CQAVG-5421', 0, 100, '%', 'Humidity');
INSERT INTO MEASUREMENT (DateTime, SensorID, MeasValue) VALUES (TO_DATE('09/05/18 13:45', 'DD/MM/YY HH24:MI'), 520432, 58);
INSERT INTO SENSOR (SerialNumber, CityPlaced, SensorModel, MinimValue, MaximValue, Unit, SensorType) VALUES (64472, 'Πορταριά', 'UUOD-544', 715.0, 1092.9, 'hPa', 'Pressure');
INSERT INTO MEASUREMENT (DateTime, SensorID, MeasValue) VALUES (TO_DATE('09/05/18 13:45', 'DD/MM/YY HH24:MI'), 64472, 1002.2);
INSERT INTO SENSOR (SerialNumber, CityPlaced, SensorModel, MinimValue, MaximValue, Unit, SensorType) VALUES (65399, 'Πορταριά', 'MALD-9447', 0.0, 24.9, 'km/h', 'Wind');
INSERT INTO MEASUREMENT (DateTime, SensorID, MeasValue) VALUES (TO_DATE('09/05/18 13:45', 'DD/MM/YY HH24:MI'), 65399, 3.0);
INSERT INTO SENSOR (SerialNumber, CityPlaced, SensorModel, MinimValue, MaximValue, Unit, SensorType) VALUES (963065, 'Σκιάθος Ερασιτεχνικό Αστεροσκοπείο', 'OHIEH-475', -56.0, 64.9, '°C', 'Temperature');
INSERT INTO MEASUREMENT (DateTime, SensorID, MeasValue) VALUES (TO_DATE('09/05/18 13:05', 'DD/MM/YY HH24:MI'), 963065, 21.9);
INSERT INTO SENSOR (SerialNumber, CityPlaced, SensorModel, MinimValue, MaximValue, Unit, SensorType) VALUES (756958, 'Σκιάθος Ερασιτεχνικό Αστεροσκοπείο', 'XGLZY-3128', 0, 100, '%', 'Humidity');
INSERT INTO MEASUREMENT (DateTime, SensorID, MeasValue) VALUES (TO_DATE('09/05/18 13:05', 'DD/MM/YY HH24:MI'), 756958, 75);
INSERT INTO SENSOR (SerialNumber, CityPlaced, SensorModel, MinimValue, MaximValue, Unit, SensorType) VALUES (25176, 'Σκιάθος Ερασιτεχνικό Αστεροσκοπείο', 'NPGU-682', 737.0, 1089.9, 'hPa', 'Pressure');
INSERT INTO MEASUREMENT (DateTime, SensorID, MeasValue) VALUES (TO_DATE('09/05/18 13:05', 'DD/MM/YY HH24:MI'), 25176, 1005.0);
INSERT INTO SENSOR (SerialNumber, CityPlaced, SensorModel, MinimValue, MaximValue, Unit, SensorType) VALUES (49319, 'Σκιάθος Ερασιτεχνικό Αστεροσκοπείο', 'JDNO-8993', 0.0, 25.9, 'km/h', 'Wind');
INSERT INTO MEASUREMENT (DateTime, SensorID, MeasValue) VALUES (TO_DATE('09/05/18 13:05', 'DD/MM/YY HH24:MI'), 49319, 7.2);
INSERT INTO SENSOR (SerialNumber, CityPlaced, SensorModel, MinimValue, MaximValue, Unit, SensorType) VALUES (112285, 'Σκόπελος', 'KNHXF-475', -55.0, 70.9, '°C', 'Temperature');
INSERT INTO MEASUREMENT (DateTime, SensorID, MeasValue) VALUES (TO_DATE('09/05/18 13:40', 'DD/MM/YY HH24:MI'), 112285, 22.4);
INSERT INTO SENSOR (SerialNumber, CityPlaced, SensorModel, MinimValue, MaximValue, Unit, SensorType) VALUES (103090, 'Σκόπελος', 'MDEFC-4698', 0, 100, '%', 'Humidity');
INSERT INTO MEASUREMENT (DateTime, SensorID, MeasValue) VALUES (TO_DATE('09/05/18 13:40', 'DD/MM/YY HH24:MI'), 103090, 75);
INSERT INTO SENSOR (SerialNumber, CityPlaced, SensorModel, MinimValue, MaximValue, Unit, SensorType) VALUES (89349, 'Σκόπελος', 'KUKY-483', 750.0, 1087.9, 'hPa', 'Pressure');
INSERT INTO MEASUREMENT (DateTime, SensorID, MeasValue) VALUES (TO_DATE('09/05/18 13:40', 'DD/MM/YY HH24:MI'), 89349, 1007.5);
INSERT INTO SENSOR (SerialNumber, CityPlaced, SensorModel, MinimValue, MaximValue, Unit, SensorType) VALUES (38516, 'Σκόπελος', 'LYJQ-6808', 0.0, 24.9, 'km/h', 'Wind');
INSERT INTO MEASUREMENT (DateTime, SensorID, MeasValue) VALUES (TO_DATE('09/05/18 13:40', 'DD/MM/YY HH24:MI'), 38516, 8.3);
INSERT INTO SENSOR (SerialNumber, CityPlaced, SensorModel, MinimValue, MaximValue, Unit, SensorType) VALUES (357044, 'Διδυμότειχο', 'VGFRP-683', -50.0, 67.9, '°C', 'Temperature');
INSERT INTO MEASUREMENT (DateTime, SensorID, MeasValue) VALUES (TO_DATE('09/05/18 13:46', 'DD/MM/YY HH24:MI'), 357044, 28.0);
INSERT INTO SENSOR (SerialNumber, CityPlaced, SensorModel, MinimValue, MaximValue, Unit, SensorType) VALUES (448943, 'Διδυμότειχο', 'WSLXR-7915', 0, 100, '%', 'Humidity');
INSERT INTO MEASUREMENT (DateTime, SensorID, MeasValue) VALUES (TO_DATE('09/05/18 13:46', 'DD/MM/YY HH24:MI'), 448943, 21);
INSERT INTO SENSOR (SerialNumber, CityPlaced, SensorModel, MinimValue, MaximValue, Unit, SensorType) VALUES (63368, 'Διδυμότειχο', 'UMAA-897', 708.0, 1078.9, 'hPa', 'Pressure');
INSERT INTO MEASUREMENT (DateTime, SensorID, MeasValue) VALUES (TO_DATE('09/05/18 13:46', 'DD/MM/YY HH24:MI'), 63368, 1003.6);
INSERT INTO SENSOR (SerialNumber, CityPlaced, SensorModel, MinimValue, MaximValue, Unit, SensorType) VALUES (74890, 'Διδυμότειχο', 'HCIQ-0695', 0.0, 24.9, 'km/h', 'Wind');
INSERT INTO MEASUREMENT (DateTime, SensorID, MeasValue) VALUES (TO_DATE('09/05/18 13:46', 'DD/MM/YY HH24:MI'), 74890, 4.2);
INSERT INTO SENSOR (SerialNumber, CityPlaced, SensorModel, MinimValue, MaximValue, Unit, SensorType) VALUES (844195, 'Γέρακας', 'TTTLR-740', -59.0, 75.9, '°C', 'Temperature');
INSERT INTO MEASUREMENT (DateTime, SensorID, MeasValue) VALUES (TO_DATE('09/05/18 13:48', 'DD/MM/YY HH24:MI'), 844195, 25.5);
INSERT INTO SENSOR (SerialNumber, CityPlaced, SensorModel, MinimValue, MaximValue, Unit, SensorType) VALUES (685236, 'Γέρακας', 'OGZEZ-6563', 0, 100, '%', 'Humidity');
INSERT INTO MEASUREMENT (DateTime, SensorID, MeasValue) VALUES (TO_DATE('09/05/18 13:48', 'DD/MM/YY HH24:MI'), 685236, 57);
INSERT INTO SENSOR (SerialNumber, CityPlaced, SensorModel, MinimValue, MaximValue, Unit, SensorType) VALUES (89659, 'Γέρακας', 'VEBH-840', 712.0, 1055.9, 'hPa', 'Pressure');
INSERT INTO MEASUREMENT (DateTime, SensorID, MeasValue) VALUES (TO_DATE('09/05/18 13:48', 'DD/MM/YY HH24:MI'), 89659, 1006.3);
INSERT INTO SENSOR (SerialNumber, CityPlaced, SensorModel, MinimValue, MaximValue, Unit, SensorType) VALUES (73335, 'Γέρακας', 'MFNQ-3692', 0.0, 20.9, 'km/h', 'Wind');
INSERT INTO MEASUREMENT (DateTime, SensorID, MeasValue) VALUES (TO_DATE('09/05/18 13:48', 'DD/MM/YY HH24:MI'), 73335, 2.5);
INSERT INTO SENSOR (SerialNumber, CityPlaced, SensorModel, MinimValue, MaximValue, Unit, SensorType) VALUES (877828, 'Αιολικό Πάρκο Μοναστήρι I', 'VKMIS-653', -51.0, 65.9, '°C', 'Temperature');
INSERT INTO MEASUREMENT (DateTime, SensorID, MeasValue) VALUES (TO_DATE('09/05/18 13:48', 'DD/MM/YY HH24:MI'), 877828, 15.9);
INSERT INTO SENSOR (SerialNumber, CityPlaced, SensorModel, MinimValue, MaximValue, Unit, SensorType) VALUES (665300, 'Αιολικό Πάρκο Μοναστήρι I', 'DLBLD-6745', 0, 100, '%', 'Humidity');
INSERT INTO MEASUREMENT (DateTime, SensorID, MeasValue) VALUES (TO_DATE('09/05/18 13:48', 'DD/MM/YY HH24:MI'), 665300, 54);
INSERT INTO SENSOR (SerialNumber, CityPlaced, SensorModel, MinimValue, MaximValue, Unit, SensorType) VALUES (86180, 'Αιολικό Πάρκο Μοναστήρι I', 'GFWP-848', 727.0, 1063.9, 'hPa', 'Pressure');
INSERT INTO MEASUREMENT (DateTime, SensorID, MeasValue) VALUES (TO_DATE('09/05/18 13:48', 'DD/MM/YY HH24:MI'), 86180, 999.9);
INSERT INTO SENSOR (SerialNumber, CityPlaced, SensorModel, MinimValue, MaximValue, Unit, SensorType) VALUES (64668, 'Αιολικό Πάρκο Μοναστήρι I', 'JHEF-2870', 0.0, 21.9, 'km/h', 'Wind');
INSERT INTO MEASUREMENT (DateTime, SensorID, MeasValue) VALUES (TO_DATE('09/05/18 13:48', 'DD/MM/YY HH24:MI'), 64668, 17.0);
INSERT INTO SENSOR (SerialNumber, CityPlaced, SensorModel, MinimValue, MaximValue, Unit, SensorType) VALUES (704471, 'Κομοτηνή', 'VWKON-258', -56.0, 76.9, '°C', 'Temperature');
INSERT INTO MEASUREMENT (DateTime, SensorID, MeasValue) VALUES (TO_DATE('09/05/18 13:40', 'DD/MM/YY HH24:MI'), 704471, 24.7);
INSERT INTO SENSOR (SerialNumber, CityPlaced, SensorModel, MinimValue, MaximValue, Unit, SensorType) VALUES (217597, 'Κομοτηνή', 'IZTWZ-2375', 0, 100, '%', 'Humidity');
INSERT INTO MEASUREMENT (DateTime, SensorID, MeasValue) VALUES (TO_DATE('09/05/18 13:40', 'DD/MM/YY HH24:MI'), 217597, 63);
INSERT INTO SENSOR (SerialNumber, CityPlaced, SensorModel, MinimValue, MaximValue, Unit, SensorType) VALUES (77847, 'Κομοτηνή', 'HMMW-076', 727.0, 1052.9, 'hPa', 'Pressure');
INSERT INTO MEASUREMENT (DateTime, SensorID, MeasValue) VALUES (TO_DATE('09/05/18 13:40', 'DD/MM/YY HH24:MI'), 77847, 1004.2);
INSERT INTO SENSOR (SerialNumber, CityPlaced, SensorModel, MinimValue, MaximValue, Unit, SensorType) VALUES (66814, 'Κομοτηνή', 'ZOMY-3189', 0.0, 20.9, 'km/h', 'Wind');
INSERT INTO MEASUREMENT (DateTime, SensorID, MeasValue) VALUES (TO_DATE('09/05/18 13:40', 'DD/MM/YY HH24:MI'), 66814, 7.0);
INSERT INTO SENSOR (SerialNumber, CityPlaced, SensorModel, MinimValue, MaximValue, Unit, SensorType) VALUES (124323, 'Παντοκράτορας', 'TSNMQ-698', -52.0, 65.9, '°C', 'Temperature');
INSERT INTO MEASUREMENT (DateTime, SensorID, MeasValue) VALUES (TO_DATE('09/05/18 13:48', 'DD/MM/YY HH24:MI'), 124323, 17.6);
INSERT INTO SENSOR (SerialNumber, CityPlaced, SensorModel, MinimValue, MaximValue, Unit, SensorType) VALUES (504155, 'Παντοκράτορας', 'EBWJP-2355', 0, 100, '%', 'Humidity');
INSERT INTO MEASUREMENT (DateTime, SensorID, MeasValue) VALUES (TO_DATE('09/05/18 13:48', 'DD/MM/YY HH24:MI'), 504155, 86);
INSERT INTO SENSOR (SerialNumber, CityPlaced, SensorModel, MinimValue, MaximValue, Unit, SensorType) VALUES (45775, 'Παντοκράτορας', 'JISU-885', 745.0, 1068.9, 'hPa', 'Pressure');
INSERT INTO MEASUREMENT (DateTime, SensorID, MeasValue) VALUES (TO_DATE('09/05/18 13:48', 'DD/MM/YY HH24:MI'), 45775, 1008.5);
INSERT INTO SENSOR (SerialNumber, CityPlaced, SensorModel, MinimValue, MaximValue, Unit, SensorType) VALUES (79877, 'Παντοκράτορας', 'QCKM-5622', 0.0, 23.9, 'km/h', 'Wind');
INSERT INTO MEASUREMENT (DateTime, SensorID, MeasValue) VALUES (TO_DATE('09/05/18 13:48', 'DD/MM/YY HH24:MI'), 79877, 1.8);
INSERT INTO SENSOR (SerialNumber, CityPlaced, SensorModel, MinimValue, MaximValue, Unit, SensorType) VALUES (570818, 'Ιθάκη', 'IBYNG-141', -53.0, 61.9, '°C', 'Temperature');
INSERT INTO MEASUREMENT (DateTime, SensorID, MeasValue) VALUES (TO_DATE('09/05/18 13:39', 'DD/MM/YY HH24:MI'), 570818, 23.4);
INSERT INTO SENSOR (SerialNumber, CityPlaced, SensorModel, MinimValue, MaximValue, Unit, SensorType) VALUES (472452, 'Ιθάκη', 'HWQDY-9255', 0, 100, '%', 'Humidity');
INSERT INTO MEASUREMENT (DateTime, SensorID, MeasValue) VALUES (TO_DATE('09/05/18 13:39', 'DD/MM/YY HH24:MI'), 472452, 65);
INSERT INTO SENSOR (SerialNumber, CityPlaced, SensorModel, MinimValue, MaximValue, Unit, SensorType) VALUES (86776, 'Ιθάκη', 'VOCD-039', 703.0, 1079.9, 'hPa', 'Pressure');
INSERT INTO MEASUREMENT (DateTime, SensorID, MeasValue) VALUES (TO_DATE('09/05/18 13:39', 'DD/MM/YY HH24:MI'), 86776, 1005.8);
INSERT INTO SENSOR (SerialNumber, CityPlaced, SensorModel, MinimValue, MaximValue, Unit, SensorType) VALUES (77895, 'Ιθάκη', 'UUEY-7948', 0.0, 21.9, 'km/h', 'Wind');
INSERT INTO MEASUREMENT (DateTime, SensorID, MeasValue) VALUES (TO_DATE('09/05/18 13:39', 'DD/MM/YY HH24:MI'), 77895, 2.1);
INSERT INTO SENSOR (SerialNumber, CityPlaced, SensorModel, MinimValue, MaximValue, Unit, SensorType) VALUES (843440, 'Λαχός Ιθάκη', 'KWIGY-527', -60.0, 78.9, '°C', 'Temperature');
INSERT INTO MEASUREMENT (DateTime, SensorID, MeasValue) VALUES (TO_DATE('09/05/18 13:47', 'DD/MM/YY HH24:MI'), 843440, 21.3);
INSERT INTO SENSOR (SerialNumber, CityPlaced, SensorModel, MinimValue, MaximValue, Unit, SensorType) VALUES (142151, 'Λαχός Ιθάκη', 'YHGDE-3498', 0, 100, '%', 'Humidity');
INSERT INTO MEASUREMENT (DateTime, SensorID, MeasValue) VALUES (TO_DATE('09/05/18 13:47', 'DD/MM/YY HH24:MI'), 142151, 78);
INSERT INTO SENSOR (SerialNumber, CityPlaced, SensorModel, MinimValue, MaximValue, Unit, SensorType) VALUES (36686, 'Λαχός Ιθάκη', 'GUFG-938', 702.0, 1073.9, 'hPa', 'Pressure');
INSERT INTO MEASUREMENT (DateTime, SensorID, MeasValue) VALUES (TO_DATE('09/05/18 13:47', 'DD/MM/YY HH24:MI'), 36686, 1005.0);
INSERT INTO SENSOR (SerialNumber, CityPlaced, SensorModel, MinimValue, MaximValue, Unit, SensorType) VALUES (74586, 'Λαχός Ιθάκη', 'HGRG-8846', 0.0, 22.9, 'km/h', 'Wind');
INSERT INTO MEASUREMENT (DateTime, SensorID, MeasValue) VALUES (TO_DATE('09/05/18 13:47', 'DD/MM/YY HH24:MI'), 74586, 0.3);
INSERT INTO SENSOR (SerialNumber, CityPlaced, SensorModel, MinimValue, MaximValue, Unit, SensorType) VALUES (110790, 'Πλατρειθιάς Ιθάκη', 'YPSQT-155', -53.0, 60.9, '°C', 'Temperature');
INSERT INTO MEASUREMENT (DateTime, SensorID, MeasValue) VALUES (TO_DATE('09/05/18 13:41', 'DD/MM/YY HH24:MI'), 110790, 20.6);
INSERT INTO SENSOR (SerialNumber, CityPlaced, SensorModel, MinimValue, MaximValue, Unit, SensorType) VALUES (181771, 'Πλατρειθιάς Ιθάκη', 'WTPMC-7301', 0, 100, '%', 'Humidity');
INSERT INTO MEASUREMENT (DateTime, SensorID, MeasValue) VALUES (TO_DATE('09/05/18 13:41', 'DD/MM/YY HH24:MI'), 181771, 83);
INSERT INTO SENSOR (SerialNumber, CityPlaced, SensorModel, MinimValue, MaximValue, Unit, SensorType) VALUES (50091, 'Πλατρειθιάς Ιθάκη', 'SQMA-463', 749.0, 1063.9, 'hPa', 'Pressure');
INSERT INTO MEASUREMENT (DateTime, SensorID, MeasValue) VALUES (TO_DATE('09/05/18 13:41', 'DD/MM/YY HH24:MI'), 50091, 1006.1);
INSERT INTO SENSOR (SerialNumber, CityPlaced, SensorModel, MinimValue, MaximValue, Unit, SensorType) VALUES (66744, 'Πλατρειθιάς Ιθάκη', 'YMSW-1306', 0.0, 23.9, 'km/h', 'Wind');
INSERT INTO MEASUREMENT (DateTime, SensorID, MeasValue) VALUES (TO_DATE('09/05/18 13:41', 'DD/MM/YY HH24:MI'), 66744, 4.3);
INSERT INTO SENSOR (SerialNumber, CityPlaced, SensorModel, MinimValue, MaximValue, Unit, SensorType) VALUES (232456, 'Σπαρτιά', 'QPHSM-231', -60.0, 77.9, '°C', 'Temperature');
INSERT INTO MEASUREMENT (DateTime, SensorID, MeasValue) VALUES (TO_DATE('09/05/18 13:48', 'DD/MM/YY HH24:MI'), 232456, 19.7);
INSERT INTO SENSOR (SerialNumber, CityPlaced, SensorModel, MinimValue, MaximValue, Unit, SensorType) VALUES (724348, 'Σπαρτιά', 'VTRAG-9269', 0, 100, '%', 'Humidity');
INSERT INTO MEASUREMENT (DateTime, SensorID, MeasValue) VALUES (TO_DATE('09/05/18 13:48', 'DD/MM/YY HH24:MI'), 724348, 79);
INSERT INTO SENSOR (SerialNumber, CityPlaced, SensorModel, MinimValue, MaximValue, Unit, SensorType) VALUES (61720, 'Σπαρτιά', 'ACDR-958', 718.0, 1063.9, 'hPa', 'Pressure');
INSERT INTO MEASUREMENT (DateTime, SensorID, MeasValue) VALUES (TO_DATE('09/05/18 13:48', 'DD/MM/YY HH24:MI'), 61720, 1096.6);
INSERT INTO SENSOR (SerialNumber, CityPlaced, SensorModel, MinimValue, MaximValue, Unit, SensorType) VALUES (89806, 'Σπαρτιά', 'THHL-4689', 0.0, 25.9, 'km/h', 'Wind');
INSERT INTO MEASUREMENT (DateTime, SensorID, MeasValue) VALUES (TO_DATE('09/05/18 13:48', 'DD/MM/YY HH24:MI'), 89806, 3.5);
INSERT INTO SENSOR (SerialNumber, CityPlaced, SensorModel, MinimValue, MaximValue, Unit, SensorType) VALUES (100789, 'Λευκάδα', 'CQCWM-534', -57.0, 63.9, '°C', 'Temperature');
INSERT INTO MEASUREMENT (DateTime, SensorID, MeasValue) VALUES (TO_DATE('09/05/18 13:39', 'DD/MM/YY HH24:MI'), 100789, 22.1);
INSERT INTO SENSOR (SerialNumber, CityPlaced, SensorModel, MinimValue, MaximValue, Unit, SensorType) VALUES (235153, 'Λευκάδα', 'HJIAC-9462', 0, 100, '%', 'Humidity');
INSERT INTO MEASUREMENT (DateTime, SensorID, MeasValue) VALUES (TO_DATE('09/05/18 13:39', 'DD/MM/YY HH24:MI'), 235153, 76);
INSERT INTO SENSOR (SerialNumber, CityPlaced, SensorModel, MinimValue, MaximValue, Unit, SensorType) VALUES (37557, 'Λευκάδα', 'BSCG-979', 750.0, 1090.9, 'hPa', 'Pressure');
INSERT INTO MEASUREMENT (DateTime, SensorID, MeasValue) VALUES (TO_DATE('09/05/18 13:39', 'DD/MM/YY HH24:MI'), 37557, 1006.0);
INSERT INTO SENSOR (SerialNumber, CityPlaced, SensorModel, MinimValue, MaximValue, Unit, SensorType) VALUES (30540, 'Λευκάδα', 'HOGR-2688', 0.0, 20.9, 'km/h', 'Wind');
INSERT INTO MEASUREMENT (DateTime, SensorID, MeasValue) VALUES (TO_DATE('09/05/18 13:39', 'DD/MM/YY HH24:MI'), 30540, 10.0);
INSERT INTO SENSOR (SerialNumber, CityPlaced, SensorModel, MinimValue, MaximValue, Unit, SensorType) VALUES (964282, 'Πλατύστομα', 'YZSZU-670', -50.0, 80.9, '°C', 'Temperature');
INSERT INTO MEASUREMENT (DateTime, SensorID, MeasValue) VALUES (TO_DATE('09/05/18 13:48', 'DD/MM/YY HH24:MI'), 964282, 19.8);
INSERT INTO SENSOR (SerialNumber, CityPlaced, SensorModel, MinimValue, MaximValue, Unit, SensorType) VALUES (390126, 'Πλατύστομα', 'DXQTK-3543', 0, 100, '%', 'Humidity');
INSERT INTO MEASUREMENT (DateTime, SensorID, MeasValue) VALUES (TO_DATE('09/05/18 13:48', 'DD/MM/YY HH24:MI'), 390126, 82);
INSERT INTO SENSOR (SerialNumber, CityPlaced, SensorModel, MinimValue, MaximValue, Unit, SensorType) VALUES (46970, 'Πλατύστομα', 'QBUF-057', 711.0, 1068.9, 'hPa', 'Pressure');
INSERT INTO MEASUREMENT (DateTime, SensorID, MeasValue) VALUES (TO_DATE('09/05/18 13:48', 'DD/MM/YY HH24:MI'), 46970, 1005.9);
INSERT INTO SENSOR (SerialNumber, CityPlaced, SensorModel, MinimValue, MaximValue, Unit, SensorType) VALUES (38671, 'Πλατύστομα', 'IQLL-0148', 0.0, 20.9, 'km/h', 'Wind');
INSERT INTO MEASUREMENT (DateTime, SensorID, MeasValue) VALUES (TO_DATE('09/05/18 13:48', 'DD/MM/YY HH24:MI'), 38671, 6.5);
INSERT INTO SENSOR (SerialNumber, CityPlaced, SensorModel, MinimValue, MaximValue, Unit, SensorType) VALUES (428291, 'Παντάνασσα Γάζι', 'KAQDL-067', -51.0, 77.9, '°C', 'Temperature');
INSERT INTO MEASUREMENT (DateTime, SensorID, MeasValue) VALUES (TO_DATE('09/05/18 13:48', 'DD/MM/YY HH24:MI'), 428291, 22.2);
INSERT INTO SENSOR (SerialNumber, CityPlaced, SensorModel, MinimValue, MaximValue, Unit, SensorType) VALUES (681656, 'Παντάνασσα Γάζι', 'VHLLH-1623', 0, 100, '%', 'Humidity');
INSERT INTO MEASUREMENT (DateTime, SensorID, MeasValue) VALUES (TO_DATE('09/05/18 13:48', 'DD/MM/YY HH24:MI'), 681656, 77);
INSERT INTO SENSOR (SerialNumber, CityPlaced, SensorModel, MinimValue, MaximValue, Unit, SensorType) VALUES (48332, 'Παντάνασσα Γάζι', 'GUZM-751', 717.0, 1057.9, 'hPa', 'Pressure');
INSERT INTO MEASUREMENT (DateTime, SensorID, MeasValue) VALUES (TO_DATE('09/05/18 13:48', 'DD/MM/YY HH24:MI'), 48332, 1005.3);
INSERT INTO SENSOR (SerialNumber, CityPlaced, SensorModel, MinimValue, MaximValue, Unit, SensorType) VALUES (68941, 'Παντάνασσα Γάζι', 'KPOL-5565', 0.0, 23.9, 'km/h', 'Wind');
INSERT INTO MEASUREMENT (DateTime, SensorID, MeasValue) VALUES (TO_DATE('09/05/18 13:48', 'DD/MM/YY HH24:MI'), 68941, 5.7);
INSERT INTO SENSOR (SerialNumber, CityPlaced, SensorModel, MinimValue, MaximValue, Unit, SensorType) VALUES (817891, 'Σταυράκια', 'SUNJR-503', -52.0, 66.9, '°C', 'Temperature');
INSERT INTO MEASUREMENT (DateTime, SensorID, MeasValue) VALUES (TO_DATE('09/05/18 13:45', 'DD/MM/YY HH24:MI'), 817891, 22.9);
INSERT INTO SENSOR (SerialNumber, CityPlaced, SensorModel, MinimValue, MaximValue, Unit, SensorType) VALUES (660762, 'Σταυράκια', 'PFAVM-0084', 0, 100, '%', 'Humidity');
INSERT INTO MEASUREMENT (DateTime, SensorID, MeasValue) VALUES (TO_DATE('09/05/18 13:45', 'DD/MM/YY HH24:MI'), 660762, 67);
INSERT INTO SENSOR (SerialNumber, CityPlaced, SensorModel, MinimValue, MaximValue, Unit, SensorType) VALUES (87836, 'Σταυράκια', 'LEGD-517', 741.0, 1085.9, 'hPa', 'Pressure');
INSERT INTO MEASUREMENT (DateTime, SensorID, MeasValue) VALUES (TO_DATE('09/05/18 13:45', 'DD/MM/YY HH24:MI'), 87836, 1006.9);
INSERT INTO SENSOR (SerialNumber, CityPlaced, SensorModel, MinimValue, MaximValue, Unit, SensorType) VALUES (38848, 'Σταυράκια', 'HWKV-8659', 0.0, 20.9, 'km/h', 'Wind');
INSERT INTO MEASUREMENT (DateTime, SensorID, MeasValue) VALUES (TO_DATE('09/05/18 13:45', 'DD/MM/YY HH24:MI'), 38848, 11.0);
INSERT INTO SENSOR (SerialNumber, CityPlaced, SensorModel, MinimValue, MaximValue, Unit, SensorType) VALUES (520502, 'Ελούντα', 'QFRPL-611', -57.0, 79.9, '°C', 'Temperature');
INSERT INTO MEASUREMENT (DateTime, SensorID, MeasValue) VALUES (TO_DATE('09/05/18 13:48', 'DD/MM/YY HH24:MI'), 520502, 0.0);
INSERT INTO SENSOR (SerialNumber, CityPlaced, SensorModel, MinimValue, MaximValue, Unit, SensorType) VALUES (523480, 'Ελούντα', 'HDZVU-4693', 0, 100, '%', 'Humidity');
INSERT INTO MEASUREMENT (DateTime, SensorID, MeasValue) VALUES (TO_DATE('09/05/18 13:48', 'DD/MM/YY HH24:MI'), 523480, 0);
INSERT INTO SENSOR (SerialNumber, CityPlaced, SensorModel, MinimValue, MaximValue, Unit, SensorType) VALUES (11863, 'Ελούντα', 'FQRN-848', 707.0, 1060.9, 'hPa', 'Pressure');
INSERT INTO MEASUREMENT (DateTime, SensorID, MeasValue) VALUES (TO_DATE('09/05/18 13:48', 'DD/MM/YY HH24:MI'), 11863, 1007.8);
INSERT INTO SENSOR (SerialNumber, CityPlaced, SensorModel, MinimValue, MaximValue, Unit, SensorType) VALUES (31354, 'Ελούντα', 'YCCH-0109', 0.0, 22.9, 'km/h', 'Wind');
INSERT INTO MEASUREMENT (DateTime, SensorID, MeasValue) VALUES (TO_DATE('09/05/18 13:48', 'DD/MM/YY HH24:MI'), 31354, 1.7);
INSERT INTO SENSOR (SerialNumber, CityPlaced, SensorModel, MinimValue, MaximValue, Unit, SensorType) VALUES (728736, 'Ρούστικα', 'ZEPLY-049', -50.0, 60.9, '°C', 'Temperature');
INSERT INTO MEASUREMENT (DateTime, SensorID, MeasValue) VALUES (TO_DATE('09/05/18 13:47', 'DD/MM/YY HH24:MI'), 728736, 24.7);
INSERT INTO SENSOR (SerialNumber, CityPlaced, SensorModel, MinimValue, MaximValue, Unit, SensorType) VALUES (263109, 'Ρούστικα', 'GBSHU-2567', 0, 100, '%', 'Humidity');
INSERT INTO MEASUREMENT (DateTime, SensorID, MeasValue) VALUES (TO_DATE('09/05/18 13:47', 'DD/MM/YY HH24:MI'), 263109, 60);
INSERT INTO SENSOR (SerialNumber, CityPlaced, SensorModel, MinimValue, MaximValue, Unit, SensorType) VALUES (65496, 'Ρούστικα', 'NCTK-053', 723.0, 1076.9, 'hPa', 'Pressure');
INSERT INTO MEASUREMENT (DateTime, SensorID, MeasValue) VALUES (TO_DATE('09/05/18 13:47', 'DD/MM/YY HH24:MI'), 65496, 1004.9);
INSERT INTO SENSOR (SerialNumber, CityPlaced, SensorModel, MinimValue, MaximValue, Unit, SensorType) VALUES (67231, 'Ρούστικα', 'XTXP-5622', 0.0, 22.9, 'km/h', 'Wind');
INSERT INTO MEASUREMENT (DateTime, SensorID, MeasValue) VALUES (TO_DATE('09/05/18 13:47', 'DD/MM/YY HH24:MI'), 67231, 3.2);
INSERT INTO SENSOR (SerialNumber, CityPlaced, SensorModel, MinimValue, MaximValue, Unit, SensorType) VALUES (397090, 'Κουντούρα', 'YKLPI-438', -53.0, 62.9, '°C', 'Temperature');
INSERT INTO MEASUREMENT (DateTime, SensorID, MeasValue) VALUES (TO_DATE('09/05/18 13:41', 'DD/MM/YY HH24:MI'), 397090, 22.5);
INSERT INTO SENSOR (SerialNumber, CityPlaced, SensorModel, MinimValue, MaximValue, Unit, SensorType) VALUES (338894, 'Κουντούρα', 'WWJKB-5962', 0, 100, '%', 'Humidity');
INSERT INTO MEASUREMENT (DateTime, SensorID, MeasValue) VALUES (TO_DATE('09/05/18 13:41', 'DD/MM/YY HH24:MI'), 338894, 64);
INSERT INTO SENSOR (SerialNumber, CityPlaced, SensorModel, MinimValue, MaximValue, Unit, SensorType) VALUES (44002, 'Κουντούρα', 'PCGC-022', 724.0, 1064.9, 'hPa', 'Pressure');
INSERT INTO MEASUREMENT (DateTime, SensorID, MeasValue) VALUES (TO_DATE('09/05/18 13:41', 'DD/MM/YY HH24:MI'), 44002, 1008.6);
INSERT INTO SENSOR (SerialNumber, CityPlaced, SensorModel, MinimValue, MaximValue, Unit, SensorType) VALUES (81332, 'Κουντούρα', 'KVHE-3545', 0.0, 22.9, 'km/h', 'Wind');
INSERT INTO MEASUREMENT (DateTime, SensorID, MeasValue) VALUES (TO_DATE('09/05/18 13:41', 'DD/MM/YY HH24:MI'), 81332, 3.7);
INSERT INTO SENSOR (SerialNumber, CityPlaced, SensorModel, MinimValue, MaximValue, Unit, SensorType) VALUES (352756, 'Δράμα Νέα Αμισός  Δράμα', 'EZBJM-737', -58.0, 74.9, '°C', 'Temperature');
INSERT INTO MEASUREMENT (DateTime, SensorID, MeasValue) VALUES (TO_DATE('09/05/18 13:45', 'DD/MM/YY HH24:MI'), 352756, 26.5);
INSERT INTO SENSOR (SerialNumber, CityPlaced, SensorModel, MinimValue, MaximValue, Unit, SensorType) VALUES (365755, 'Δράμα Νέα Αμισός  Δράμα', 'WKFIN-8470', 0, 100, '%', 'Humidity');
INSERT INTO MEASUREMENT (DateTime, SensorID, MeasValue) VALUES (TO_DATE('09/05/18 13:45', 'DD/MM/YY HH24:MI'), 365755, 48);
INSERT INTO SENSOR (SerialNumber, CityPlaced, SensorModel, MinimValue, MaximValue, Unit, SensorType) VALUES (97464, 'Δράμα Νέα Αμισός  Δράμα', 'PBIG-286', 701.0, 1089.9, 'hPa', 'Pressure');
INSERT INTO MEASUREMENT (DateTime, SensorID, MeasValue) VALUES (TO_DATE('09/05/18 13:45', 'DD/MM/YY HH24:MI'), 97464, 1004.3);
INSERT INTO SENSOR (SerialNumber, CityPlaced, SensorModel, MinimValue, MaximValue, Unit, SensorType) VALUES (23672, 'Δράμα Νέα Αμισός  Δράμα', 'XSOP-4708', 0.0, 25.9, 'km/h', 'Wind');
INSERT INTO MEASUREMENT (DateTime, SensorID, MeasValue) VALUES (TO_DATE('09/05/18 13:45', 'DD/MM/YY HH24:MI'), 23672, 3.1);
INSERT INTO SENSOR (SerialNumber, CityPlaced, SensorModel, MinimValue, MaximValue, Unit, SensorType) VALUES (831399, 'Δράμα Αμπελόκηποι', 'UCTQB-463', -53.0, 66.9, '°C', 'Temperature');
INSERT INTO MEASUREMENT (DateTime, SensorID, MeasValue) VALUES (TO_DATE('09/05/18 13:48', 'DD/MM/YY HH24:MI'), 831399, 25.8);
INSERT INTO SENSOR (SerialNumber, CityPlaced, SensorModel, MinimValue, MaximValue, Unit, SensorType) VALUES (656848, 'Δράμα Αμπελόκηποι', 'OAKGO-7370', 0, 100, '%', 'Humidity');
INSERT INTO MEASUREMENT (DateTime, SensorID, MeasValue) VALUES (TO_DATE('09/05/18 13:48', 'DD/MM/YY HH24:MI'), 656848, 47);
INSERT INTO SENSOR (SerialNumber, CityPlaced, SensorModel, MinimValue, MaximValue, Unit, SensorType) VALUES (76262, 'Δράμα Αμπελόκηποι', 'NHMC-611', 711.0, 1075.9, 'hPa', 'Pressure');
INSERT INTO MEASUREMENT (DateTime, SensorID, MeasValue) VALUES (TO_DATE('09/05/18 13:48', 'DD/MM/YY HH24:MI'), 76262, 1004.0);
INSERT INTO SENSOR (SerialNumber, CityPlaced, SensorModel, MinimValue, MaximValue, Unit, SensorType) VALUES (92817, 'Δράμα Αμπελόκηποι', 'EVSE-3182', 0.0, 24.9, 'km/h', 'Wind');
INSERT INTO MEASUREMENT (DateTime, SensorID, MeasValue) VALUES (TO_DATE('09/05/18 13:48', 'DD/MM/YY HH24:MI'), 92817, 6.7);
INSERT INTO SENSOR (SerialNumber, CityPlaced, SensorModel, MinimValue, MaximValue, Unit, SensorType) VALUES (785244, 'Δράμα Κέντρο', 'PINQR-412', -52.0, 71.9, '°C', 'Temperature');
INSERT INTO MEASUREMENT (DateTime, SensorID, MeasValue) VALUES (TO_DATE('09/05/18 13:46', 'DD/MM/YY HH24:MI'), 785244, 25.4);
INSERT INTO SENSOR (SerialNumber, CityPlaced, SensorModel, MinimValue, MaximValue, Unit, SensorType) VALUES (584705, 'Δράμα Κέντρο', 'HFHWD-5517', 0, 100, '%', 'Humidity');
INSERT INTO MEASUREMENT (DateTime, SensorID, MeasValue) VALUES (TO_DATE('09/05/18 13:46', 'DD/MM/YY HH24:MI'), 584705, 49);
INSERT INTO SENSOR (SerialNumber, CityPlaced, SensorModel, MinimValue, MaximValue, Unit, SensorType) VALUES (15759, 'Δράμα Κέντρο', 'YPIU-652', 703.0, 1085.9, 'hPa', 'Pressure');
INSERT INTO MEASUREMENT (DateTime, SensorID, MeasValue) VALUES (TO_DATE('09/05/18 13:46', 'DD/MM/YY HH24:MI'), 15759, 1003.4);
INSERT INTO SENSOR (SerialNumber, CityPlaced, SensorModel, MinimValue, MaximValue, Unit, SensorType) VALUES (58802, 'Δράμα Κέντρο', 'FVYN-5932', 0.0, 20.9, 'km/h', 'Wind');
INSERT INTO MEASUREMENT (DateTime, SensorID, MeasValue) VALUES (TO_DATE('09/05/18 13:46', 'DD/MM/YY HH24:MI'), 58802, 7.8);
INSERT INTO SENSOR (SerialNumber, CityPlaced, SensorModel, MinimValue, MaximValue, Unit, SensorType) VALUES (874776, 'Καλαμώνας', 'PXRLY-922', -53.0, 63.9, '°C', 'Temperature');
INSERT INTO MEASUREMENT (DateTime, SensorID, MeasValue) VALUES (TO_DATE('09/05/18 13:45', 'DD/MM/YY HH24:MI'), 874776, 27.5);
INSERT INTO SENSOR (SerialNumber, CityPlaced, SensorModel, MinimValue, MaximValue, Unit, SensorType) VALUES (118414, 'Καλαμώνας', 'YQINJ-5084', 0, 100, '%', 'Humidity');
INSERT INTO MEASUREMENT (DateTime, SensorID, MeasValue) VALUES (TO_DATE('09/05/18 13:45', 'DD/MM/YY HH24:MI'), 118414, 51);
INSERT INTO SENSOR (SerialNumber, CityPlaced, SensorModel, MinimValue, MaximValue, Unit, SensorType) VALUES (17110, 'Καλαμώνας', 'OTEN-410', 733.0, 1094.9, 'hPa', 'Pressure');
INSERT INTO MEASUREMENT (DateTime, SensorID, MeasValue) VALUES (TO_DATE('09/05/18 13:45', 'DD/MM/YY HH24:MI'), 17110, 1000.3);
INSERT INTO SENSOR (SerialNumber, CityPlaced, SensorModel, MinimValue, MaximValue, Unit, SensorType) VALUES (96375, 'Καλαμώνας', 'NSBQ-5754', 0.0, 22.9, 'km/h', 'Wind');
INSERT INTO MEASUREMENT (DateTime, SensorID, MeasValue) VALUES (TO_DATE('09/05/18 13:45', 'DD/MM/YY HH24:MI'), 96375, 0.1);
INSERT INTO SENSOR (SerialNumber, CityPlaced, SensorModel, MinimValue, MaximValue, Unit, SensorType) VALUES (794907, 'Βέροια', 'JLMKY-009', -58.0, 75.9, '°C', 'Temperature');
INSERT INTO MEASUREMENT (DateTime, SensorID, MeasValue) VALUES (TO_DATE('09/05/18 13:45', 'DD/MM/YY HH24:MI'), 794907, 25.3);
INSERT INTO SENSOR (SerialNumber, CityPlaced, SensorModel, MinimValue, MaximValue, Unit, SensorType) VALUES (851382, 'Βέροια', 'MJVYI-5843', 0, 100, '%', 'Humidity');
INSERT INTO MEASUREMENT (DateTime, SensorID, MeasValue) VALUES (TO_DATE('09/05/18 13:45', 'DD/MM/YY HH24:MI'), 851382, 53);
INSERT INTO SENSOR (SerialNumber, CityPlaced, SensorModel, MinimValue, MaximValue, Unit, SensorType) VALUES (63954, 'Βέροια', 'DIEA-937', 743.0, 1083.9, 'hPa', 'Pressure');
INSERT INTO MEASUREMENT (DateTime, SensorID, MeasValue) VALUES (TO_DATE('09/05/18 13:45', 'DD/MM/YY HH24:MI'), 63954, 1002.1);
INSERT INTO SENSOR (SerialNumber, CityPlaced, SensorModel, MinimValue, MaximValue, Unit, SensorType) VALUES (55259, 'Βέροια', 'IPGC-3745', 0.0, 20.9, 'km/h', 'Wind');
INSERT INTO MEASUREMENT (DateTime, SensorID, MeasValue) VALUES (TO_DATE('09/05/18 13:45', 'DD/MM/YY HH24:MI'), 55259, 2.7);
INSERT INTO SENSOR (SerialNumber, CityPlaced, SensorModel, MinimValue, MaximValue, Unit, SensorType) VALUES (863066, 'Στενήμαχος', 'LMJWV-211', -52.0, 70.9, '°C', 'Temperature');
INSERT INTO MEASUREMENT (DateTime, SensorID, MeasValue) VALUES (TO_DATE('09/05/18 13:45', 'DD/MM/YY HH24:MI'), 863066, 25.2);
INSERT INTO SENSOR (SerialNumber, CityPlaced, SensorModel, MinimValue, MaximValue, Unit, SensorType) VALUES (376167, 'Στενήμαχος', 'UWMFZ-8176', 0, 100, '%', 'Humidity');
INSERT INTO MEASUREMENT (DateTime, SensorID, MeasValue) VALUES (TO_DATE('09/05/18 13:45', 'DD/MM/YY HH24:MI'), 376167, 46);
INSERT INTO SENSOR (SerialNumber, CityPlaced, SensorModel, MinimValue, MaximValue, Unit, SensorType) VALUES (92336, 'Στενήμαχος', 'WWRL-599', 735.0, 1080.9, 'hPa', 'Pressure');
INSERT INTO MEASUREMENT (DateTime, SensorID, MeasValue) VALUES (TO_DATE('09/05/18 13:45', 'DD/MM/YY HH24:MI'), 92336, 1003.0);
INSERT INTO SENSOR (SerialNumber, CityPlaced, SensorModel, MinimValue, MaximValue, Unit, SensorType) VALUES (95398, 'Στενήμαχος', 'FBEH-4342', 0.0, 20.9, 'km/h', 'Wind');
INSERT INTO MEASUREMENT (DateTime, SensorID, MeasValue) VALUES (TO_DATE('09/05/18 13:45', 'DD/MM/YY HH24:MI'), 95398, 4.3);
INSERT INTO SENSOR (SerialNumber, CityPlaced, SensorModel, MinimValue, MaximValue, Unit, SensorType) VALUES (420636, 'Επταπύργιο', 'KQOJU-316', -58.0, 64.9, '°C', 'Temperature');
INSERT INTO MEASUREMENT (DateTime, SensorID, MeasValue) VALUES (TO_DATE('09/05/18 13:48', 'DD/MM/YY HH24:MI'), 420636, 23.3);
INSERT INTO SENSOR (SerialNumber, CityPlaced, SensorModel, MinimValue, MaximValue, Unit, SensorType) VALUES (602271, 'Επταπύργιο', 'KEBUQ-0471', 0, 100, '%', 'Humidity');
INSERT INTO MEASUREMENT (DateTime, SensorID, MeasValue) VALUES (TO_DATE('09/05/18 13:48', 'DD/MM/YY HH24:MI'), 602271, 62);
INSERT INTO SENSOR (SerialNumber, CityPlaced, SensorModel, MinimValue, MaximValue, Unit, SensorType) VALUES (82999, 'Επταπύργιο', 'RSSF-122', 737.0, 1054.9, 'hPa', 'Pressure');
INSERT INTO MEASUREMENT (DateTime, SensorID, MeasValue) VALUES (TO_DATE('09/05/18 13:48', 'DD/MM/YY HH24:MI'), 82999, 1006.0);
INSERT INTO SENSOR (SerialNumber, CityPlaced, SensorModel, MinimValue, MaximValue, Unit, SensorType) VALUES (32755, 'Επταπύργιο', 'WUUB-9939', 0.0, 24.9, 'km/h', 'Wind');
INSERT INTO MEASUREMENT (DateTime, SensorID, MeasValue) VALUES (TO_DATE('09/05/18 13:48', 'DD/MM/YY HH24:MI'), 32755, 0.5);
INSERT INTO SENSOR (SerialNumber, CityPlaced, SensorModel, MinimValue, MaximValue, Unit, SensorType) VALUES (483195, 'Θεσσαλονίκη Ευκαρπία', 'QZWDJ-816', -56.0, 79.9, '°C', 'Temperature');
INSERT INTO MEASUREMENT (DateTime, SensorID, MeasValue) VALUES (TO_DATE('09/05/18 13:47', 'DD/MM/YY HH24:MI'), 483195, 24.2);
INSERT INTO SENSOR (SerialNumber, CityPlaced, SensorModel, MinimValue, MaximValue, Unit, SensorType) VALUES (799755, 'Θεσσαλονίκη Ευκαρπία', 'MUJUM-7634', 0, 100, '%', 'Humidity');
INSERT INTO MEASUREMENT (DateTime, SensorID, MeasValue) VALUES (TO_DATE('09/05/18 13:47', 'DD/MM/YY HH24:MI'), 799755, 56);
INSERT INTO SENSOR (SerialNumber, CityPlaced, SensorModel, MinimValue, MaximValue, Unit, SensorType) VALUES (88388, 'Θεσσαλονίκη Ευκαρπία', 'BQCO-617', 724.0, 1053.9, 'hPa', 'Pressure');
INSERT INTO MEASUREMENT (DateTime, SensorID, MeasValue) VALUES (TO_DATE('09/05/18 13:47', 'DD/MM/YY HH24:MI'), 88388, 1004.5);
INSERT INTO SENSOR (SerialNumber, CityPlaced, SensorModel, MinimValue, MaximValue, Unit, SensorType) VALUES (46257, 'Θεσσαλονίκη Ευκαρπία', 'RWCD-1676', 0.0, 25.9, 'km/h', 'Wind');
INSERT INTO MEASUREMENT (DateTime, SensorID, MeasValue) VALUES (TO_DATE('09/05/18 13:47', 'DD/MM/YY HH24:MI'), 46257, 4.5);
INSERT INTO SENSOR (SerialNumber, CityPlaced, SensorModel, MinimValue, MaximValue, Unit, SensorType) VALUES (916980, 'Ιωνία SV2BZQ', 'YCPYW-517', -59.0, 72.9, '°C', 'Temperature');
INSERT INTO MEASUREMENT (DateTime, SensorID, MeasValue) VALUES (TO_DATE('09/05/18 13:43', 'DD/MM/YY HH24:MI'), 916980, 26.3);
INSERT INTO SENSOR (SerialNumber, CityPlaced, SensorModel, MinimValue, MaximValue, Unit, SensorType) VALUES (124650, 'Ιωνία SV2BZQ', 'STYWY-8561', 0, 100, '%', 'Humidity');
INSERT INTO MEASUREMENT (DateTime, SensorID, MeasValue) VALUES (TO_DATE('09/05/18 13:43', 'DD/MM/YY HH24:MI'), 124650, 61);
INSERT INTO SENSOR (SerialNumber, CityPlaced, SensorModel, MinimValue, MaximValue, Unit, SensorType) VALUES (82884, 'Ιωνία SV2BZQ', 'ZKDY-661', 742.0, 1094.9, 'hPa', 'Pressure');
INSERT INTO MEASUREMENT (DateTime, SensorID, MeasValue) VALUES (TO_DATE('09/05/18 13:43', 'DD/MM/YY HH24:MI'), 82884, 1003.4);
INSERT INTO SENSOR (SerialNumber, CityPlaced, SensorModel, MinimValue, MaximValue, Unit, SensorType) VALUES (46531, 'Ιωνία SV2BZQ', 'LBLQ-5678', 0.0, 22.9, 'km/h', 'Wind');
INSERT INTO MEASUREMENT (DateTime, SensorID, MeasValue) VALUES (TO_DATE('09/05/18 13:43', 'DD/MM/YY HH24:MI'), 46531, 3.3);
INSERT INTO SENSOR (SerialNumber, CityPlaced, SensorModel, MinimValue, MaximValue, Unit, SensorType) VALUES (173391, 'Κάτω Πυλαία', 'VIPFP-837', -51.0, 64.9, '°C', 'Temperature');
INSERT INTO MEASUREMENT (DateTime, SensorID, MeasValue) VALUES (TO_DATE('09/05/18 13:45', 'DD/MM/YY HH24:MI'), 173391, 23.3);
INSERT INTO SENSOR (SerialNumber, CityPlaced, SensorModel, MinimValue, MaximValue, Unit, SensorType) VALUES (784367, 'Κάτω Πυλαία', 'BNFKP-6070', 0, 100, '%', 'Humidity');
INSERT INTO MEASUREMENT (DateTime, SensorID, MeasValue) VALUES (TO_DATE('09/05/18 13:45', 'DD/MM/YY HH24:MI'), 784367, 65);
INSERT INTO SENSOR (SerialNumber, CityPlaced, SensorModel, MinimValue, MaximValue, Unit, SensorType) VALUES (18728, 'Κάτω Πυλαία', 'LIBQ-392', 700.0, 1052.9, 'hPa', 'Pressure');
INSERT INTO MEASUREMENT (DateTime, SensorID, MeasValue) VALUES (TO_DATE('09/05/18 13:45', 'DD/MM/YY HH24:MI'), 18728, 1004.9);
INSERT INTO SENSOR (SerialNumber, CityPlaced, SensorModel, MinimValue, MaximValue, Unit, SensorType) VALUES (73715, 'Κάτω Πυλαία', 'SBTQ-9291', 0.0, 21.9, 'km/h', 'Wind');
INSERT INTO MEASUREMENT (DateTime, SensorID, MeasValue) VALUES (TO_DATE('09/05/18 13:45', 'DD/MM/YY HH24:MI'), 73715, 4.6);
INSERT INTO SENSOR (SerialNumber, CityPlaced, SensorModel, MinimValue, MaximValue, Unit, SensorType) VALUES (958782, 'Καλαμαριά 2', 'OWINL-094', -59.0, 80.9, '°C', 'Temperature');
INSERT INTO MEASUREMENT (DateTime, SensorID, MeasValue) VALUES (TO_DATE('09/05/18 13:39', 'DD/MM/YY HH24:MI'), 958782, 23.9);
INSERT INTO SENSOR (SerialNumber, CityPlaced, SensorModel, MinimValue, MaximValue, Unit, SensorType) VALUES (174049, 'Καλαμαριά 2', 'KMNIH-4599', 0, 100, '%', 'Humidity');
INSERT INTO MEASUREMENT (DateTime, SensorID, MeasValue) VALUES (TO_DATE('09/05/18 13:39', 'DD/MM/YY HH24:MI'), 174049, 61);
INSERT INTO SENSOR (SerialNumber, CityPlaced, SensorModel, MinimValue, MaximValue, Unit, SensorType) VALUES (93961, 'Καλαμαριά 2', 'JIZO-360', 712.0, 1051.9, 'hPa', 'Pressure');
INSERT INTO MEASUREMENT (DateTime, SensorID, MeasValue) VALUES (TO_DATE('09/05/18 13:39', 'DD/MM/YY HH24:MI'), 93961, 1004.6);
INSERT INTO SENSOR (SerialNumber, CityPlaced, SensorModel, MinimValue, MaximValue, Unit, SensorType) VALUES (12616, 'Καλαμαριά 2', 'EDVI-6625', 0.0, 20.9, 'km/h', 'Wind');
INSERT INTO MEASUREMENT (DateTime, SensorID, MeasValue) VALUES (TO_DATE('09/05/18 13:39', 'DD/MM/YY HH24:MI'), 12616, 1.8);
INSERT INTO SENSOR (SerialNumber, CityPlaced, SensorModel, MinimValue, MaximValue, Unit, SensorType) VALUES (557774, 'Καλαμαριά SV2BNL 2', 'BURDT-948', -56.0, 71.9, '°C', 'Temperature');
INSERT INTO MEASUREMENT (DateTime, SensorID, MeasValue) VALUES (TO_DATE('09/05/18 13:45', 'DD/MM/YY HH24:MI'), 557774, 23.6);
INSERT INTO SENSOR (SerialNumber, CityPlaced, SensorModel, MinimValue, MaximValue, Unit, SensorType) VALUES (405867, 'Καλαμαριά SV2BNL 2', 'TOQSO-9111', 0, 100, '%', 'Humidity');
INSERT INTO MEASUREMENT (DateTime, SensorID, MeasValue) VALUES (TO_DATE('09/05/18 13:45', 'DD/MM/YY HH24:MI'), 405867, 53);
INSERT INTO SENSOR (SerialNumber, CityPlaced, SensorModel, MinimValue, MaximValue, Unit, SensorType) VALUES (76407, 'Καλαμαριά SV2BNL 2', 'QTNT-607', 747.0, 1081.9, 'hPa', 'Pressure');
INSERT INTO MEASUREMENT (DateTime, SensorID, MeasValue) VALUES (TO_DATE('09/05/18 13:45', 'DD/MM/YY HH24:MI'), 76407, 1004.2);
INSERT INTO SENSOR (SerialNumber, CityPlaced, SensorModel, MinimValue, MaximValue, Unit, SensorType) VALUES (11111, 'Καλαμαριά SV2BNL 2', 'SSGX-4497', 0.0, 23.9, 'km/h', 'Wind');
INSERT INTO MEASUREMENT (DateTime, SensorID, MeasValue) VALUES (TO_DATE('09/05/18 13:45', 'DD/MM/YY HH24:MI'), 11111, 2.4);
INSERT INTO SENSOR (SerialNumber, CityPlaced, SensorModel, MinimValue, MaximValue, Unit, SensorType) VALUES (317770, 'Καρδία SV2HNE', 'AKPVM-075', -50.0, 71.9, '°C', 'Temperature');
INSERT INTO MEASUREMENT (DateTime, SensorID, MeasValue) VALUES (TO_DATE('09/05/18 13:44', 'DD/MM/YY HH24:MI'), 317770, 22.5);
INSERT INTO SENSOR (SerialNumber, CityPlaced, SensorModel, MinimValue, MaximValue, Unit, SensorType) VALUES (964347, 'Καρδία SV2HNE', 'FNGND-7852', 0, 100, '%', 'Humidity');
INSERT INTO MEASUREMENT (DateTime, SensorID, MeasValue) VALUES (TO_DATE('09/05/18 13:44', 'DD/MM/YY HH24:MI'), 964347, 51);
INSERT INTO SENSOR (SerialNumber, CityPlaced, SensorModel, MinimValue, MaximValue, Unit, SensorType) VALUES (10318, 'Καρδία SV2HNE', 'TGFJ-876', 710.0, 1050.9, 'hPa', 'Pressure');
INSERT INTO MEASUREMENT (DateTime, SensorID, MeasValue) VALUES (TO_DATE('09/05/18 13:44', 'DD/MM/YY HH24:MI'), 10318, 1005.0);
INSERT INTO SENSOR (SerialNumber, CityPlaced, SensorModel, MinimValue, MaximValue, Unit, SensorType) VALUES (45878, 'Καρδία SV2HNE', 'TNYM-7090', 0.0, 24.9, 'km/h', 'Wind');
INSERT INTO MEASUREMENT (DateTime, SensorID, MeasValue) VALUES (TO_DATE('09/05/18 13:44', 'DD/MM/YY HH24:MI'), 45878, 0.0);
INSERT INTO SENSOR (SerialNumber, CityPlaced, SensorModel, MinimValue, MaximValue, Unit, SensorType) VALUES (903177, 'Νέα Κρήνη', 'ZMABN-839', -55.0, 68.9, '°C', 'Temperature');
INSERT INTO MEASUREMENT (DateTime, SensorID, MeasValue) VALUES (TO_DATE('09/05/18 13:48', 'DD/MM/YY HH24:MI'), 903177, 23.1);
INSERT INTO SENSOR (SerialNumber, CityPlaced, SensorModel, MinimValue, MaximValue, Unit, SensorType) VALUES (621005, 'Νέα Κρήνη', 'IDKMA-4984', 0, 100, '%', 'Humidity');
INSERT INTO MEASUREMENT (DateTime, SensorID, MeasValue) VALUES (TO_DATE('09/05/18 13:48', 'DD/MM/YY HH24:MI'), 621005, 68);
INSERT INTO SENSOR (SerialNumber, CityPlaced, SensorModel, MinimValue, MaximValue, Unit, SensorType) VALUES (13234, 'Νέα Κρήνη', 'TZUR-371', 736.0, 1051.9, 'hPa', 'Pressure');
INSERT INTO MEASUREMENT (DateTime, SensorID, MeasValue) VALUES (TO_DATE('09/05/18 13:48', 'DD/MM/YY HH24:MI'), 13234, 1005.3);
INSERT INTO SENSOR (SerialNumber, CityPlaced, SensorModel, MinimValue, MaximValue, Unit, SensorType) VALUES (17299, 'Νέα Κρήνη', 'PPVD-8578', 0.0, 25.9, 'km/h', 'Wind');
INSERT INTO MEASUREMENT (DateTime, SensorID, MeasValue) VALUES (TO_DATE('09/05/18 13:48', 'DD/MM/YY HH24:MI'), 17299, 0.3);
INSERT INTO SENSOR (SerialNumber, CityPlaced, SensorModel, MinimValue, MaximValue, Unit, SensorType) VALUES (404373, 'Πεντάλοφος SV2BZQ', 'FTQMM-349', -50.0, 67.9, '°C', 'Temperature');
INSERT INTO MEASUREMENT (DateTime, SensorID, MeasValue) VALUES (TO_DATE('09/05/18 13:41', 'DD/MM/YY HH24:MI'), 404373, 20.8);
INSERT INTO SENSOR (SerialNumber, CityPlaced, SensorModel, MinimValue, MaximValue, Unit, SensorType) VALUES (101612, 'Πεντάλοφος SV2BZQ', 'FYVYZ-7436', 0, 100, '%', 'Humidity');
INSERT INTO MEASUREMENT (DateTime, SensorID, MeasValue) VALUES (TO_DATE('09/05/18 13:41', 'DD/MM/YY HH24:MI'), 101612, 67);
INSERT INTO SENSOR (SerialNumber, CityPlaced, SensorModel, MinimValue, MaximValue, Unit, SensorType) VALUES (24604, 'Πεντάλοφος SV2BZQ', 'WBDL-550', 718.0, 1096.9, 'hPa', 'Pressure');
INSERT INTO MEASUREMENT (DateTime, SensorID, MeasValue) VALUES (TO_DATE('09/05/18 13:41', 'DD/MM/YY HH24:MI'), 24604, 1004.4);
INSERT INTO SENSOR (SerialNumber, CityPlaced, SensorModel, MinimValue, MaximValue, Unit, SensorType) VALUES (73354, 'Πεντάλοφος SV2BZQ', 'NFGI-9170', 0.0, 23.9, 'km/h', 'Wind');
INSERT INTO MEASUREMENT (DateTime, SensorID, MeasValue) VALUES (TO_DATE('09/05/18 13:41', 'DD/MM/YY HH24:MI'), 73354, 5.7);
INSERT INTO SENSOR (SerialNumber, CityPlaced, SensorModel, MinimValue, MaximValue, Unit, SensorType) VALUES (487604, 'Πυλαία SV2HUI', 'DYZMP-050', -58.0, 80.9, '°C', 'Temperature');
INSERT INTO MEASUREMENT (DateTime, SensorID, MeasValue) VALUES (TO_DATE('09/05/18 13:48', 'DD/MM/YY HH24:MI'), 487604, 22.4);
INSERT INTO SENSOR (SerialNumber, CityPlaced, SensorModel, MinimValue, MaximValue, Unit, SensorType) VALUES (516112, 'Πυλαία SV2HUI', 'UWOGF-6148', 0, 100, '%', 'Humidity');
INSERT INTO MEASUREMENT (DateTime, SensorID, MeasValue) VALUES (TO_DATE('09/05/18 13:48', 'DD/MM/YY HH24:MI'), 516112, 67);
INSERT INTO SENSOR (SerialNumber, CityPlaced, SensorModel, MinimValue, MaximValue, Unit, SensorType) VALUES (42375, 'Πυλαία SV2HUI', 'NHVP-827', 747.0, 1075.9, 'hPa', 'Pressure');
INSERT INTO MEASUREMENT (DateTime, SensorID, MeasValue) VALUES (TO_DATE('09/05/18 13:48', 'DD/MM/YY HH24:MI'), 42375, 1020.6);
INSERT INTO SENSOR (SerialNumber, CityPlaced, SensorModel, MinimValue, MaximValue, Unit, SensorType) VALUES (75821, 'Πυλαία SV2HUI', 'GHQV-6944', 0.0, 22.9, 'km/h', 'Wind');
INSERT INTO MEASUREMENT (DateTime, SensorID, MeasValue) VALUES (TO_DATE('09/05/18 13:48', 'DD/MM/YY HH24:MI'), 75821, 1.5);
INSERT INTO SENSOR (SerialNumber, CityPlaced, SensorModel, MinimValue, MaximValue, Unit, SensorType) VALUES (578890, 'Φίλυρο (Οικοισμος Γερακίνα)', 'GJOXM-879', -56.0, 79.9, '°C', 'Temperature');
INSERT INTO MEASUREMENT (DateTime, SensorID, MeasValue) VALUES (TO_DATE('09/05/18 13:45', 'DD/MM/YY HH24:MI'), 578890, 20.2);
INSERT INTO SENSOR (SerialNumber, CityPlaced, SensorModel, MinimValue, MaximValue, Unit, SensorType) VALUES (450110, 'Φίλυρο (Οικοισμος Γερακίνα)', 'VPXAJ-5464', 0, 100, '%', 'Humidity');
INSERT INTO MEASUREMENT (DateTime, SensorID, MeasValue) VALUES (TO_DATE('09/05/18 13:45', 'DD/MM/YY HH24:MI'), 450110, 74);
INSERT INTO SENSOR (SerialNumber, CityPlaced, SensorModel, MinimValue, MaximValue, Unit, SensorType) VALUES (96413, 'Φίλυρο (Οικοισμος Γερακίνα)', 'BYRL-529', 712.0, 1064.9, 'hPa', 'Pressure');
INSERT INTO MEASUREMENT (DateTime, SensorID, MeasValue) VALUES (TO_DATE('09/05/18 13:45', 'DD/MM/YY HH24:MI'), 96413, 1004.6);
INSERT INTO SENSOR (SerialNumber, CityPlaced, SensorModel, MinimValue, MaximValue, Unit, SensorType) VALUES (96449, 'Φίλυρο (Οικοισμος Γερακίνα)', 'YIKR-3314', 0.0, 22.9, 'km/h', 'Wind');
INSERT INTO MEASUREMENT (DateTime, SensorID, MeasValue) VALUES (TO_DATE('09/05/18 13:45', 'DD/MM/YY HH24:MI'), 96449, 2.0);
INSERT INTO SENSOR (SerialNumber, CityPlaced, SensorModel, MinimValue, MaximValue, Unit, SensorType) VALUES (221293, 'Ωραιόκαστρο', 'PPDGT-102', -56.0, 72.9, '°C', 'Temperature');
INSERT INTO MEASUREMENT (DateTime, SensorID, MeasValue) VALUES (TO_DATE('09/05/18 13:48', 'DD/MM/YY HH24:MI'), 221293, 21.7);
INSERT INTO SENSOR (SerialNumber, CityPlaced, SensorModel, MinimValue, MaximValue, Unit, SensorType) VALUES (776953, 'Ωραιόκαστρο', 'YPHYQ-3718', 0, 100, '%', 'Humidity');
INSERT INTO MEASUREMENT (DateTime, SensorID, MeasValue) VALUES (TO_DATE('09/05/18 13:48', 'DD/MM/YY HH24:MI'), 776953, 65);
INSERT INTO SENSOR (SerialNumber, CityPlaced, SensorModel, MinimValue, MaximValue, Unit, SensorType) VALUES (50459, 'Ωραιόκαστρο', 'PPIA-276', 720.0, 1066.9, 'hPa', 'Pressure');
INSERT INTO MEASUREMENT (DateTime, SensorID, MeasValue) VALUES (TO_DATE('09/05/18 13:48', 'DD/MM/YY HH24:MI'), 50459, 1004.9);
INSERT INTO SENSOR (SerialNumber, CityPlaced, SensorModel, MinimValue, MaximValue, Unit, SensorType) VALUES (13923, 'Ωραιόκαστρο', 'QOWW-9989', 0.0, 20.9, 'km/h', 'Wind');
INSERT INTO MEASUREMENT (DateTime, SensorID, MeasValue) VALUES (TO_DATE('09/05/18 13:48', 'DD/MM/YY HH24:MI'), 13923, 0.3);
INSERT INTO SENSOR (SerialNumber, CityPlaced, SensorModel, MinimValue, MaximValue, Unit, SensorType) VALUES (308635, 'Βουνοχώρι', 'ARWKM-342', -58.0, 80.9, '°C', 'Temperature');
INSERT INTO MEASUREMENT (DateTime, SensorID, MeasValue) VALUES (TO_DATE('09/05/18 13:45', 'DD/MM/YY HH24:MI'), 308635, 20.7);
INSERT INTO SENSOR (SerialNumber, CityPlaced, SensorModel, MinimValue, MaximValue, Unit, SensorType) VALUES (604282, 'Βουνοχώρι', 'FISJV-1658', 0, 100, '%', 'Humidity');
INSERT INTO MEASUREMENT (DateTime, SensorID, MeasValue) VALUES (TO_DATE('09/05/18 13:45', 'DD/MM/YY HH24:MI'), 604282, 62);
INSERT INTO SENSOR (SerialNumber, CityPlaced, SensorModel, MinimValue, MaximValue, Unit, SensorType) VALUES (34153, 'Βουνοχώρι', 'CATM-856', 702.0, 1100.9, 'hPa', 'Pressure');
INSERT INTO MEASUREMENT (DateTime, SensorID, MeasValue) VALUES (TO_DATE('09/05/18 13:45', 'DD/MM/YY HH24:MI'), 34153, 1006.4);
INSERT INTO SENSOR (SerialNumber, CityPlaced, SensorModel, MinimValue, MaximValue, Unit, SensorType) VALUES (11159, 'Βουνοχώρι', 'VVPE-1747', 0.0, 22.9, 'km/h', 'Wind');
INSERT INTO MEASUREMENT (DateTime, SensorID, MeasValue) VALUES (TO_DATE('09/05/18 13:45', 'DD/MM/YY HH24:MI'), 11159, 5.1);
INSERT INTO SENSOR (SerialNumber, CityPlaced, SensorModel, MinimValue, MaximValue, Unit, SensorType) VALUES (123051, 'Ελευθερούπολη', 'GZFTY-666', -54.0, 70.9, '°C', 'Temperature');
INSERT INTO MEASUREMENT (DateTime, SensorID, MeasValue) VALUES (TO_DATE('09/05/18 13:46', 'DD/MM/YY HH24:MI'), 123051, 25.8);
INSERT INTO SENSOR (SerialNumber, CityPlaced, SensorModel, MinimValue, MaximValue, Unit, SensorType) VALUES (180275, 'Ελευθερούπολη', 'LTYSZ-5387', 0, 100, '%', 'Humidity');
INSERT INTO MEASUREMENT (DateTime, SensorID, MeasValue) VALUES (TO_DATE('09/05/18 13:46', 'DD/MM/YY HH24:MI'), 180275, 55);
INSERT INTO SENSOR (SerialNumber, CityPlaced, SensorModel, MinimValue, MaximValue, Unit, SensorType) VALUES (55853, 'Ελευθερούπολη', 'QYVJ-971', 747.0, 1075.9, 'hPa', 'Pressure');
INSERT INTO MEASUREMENT (DateTime, SensorID, MeasValue) VALUES (TO_DATE('09/05/18 13:46', 'DD/MM/YY HH24:MI'), 55853, 1004.7);
INSERT INTO SENSOR (SerialNumber, CityPlaced, SensorModel, MinimValue, MaximValue, Unit, SensorType) VALUES (34839, 'Ελευθερούπολη', 'LQSC-6836', 0.0, 20.9, 'km/h', 'Wind');
INSERT INTO MEASUREMENT (DateTime, SensorID, MeasValue) VALUES (TO_DATE('09/05/18 13:46', 'DD/MM/YY HH24:MI'), 34839, 7.5);
INSERT INTO SENSOR (SerialNumber, CityPlaced, SensorModel, MinimValue, MaximValue, Unit, SensorType) VALUES (670955, 'Θάσος Λιμένας', 'UICIV-650', -52.0, 77.9, '°C', 'Temperature');
INSERT INTO MEASUREMENT (DateTime, SensorID, MeasValue) VALUES (TO_DATE('09/05/18 13:40', 'DD/MM/YY HH24:MI'), 670955, 22.6);
INSERT INTO SENSOR (SerialNumber, CityPlaced, SensorModel, MinimValue, MaximValue, Unit, SensorType) VALUES (193937, 'Θάσος Λιμένας', 'MCRZC-7383', 0, 100, '%', 'Humidity');
INSERT INTO MEASUREMENT (DateTime, SensorID, MeasValue) VALUES (TO_DATE('09/05/18 13:40', 'DD/MM/YY HH24:MI'), 193937, 69);
INSERT INTO SENSOR (SerialNumber, CityPlaced, SensorModel, MinimValue, MaximValue, Unit, SensorType) VALUES (71270, 'Θάσος Λιμένας', 'FWJY-884', 702.0, 1073.9, 'hPa', 'Pressure');
INSERT INTO MEASUREMENT (DateTime, SensorID, MeasValue) VALUES (TO_DATE('09/05/18 13:40', 'DD/MM/YY HH24:MI'), 71270, 998.7);
INSERT INTO SENSOR (SerialNumber, CityPlaced, SensorModel, MinimValue, MaximValue, Unit, SensorType) VALUES (11917, 'Θάσος Λιμένας', 'SMHZ-5517', 0.0, 21.9, 'km/h', 'Wind');
INSERT INTO MEASUREMENT (DateTime, SensorID, MeasValue) VALUES (TO_DATE('09/05/18 13:40', 'DD/MM/YY HH24:MI'), 11917, 1.8);
INSERT INTO SENSOR (SerialNumber, CityPlaced, SensorModel, MinimValue, MaximValue, Unit, SensorType) VALUES (793390, 'Καβάλα', 'KABQX-967', -60.0, 65.9, '°C', 'Temperature');
INSERT INTO MEASUREMENT (DateTime, SensorID, MeasValue) VALUES (TO_DATE('09/05/18 13:45', 'DD/MM/YY HH24:MI'), 793390, 22.2);
INSERT INTO SENSOR (SerialNumber, CityPlaced, SensorModel, MinimValue, MaximValue, Unit, SensorType) VALUES (462300, 'Καβάλα', 'CFSCD-9182', 0, 100, '%', 'Humidity');
INSERT INTO MEASUREMENT (DateTime, SensorID, MeasValue) VALUES (TO_DATE('09/05/18 13:45', 'DD/MM/YY HH24:MI'), 462300, 74);
INSERT INTO SENSOR (SerialNumber, CityPlaced, SensorModel, MinimValue, MaximValue, Unit, SensorType) VALUES (19102, 'Καβάλα', 'WYID-962', 741.0, 1055.9, 'hPa', 'Pressure');
INSERT INTO MEASUREMENT (DateTime, SensorID, MeasValue) VALUES (TO_DATE('09/05/18 13:45', 'DD/MM/YY HH24:MI'), 19102, 1005.9);
INSERT INTO SENSOR (SerialNumber, CityPlaced, SensorModel, MinimValue, MaximValue, Unit, SensorType) VALUES (18421, 'Καβάλα', 'FRWH-9140', 0.0, 23.9, 'km/h', 'Wind');
INSERT INTO MEASUREMENT (DateTime, SensorID, MeasValue) VALUES (TO_DATE('09/05/18 13:45', 'DD/MM/YY HH24:MI'), 18421, 6.1);
INSERT INTO SENSOR (SerialNumber, CityPlaced, SensorModel, MinimValue, MaximValue, Unit, SensorType) VALUES (272433, 'Παλαιοχώρι Παγγαίο', 'BOSAE-627', -57.0, 75.9, '°C', 'Temperature');
INSERT INTO MEASUREMENT (DateTime, SensorID, MeasValue) VALUES (TO_DATE('09/05/18 13:40', 'DD/MM/YY HH24:MI'), 272433, 27.6);
INSERT INTO SENSOR (SerialNumber, CityPlaced, SensorModel, MinimValue, MaximValue, Unit, SensorType) VALUES (822928, 'Παλαιοχώρι Παγγαίο', 'KOSZL-5375', 0, 100, '%', 'Humidity');
INSERT INTO MEASUREMENT (DateTime, SensorID, MeasValue) VALUES (TO_DATE('09/05/18 13:40', 'DD/MM/YY HH24:MI'), 822928, 55);
INSERT INTO SENSOR (SerialNumber, CityPlaced, SensorModel, MinimValue, MaximValue, Unit, SensorType) VALUES (88412, 'Παλαιοχώρι Παγγαίο', 'KTBY-177', 707.0, 1054.9, 'hPa', 'Pressure');
INSERT INTO MEASUREMENT (DateTime, SensorID, MeasValue) VALUES (TO_DATE('09/05/18 13:40', 'DD/MM/YY HH24:MI'), 88412, 1003.4);
INSERT INTO SENSOR (SerialNumber, CityPlaced, SensorModel, MinimValue, MaximValue, Unit, SensorType) VALUES (48318, 'Παλαιοχώρι Παγγαίο', 'IJLR-6584', 0.0, 24.9, 'km/h', 'Wind');
INSERT INTO MEASUREMENT (DateTime, SensorID, MeasValue) VALUES (TO_DATE('09/05/18 13:40', 'DD/MM/YY HH24:MI'), 48318, 0.0);
INSERT INTO SENSOR (SerialNumber, CityPlaced, SensorModel, MinimValue, MaximValue, Unit, SensorType) VALUES (593504, 'Βεγορίτιδα', 'WAEWU-754', -52.0, 65.9, '°C', 'Temperature');
INSERT INTO MEASUREMENT (DateTime, SensorID, MeasValue) VALUES (TO_DATE('09/05/18 13:37', 'DD/MM/YY HH24:MI'), 593504, 20.2);
INSERT INTO SENSOR (SerialNumber, CityPlaced, SensorModel, MinimValue, MaximValue, Unit, SensorType) VALUES (145503, 'Βεγορίτιδα', 'GDWIO-8033', 0, 100, '%', 'Humidity');
INSERT INTO MEASUREMENT (DateTime, SensorID, MeasValue) VALUES (TO_DATE('09/05/18 13:37', 'DD/MM/YY HH24:MI'), 145503, 67);
INSERT INTO SENSOR (SerialNumber, CityPlaced, SensorModel, MinimValue, MaximValue, Unit, SensorType) VALUES (62118, 'Βεγορίτιδα', 'HQDO-345', 720.0, 1061.9, 'hPa', 'Pressure');
INSERT INTO MEASUREMENT (DateTime, SensorID, MeasValue) VALUES (TO_DATE('09/05/18 13:37', 'DD/MM/YY HH24:MI'), 62118, 1006.2);
INSERT INTO SENSOR (SerialNumber, CityPlaced, SensorModel, MinimValue, MaximValue, Unit, SensorType) VALUES (14059, 'Βεγορίτιδα', 'HGEF-1428', 0.0, 24.9, 'km/h', 'Wind');
INSERT INTO MEASUREMENT (DateTime, SensorID, MeasValue) VALUES (TO_DATE('09/05/18 13:37', 'DD/MM/YY HH24:MI'), 14059, 1.9);
INSERT INTO SENSOR (SerialNumber, CityPlaced, SensorModel, MinimValue, MaximValue, Unit, SensorType) VALUES (464024, 'Μακρύγιαλος SV2BZQ', 'MEGEP-918', -54.0, 73.9, '°C', 'Temperature');
INSERT INTO MEASUREMENT (DateTime, SensorID, MeasValue) VALUES (TO_DATE('09/05/18 13:43', 'DD/MM/YY HH24:MI'), 464024, 25.2);
INSERT INTO SENSOR (SerialNumber, CityPlaced, SensorModel, MinimValue, MaximValue, Unit, SensorType) VALUES (293071, 'Μακρύγιαλος SV2BZQ', 'YVFSM-9921', 0, 100, '%', 'Humidity');
INSERT INTO MEASUREMENT (DateTime, SensorID, MeasValue) VALUES (TO_DATE('09/05/18 13:43', 'DD/MM/YY HH24:MI'), 293071, 61);
INSERT INTO SENSOR (SerialNumber, CityPlaced, SensorModel, MinimValue, MaximValue, Unit, SensorType) VALUES (81500, 'Μακρύγιαλος SV2BZQ', 'VKFR-503', 718.0, 1078.9, 'hPa', 'Pressure');
INSERT INTO MEASUREMENT (DateTime, SensorID, MeasValue) VALUES (TO_DATE('09/05/18 13:43', 'DD/MM/YY HH24:MI'), 81500, 1004.0);
INSERT INTO SENSOR (SerialNumber, CityPlaced, SensorModel, MinimValue, MaximValue, Unit, SensorType) VALUES (88475, 'Μακρύγιαλος SV2BZQ', 'THIB-4575', 0.0, 22.9, 'km/h', 'Wind');
INSERT INTO MEASUREMENT (DateTime, SensorID, MeasValue) VALUES (TO_DATE('09/05/18 13:43', 'DD/MM/YY HH24:MI'), 88475, 2.4);
INSERT INTO SENSOR (SerialNumber, CityPlaced, SensorModel, MinimValue, MaximValue, Unit, SensorType) VALUES (197512, 'Ηράκλεια Σέρρες', 'CXFSM-277', -56.0, 70.9, '°C', 'Temperature');
INSERT INTO MEASUREMENT (DateTime, SensorID, MeasValue) VALUES (TO_DATE('09/05/18 13:45', 'DD/MM/YY HH24:MI'), 197512, 25.4);
INSERT INTO SENSOR (SerialNumber, CityPlaced, SensorModel, MinimValue, MaximValue, Unit, SensorType) VALUES (517553, 'Ηράκλεια Σέρρες', 'LIALE-5427', 0, 100, '%', 'Humidity');
INSERT INTO MEASUREMENT (DateTime, SensorID, MeasValue) VALUES (TO_DATE('09/05/18 13:45', 'DD/MM/YY HH24:MI'), 517553, 55);
INSERT INTO SENSOR (SerialNumber, CityPlaced, SensorModel, MinimValue, MaximValue, Unit, SensorType) VALUES (33092, 'Ηράκλεια Σέρρες', 'LTYD-249', 732.0, 1056.9, 'hPa', 'Pressure');
INSERT INTO MEASUREMENT (DateTime, SensorID, MeasValue) VALUES (TO_DATE('09/05/18 13:45', 'DD/MM/YY HH24:MI'), 33092, 1003.3);
INSERT INTO SENSOR (SerialNumber, CityPlaced, SensorModel, MinimValue, MaximValue, Unit, SensorType) VALUES (83410, 'Ηράκλεια Σέρρες', 'CIIQ-0271', 0.0, 21.9, 'km/h', 'Wind');
INSERT INTO MEASUREMENT (DateTime, SensorID, MeasValue) VALUES (TO_DATE('09/05/18 13:45', 'DD/MM/YY HH24:MI'), 83410, 5.8);
INSERT INTO SENSOR (SerialNumber, CityPlaced, SensorModel, MinimValue, MaximValue, Unit, SensorType) VALUES (134023, 'Πρώτη', 'KUOSP-768', -55.0, 74.9, '°C', 'Temperature');
INSERT INTO MEASUREMENT (DateTime, SensorID, MeasValue) VALUES (TO_DATE('09/05/18 13:45', 'DD/MM/YY HH24:MI'), 134023, 21.7);
INSERT INTO SENSOR (SerialNumber, CityPlaced, SensorModel, MinimValue, MaximValue, Unit, SensorType) VALUES (945810, 'Πρώτη', 'BYOQP-6335', 0, 100, '%', 'Humidity');
INSERT INTO MEASUREMENT (DateTime, SensorID, MeasValue) VALUES (TO_DATE('09/05/18 13:45', 'DD/MM/YY HH24:MI'), 945810, 43);
INSERT INTO SENSOR (SerialNumber, CityPlaced, SensorModel, MinimValue, MaximValue, Unit, SensorType) VALUES (79830, 'Πρώτη', 'DXEZ-031', 711.0, 1082.9, 'hPa', 'Pressure');
INSERT INTO MEASUREMENT (DateTime, SensorID, MeasValue) VALUES (TO_DATE('09/05/18 13:45', 'DD/MM/YY HH24:MI'), 79830, 1003.1);
INSERT INTO SENSOR (SerialNumber, CityPlaced, SensorModel, MinimValue, MaximValue, Unit, SensorType) VALUES (59166, 'Πρώτη', 'QCFD-4240', 0.0, 25.9, 'km/h', 'Wind');
INSERT INTO MEASUREMENT (DateTime, SensorID, MeasValue) VALUES (TO_DATE('09/05/18 13:45', 'DD/MM/YY HH24:MI'), 59166, 3.2);
INSERT INTO SENSOR (SerialNumber, CityPlaced, SensorModel, MinimValue, MaximValue, Unit, SensorType) VALUES (605689, 'Ροδολίβος', 'SMVQX-953', -56.0, 74.9, '°C', 'Temperature');
INSERT INTO MEASUREMENT (DateTime, SensorID, MeasValue) VALUES (TO_DATE('09/05/18 13:45', 'DD/MM/YY HH24:MI'), 605689, 20.3);
INSERT INTO SENSOR (SerialNumber, CityPlaced, SensorModel, MinimValue, MaximValue, Unit, SensorType) VALUES (661708, 'Ροδολίβος', 'KMHZS-2672', 0, 100, '%', 'Humidity');
INSERT INTO MEASUREMENT (DateTime, SensorID, MeasValue) VALUES (TO_DATE('09/05/18 13:45', 'DD/MM/YY HH24:MI'), 661708, 61);
INSERT INTO SENSOR (SerialNumber, CityPlaced, SensorModel, MinimValue, MaximValue, Unit, SensorType) VALUES (32835, 'Ροδολίβος', 'KMSE-260', 740.0, 1053.9, 'hPa', 'Pressure');
INSERT INTO MEASUREMENT (DateTime, SensorID, MeasValue) VALUES (TO_DATE('09/05/18 13:45', 'DD/MM/YY HH24:MI'), 32835, 1005.8);
INSERT INTO SENSOR (SerialNumber, CityPlaced, SensorModel, MinimValue, MaximValue, Unit, SensorType) VALUES (30154, 'Ροδολίβος', 'JCED-8563', 0.0, 23.9, 'km/h', 'Wind');
INSERT INTO MEASUREMENT (DateTime, SensorID, MeasValue) VALUES (TO_DATE('09/05/18 13:45', 'DD/MM/YY HH24:MI'), 30154, 3.7);
INSERT INTO SENSOR (SerialNumber, CityPlaced, SensorModel, MinimValue, MaximValue, Unit, SensorType) VALUES (422793, 'Χρυσοχώραφα Σέρρες', 'RUZYD-111', -53.0, 63.9, '°C', 'Temperature');
INSERT INTO MEASUREMENT (DateTime, SensorID, MeasValue) VALUES (TO_DATE('09/05/18 13:45', 'DD/MM/YY HH24:MI'), 422793, 26.1);
INSERT INTO SENSOR (SerialNumber, CityPlaced, SensorModel, MinimValue, MaximValue, Unit, SensorType) VALUES (991025, 'Χρυσοχώραφα Σέρρες', 'EPKNE-6864', 0, 100, '%', 'Humidity');
INSERT INTO MEASUREMENT (DateTime, SensorID, MeasValue) VALUES (TO_DATE('09/05/18 13:45', 'DD/MM/YY HH24:MI'), 991025, 55);
INSERT INTO SENSOR (SerialNumber, CityPlaced, SensorModel, MinimValue, MaximValue, Unit, SensorType) VALUES (54968, 'Χρυσοχώραφα Σέρρες', 'YMUS-376', 719.0, 1061.9, 'hPa', 'Pressure');
INSERT INTO MEASUREMENT (DateTime, SensorID, MeasValue) VALUES (TO_DATE('09/05/18 13:45', 'DD/MM/YY HH24:MI'), 54968, 1003.3);
INSERT INTO SENSOR (SerialNumber, CityPlaced, SensorModel, MinimValue, MaximValue, Unit, SensorType) VALUES (58984, 'Χρυσοχώραφα Σέρρες', 'ZWIA-8965', 0.0, 25.9, 'km/h', 'Wind');
INSERT INTO MEASUREMENT (DateTime, SensorID, MeasValue) VALUES (TO_DATE('09/05/18 13:45', 'DD/MM/YY HH24:MI'), 58984, 2.1);
INSERT INTO SENSOR (SerialNumber, CityPlaced, SensorModel, MinimValue, MaximValue, Unit, SensorType) VALUES (765033, 'Nέα Μουδανιά', 'LNKEF-880', -59.0, 66.9, '°C', 'Temperature');
INSERT INTO MEASUREMENT (DateTime, SensorID, MeasValue) VALUES (TO_DATE('09/05/18 13:48', 'DD/MM/YY HH24:MI'), 765033, 23.1);
INSERT INTO SENSOR (SerialNumber, CityPlaced, SensorModel, MinimValue, MaximValue, Unit, SensorType) VALUES (492396, 'Nέα Μουδανιά', 'KNVVC-4786', 0, 100, '%', 'Humidity');
INSERT INTO MEASUREMENT (DateTime, SensorID, MeasValue) VALUES (TO_DATE('09/05/18 13:48', 'DD/MM/YY HH24:MI'), 492396, 71);
INSERT INTO SENSOR (SerialNumber, CityPlaced, SensorModel, MinimValue, MaximValue, Unit, SensorType) VALUES (39084, 'Nέα Μουδανιά', 'XKQM-117', 742.0, 1059.9, 'hPa', 'Pressure');
INSERT INTO MEASUREMENT (DateTime, SensorID, MeasValue) VALUES (TO_DATE('09/05/18 13:48', 'DD/MM/YY HH24:MI'), 39084, 1004.5);
INSERT INTO SENSOR (SerialNumber, CityPlaced, SensorModel, MinimValue, MaximValue, Unit, SensorType) VALUES (24909, 'Nέα Μουδανιά', 'PJYD-2691', 0.0, 25.9, 'km/h', 'Wind');
INSERT INTO MEASUREMENT (DateTime, SensorID, MeasValue) VALUES (TO_DATE('09/05/18 13:48', 'DD/MM/YY HH24:MI'), 24909, 3.7);
INSERT INTO SENSOR (SerialNumber, CityPlaced, SensorModel, MinimValue, MaximValue, Unit, SensorType) VALUES (951325, 'Άγιος Νικόλαος', 'ADVSF-580', -55.0, 73.9, '°C', 'Temperature');
INSERT INTO MEASUREMENT (DateTime, SensorID, MeasValue) VALUES (TO_DATE('09/05/18 13:45', 'DD/MM/YY HH24:MI'), 951325, 23.7);
INSERT INTO SENSOR (SerialNumber, CityPlaced, SensorModel, MinimValue, MaximValue, Unit, SensorType) VALUES (122046, 'Άγιος Νικόλαος', 'YYGQW-8524', 0, 100, '%', 'Humidity');
INSERT INTO MEASUREMENT (DateTime, SensorID, MeasValue) VALUES (TO_DATE('09/05/18 13:45', 'DD/MM/YY HH24:MI'), 122046, 56);
INSERT INTO SENSOR (SerialNumber, CityPlaced, SensorModel, MinimValue, MaximValue, Unit, SensorType) VALUES (56529, 'Άγιος Νικόλαος', 'KNBD-814', 735.0, 1092.9, 'hPa', 'Pressure');
INSERT INTO MEASUREMENT (DateTime, SensorID, MeasValue) VALUES (TO_DATE('09/05/18 13:45', 'DD/MM/YY HH24:MI'), 56529, 1005.5);
INSERT INTO SENSOR (SerialNumber, CityPlaced, SensorModel, MinimValue, MaximValue, Unit, SensorType) VALUES (78679, 'Άγιος Νικόλαος', 'ECHI-9619', 0.0, 23.9, 'km/h', 'Wind');
INSERT INTO MEASUREMENT (DateTime, SensorID, MeasValue) VALUES (TO_DATE('09/05/18 13:45', 'DD/MM/YY HH24:MI'), 78679, 8.6);
INSERT INTO SENSOR (SerialNumber, CityPlaced, SensorModel, MinimValue, MaximValue, Unit, SensorType) VALUES (678279, 'Νέα Ηράκλεια', 'YCSHP-557', -57.0, 64.9, '°C', 'Temperature');
INSERT INTO MEASUREMENT (DateTime, SensorID, MeasValue) VALUES (TO_DATE('09/05/18 13:45', 'DD/MM/YY HH24:MI'), 678279, 23.7);
INSERT INTO SENSOR (SerialNumber, CityPlaced, SensorModel, MinimValue, MaximValue, Unit, SensorType) VALUES (270904, 'Νέα Ηράκλεια', 'PEHXY-2046', 0, 100, '%', 'Humidity');
INSERT INTO MEASUREMENT (DateTime, SensorID, MeasValue) VALUES (TO_DATE('09/05/18 13:45', 'DD/MM/YY HH24:MI'), 270904, 70);
INSERT INTO SENSOR (SerialNumber, CityPlaced, SensorModel, MinimValue, MaximValue, Unit, SensorType) VALUES (94528, 'Νέα Ηράκλεια', 'RBTZ-396', 749.0, 1097.9, 'hPa', 'Pressure');
INSERT INTO MEASUREMENT (DateTime, SensorID, MeasValue) VALUES (TO_DATE('09/05/18 13:45', 'DD/MM/YY HH24:MI'), 94528, 1003.1);
INSERT INTO SENSOR (SerialNumber, CityPlaced, SensorModel, MinimValue, MaximValue, Unit, SensorType) VALUES (83776, 'Νέα Ηράκλεια', 'ORCB-3296', 0.0, 21.9, 'km/h', 'Wind');
INSERT INTO MEASUREMENT (DateTime, SensorID, MeasValue) VALUES (TO_DATE('09/05/18 13:45', 'DD/MM/YY HH24:MI'), 83776, 3.8);
INSERT INTO SENSOR (SerialNumber, CityPlaced, SensorModel, MinimValue, MaximValue, Unit, SensorType) VALUES (529389, 'Δρέπανο Ναύπλιο', 'GEYAD-047', -51.0, 68.9, '°C', 'Temperature');
INSERT INTO MEASUREMENT (DateTime, SensorID, MeasValue) VALUES (TO_DATE('09/05/18 13:38', 'DD/MM/YY HH24:MI'), 529389, 23.1);
INSERT INTO SENSOR (SerialNumber, CityPlaced, SensorModel, MinimValue, MaximValue, Unit, SensorType) VALUES (266785, 'Δρέπανο Ναύπλιο', 'UDFYN-8049', 0, 100, '%', 'Humidity');
INSERT INTO MEASUREMENT (DateTime, SensorID, MeasValue) VALUES (TO_DATE('09/05/18 13:38', 'DD/MM/YY HH24:MI'), 266785, 73);
INSERT INTO SENSOR (SerialNumber, CityPlaced, SensorModel, MinimValue, MaximValue, Unit, SensorType) VALUES (30216, 'Δρέπανο Ναύπλιο', 'CXVS-079', 712.0, 1053.9, 'hPa', 'Pressure');
INSERT INTO MEASUREMENT (DateTime, SensorID, MeasValue) VALUES (TO_DATE('09/05/18 13:38', 'DD/MM/YY HH24:MI'), 30216, 1004.3);
INSERT INTO SENSOR (SerialNumber, CityPlaced, SensorModel, MinimValue, MaximValue, Unit, SensorType) VALUES (23627, 'Δρέπανο Ναύπλιο', 'JAFR-0308', 0.0, 23.9, 'km/h', 'Wind');
INSERT INTO MEASUREMENT (DateTime, SensorID, MeasValue) VALUES (TO_DATE('09/05/18 13:38', 'DD/MM/YY HH24:MI'), 23627, 6.8);
INSERT INTO SENSOR (SerialNumber, CityPlaced, SensorModel, MinimValue, MaximValue, Unit, SensorType) VALUES (628656, 'Ναύπλιο', 'OGGVG-783', -52.0, 63.9, '°C', 'Temperature');
INSERT INTO MEASUREMENT (DateTime, SensorID, MeasValue) VALUES (TO_DATE('09/05/18 13:45', 'DD/MM/YY HH24:MI'), 628656, 24.4);
INSERT INTO SENSOR (SerialNumber, CityPlaced, SensorModel, MinimValue, MaximValue, Unit, SensorType) VALUES (875228, 'Ναύπλιο', 'LVOXJ-5802', 0, 100, '%', 'Humidity');
INSERT INTO MEASUREMENT (DateTime, SensorID, MeasValue) VALUES (TO_DATE('09/05/18 13:45', 'DD/MM/YY HH24:MI'), 875228, 51);
INSERT INTO SENSOR (SerialNumber, CityPlaced, SensorModel, MinimValue, MaximValue, Unit, SensorType) VALUES (14588, 'Ναύπλιο', 'TWRU-257', 722.0, 1078.9, 'hPa', 'Pressure');
INSERT INTO MEASUREMENT (DateTime, SensorID, MeasValue) VALUES (TO_DATE('09/05/18 13:45', 'DD/MM/YY HH24:MI'), 14588, 1005.2);
INSERT INTO SENSOR (SerialNumber, CityPlaced, SensorModel, MinimValue, MaximValue, Unit, SensorType) VALUES (13664, 'Ναύπλιο', 'ALNM-9213', 0.0, 25.9, 'km/h', 'Wind');
INSERT INTO MEASUREMENT (DateTime, SensorID, MeasValue) VALUES (TO_DATE('09/05/18 13:45', 'DD/MM/YY HH24:MI'), 13664, 13.4);
INSERT INTO SENSOR (SerialNumber, CityPlaced, SensorModel, MinimValue, MaximValue, Unit, SensorType) VALUES (915889, 'Νεοχώρι Φαλαισία Β. Ταΰγετος', 'UDOMS-590', -57.0, 66.9, '°C', 'Temperature');
INSERT INTO MEASUREMENT (DateTime, SensorID, MeasValue) VALUES (TO_DATE('09/05/18 13:25', 'DD/MM/YY HH24:MI'), 915889, 18.4);
INSERT INTO SENSOR (SerialNumber, CityPlaced, SensorModel, MinimValue, MaximValue, Unit, SensorType) VALUES (206326, 'Νεοχώρι Φαλαισία Β. Ταΰγετος', 'KACTF-4877', 0, 100, '%', 'Humidity');
INSERT INTO MEASUREMENT (DateTime, SensorID, MeasValue) VALUES (TO_DATE('09/05/18 13:25', 'DD/MM/YY HH24:MI'), 206326, 47);
INSERT INTO SENSOR (SerialNumber, CityPlaced, SensorModel, MinimValue, MaximValue, Unit, SensorType) VALUES (44753, 'Νεοχώρι Φαλαισία Β. Ταΰγετος', 'UQGZ-663', 703.0, 1089.9, 'hPa', 'Pressure');
INSERT INTO MEASUREMENT (DateTime, SensorID, MeasValue) VALUES (TO_DATE('09/05/18 13:25', 'DD/MM/YY HH24:MI'), 44753, 1006.5);
INSERT INTO SENSOR (SerialNumber, CityPlaced, SensorModel, MinimValue, MaximValue, Unit, SensorType) VALUES (45493, 'Νεοχώρι Φαλαισία Β. Ταΰγετος', 'QDTY-2933', 0.0, 22.9, 'km/h', 'Wind');
INSERT INTO MEASUREMENT (DateTime, SensorID, MeasValue) VALUES (TO_DATE('09/05/18 13:25', 'DD/MM/YY HH24:MI'), 45493, 5.1);
INSERT INTO SENSOR (SerialNumber, CityPlaced, SensorModel, MinimValue, MaximValue, Unit, SensorType) VALUES (625445, 'Ακράτα Συλιβαινιώτικα', 'ANPZY-147', -60.0, 80.9, '°C', 'Temperature');
INSERT INTO MEASUREMENT (DateTime, SensorID, MeasValue) VALUES (TO_DATE('09/05/18 13:45', 'DD/MM/YY HH24:MI'), 625445, 22.0);
INSERT INTO SENSOR (SerialNumber, CityPlaced, SensorModel, MinimValue, MaximValue, Unit, SensorType) VALUES (892985, 'Ακράτα Συλιβαινιώτικα', 'SGASL-3861', 0, 100, '%', 'Humidity');
INSERT INTO MEASUREMENT (DateTime, SensorID, MeasValue) VALUES (TO_DATE('09/05/18 13:45', 'DD/MM/YY HH24:MI'), 892985, 71);
INSERT INTO SENSOR (SerialNumber, CityPlaced, SensorModel, MinimValue, MaximValue, Unit, SensorType) VALUES (10153, 'Ακράτα Συλιβαινιώτικα', 'KFTF-053', 706.0, 1098.9, 'hPa', 'Pressure');
INSERT INTO MEASUREMENT (DateTime, SensorID, MeasValue) VALUES (TO_DATE('09/05/18 13:45', 'DD/MM/YY HH24:MI'), 10153, 1005.3);
INSERT INTO SENSOR (SerialNumber, CityPlaced, SensorModel, MinimValue, MaximValue, Unit, SensorType) VALUES (52347, 'Ακράτα Συλιβαινιώτικα', 'TPQG-8187', 0.0, 23.9, 'km/h', 'Wind');
INSERT INTO MEASUREMENT (DateTime, SensorID, MeasValue) VALUES (TO_DATE('09/05/18 13:45', 'DD/MM/YY HH24:MI'), 52347, 8.0);
INSERT INTO SENSOR (SerialNumber, CityPlaced, SensorModel, MinimValue, MaximValue, Unit, SensorType) VALUES (870100, 'Κάτω Βλασία', 'DLUUZ-634', -54.0, 69.9, '°C', 'Temperature');
INSERT INTO MEASUREMENT (DateTime, SensorID, MeasValue) VALUES (TO_DATE('09/05/18 13:44', 'DD/MM/YY HH24:MI'), 870100, 18.2);
INSERT INTO SENSOR (SerialNumber, CityPlaced, SensorModel, MinimValue, MaximValue, Unit, SensorType) VALUES (122540, 'Κάτω Βλασία', 'JSDTT-0560', 0, 100, '%', 'Humidity');
INSERT INTO MEASUREMENT (DateTime, SensorID, MeasValue) VALUES (TO_DATE('09/05/18 13:44', 'DD/MM/YY HH24:MI'), 122540, 77);
INSERT INTO MEASUREMENT (DateTime, SensorID, MeasValue) VALUES (TO_DATE('09/05/18 13:44', 'DD/MM/YY HH24:MI'), 34250, 1006.8);
INSERT INTO SENSOR (SerialNumber, CityPlaced, SensorModel, MinimValue, MaximValue, Unit, SensorType) VALUES (22706, 'Κάτω Βλασία', 'JOKY-8226', 0.0, 21.9, 'km/h', 'Wind');
INSERT INTO MEASUREMENT (DateTime, SensorID, MeasValue) VALUES (TO_DATE('09/05/18 13:44', 'DD/MM/YY HH24:MI'), 22706, 3.5);
INSERT INTO SENSOR (SerialNumber, CityPlaced, SensorModel, MinimValue, MaximValue, Unit, SensorType) VALUES (178225, 'Πάτρα Αγιά', 'PNKWZ-377', -59.0, 67.9, '°C', 'Temperature');
INSERT INTO MEASUREMENT (DateTime, SensorID, MeasValue) VALUES (TO_DATE('09/05/18 13:45', 'DD/MM/YY HH24:MI'), 178225, 22.0);
INSERT INTO SENSOR (SerialNumber, CityPlaced, SensorModel, MinimValue, MaximValue, Unit, SensorType) VALUES (710567, 'Πάτρα Αγιά', 'WGQMF-1330', 0, 100, '%', 'Humidity');
INSERT INTO MEASUREMENT (DateTime, SensorID, MeasValue) VALUES (TO_DATE('09/05/18 13:45', 'DD/MM/YY HH24:MI'), 710567, 77);
INSERT INTO SENSOR (SerialNumber, CityPlaced, SensorModel, MinimValue, MaximValue, Unit, SensorType) VALUES (78240, 'Πάτρα Αγιά', 'WMTN-503', 720.0, 1095.9, 'hPa', 'Pressure');
INSERT INTO MEASUREMENT (DateTime, SensorID, MeasValue) VALUES (TO_DATE('09/05/18 13:45', 'DD/MM/YY HH24:MI'), 78240, 1005.9);
INSERT INTO SENSOR (SerialNumber, CityPlaced, SensorModel, MinimValue, MaximValue, Unit, SensorType) VALUES (39957, 'Πάτρα Αγιά', 'EDGO-0321', 0.0, 22.9, 'km/h', 'Wind');
INSERT INTO MEASUREMENT (DateTime, SensorID, MeasValue) VALUES (TO_DATE('09/05/18 13:45', 'DD/MM/YY HH24:MI'), 39957, 8.0);
INSERT INTO SENSOR (SerialNumber, CityPlaced, SensorModel, MinimValue, MaximValue, Unit, SensorType) VALUES (917988, 'Πάτρα Κετχ', 'SGIRZ-667', -50.0, 74.9, '°C', 'Temperature');
INSERT INTO MEASUREMENT (DateTime, SensorID, MeasValue) VALUES (TO_DATE('09/05/18 13:45', 'DD/MM/YY HH24:MI'), 917988, 22.2);
INSERT INTO SENSOR (SerialNumber, CityPlaced, SensorModel, MinimValue, MaximValue, Unit, SensorType) VALUES (310265, 'Πάτρα Κετχ', 'PESFD-4948', 0, 100, '%', 'Humidity');
INSERT INTO MEASUREMENT (DateTime, SensorID, MeasValue) VALUES (TO_DATE('09/05/18 13:45', 'DD/MM/YY HH24:MI'), 310265, 69);
INSERT INTO SENSOR (SerialNumber, CityPlaced, SensorModel, MinimValue, MaximValue, Unit, SensorType) VALUES (75681, 'Πάτρα Κετχ', 'UEIP-312', 705.0, 1081.9, 'hPa', 'Pressure');
INSERT INTO MEASUREMENT (DateTime, SensorID, MeasValue) VALUES (TO_DATE('09/05/18 13:45', 'DD/MM/YY HH24:MI'), 75681, 1006.0);
INSERT INTO SENSOR (SerialNumber, CityPlaced, SensorModel, MinimValue, MaximValue, Unit, SensorType) VALUES (39587, 'Πάτρα Κετχ', 'QDIN-3700', 0.0, 24.9, 'km/h', 'Wind');
INSERT INTO MEASUREMENT (DateTime, SensorID, MeasValue) VALUES (TO_DATE('09/05/18 13:45', 'DD/MM/YY HH24:MI'), 39587, 4.1);
INSERT INTO SENSOR (SerialNumber, CityPlaced, SensorModel, MinimValue, MaximValue, Unit, SensorType) VALUES (928838, 'Ρίο Καστελόκαμπος', 'VMLJM-950', -54.0, 64.9, '°C', 'Temperature');
INSERT INTO MEASUREMENT (DateTime, SensorID, MeasValue) VALUES (TO_DATE('09/05/18 13:45', 'DD/MM/YY HH24:MI'), 928838, 23.2);
INSERT INTO SENSOR (SerialNumber, CityPlaced, SensorModel, MinimValue, MaximValue, Unit, SensorType) VALUES (899131, 'Ρίο Καστελόκαμπος', 'XBQAC-8815', 0, 100, '%', 'Humidity');
INSERT INTO MEASUREMENT (DateTime, SensorID, MeasValue) VALUES (TO_DATE('09/05/18 13:45', 'DD/MM/YY HH24:MI'), 899131, 66);
INSERT INTO SENSOR (SerialNumber, CityPlaced, SensorModel, MinimValue, MaximValue, Unit, SensorType) VALUES (55980, 'Ρίο Καστελόκαμπος', 'LJES-280', 717.0, 1075.9, 'hPa', 'Pressure');
INSERT INTO MEASUREMENT (DateTime, SensorID, MeasValue) VALUES (TO_DATE('09/05/18 13:45', 'DD/MM/YY HH24:MI'), 55980, 1006.8);
INSERT INTO SENSOR (SerialNumber, CityPlaced, SensorModel, MinimValue, MaximValue, Unit, SensorType) VALUES (87532, 'Ρίο Καστελόκαμπος', 'BCUA-4769', 0.0, 24.9, 'km/h', 'Wind');
INSERT INTO MEASUREMENT (DateTime, SensorID, MeasValue) VALUES (TO_DATE('09/05/18 13:45', 'DD/MM/YY HH24:MI'), 87532, 8.6);
INSERT INTO SENSOR (SerialNumber, CityPlaced, SensorModel, MinimValue, MaximValue, Unit, SensorType) VALUES (841216, 'Καπελέτο Βάρδας', 'EFFEG-759', -51.0, 62.9, '°C', 'Temperature');
INSERT INTO MEASUREMENT (DateTime, SensorID, MeasValue) VALUES (TO_DATE('09/05/18 13:45', 'DD/MM/YY HH24:MI'), 841216, 22.8);
INSERT INTO SENSOR (SerialNumber, CityPlaced, SensorModel, MinimValue, MaximValue, Unit, SensorType) VALUES (922887, 'Καπελέτο Βάρδας', 'EUOKS-3391', 0, 100, '%', 'Humidity');
INSERT INTO MEASUREMENT (DateTime, SensorID, MeasValue) VALUES (TO_DATE('09/05/18 13:45', 'DD/MM/YY HH24:MI'), 922887, 75);
INSERT INTO SENSOR (SerialNumber, CityPlaced, SensorModel, MinimValue, MaximValue, Unit, SensorType) VALUES (86489, 'Καπελέτο Βάρδας', 'BOFB-747', 738.0, 1062.9, 'hPa', 'Pressure');
INSERT INTO MEASUREMENT (DateTime, SensorID, MeasValue) VALUES (TO_DATE('09/05/18 13:45', 'DD/MM/YY HH24:MI'), 86489, 1005.5);
INSERT INTO SENSOR (SerialNumber, CityPlaced, SensorModel, MinimValue, MaximValue, Unit, SensorType) VALUES (28056, 'Καπελέτο Βάρδας', 'NMVM-2387', 0.0, 22.9, 'km/h', 'Wind');
INSERT INTO MEASUREMENT (DateTime, SensorID, MeasValue) VALUES (TO_DATE('09/05/18 13:45', 'DD/MM/YY HH24:MI'), 28056, 5.6);
INSERT INTO SENSOR (SerialNumber, CityPlaced, SensorModel, MinimValue, MaximValue, Unit, SensorType) VALUES (600057, 'Πύργος Νεάπολη', 'NKZPN-475', -56.0, 76.9, '°C', 'Temperature');
INSERT INTO MEASUREMENT (DateTime, SensorID, MeasValue) VALUES (TO_DATE('09/05/18 13:48', 'DD/MM/YY HH24:MI'), 600057, 23.4);
INSERT INTO SENSOR (SerialNumber, CityPlaced, SensorModel, MinimValue, MaximValue, Unit, SensorType) VALUES (324750, 'Πύργος Νεάπολη', 'SWOIA-8023', 0, 100, '%', 'Humidity');
INSERT INTO MEASUREMENT (DateTime, SensorID, MeasValue) VALUES (TO_DATE('09/05/18 13:48', 'DD/MM/YY HH24:MI'), 324750, 69);
INSERT INTO SENSOR (SerialNumber, CityPlaced, SensorModel, MinimValue, MaximValue, Unit, SensorType) VALUES (67697, 'Πύργος Νεάπολη', 'MNQN-185', 717.0, 1071.9, 'hPa', 'Pressure');
INSERT INTO MEASUREMENT (DateTime, SensorID, MeasValue) VALUES (TO_DATE('09/05/18 13:48', 'DD/MM/YY HH24:MI'), 67697, 1006.5);
INSERT INTO SENSOR (SerialNumber, CityPlaced, SensorModel, MinimValue, MaximValue, Unit, SensorType) VALUES (32028, 'Πύργος Νεάπολη', 'IHOP-4338', 0.0, 23.9, 'km/h', 'Wind');
INSERT INTO MEASUREMENT (DateTime, SensorID, MeasValue) VALUES (TO_DATE('09/05/18 13:48', 'DD/MM/YY HH24:MI'), 32028, 6.2);
INSERT INTO SENSOR (SerialNumber, CityPlaced, SensorModel, MinimValue, MaximValue, Unit, SensorType) VALUES (152541, 'Πύργος', 'EXZNH-930', -57.0, 77.9, '°C', 'Temperature');
INSERT INTO MEASUREMENT (DateTime, SensorID, MeasValue) VALUES (TO_DATE('09/05/18 13:46', 'DD/MM/YY HH24:MI'), 152541, 22.8);
INSERT INTO SENSOR (SerialNumber, CityPlaced, SensorModel, MinimValue, MaximValue, Unit, SensorType) VALUES (941250, 'Πύργος', 'QPVGF-1779', 0, 100, '%', 'Humidity');
INSERT INTO MEASUREMENT (DateTime, SensorID, MeasValue) VALUES (TO_DATE('09/05/18 13:46', 'DD/MM/YY HH24:MI'), 941250, 71);
INSERT INTO SENSOR (SerialNumber, CityPlaced, SensorModel, MinimValue, MaximValue, Unit, SensorType) VALUES (15706, 'Πύργος', 'OYQL-935', 743.0, 1090.9, 'hPa', 'Pressure');
INSERT INTO MEASUREMENT (DateTime, SensorID, MeasValue) VALUES (TO_DATE('09/05/18 13:46', 'DD/MM/YY HH24:MI'), 15706, 1005.9);
INSERT INTO SENSOR (SerialNumber, CityPlaced, SensorModel, MinimValue, MaximValue, Unit, SensorType) VALUES (59834, 'Πύργος', 'XUUI-3687', 0.0, 24.9, 'km/h', 'Wind');
INSERT INTO MEASUREMENT (DateTime, SensorID, MeasValue) VALUES (TO_DATE('09/05/18 13:46', 'DD/MM/YY HH24:MI'), 59834, 7.8);
INSERT INTO SENSOR (SerialNumber, CityPlaced, SensorModel, MinimValue, MaximValue, Unit, SensorType) VALUES (396867, 'Δερβένι', 'ECVPE-025', -53.0, 79.9, '°C', 'Temperature');
INSERT INTO MEASUREMENT (DateTime, SensorID, MeasValue) VALUES (TO_DATE('09/05/18 13:15', 'DD/MM/YY HH24:MI'), 396867, 21.9);
INSERT INTO SENSOR (SerialNumber, CityPlaced, SensorModel, MinimValue, MaximValue, Unit, SensorType) VALUES (669693, 'Δερβένι', 'PKWBR-8790', 0, 100, '%', 'Humidity');
INSERT INTO MEASUREMENT (DateTime, SensorID, MeasValue) VALUES (TO_DATE('09/05/18 13:15', 'DD/MM/YY HH24:MI'), 669693, 69);
INSERT INTO SENSOR (SerialNumber, CityPlaced, SensorModel, MinimValue, MaximValue, Unit, SensorType) VALUES (78506, 'Δερβένι', 'UJTW-464', 719.0, 1083.9, 'hPa', 'Pressure');
INSERT INTO MEASUREMENT (DateTime, SensorID, MeasValue) VALUES (TO_DATE('09/05/18 13:15', 'DD/MM/YY HH24:MI'), 78506, 1004.7);
INSERT INTO SENSOR (SerialNumber, CityPlaced, SensorModel, MinimValue, MaximValue, Unit, SensorType) VALUES (80385, 'Δερβένι', 'DJES-7057', 0.0, 20.9, 'km/h', 'Wind');
INSERT INTO MEASUREMENT (DateTime, SensorID, MeasValue) VALUES (TO_DATE('09/05/18 13:15', 'DD/MM/YY HH24:MI'), 80385, 0.0);
INSERT INTO SENSOR (SerialNumber, CityPlaced, SensorModel, MinimValue, MaximValue, Unit, SensorType) VALUES (942078, 'Καίσαρι - Ζήρια', 'FKMRD-100', -54.0, 72.9, '°C', 'Temperature');
INSERT INTO MEASUREMENT (DateTime, SensorID, MeasValue) VALUES (TO_DATE('09/05/18 13:48', 'DD/MM/YY HH24:MI'), 942078, 21.5);
INSERT INTO SENSOR (SerialNumber, CityPlaced, SensorModel, MinimValue, MaximValue, Unit, SensorType) VALUES (739933, 'Καίσαρι - Ζήρια', 'OYPKS-9162', 0, 100, '%', 'Humidity');
INSERT INTO MEASUREMENT (DateTime, SensorID, MeasValue) VALUES (TO_DATE('09/05/18 13:48', 'DD/MM/YY HH24:MI'), 739933, 55);
INSERT INTO SENSOR (SerialNumber, CityPlaced, SensorModel, MinimValue, MaximValue, Unit, SensorType) VALUES (55674, 'Καίσαρι - Ζήρια', 'MQFL-434', 728.0, 1074.9, 'hPa', 'Pressure');
INSERT INTO MEASUREMENT (DateTime, SensorID, MeasValue) VALUES (TO_DATE('09/05/18 13:48', 'DD/MM/YY HH24:MI'), 55674, 1008.2);
INSERT INTO SENSOR (SerialNumber, CityPlaced, SensorModel, MinimValue, MaximValue, Unit, SensorType) VALUES (41200, 'Καίσαρι - Ζήρια', 'IBHL-2676', 0.0, 21.9, 'km/h', 'Wind');
INSERT INTO MEASUREMENT (DateTime, SensorID, MeasValue) VALUES (TO_DATE('09/05/18 13:48', 'DD/MM/YY HH24:MI'), 41200, 4.9);
INSERT INTO SENSOR (SerialNumber, CityPlaced, SensorModel, MinimValue, MaximValue, Unit, SensorType) VALUES (111485, 'Κόρινθος', 'QBGII-764', -55.0, 64.9, '°C', 'Temperature');
INSERT INTO MEASUREMENT (DateTime, SensorID, MeasValue) VALUES (TO_DATE('09/05/18 13:47', 'DD/MM/YY HH24:MI'), 111485, 24.4);
INSERT INTO SENSOR (SerialNumber, CityPlaced, SensorModel, MinimValue, MaximValue, Unit, SensorType) VALUES (149730, 'Κόρινθος', 'WXQAS-5500', 0, 100, '%', 'Humidity');
INSERT INTO MEASUREMENT (DateTime, SensorID, MeasValue) VALUES (TO_DATE('09/05/18 13:47', 'DD/MM/YY HH24:MI'), 149730, 67);
INSERT INTO SENSOR (SerialNumber, CityPlaced, SensorModel, MinimValue, MaximValue, Unit, SensorType) VALUES (54117, 'Κόρινθος', 'MLEM-887', 714.0, 1066.9, 'hPa', 'Pressure');
INSERT INTO MEASUREMENT (DateTime, SensorID, MeasValue) VALUES (TO_DATE('09/05/18 13:47', 'DD/MM/YY HH24:MI'), 54117, 1002.1);
INSERT INTO SENSOR (SerialNumber, CityPlaced, SensorModel, MinimValue, MaximValue, Unit, SensorType) VALUES (36536, 'Κόρινθος', 'OZOU-4171', 0.0, 25.9, 'km/h', 'Wind');
INSERT INTO MEASUREMENT (DateTime, SensorID, MeasValue) VALUES (TO_DATE('09/05/18 13:47', 'DD/MM/YY HH24:MI'), 36536, 0.0);
INSERT INTO SENSOR (SerialNumber, CityPlaced, SensorModel, MinimValue, MaximValue, Unit, SensorType) VALUES (895122, 'Λαλιώτη', 'WEQEG-511', -59.0, 67.9, '°C', 'Temperature');
INSERT INTO MEASUREMENT (DateTime, SensorID, MeasValue) VALUES (TO_DATE('09/05/18 13:48', 'DD/MM/YY HH24:MI'), 895122, 20.5);
INSERT INTO SENSOR (SerialNumber, CityPlaced, SensorModel, MinimValue, MaximValue, Unit, SensorType) VALUES (776597, 'Λαλιώτη', 'PLBBI-1875', 0, 100, '%', 'Humidity');
INSERT INTO MEASUREMENT (DateTime, SensorID, MeasValue) VALUES (TO_DATE('09/05/18 13:48', 'DD/MM/YY HH24:MI'), 776597, 67);
INSERT INTO SENSOR (SerialNumber, CityPlaced, SensorModel, MinimValue, MaximValue, Unit, SensorType) VALUES (67744, 'Λαλιώτη', 'IGZJ-175', 718.0, 1066.9, 'hPa', 'Pressure');
INSERT INTO MEASUREMENT (DateTime, SensorID, MeasValue) VALUES (TO_DATE('09/05/18 13:48', 'DD/MM/YY HH24:MI'), 67744, 1005.0);
INSERT INTO SENSOR (SerialNumber, CityPlaced, SensorModel, MinimValue, MaximValue, Unit, SensorType) VALUES (55465, 'Λαλιώτη', 'KUMH-9274', 0.0, 23.9, 'km/h', 'Wind');
INSERT INTO MEASUREMENT (DateTime, SensorID, MeasValue) VALUES (TO_DATE('09/05/18 13:48', 'DD/MM/YY HH24:MI'), 55465, 2.5);
INSERT INTO SENSOR (SerialNumber, CityPlaced, SensorModel, MinimValue, MaximValue, Unit, SensorType) VALUES (823900, 'Γεράκι', 'ZUEFS-709', -54.0, 71.9, '°C', 'Temperature');
INSERT INTO MEASUREMENT (DateTime, SensorID, MeasValue) VALUES (TO_DATE('09/05/18 13:19', 'DD/MM/YY HH24:MI'), 823900, 23.3);
INSERT INTO SENSOR (SerialNumber, CityPlaced, SensorModel, MinimValue, MaximValue, Unit, SensorType) VALUES (502539, 'Γεράκι', 'DWBGL-2715', 0, 100, '%', 'Humidity');
INSERT INTO MEASUREMENT (DateTime, SensorID, MeasValue) VALUES (TO_DATE('09/05/18 13:19', 'DD/MM/YY HH24:MI'), 502539, 55);
INSERT INTO SENSOR (SerialNumber, CityPlaced, SensorModel, MinimValue, MaximValue, Unit, SensorType) VALUES (31095, 'Γεράκι', 'NUFN-191', 723.0, 1093.9, 'hPa', 'Pressure');
INSERT INTO MEASUREMENT (DateTime, SensorID, MeasValue) VALUES (TO_DATE('09/05/18 13:19', 'DD/MM/YY HH24:MI'), 31095, 1007.7);
INSERT INTO SENSOR (SerialNumber, CityPlaced, SensorModel, MinimValue, MaximValue, Unit, SensorType) VALUES (29113, 'Γεράκι', 'YGFT-9338', 0.0, 23.9, 'km/h', 'Wind');
INSERT INTO MEASUREMENT (DateTime, SensorID, MeasValue) VALUES (TO_DATE('09/05/18 13:19', 'DD/MM/YY HH24:MI'), 29113, 9.9);
INSERT INTO SENSOR (SerialNumber, CityPlaced, SensorModel, MinimValue, MaximValue, Unit, SensorType) VALUES (409003, 'Βελανιδιά Κρεμμύδια', 'HHYHR-597', -57.0, 75.9, '°C', 'Temperature');
INSERT INTO MEASUREMENT (DateTime, SensorID, MeasValue) VALUES (TO_DATE('09/05/18 13:44', 'DD/MM/YY HH24:MI'), 409003, 22.2);
INSERT INTO SENSOR (SerialNumber, CityPlaced, SensorModel, MinimValue, MaximValue, Unit, SensorType) VALUES (991056, 'Βελανιδιά Κρεμμύδια', 'NFKSE-5557', 0, 100, '%', 'Humidity');
INSERT INTO MEASUREMENT (DateTime, SensorID, MeasValue) VALUES (TO_DATE('09/05/18 13:44', 'DD/MM/YY HH24:MI'), 991056, 68);
INSERT INTO SENSOR (SerialNumber, CityPlaced, SensorModel, MinimValue, MaximValue, Unit, SensorType) VALUES (17004, 'Βελανιδιά Κρεμμύδια', 'WVQX-378', 721.0, 1064.9, 'hPa', 'Pressure');
INSERT INTO MEASUREMENT (DateTime, SensorID, MeasValue) VALUES (TO_DATE('09/05/18 13:44', 'DD/MM/YY HH24:MI'), 17004, 1004.1);
INSERT INTO SENSOR (SerialNumber, CityPlaced, SensorModel, MinimValue, MaximValue, Unit, SensorType) VALUES (13931, 'Βελανιδιά Κρεμμύδια', 'RUMT-8636', 0.0, 23.9, 'km/h', 'Wind');
INSERT INTO MEASUREMENT (DateTime, SensorID, MeasValue) VALUES (TO_DATE('09/05/18 13:44', 'DD/MM/YY HH24:MI'), 13931, 2.9);
INSERT INTO SENSOR (SerialNumber, CityPlaced, SensorModel, MinimValue, MaximValue, Unit, SensorType) VALUES (111447, 'Καλαμάτα Κέντρο', 'OQICC-288', -55.0, 62.9, '°C', 'Temperature');
INSERT INTO MEASUREMENT (DateTime, SensorID, MeasValue) VALUES (TO_DATE('09/05/18 13:41', 'DD/MM/YY HH24:MI'), 111447, 22.4);
INSERT INTO SENSOR (SerialNumber, CityPlaced, SensorModel, MinimValue, MaximValue, Unit, SensorType) VALUES (569091, 'Καλαμάτα Κέντρο', 'KEODB-7900', 0, 100, '%', 'Humidity');
INSERT INTO MEASUREMENT (DateTime, SensorID, MeasValue) VALUES (TO_DATE('09/05/18 13:41', 'DD/MM/YY HH24:MI'), 569091, 66);
INSERT INTO SENSOR (SerialNumber, CityPlaced, SensorModel, MinimValue, MaximValue, Unit, SensorType) VALUES (12004, 'Καλαμάτα Κέντρο', 'FEHS-508', 740.0, 1091.9, 'hPa', 'Pressure');
INSERT INTO MEASUREMENT (DateTime, SensorID, MeasValue) VALUES (TO_DATE('09/05/18 13:41', 'DD/MM/YY HH24:MI'), 12004, 1005.3);
INSERT INTO SENSOR (SerialNumber, CityPlaced, SensorModel, MinimValue, MaximValue, Unit, SensorType) VALUES (15780, 'Καλαμάτα Κέντρο', 'JSLM-0784', 0.0, 20.9, 'km/h', 'Wind');
INSERT INTO MEASUREMENT (DateTime, SensorID, MeasValue) VALUES (TO_DATE('09/05/18 13:41', 'DD/MM/YY HH24:MI'), 15780, 6.2);
INSERT INTO SENSOR (SerialNumber, CityPlaced, SensorModel, MinimValue, MaximValue, Unit, SensorType) VALUES (582794, 'Κορομηλιά', 'WLGVN-668', -55.0, 73.9, '°C', 'Temperature');
INSERT INTO MEASUREMENT (DateTime, SensorID, MeasValue) VALUES (TO_DATE('09/05/18 13:45', 'DD/MM/YY HH24:MI'), 582794, 21.2);
INSERT INTO SENSOR (SerialNumber, CityPlaced, SensorModel, MinimValue, MaximValue, Unit, SensorType) VALUES (348280, 'Κορομηλιά', 'TLZLH-5422', 0, 100, '%', 'Humidity');
INSERT INTO MEASUREMENT (DateTime, SensorID, MeasValue) VALUES (TO_DATE('09/05/18 13:45', 'DD/MM/YY HH24:MI'), 348280, 69);
INSERT INTO SENSOR (SerialNumber, CityPlaced, SensorModel, MinimValue, MaximValue, Unit, SensorType) VALUES (96460, 'Κορομηλιά', 'KJNN-211', 738.0, 1059.9, 'hPa', 'Pressure');
INSERT INTO MEASUREMENT (DateTime, SensorID, MeasValue) VALUES (TO_DATE('09/05/18 13:45', 'DD/MM/YY HH24:MI'), 96460, 1007.1);
INSERT INTO SENSOR (SerialNumber, CityPlaced, SensorModel, MinimValue, MaximValue, Unit, SensorType) VALUES (13329, 'Κορομηλιά', 'KQFX-5955', 0.0, 21.9, 'km/h', 'Wind');
INSERT INTO MEASUREMENT (DateTime, SensorID, MeasValue) VALUES (TO_DATE('09/05/18 13:45', 'DD/MM/YY HH24:MI'), 13329, 7.0);
INSERT INTO SENSOR (SerialNumber, CityPlaced, SensorModel, MinimValue, MaximValue, Unit, SensorType) VALUES (914484, 'Μάνεσης', 'TQLHY-904', -57.0, 64.9, '°C', 'Temperature');
INSERT INTO MEASUREMENT (DateTime, SensorID, MeasValue) VALUES (TO_DATE('09/05/18 13:40', 'DD/MM/YY HH24:MI'), 914484, 22.6);
INSERT INTO SENSOR (SerialNumber, CityPlaced, SensorModel, MinimValue, MaximValue, Unit, SensorType) VALUES (923896, 'Μάνεσης', 'DRSYV-5797', 0, 100, '%', 'Humidity');
INSERT INTO MEASUREMENT (DateTime, SensorID, MeasValue) VALUES (TO_DATE('09/05/18 13:40', 'DD/MM/YY HH24:MI'), 923896, 69);
INSERT INTO SENSOR (SerialNumber, CityPlaced, SensorModel, MinimValue, MaximValue, Unit, SensorType) VALUES (30272, 'Μάνεσης', 'CZFC-105', 706.0, 1056.9, 'hPa', 'Pressure');
INSERT INTO MEASUREMENT (DateTime, SensorID, MeasValue) VALUES (TO_DATE('09/05/18 13:40', 'DD/MM/YY HH24:MI'), 30272, 1006.7);
INSERT INTO SENSOR (SerialNumber, CityPlaced, SensorModel, MinimValue, MaximValue, Unit, SensorType) VALUES (55594, 'Μάνεσης', 'UMQL-2611', 0.0, 24.9, 'km/h', 'Wind');
INSERT INTO MEASUREMENT (DateTime, SensorID, MeasValue) VALUES (TO_DATE('09/05/18 13:40', 'DD/MM/YY HH24:MI'), 55594, 5.1);
INSERT INTO SENSOR (SerialNumber, CityPlaced, SensorModel, MinimValue, MaximValue, Unit, SensorType) VALUES (312432, 'Νέδουσα Ταϋγέτου', 'XQRCP-804', -56.0, 67.9, '°C', 'Temperature');
INSERT INTO MEASUREMENT (DateTime, SensorID, MeasValue) VALUES (TO_DATE('09/05/18 13:44', 'DD/MM/YY HH24:MI'), 312432, 20.4);
INSERT INTO SENSOR (SerialNumber, CityPlaced, SensorModel, MinimValue, MaximValue, Unit, SensorType) VALUES (212794, 'Νέδουσα Ταϋγέτου', 'YOHLV-8065', 0, 100, '%', 'Humidity');
INSERT INTO MEASUREMENT (DateTime, SensorID, MeasValue) VALUES (TO_DATE('09/05/18 13:44', 'DD/MM/YY HH24:MI'), 212794, 59);
INSERT INTO SENSOR (SerialNumber, CityPlaced, SensorModel, MinimValue, MaximValue, Unit, SensorType) VALUES (22006, 'Νέδουσα Ταϋγέτου', 'OUHK-641', 711.0, 1059.9, 'hPa', 'Pressure');
INSERT INTO MEASUREMENT (DateTime, SensorID, MeasValue) VALUES (TO_DATE('09/05/18 13:44', 'DD/MM/YY HH24:MI'), 22006, 1007.2);
INSERT INTO SENSOR (SerialNumber, CityPlaced, SensorModel, MinimValue, MaximValue, Unit, SensorType) VALUES (96629, 'Νέδουσα Ταϋγέτου', 'LUGZ-5174', 0.0, 22.9, 'km/h', 'Wind');
INSERT INTO MEASUREMENT (DateTime, SensorID, MeasValue) VALUES (TO_DATE('09/05/18 13:44', 'DD/MM/YY HH24:MI'), 96629, 3.2);
INSERT INTO SENSOR (SerialNumber, CityPlaced, SensorModel, MinimValue, MaximValue, Unit, SensorType) VALUES (340759, 'Φοινικούντα', 'LDPMH-924', -50.0, 68.9, '°C', 'Temperature');
INSERT INTO MEASUREMENT (DateTime, SensorID, MeasValue) VALUES (TO_DATE('09/05/18 13:48', 'DD/MM/YY HH24:MI'), 340759, 21.8);
INSERT INTO SENSOR (SerialNumber, CityPlaced, SensorModel, MinimValue, MaximValue, Unit, SensorType) VALUES (360109, 'Φοινικούντα', 'URSXZ-4318', 0, 100, '%', 'Humidity');
INSERT INTO MEASUREMENT (DateTime, SensorID, MeasValue) VALUES (TO_DATE('09/05/18 13:48', 'DD/MM/YY HH24:MI'), 360109, 76);
INSERT INTO SENSOR (SerialNumber, CityPlaced, SensorModel, MinimValue, MaximValue, Unit, SensorType) VALUES (77967, 'Φοινικούντα', 'AIZE-065', 700.0, 1053.9, 'hPa', 'Pressure');
INSERT INTO MEASUREMENT (DateTime, SensorID, MeasValue) VALUES (TO_DATE('09/05/18 13:48', 'DD/MM/YY HH24:MI'), 77967, 1007.5);
INSERT INTO SENSOR (SerialNumber, CityPlaced, SensorModel, MinimValue, MaximValue, Unit, SensorType) VALUES (44763, 'Φοινικούντα', 'QOGB-2433', 0.0, 20.9, 'km/h', 'Wind');
INSERT INTO MEASUREMENT (DateTime, SensorID, MeasValue) VALUES (TO_DATE('09/05/18 13:48', 'DD/MM/YY HH24:MI'), 44763, 8.8);
INSERT INTO SENSOR (SerialNumber, CityPlaced, SensorModel, MinimValue, MaximValue, Unit, SensorType) VALUES (534402, 'Αμφιλοχία', 'NPLXC-010', -57.0, 74.9, '°C', 'Temperature');
INSERT INTO MEASUREMENT (DateTime, SensorID, MeasValue) VALUES (TO_DATE('09/05/18 13:44', 'DD/MM/YY HH24:MI'), 534402, 24.2);
INSERT INTO SENSOR (SerialNumber, CityPlaced, SensorModel, MinimValue, MaximValue, Unit, SensorType) VALUES (684398, 'Αμφιλοχία', 'GVCHL-6404', 0, 100, '%', 'Humidity');
INSERT INTO MEASUREMENT (DateTime, SensorID, MeasValue) VALUES (TO_DATE('09/05/18 13:44', 'DD/MM/YY HH24:MI'), 684398, 73);
INSERT INTO SENSOR (SerialNumber, CityPlaced, SensorModel, MinimValue, MaximValue, Unit, SensorType) VALUES (23113, 'Αμφιλοχία', 'ELQB-846', 738.0, 1059.9, 'hPa', 'Pressure');
INSERT INTO MEASUREMENT (DateTime, SensorID, MeasValue) VALUES (TO_DATE('09/05/18 13:44', 'DD/MM/YY HH24:MI'), 23113, 1005.8);
INSERT INTO SENSOR (SerialNumber, CityPlaced, SensorModel, MinimValue, MaximValue, Unit, SensorType) VALUES (86911, 'Αμφιλοχία', 'ORYA-5213', 0.0, 21.9, 'km/h', 'Wind');
INSERT INTO MEASUREMENT (DateTime, SensorID, MeasValue) VALUES (TO_DATE('09/05/18 13:44', 'DD/MM/YY HH24:MI'), 86911, 10.7);
INSERT INTO SENSOR (SerialNumber, CityPlaced, SensorModel, MinimValue, MaximValue, Unit, SensorType) VALUES (573807, 'Ναύπακτος', 'LRXUV-770', -50.0, 61.9, '°C', 'Temperature');
INSERT INTO MEASUREMENT (DateTime, SensorID, MeasValue) VALUES (TO_DATE('09/05/18 13:39', 'DD/MM/YY HH24:MI'), 573807, 24.8);
INSERT INTO SENSOR (SerialNumber, CityPlaced, SensorModel, MinimValue, MaximValue, Unit, SensorType) VALUES (854940, 'Ναύπακτος', 'GAPDL-0305', 0, 100, '%', 'Humidity');
INSERT INTO MEASUREMENT (DateTime, SensorID, MeasValue) VALUES (TO_DATE('09/05/18 13:39', 'DD/MM/YY HH24:MI'), 854940, 55);
INSERT INTO SENSOR (SerialNumber, CityPlaced, SensorModel, MinimValue, MaximValue, Unit, SensorType) VALUES (57247, 'Ναύπακτος', 'BLBS-723', 709.0, 1055.9, 'hPa', 'Pressure');
INSERT INTO MEASUREMENT (DateTime, SensorID, MeasValue) VALUES (TO_DATE('09/05/18 13:39', 'DD/MM/YY HH24:MI'), 57247, 1005.2);
INSERT INTO SENSOR (SerialNumber, CityPlaced, SensorModel, MinimValue, MaximValue, Unit, SensorType) VALUES (13836, 'Ναύπακτος', 'VPUL-7041', 0.0, 24.9, 'km/h', 'Wind');
INSERT INTO MEASUREMENT (DateTime, SensorID, MeasValue) VALUES (TO_DATE('09/05/18 13:39', 'DD/MM/YY HH24:MI'), 13836, 19.1);
INSERT INTO SENSOR (SerialNumber, CityPlaced, SensorModel, MinimValue, MaximValue, Unit, SensorType) VALUES (587591, 'Παναιτώλιο', 'PKYIC-187', -57.0, 73.9, '°C', 'Temperature');
INSERT INTO MEASUREMENT (DateTime, SensorID, MeasValue) VALUES (TO_DATE('09/05/18 13:45', 'DD/MM/YY HH24:MI'), 587591, 23.7);
INSERT INTO SENSOR (SerialNumber, CityPlaced, SensorModel, MinimValue, MaximValue, Unit, SensorType) VALUES (622295, 'Παναιτώλιο', 'YEXYN-9616', 0, 100, '%', 'Humidity');
INSERT INTO MEASUREMENT (DateTime, SensorID, MeasValue) VALUES (TO_DATE('09/05/18 13:45', 'DD/MM/YY HH24:MI'), 622295, 64);
INSERT INTO SENSOR (SerialNumber, CityPlaced, SensorModel, MinimValue, MaximValue, Unit, SensorType) VALUES (64932, 'Παναιτώλιο', 'CCUS-923', 729.0, 1050.9, 'hPa', 'Pressure');
INSERT INTO MEASUREMENT (DateTime, SensorID, MeasValue) VALUES (TO_DATE('09/05/18 13:45', 'DD/MM/YY HH24:MI'), 64932, 1004.4);
INSERT INTO SENSOR (SerialNumber, CityPlaced, SensorModel, MinimValue, MaximValue, Unit, SensorType) VALUES (72566, 'Παναιτώλιο', 'WBCZ-2931', 0.0, 22.9, 'km/h', 'Wind');
INSERT INTO MEASUREMENT (DateTime, SensorID, MeasValue) VALUES (TO_DATE('09/05/18 13:45', 'DD/MM/YY HH24:MI'), 72566, 9.4);
INSERT INTO SENSOR (SerialNumber, CityPlaced, SensorModel, MinimValue, MaximValue, Unit, SensorType) VALUES (626525, 'Άγιος Δημήτριος', 'YBRJC-794', -59.0, 71.9, '°C', 'Temperature');
INSERT INTO MEASUREMENT (DateTime, SensorID, MeasValue) VALUES (TO_DATE('09/05/18 13:48', 'DD/MM/YY HH24:MI'), 626525, 24.9);
INSERT INTO SENSOR (SerialNumber, CityPlaced, SensorModel, MinimValue, MaximValue, Unit, SensorType) VALUES (123168, 'Άγιος Δημήτριος', 'SNYAP-1373', 0, 100, '%', 'Humidity');
INSERT INTO MEASUREMENT (DateTime, SensorID, MeasValue) VALUES (TO_DATE('09/05/18 13:48', 'DD/MM/YY HH24:MI'), 123168, 59);
INSERT INTO SENSOR (SerialNumber, CityPlaced, SensorModel, MinimValue, MaximValue, Unit, SensorType) VALUES (51164, 'Άγιος Δημήτριος', 'RGTV-803', 737.0, 1057.9, 'hPa', 'Pressure');
INSERT INTO MEASUREMENT (DateTime, SensorID, MeasValue) VALUES (TO_DATE('09/05/18 13:48', 'DD/MM/YY HH24:MI'), 51164, 1005.9);
INSERT INTO SENSOR (SerialNumber, CityPlaced, SensorModel, MinimValue, MaximValue, Unit, SensorType) VALUES (74004, 'Άγιος Δημήτριος', 'LRAQ-0873', 0.0, 21.9, 'km/h', 'Wind');
INSERT INTO MEASUREMENT (DateTime, SensorID, MeasValue) VALUES (TO_DATE('09/05/18 13:48', 'DD/MM/YY HH24:MI'), 74004, 14.4);
INSERT INTO SENSOR (SerialNumber, CityPlaced, SensorModel, MinimValue, MaximValue, Unit, SensorType) VALUES (366059, 'Άνω Μελίσσια', 'YAYPQ-681', -51.0, 66.9, '°C', 'Temperature');
INSERT INTO MEASUREMENT (DateTime, SensorID, MeasValue) VALUES (TO_DATE('09/05/18 13:48', 'DD/MM/YY HH24:MI'), 366059, 23.2);
INSERT INTO SENSOR (SerialNumber, CityPlaced, SensorModel, MinimValue, MaximValue, Unit, SensorType) VALUES (893851, 'Άνω Μελίσσια', 'AFINY-3851', 0, 100, '%', 'Humidity');
INSERT INTO MEASUREMENT (DateTime, SensorID, MeasValue) VALUES (TO_DATE('09/05/18 13:48', 'DD/MM/YY HH24:MI'), 893851, 51);
INSERT INTO SENSOR (SerialNumber, CityPlaced, SensorModel, MinimValue, MaximValue, Unit, SensorType) VALUES (25775, 'Άνω Μελίσσια', 'EKFE-752', 701.0, 1084.9, 'hPa', 'Pressure');
INSERT INTO MEASUREMENT (DateTime, SensorID, MeasValue) VALUES (TO_DATE('09/05/18 13:48', 'DD/MM/YY HH24:MI'), 25775, 1005.5);
INSERT INTO SENSOR (SerialNumber, CityPlaced, SensorModel, MinimValue, MaximValue, Unit, SensorType) VALUES (58718, 'Άνω Μελίσσια', 'CSUJ-4074', 0.0, 25.9, 'km/h', 'Wind');
INSERT INTO MEASUREMENT (DateTime, SensorID, MeasValue) VALUES (TO_DATE('09/05/18 13:48', 'DD/MM/YY HH24:MI'), 58718, 6.7);
INSERT INTO SENSOR (SerialNumber, CityPlaced, SensorModel, MinimValue, MaximValue, Unit, SensorType) VALUES (407988, 'Ύδρα', 'MTDHO-415', -51.0, 68.9, '°C', 'Temperature');
INSERT INTO MEASUREMENT (DateTime, SensorID, MeasValue) VALUES (TO_DATE('09/05/18 13:47', 'DD/MM/YY HH24:MI'), 407988, 24.4);
INSERT INTO SENSOR (SerialNumber, CityPlaced, SensorModel, MinimValue, MaximValue, Unit, SensorType) VALUES (205138, 'Ύδρα', 'TJUSS-3801', 0, 100, '%', 'Humidity');
INSERT INTO MEASUREMENT (DateTime, SensorID, MeasValue) VALUES (TO_DATE('09/05/18 13:47', 'DD/MM/YY HH24:MI'), 205138, 65);
INSERT INTO SENSOR (SerialNumber, CityPlaced, SensorModel, MinimValue, MaximValue, Unit, SensorType) VALUES (89900, 'Ύδρα', 'BJWP-737', 740.0, 1052.9, 'hPa', 'Pressure');
INSERT INTO MEASUREMENT (DateTime, SensorID, MeasValue) VALUES (TO_DATE('09/05/18 13:47', 'DD/MM/YY HH24:MI'), 89900, 1005.6);
INSERT INTO SENSOR (SerialNumber, CityPlaced, SensorModel, MinimValue, MaximValue, Unit, SensorType) VALUES (64984, 'Ύδρα', 'SKOX-2820', 0.0, 22.9, 'km/h', 'Wind');
INSERT INTO MEASUREMENT (DateTime, SensorID, MeasValue) VALUES (TO_DATE('09/05/18 13:47', 'DD/MM/YY HH24:MI'), 64984, 1.9);
INSERT INTO SENSOR (SerialNumber, CityPlaced, SensorModel, MinimValue, MaximValue, Unit, SensorType) VALUES (277178, 'Αγία Παρασκευή', 'LRIMI-510', -52.0, 70.9, '°C', 'Temperature');
INSERT INTO MEASUREMENT (DateTime, SensorID, MeasValue) VALUES (TO_DATE('09/05/18 13:45', 'DD/MM/YY HH24:MI'), 277178, 23.8);
INSERT INTO SENSOR (SerialNumber, CityPlaced, SensorModel, MinimValue, MaximValue, Unit, SensorType) VALUES (134348, 'Αγία Παρασκευή', 'CXHES-3229', 0, 100, '%', 'Humidity');
INSERT INTO MEASUREMENT (DateTime, SensorID, MeasValue) VALUES (TO_DATE('09/05/18 13:45', 'DD/MM/YY HH24:MI'), 134348, 62);
INSERT INTO SENSOR (SerialNumber, CityPlaced, SensorModel, MinimValue, MaximValue, Unit, SensorType) VALUES (31046, 'Αγία Παρασκευή', 'XEWS-900', 749.0, 1083.9, 'hPa', 'Pressure');
INSERT INTO MEASUREMENT (DateTime, SensorID, MeasValue) VALUES (TO_DATE('09/05/18 13:45', 'DD/MM/YY HH24:MI'), 31046, 1004.4);
INSERT INTO SENSOR (SerialNumber, CityPlaced, SensorModel, MinimValue, MaximValue, Unit, SensorType) VALUES (66289, 'Αγία Παρασκευή', 'YSYH-2064', 0.0, 22.9, 'km/h', 'Wind');
INSERT INTO MEASUREMENT (DateTime, SensorID, MeasValue) VALUES (TO_DATE('09/05/18 13:45', 'DD/MM/YY HH24:MI'), 66289, 10.7);
INSERT INTO SENSOR (SerialNumber, CityPlaced, SensorModel, MinimValue, MaximValue, Unit, SensorType) VALUES (607023, 'Αγιος Στέφανος 2', 'WTWMO-031', -55.0, 64.9, '°C', 'Temperature');
INSERT INTO MEASUREMENT (DateTime, SensorID, MeasValue) VALUES (TO_DATE('09/05/18 13:48', 'DD/MM/YY HH24:MI'), 607023, 25.9);
INSERT INTO SENSOR (SerialNumber, CityPlaced, SensorModel, MinimValue, MaximValue, Unit, SensorType) VALUES (902790, 'Αγιος Στέφανος 2', 'EKOQI-2711', 0, 100, '%', 'Humidity');
INSERT INTO MEASUREMENT (DateTime, SensorID, MeasValue) VALUES (TO_DATE('09/05/18 13:48', 'DD/MM/YY HH24:MI'), 902790, 49);
INSERT INTO SENSOR (SerialNumber, CityPlaced, SensorModel, MinimValue, MaximValue, Unit, SensorType) VALUES (65668, 'Αγιος Στέφανος 2', 'OKMQ-990', 745.0, 1071.9, 'hPa', 'Pressure');
INSERT INTO MEASUREMENT (DateTime, SensorID, MeasValue) VALUES (TO_DATE('09/05/18 13:48', 'DD/MM/YY HH24:MI'), 65668, 1007.1);
INSERT INTO SENSOR (SerialNumber, CityPlaced, SensorModel, MinimValue, MaximValue, Unit, SensorType) VALUES (27523, 'Αγιος Στέφανος 2', 'KNOQ-2774', 0.0, 21.9, 'km/h', 'Wind');
INSERT INTO MEASUREMENT (DateTime, SensorID, MeasValue) VALUES (TO_DATE('09/05/18 13:48', 'DD/MM/YY HH24:MI'), 27523, 0.0);
INSERT INTO SENSOR (SerialNumber, CityPlaced, SensorModel, MinimValue, MaximValue, Unit, SensorType) VALUES (369801, 'Αθήνα Άνω Κυψέλη', 'XPTMP-383', -57.0, 74.9, '°C', 'Temperature');
INSERT INTO MEASUREMENT (DateTime, SensorID, MeasValue) VALUES (TO_DATE('09/05/18 13:45', 'DD/MM/YY HH24:MI'), 369801, 27.4);
INSERT INTO SENSOR (SerialNumber, CityPlaced, SensorModel, MinimValue, MaximValue, Unit, SensorType) VALUES (574169, 'Αθήνα Άνω Κυψέλη', 'FHZHG-0969', 0, 100, '%', 'Humidity');
INSERT INTO MEASUREMENT (DateTime, SensorID, MeasValue) VALUES (TO_DATE('09/05/18 13:45', 'DD/MM/YY HH24:MI'), 574169, 45);
INSERT INTO SENSOR (SerialNumber, CityPlaced, SensorModel, MinimValue, MaximValue, Unit, SensorType) VALUES (19150, 'Αθήνα Άνω Κυψέλη', 'BHOQ-340', 733.0, 1060.9, 'hPa', 'Pressure');
INSERT INTO MEASUREMENT (DateTime, SensorID, MeasValue) VALUES (TO_DATE('09/05/18 13:45', 'DD/MM/YY HH24:MI'), 19150, 1005.0);
INSERT INTO SENSOR (SerialNumber, CityPlaced, SensorModel, MinimValue, MaximValue, Unit, SensorType) VALUES (10174, 'Αθήνα Άνω Κυψέλη', 'EOPI-5849', 0.0, 25.9, 'km/h', 'Wind');
INSERT INTO MEASUREMENT (DateTime, SensorID, MeasValue) VALUES (TO_DATE('09/05/18 13:45', 'DD/MM/YY HH24:MI'), 10174, 0.0);
INSERT INTO SENSOR (SerialNumber, CityPlaced, SensorModel, MinimValue, MaximValue, Unit, SensorType) VALUES (431422, 'Αθήνα Χαροκόπειο Πανεπιστήμιο', 'MAYXT-290', -52.0, 74.9, '°C', 'Temperature');
INSERT INTO MEASUREMENT (DateTime, SensorID, MeasValue) VALUES (TO_DATE('09/05/18 13:42', 'DD/MM/YY HH24:MI'), 431422, 25.7);
INSERT INTO SENSOR (SerialNumber, CityPlaced, SensorModel, MinimValue, MaximValue, Unit, SensorType) VALUES (100066, 'Αθήνα Χαροκόπειο Πανεπιστήμιο', 'SCFAY-8043', 0, 100, '%', 'Humidity');
INSERT INTO MEASUREMENT (DateTime, SensorID, MeasValue) VALUES (TO_DATE('09/05/18 13:42', 'DD/MM/YY HH24:MI'), 100066, 51);
INSERT INTO SENSOR (SerialNumber, CityPlaced, SensorModel, MinimValue, MaximValue, Unit, SensorType) VALUES (33686, 'Αθήνα Χαροκόπειο Πανεπιστήμιο', 'DYKZ-544', 738.0, 1058.9, 'hPa', 'Pressure');
INSERT INTO MEASUREMENT (DateTime, SensorID, MeasValue) VALUES (TO_DATE('09/05/18 13:42', 'DD/MM/YY HH24:MI'), 33686, 1005.6);
INSERT INTO SENSOR (SerialNumber, CityPlaced, SensorModel, MinimValue, MaximValue, Unit, SensorType) VALUES (86508, 'Αθήνα Χαροκόπειο Πανεπιστήμιο', 'XAGG-9806', 0.0, 22.9, 'km/h', 'Wind');
INSERT INTO MEASUREMENT (DateTime, SensorID, MeasValue) VALUES (TO_DATE('09/05/18 13:42', 'DD/MM/YY HH24:MI'), 86508, 3.2);
INSERT INTO SENSOR (SerialNumber, CityPlaced, SensorModel, MinimValue, MaximValue, Unit, SensorType) VALUES (202973, 'Αιγάλεω 2', 'RZAVN-408', -60.0, 66.9, '°C', 'Temperature');
INSERT INTO MEASUREMENT (DateTime, SensorID, MeasValue) VALUES (TO_DATE('09/05/18 13:35', 'DD/MM/YY HH24:MI'), 202973, 25.1);
INSERT INTO SENSOR (SerialNumber, CityPlaced, SensorModel, MinimValue, MaximValue, Unit, SensorType) VALUES (463445, 'Αιγάλεω 2', 'QVZLP-0494', 0, 100, '%', 'Humidity');
INSERT INTO MEASUREMENT (DateTime, SensorID, MeasValue) VALUES (TO_DATE('09/05/18 13:35', 'DD/MM/YY HH24:MI'), 463445, 52);
INSERT INTO SENSOR (SerialNumber, CityPlaced, SensorModel, MinimValue, MaximValue, Unit, SensorType) VALUES (85201, 'Αιγάλεω 2', 'DXLH-275', 739.0, 1061.9, 'hPa', 'Pressure');
INSERT INTO MEASUREMENT (DateTime, SensorID, MeasValue) VALUES (TO_DATE('09/05/18 13:35', 'DD/MM/YY HH24:MI'), 85201, 1006.6);
INSERT INTO SENSOR (SerialNumber, CityPlaced, SensorModel, MinimValue, MaximValue, Unit, SensorType) VALUES (51132, 'Αιγάλεω 2', 'JYWF-5275', 0.0, 23.9, 'km/h', 'Wind');
INSERT INTO MEASUREMENT (DateTime, SensorID, MeasValue) VALUES (TO_DATE('09/05/18 13:35', 'DD/MM/YY HH24:MI'), 51132, 9.9);
INSERT INTO SENSOR (SerialNumber, CityPlaced, SensorModel, MinimValue, MaximValue, Unit, SensorType) VALUES (997459, 'Αιγάλεω', 'PDOXJ-198', -58.0, 74.9, '°C', 'Temperature');
INSERT INTO MEASUREMENT (DateTime, SensorID, MeasValue) VALUES (TO_DATE('09/05/18 13:43', 'DD/MM/YY HH24:MI'), 997459, 25.1);
INSERT INTO SENSOR (SerialNumber, CityPlaced, SensorModel, MinimValue, MaximValue, Unit, SensorType) VALUES (103306, 'Αιγάλεω', 'PXBKV-1386', 0, 100, '%', 'Humidity');
INSERT INTO MEASUREMENT (DateTime, SensorID, MeasValue) VALUES (TO_DATE('09/05/18 13:43', 'DD/MM/YY HH24:MI'), 103306, 54);
INSERT INTO SENSOR (SerialNumber, CityPlaced, SensorModel, MinimValue, MaximValue, Unit, SensorType) VALUES (78895, 'Αιγάλεω', 'PDQH-348', 744.0, 1051.9, 'hPa', 'Pressure');
INSERT INTO MEASUREMENT (DateTime, SensorID, MeasValue) VALUES (TO_DATE('09/05/18 13:43', 'DD/MM/YY HH24:MI'), 78895, 1006.8);
INSERT INTO SENSOR (SerialNumber, CityPlaced, SensorModel, MinimValue, MaximValue, Unit, SensorType) VALUES (81768, 'Αιγάλεω', 'JXSM-5663', 0.0, 20.9, 'km/h', 'Wind');
INSERT INTO MEASUREMENT (DateTime, SensorID, MeasValue) VALUES (TO_DATE('09/05/18 13:43', 'DD/MM/YY HH24:MI'), 81768, 6.4);
INSERT INTO SENSOR (SerialNumber, CityPlaced, SensorModel, MinimValue, MaximValue, Unit, SensorType) VALUES (357762, 'Ανάβυσσος', 'VDLVH-670', -57.0, 77.9, '°C', 'Temperature');
INSERT INTO MEASUREMENT (DateTime, SensorID, MeasValue) VALUES (TO_DATE('09/05/18 13:39', 'DD/MM/YY HH24:MI'), 357762, 23.3);
INSERT INTO SENSOR (SerialNumber, CityPlaced, SensorModel, MinimValue, MaximValue, Unit, SensorType) VALUES (477042, 'Ανάβυσσος', 'HJCAY-4819', 0, 100, '%', 'Humidity');
INSERT INTO MEASUREMENT (DateTime, SensorID, MeasValue) VALUES (TO_DATE('09/05/18 13:39', 'DD/MM/YY HH24:MI'), 477042, 71);
INSERT INTO SENSOR (SerialNumber, CityPlaced, SensorModel, MinimValue, MaximValue, Unit, SensorType) VALUES (55952, 'Ανάβυσσος', 'FKIX-176', 721.0, 1074.9, 'hPa', 'Pressure');
INSERT INTO MEASUREMENT (DateTime, SensorID, MeasValue) VALUES (TO_DATE('09/05/18 13:39', 'DD/MM/YY HH24:MI'), 55952, 1004.8);
INSERT INTO SENSOR (SerialNumber, CityPlaced, SensorModel, MinimValue, MaximValue, Unit, SensorType) VALUES (74511, 'Ανάβυσσος', 'CXKF-8710', 0.0, 25.9, 'km/h', 'Wind');
INSERT INTO MEASUREMENT (DateTime, SensorID, MeasValue) VALUES (TO_DATE('09/05/18 13:39', 'DD/MM/YY HH24:MI'), 74511, 0.0);
INSERT INTO SENSOR (SerialNumber, CityPlaced, SensorModel, MinimValue, MaximValue, Unit, SensorType) VALUES (930302, 'Ασπρόπυργος SV1EJD', 'BTVHV-303', -58.0, 77.9, '°C', 'Temperature');
INSERT INTO MEASUREMENT (DateTime, SensorID, MeasValue) VALUES (TO_DATE('09/05/18 13:30', 'DD/MM/YY HH24:MI'), 930302, 25.7);
INSERT INTO SENSOR (SerialNumber, CityPlaced, SensorModel, MinimValue, MaximValue, Unit, SensorType) VALUES (918210, 'Ασπρόπυργος SV1EJD', 'IHFUY-1097', 0, 100, '%', 'Humidity');
INSERT INTO MEASUREMENT (DateTime, SensorID, MeasValue) VALUES (TO_DATE('09/05/18 13:30', 'DD/MM/YY HH24:MI'), 918210, 54);
INSERT INTO SENSOR (SerialNumber, CityPlaced, SensorModel, MinimValue, MaximValue, Unit, SensorType) VALUES (53729, 'Ασπρόπυργος SV1EJD', 'TPWE-553', 740.0, 1099.9, 'hPa', 'Pressure');
INSERT INTO MEASUREMENT (DateTime, SensorID, MeasValue) VALUES (TO_DATE('09/05/18 13:30', 'DD/MM/YY HH24:MI'), 53729, 1005.2);
INSERT INTO SENSOR (SerialNumber, CityPlaced, SensorModel, MinimValue, MaximValue, Unit, SensorType) VALUES (89148, 'Ασπρόπυργος SV1EJD', 'DGQE-9844', 0.0, 24.9, 'km/h', 'Wind');
INSERT INTO MEASUREMENT (DateTime, SensorID, MeasValue) VALUES (TO_DATE('09/05/18 13:30', 'DD/MM/YY HH24:MI'), 89148, 10.2);
INSERT INTO SENSOR (SerialNumber, CityPlaced, SensorModel, MinimValue, MaximValue, Unit, SensorType) VALUES (288699, 'Αυλώνας', 'MOBUE-443', -51.0, 80.9, '°C', 'Temperature');
INSERT INTO MEASUREMENT (DateTime, SensorID, MeasValue) VALUES (TO_DATE('09/05/18 13:47', 'DD/MM/YY HH24:MI'), 288699, 26.6);
INSERT INTO SENSOR (SerialNumber, CityPlaced, SensorModel, MinimValue, MaximValue, Unit, SensorType) VALUES (762742, 'Αυλώνας', 'JOVDM-9442', 0, 100, '%', 'Humidity');
INSERT INTO MEASUREMENT (DateTime, SensorID, MeasValue) VALUES (TO_DATE('09/05/18 13:47', 'DD/MM/YY HH24:MI'), 762742, 46);
INSERT INTO SENSOR (SerialNumber, CityPlaced, SensorModel, MinimValue, MaximValue, Unit, SensorType) VALUES (66928, 'Αυλώνας', 'XUNP-454', 729.0, 1063.9, 'hPa', 'Pressure');
INSERT INTO MEASUREMENT (DateTime, SensorID, MeasValue) VALUES (TO_DATE('09/05/18 13:47', 'DD/MM/YY HH24:MI'), 66928, 1004.4);
INSERT INTO SENSOR (SerialNumber, CityPlaced, SensorModel, MinimValue, MaximValue, Unit, SensorType) VALUES (63473, 'Αυλώνας', 'FMMH-1338', 0.0, 25.9, 'km/h', 'Wind');
INSERT INTO MEASUREMENT (DateTime, SensorID, MeasValue) VALUES (TO_DATE('09/05/18 13:47', 'DD/MM/YY HH24:MI'), 63473, 5.3);
INSERT INTO SENSOR (SerialNumber, CityPlaced, SensorModel, MinimValue, MaximValue, Unit, SensorType) VALUES (676111, 'Αχαρναί 2', 'PLGNG-179', -55.0, 70.9, '°C', 'Temperature');
INSERT INTO MEASUREMENT (DateTime, SensorID, MeasValue) VALUES (TO_DATE('09/05/18 13:45', 'DD/MM/YY HH24:MI'), 676111, 26.0);
INSERT INTO SENSOR (SerialNumber, CityPlaced, SensorModel, MinimValue, MaximValue, Unit, SensorType) VALUES (562949, 'Αχαρναί 2', 'EBOLP-0566', 0, 100, '%', 'Humidity');
INSERT INTO MEASUREMENT (DateTime, SensorID, MeasValue) VALUES (TO_DATE('09/05/18 13:45', 'DD/MM/YY HH24:MI'), 562949, 58);
INSERT INTO SENSOR (SerialNumber, CityPlaced, SensorModel, MinimValue, MaximValue, Unit, SensorType) VALUES (12003, 'Αχαρναί 2', 'XJXP-234', 702.0, 1060.9, 'hPa', 'Pressure');
INSERT INTO MEASUREMENT (DateTime, SensorID, MeasValue) VALUES (TO_DATE('09/05/18 13:45', 'DD/MM/YY HH24:MI'), 12003, 1005.6);
INSERT INTO SENSOR (SerialNumber, CityPlaced, SensorModel, MinimValue, MaximValue, Unit, SensorType) VALUES (99707, 'Αχαρναί 2', 'TYSD-9400', 0.0, 20.9, 'km/h', 'Wind');
INSERT INTO MEASUREMENT (DateTime, SensorID, MeasValue) VALUES (TO_DATE('09/05/18 13:45', 'DD/MM/YY HH24:MI'), 99707, 4.6);
INSERT INTO SENSOR (SerialNumber, CityPlaced, SensorModel, MinimValue, MaximValue, Unit, SensorType) VALUES (419813, 'Αχαρναί', 'HXEVK-642', -53.0, 74.9, '°C', 'Temperature');
INSERT INTO MEASUREMENT (DateTime, SensorID, MeasValue) VALUES (TO_DATE('09/05/18 13:48', 'DD/MM/YY HH24:MI'), 419813, 24.8);
INSERT INTO SENSOR (SerialNumber, CityPlaced, SensorModel, MinimValue, MaximValue, Unit, SensorType) VALUES (289661, 'Αχαρναί', 'KRKGD-9962', 0, 100, '%', 'Humidity');
INSERT INTO MEASUREMENT (DateTime, SensorID, MeasValue) VALUES (TO_DATE('09/05/18 13:48', 'DD/MM/YY HH24:MI'), 289661, 53);
INSERT INTO SENSOR (SerialNumber, CityPlaced, SensorModel, MinimValue, MaximValue, Unit, SensorType) VALUES (88597, 'Αχαρναί', 'SWFZ-965', 715.0, 1058.9, 'hPa', 'Pressure');
INSERT INTO MEASUREMENT (DateTime, SensorID, MeasValue) VALUES (TO_DATE('09/05/18 13:48', 'DD/MM/YY HH24:MI'), 88597, 1005.1);
INSERT INTO SENSOR (SerialNumber, CityPlaced, SensorModel, MinimValue, MaximValue, Unit, SensorType) VALUES (12955, 'Αχαρναί', 'ODWP-7324', 0.0, 24.9, 'km/h', 'Wind');
INSERT INTO MEASUREMENT (DateTime, SensorID, MeasValue) VALUES (TO_DATE('09/05/18 13:48', 'DD/MM/YY HH24:MI'), 12955, 1.2);
INSERT INTO SENSOR (SerialNumber, CityPlaced, SensorModel, MinimValue, MaximValue, Unit, SensorType) VALUES (784936, 'Βάρκιζα', 'FKVPQ-870', -57.0, 69.9, '°C', 'Temperature');
INSERT INTO MEASUREMENT (DateTime, SensorID, MeasValue) VALUES (TO_DATE('09/05/18 13:46', 'DD/MM/YY HH24:MI'), 784936, 22.2);
INSERT INTO SENSOR (SerialNumber, CityPlaced, SensorModel, MinimValue, MaximValue, Unit, SensorType) VALUES (373325, 'Βάρκιζα', 'VHSKY-4653', 0, 100, '%', 'Humidity');
INSERT INTO MEASUREMENT (DateTime, SensorID, MeasValue) VALUES (TO_DATE('09/05/18 13:46', 'DD/MM/YY HH24:MI'), 373325, 71);
INSERT INTO SENSOR (SerialNumber, CityPlaced, SensorModel, MinimValue, MaximValue, Unit, SensorType) VALUES (87258, 'Βάρκιζα', 'VNKD-806', 724.0, 1094.9, 'hPa', 'Pressure');
INSERT INTO MEASUREMENT (DateTime, SensorID, MeasValue) VALUES (TO_DATE('09/05/18 13:46', 'DD/MM/YY HH24:MI'), 87258, 1006.5);
INSERT INTO SENSOR (SerialNumber, CityPlaced, SensorModel, MinimValue, MaximValue, Unit, SensorType) VALUES (21504, 'Βάρκιζα', 'TZAV-3058', 0.0, 22.9, 'km/h', 'Wind');
INSERT INTO MEASUREMENT (DateTime, SensorID, MeasValue) VALUES (TO_DATE('09/05/18 13:46', 'DD/MM/YY HH24:MI'), 21504, 9.7);
INSERT INTO SENSOR (SerialNumber, CityPlaced, SensorModel, MinimValue, MaximValue, Unit, SensorType) VALUES (150028, 'Βύρωνας', 'CTZIH-595', -57.0, 71.9, '°C', 'Temperature');
INSERT INTO MEASUREMENT (DateTime, SensorID, MeasValue) VALUES (TO_DATE('09/05/18 13:48', 'DD/MM/YY HH24:MI'), 150028, 24.2);
INSERT INTO SENSOR (SerialNumber, CityPlaced, SensorModel, MinimValue, MaximValue, Unit, SensorType) VALUES (807823, 'Βύρωνας', 'WVTXX-8223', 0, 100, '%', 'Humidity');
INSERT INTO MEASUREMENT (DateTime, SensorID, MeasValue) VALUES (TO_DATE('09/05/18 13:48', 'DD/MM/YY HH24:MI'), 807823, 42);
INSERT INTO SENSOR (SerialNumber, CityPlaced, SensorModel, MinimValue, MaximValue, Unit, SensorType) VALUES (22339, 'Βύρωνας', 'UFHG-389', 700.0, 1059.9, 'hPa', 'Pressure');
INSERT INTO MEASUREMENT (DateTime, SensorID, MeasValue) VALUES (TO_DATE('09/05/18 13:48', 'DD/MM/YY HH24:MI'), 22339, 1008.0);
INSERT INTO SENSOR (SerialNumber, CityPlaced, SensorModel, MinimValue, MaximValue, Unit, SensorType) VALUES (91119, 'Βύρωνας', 'TRUZ-1144', 0.0, 25.9, 'km/h', 'Wind');
INSERT INTO MEASUREMENT (DateTime, SensorID, MeasValue) VALUES (TO_DATE('09/05/18 13:48', 'DD/MM/YY HH24:MI'), 91119, 4.9);
INSERT INTO SENSOR (SerialNumber, CityPlaced, SensorModel, MinimValue, MaximValue, Unit, SensorType) VALUES (594839, 'Γαλάτσι 2', 'GLKRT-142', -57.0, 64.9, '°C', 'Temperature');
INSERT INTO MEASUREMENT (DateTime, SensorID, MeasValue) VALUES (TO_DATE('09/05/18 13:40', 'DD/MM/YY HH24:MI'), 594839, 24.4);
INSERT INTO SENSOR (SerialNumber, CityPlaced, SensorModel, MinimValue, MaximValue, Unit, SensorType) VALUES (807195, 'Γαλάτσι 2', 'IKZRK-8954', 0, 100, '%', 'Humidity');
INSERT INTO MEASUREMENT (DateTime, SensorID, MeasValue) VALUES (TO_DATE('09/05/18 13:40', 'DD/MM/YY HH24:MI'), 807195, 53);
INSERT INTO SENSOR (SerialNumber, CityPlaced, SensorModel, MinimValue, MaximValue, Unit, SensorType) VALUES (18767, 'Γαλάτσι 2', 'NQWN-671', 746.0, 1087.9, 'hPa', 'Pressure');
INSERT INTO MEASUREMENT (DateTime, SensorID, MeasValue) VALUES (TO_DATE('09/05/18 13:40', 'DD/MM/YY HH24:MI'), 18767, 1006.1);
INSERT INTO SENSOR (SerialNumber, CityPlaced, SensorModel, MinimValue, MaximValue, Unit, SensorType) VALUES (58798, 'Γαλάτσι 2', 'HHGH-1235', 0.0, 22.9, 'km/h', 'Wind');
INSERT INTO MEASUREMENT (DateTime, SensorID, MeasValue) VALUES (TO_DATE('09/05/18 13:40', 'DD/MM/YY HH24:MI'), 58798, 4.3);
INSERT INTO SENSOR (SerialNumber, CityPlaced, SensorModel, MinimValue, MaximValue, Unit, SensorType) VALUES (306757, 'Γαλάτσι', 'QVPTW-149', -51.0, 62.9, '°C', 'Temperature');
INSERT INTO MEASUREMENT (DateTime, SensorID, MeasValue) VALUES (TO_DATE('09/05/18 13:48', 'DD/MM/YY HH24:MI'), 306757, 27.3);
INSERT INTO SENSOR (SerialNumber, CityPlaced, SensorModel, MinimValue, MaximValue, Unit, SensorType) VALUES (981314, 'Γαλάτσι', 'AVOEB-4193', 0, 100, '%', 'Humidity');
INSERT INTO MEASUREMENT (DateTime, SensorID, MeasValue) VALUES (TO_DATE('09/05/18 13:48', 'DD/MM/YY HH24:MI'), 981314, 64);
INSERT INTO SENSOR (SerialNumber, CityPlaced, SensorModel, MinimValue, MaximValue, Unit, SensorType) VALUES (43375, 'Γαλάτσι', 'DSSL-729', 744.0, 1057.9, 'hPa', 'Pressure');
INSERT INTO MEASUREMENT (DateTime, SensorID, MeasValue) VALUES (TO_DATE('09/05/18 13:48', 'DD/MM/YY HH24:MI'), 43375, 1004.5);
INSERT INTO SENSOR (SerialNumber, CityPlaced, SensorModel, MinimValue, MaximValue, Unit, SensorType) VALUES (82893, 'Γαλάτσι', 'WUIL-1368', 0.0, 22.9, 'km/h', 'Wind');
INSERT INTO MEASUREMENT (DateTime, SensorID, MeasValue) VALUES (TO_DATE('09/05/18 13:48', 'DD/MM/YY HH24:MI'), 82893, 4.4);
INSERT INTO SENSOR (SerialNumber, CityPlaced, SensorModel, MinimValue, MaximValue, Unit, SensorType) VALUES (517592, 'Διόνυσσος 2', 'LDDWM-747', -51.0, 80.9, '°C', 'Temperature');
INSERT INTO MEASUREMENT (DateTime, SensorID, MeasValue) VALUES (TO_DATE('09/05/18 13:44', 'DD/MM/YY HH24:MI'), 517592, 23.3);
INSERT INTO SENSOR (SerialNumber, CityPlaced, SensorModel, MinimValue, MaximValue, Unit, SensorType) VALUES (218164, 'Διόνυσσος 2', 'PAEJC-8847', 0, 100, '%', 'Humidity');
INSERT INTO MEASUREMENT (DateTime, SensorID, MeasValue) VALUES (TO_DATE('09/05/18 13:44', 'DD/MM/YY HH24:MI'), 218164, 61);
INSERT INTO SENSOR (SerialNumber, CityPlaced, SensorModel, MinimValue, MaximValue, Unit, SensorType) VALUES (11756, 'Διόνυσσος 2', 'VGPD-755', 740.0, 1056.9, 'hPa', 'Pressure');
INSERT INTO MEASUREMENT (DateTime, SensorID, MeasValue) VALUES (TO_DATE('09/05/18 13:44', 'DD/MM/YY HH24:MI'), 11756, 1006.0);
INSERT INTO SENSOR (SerialNumber, CityPlaced, SensorModel, MinimValue, MaximValue, Unit, SensorType) VALUES (39009, 'Διόνυσσος 2', 'KDTZ-1788', 0.0, 22.9, 'km/h', 'Wind');
INSERT INTO MEASUREMENT (DateTime, SensorID, MeasValue) VALUES (TO_DATE('09/05/18 13:44', 'DD/MM/YY HH24:MI'), 39009, 4.8);
INSERT INTO SENSOR (SerialNumber, CityPlaced, SensorModel, MinimValue, MaximValue, Unit, SensorType) VALUES (827449, 'Διόνυσσος', 'FBXZF-822', -58.0, 74.9, '°C', 'Temperature');
INSERT INTO MEASUREMENT (DateTime, SensorID, MeasValue) VALUES (TO_DATE('09/05/18 13:36', 'DD/MM/YY HH24:MI'), 827449, 23.0);
INSERT INTO SENSOR (SerialNumber, CityPlaced, SensorModel, MinimValue, MaximValue, Unit, SensorType) VALUES (590197, 'Διόνυσσος', 'JUNYD-8098', 0, 100, '%', 'Humidity');
INSERT INTO MEASUREMENT (DateTime, SensorID, MeasValue) VALUES (TO_DATE('09/05/18 13:36', 'DD/MM/YY HH24:MI'), 590197, 58);
INSERT INTO SENSOR (SerialNumber, CityPlaced, SensorModel, MinimValue, MaximValue, Unit, SensorType) VALUES (58658, 'Διόνυσσος', 'AFCC-985', 731.0, 1085.9, 'hPa', 'Pressure');
INSERT INTO MEASUREMENT (DateTime, SensorID, MeasValue) VALUES (TO_DATE('09/05/18 13:36', 'DD/MM/YY HH24:MI'), 58658, 1007.7);
INSERT INTO SENSOR (SerialNumber, CityPlaced, SensorModel, MinimValue, MaximValue, Unit, SensorType) VALUES (63316, 'Διόνυσσος', 'JLJY-8442', 0.0, 24.9, 'km/h', 'Wind');
INSERT INTO MEASUREMENT (DateTime, SensorID, MeasValue) VALUES (TO_DATE('09/05/18 13:36', 'DD/MM/YY HH24:MI'), 63316, 3.8);
INSERT INTO SENSOR (SerialNumber, CityPlaced, SensorModel, MinimValue, MaximValue, Unit, SensorType) VALUES (291589, 'Εκάλη', 'KFERQ-812', -52.0, 72.9, '°C', 'Temperature');
INSERT INTO MEASUREMENT (DateTime, SensorID, MeasValue) VALUES (TO_DATE('09/05/18 13:41', 'DD/MM/YY HH24:MI'), 291589, 23.6);
INSERT INTO SENSOR (SerialNumber, CityPlaced, SensorModel, MinimValue, MaximValue, Unit, SensorType) VALUES (255782, 'Εκάλη', 'YEUAO-5607', 0, 100, '%', 'Humidity');
INSERT INTO MEASUREMENT (DateTime, SensorID, MeasValue) VALUES (TO_DATE('09/05/18 13:41', 'DD/MM/YY HH24:MI'), 255782, 54);
INSERT INTO SENSOR (SerialNumber, CityPlaced, SensorModel, MinimValue, MaximValue, Unit, SensorType) VALUES (51627, 'Εκάλη', 'ADQS-234', 738.0, 1085.9, 'hPa', 'Pressure');
INSERT INTO MEASUREMENT (DateTime, SensorID, MeasValue) VALUES (TO_DATE('09/05/18 13:41', 'DD/MM/YY HH24:MI'), 51627, 1006.3);
INSERT INTO SENSOR (SerialNumber, CityPlaced, SensorModel, MinimValue, MaximValue, Unit, SensorType) VALUES (85101, 'Εκάλη', 'JQPY-0088', 0.0, 23.9, 'km/h', 'Wind');
INSERT INTO MEASUREMENT (DateTime, SensorID, MeasValue) VALUES (TO_DATE('09/05/18 13:41', 'DD/MM/YY HH24:MI'), 85101, 5.1);
INSERT INTO SENSOR (SerialNumber, CityPlaced, SensorModel, MinimValue, MaximValue, Unit, SensorType) VALUES (137671, 'Ζωγράφου - Ε.Μ.Π. - Σχολή Τοπογράφων', 'JSEIE-575', -58.0, 68.9, '°C', 'Temperature');
INSERT INTO MEASUREMENT (DateTime, SensorID, MeasValue) VALUES (TO_DATE('09/05/18 13:45', 'DD/MM/YY HH24:MI'), 137671, 24.4);
INSERT INTO SENSOR (SerialNumber, CityPlaced, SensorModel, MinimValue, MaximValue, Unit, SensorType) VALUES (630196, 'Ζωγράφου - Ε.Μ.Π. - Σχολή Τοπογράφων', 'YBJXX-4386', 0, 100, '%', 'Humidity');
INSERT INTO MEASUREMENT (DateTime, SensorID, MeasValue) VALUES (TO_DATE('09/05/18 13:45', 'DD/MM/YY HH24:MI'), 630196, 54);
INSERT INTO SENSOR (SerialNumber, CityPlaced, SensorModel, MinimValue, MaximValue, Unit, SensorType) VALUES (53400, 'Ζωγράφου - Ε.Μ.Π. - Σχολή Τοπογράφων', 'BONY-399', 723.0, 1092.9, 'hPa', 'Pressure');
INSERT INTO MEASUREMENT (DateTime, SensorID, MeasValue) VALUES (TO_DATE('09/05/18 13:45', 'DD/MM/YY HH24:MI'), 53400, 1006.5);
INSERT INTO SENSOR (SerialNumber, CityPlaced, SensorModel, MinimValue, MaximValue, Unit, SensorType) VALUES (57309, 'Ζωγράφου - Ε.Μ.Π. - Σχολή Τοπογράφων', 'CDLS-6197', 0.0, 24.9, 'km/h', 'Wind');
INSERT INTO MEASUREMENT (DateTime, SensorID, MeasValue) VALUES (TO_DATE('09/05/18 13:45', 'DD/MM/YY HH24:MI'), 57309, 6.7);
INSERT INTO SENSOR (SerialNumber, CityPlaced, SensorModel, MinimValue, MaximValue, Unit, SensorType) VALUES (509153, 'Ηλιούπολη', 'VXGXJ-401', -57.0, 64.9, '°C', 'Temperature');
INSERT INTO MEASUREMENT (DateTime, SensorID, MeasValue) VALUES (TO_DATE('09/05/18 13:48', 'DD/MM/YY HH24:MI'), 509153, 23.9);
INSERT INTO SENSOR (SerialNumber, CityPlaced, SensorModel, MinimValue, MaximValue, Unit, SensorType) VALUES (703832, 'Ηλιούπολη', 'DQZDX-8761', 0, 100, '%', 'Humidity');
INSERT INTO MEASUREMENT (DateTime, SensorID, MeasValue) VALUES (TO_DATE('09/05/18 13:48', 'DD/MM/YY HH24:MI'), 703832, 59);
INSERT INTO SENSOR (SerialNumber, CityPlaced, SensorModel, MinimValue, MaximValue, Unit, SensorType) VALUES (31101, 'Ηλιούπολη', 'RSWP-368', 745.0, 1054.9, 'hPa', 'Pressure');
INSERT INTO MEASUREMENT (DateTime, SensorID, MeasValue) VALUES (TO_DATE('09/05/18 13:48', 'DD/MM/YY HH24:MI'), 31101, 1006.9);
INSERT INTO SENSOR (SerialNumber, CityPlaced, SensorModel, MinimValue, MaximValue, Unit, SensorType) VALUES (17669, 'Ηλιούπολη', 'UAOH-0452', 0.0, 21.9, 'km/h', 'Wind');
INSERT INTO MEASUREMENT (DateTime, SensorID, MeasValue) VALUES (TO_DATE('09/05/18 13:48', 'DD/MM/YY HH24:MI'), 17669, 4.2);
INSERT INTO SENSOR (SerialNumber, CityPlaced, SensorModel, MinimValue, MaximValue, Unit, SensorType) VALUES (427171, 'Ιπποκράτειος Πολιτεία', 'OJWFP-572', -51.0, 76.9, '°C', 'Temperature');
INSERT INTO MEASUREMENT (DateTime, SensorID, MeasValue) VALUES (TO_DATE('09/05/18 13:45', 'DD/MM/YY HH24:MI'), 427171, 25.0);
INSERT INTO SENSOR (SerialNumber, CityPlaced, SensorModel, MinimValue, MaximValue, Unit, SensorType) VALUES (597849, 'Ιπποκράτειος Πολιτεία', 'YKDGC-7815', 0, 100, '%', 'Humidity');
INSERT INTO MEASUREMENT (DateTime, SensorID, MeasValue) VALUES (TO_DATE('09/05/18 13:45', 'DD/MM/YY HH24:MI'), 597849, 52);
INSERT INTO SENSOR (SerialNumber, CityPlaced, SensorModel, MinimValue, MaximValue, Unit, SensorType) VALUES (19829, 'Ιπποκράτειος Πολιτεία', 'RHYW-398', 726.0, 1070.9, 'hPa', 'Pressure');
INSERT INTO MEASUREMENT (DateTime, SensorID, MeasValue) VALUES (TO_DATE('09/05/18 13:45', 'DD/MM/YY HH24:MI'), 19829, 1011.4);
INSERT INTO SENSOR (SerialNumber, CityPlaced, SensorModel, MinimValue, MaximValue, Unit, SensorType) VALUES (70508, 'Ιπποκράτειος Πολιτεία', 'EZEQ-5190', 0.0, 21.9, 'km/h', 'Wind');
INSERT INTO MEASUREMENT (DateTime, SensorID, MeasValue) VALUES (TO_DATE('09/05/18 13:45', 'DD/MM/YY HH24:MI'), 70508, 5.4);
INSERT INTO SENSOR (SerialNumber, CityPlaced, SensorModel, MinimValue, MaximValue, Unit, SensorType) VALUES (985592, 'Καλαμάκι - AirMar', 'KVWIE-960', -50.0, 63.9, '°C', 'Temperature');
INSERT INTO MEASUREMENT (DateTime, SensorID, MeasValue) VALUES (TO_DATE('09/05/18 13:47', 'DD/MM/YY HH24:MI'), 985592, 22.0);
INSERT INTO SENSOR (SerialNumber, CityPlaced, SensorModel, MinimValue, MaximValue, Unit, SensorType) VALUES (774455, 'Καλαμάκι - AirMar', 'NDXSC-3396', 0, 100, '%', 'Humidity');
INSERT INTO MEASUREMENT (DateTime, SensorID, MeasValue) VALUES (TO_DATE('09/05/18 13:47', 'DD/MM/YY HH24:MI'), 774455, 81);
INSERT INTO SENSOR (SerialNumber, CityPlaced, SensorModel, MinimValue, MaximValue, Unit, SensorType) VALUES (69352, 'Καλαμάκι - AirMar', 'GGIN-068', 718.0, 1071.9, 'hPa', 'Pressure');
INSERT INTO MEASUREMENT (DateTime, SensorID, MeasValue) VALUES (TO_DATE('09/05/18 13:47', 'DD/MM/YY HH24:MI'), 69352, 1005.8);
INSERT INTO SENSOR (SerialNumber, CityPlaced, SensorModel, MinimValue, MaximValue, Unit, SensorType) VALUES (72652, 'Καλαμάκι - AirMar', 'DFHE-1628', 0.0, 22.9, 'km/h', 'Wind');
INSERT INTO MEASUREMENT (DateTime, SensorID, MeasValue) VALUES (TO_DATE('09/05/18 13:47', 'DD/MM/YY HH24:MI'), 72652, 4.5);
INSERT INTO SENSOR (SerialNumber, CityPlaced, SensorModel, MinimValue, MaximValue, Unit, SensorType) VALUES (533649, 'Καλύβια Θορικού', 'QFHTK-871', -51.0, 75.9, '°C', 'Temperature');
INSERT INTO MEASUREMENT (DateTime, SensorID, MeasValue) VALUES (TO_DATE('09/05/18 13:46', 'DD/MM/YY HH24:MI'), 533649, 24.8);
INSERT INTO SENSOR (SerialNumber, CityPlaced, SensorModel, MinimValue, MaximValue, Unit, SensorType) VALUES (296569, 'Καλύβια Θορικού', 'BMQIF-1663', 0, 100, '%', 'Humidity');
INSERT INTO MEASUREMENT (DateTime, SensorID, MeasValue) VALUES (TO_DATE('09/05/18 13:46', 'DD/MM/YY HH24:MI'), 296569, 53);
INSERT INTO SENSOR (SerialNumber, CityPlaced, SensorModel, MinimValue, MaximValue, Unit, SensorType) VALUES (58113, 'Καλύβια Θορικού', 'TFDN-425', 717.0, 1088.9, 'hPa', 'Pressure');
INSERT INTO MEASUREMENT (DateTime, SensorID, MeasValue) VALUES (TO_DATE('09/05/18 13:46', 'DD/MM/YY HH24:MI'), 58113, 1007.3);
INSERT INTO SENSOR (SerialNumber, CityPlaced, SensorModel, MinimValue, MaximValue, Unit, SensorType) VALUES (69855, 'Καλύβια Θορικού', 'CBAA-1518', 0.0, 24.9, 'km/h', 'Wind');
INSERT INTO MEASUREMENT (DateTime, SensorID, MeasValue) VALUES (TO_DATE('09/05/18 13:46', 'DD/MM/YY HH24:MI'), 69855, 7.0);
INSERT INTO SENSOR (SerialNumber, CityPlaced, SensorModel, MinimValue, MaximValue, Unit, SensorType) VALUES (956381, 'Κορυδαλλός', 'TJRDC-300', -60.0, 72.9, '°C', 'Temperature');
INSERT INTO MEASUREMENT (DateTime, SensorID, MeasValue) VALUES (TO_DATE('09/05/18 13:48', 'DD/MM/YY HH24:MI'), 956381, 24.0);
INSERT INTO SENSOR (SerialNumber, CityPlaced, SensorModel, MinimValue, MaximValue, Unit, SensorType) VALUES (212688, 'Κορυδαλλός', 'DBALG-5517', 0, 100, '%', 'Humidity');
INSERT INTO MEASUREMENT (DateTime, SensorID, MeasValue) VALUES (TO_DATE('09/05/18 13:48', 'DD/MM/YY HH24:MI'), 212688, 60);
INSERT INTO SENSOR (SerialNumber, CityPlaced, SensorModel, MinimValue, MaximValue, Unit, SensorType) VALUES (62043, 'Κορυδαλλός', 'CBQE-432', 729.0, 1090.9, 'hPa', 'Pressure');
INSERT INTO MEASUREMENT (DateTime, SensorID, MeasValue) VALUES (TO_DATE('09/05/18 13:48', 'DD/MM/YY HH24:MI'), 62043, 1007.3);
INSERT INTO SENSOR (SerialNumber, CityPlaced, SensorModel, MinimValue, MaximValue, Unit, SensorType) VALUES (69437, 'Κορυδαλλός', 'AXLW-2632', 0.0, 24.9, 'km/h', 'Wind');
INSERT INTO MEASUREMENT (DateTime, SensorID, MeasValue) VALUES (TO_DATE('09/05/18 13:48', 'DD/MM/YY HH24:MI'), 69437, 3.7);
INSERT INTO SENSOR (SerialNumber, CityPlaced, SensorModel, MinimValue, MaximValue, Unit, SensorType) VALUES (795479, 'Λαύριο 2', 'ZKUTR-248', -55.0, 68.9, '°C', 'Temperature');
INSERT INTO MEASUREMENT (DateTime, SensorID, MeasValue) VALUES (TO_DATE('09/05/18 13:45', 'DD/MM/YY HH24:MI'), 795479, 25.1);
INSERT INTO SENSOR (SerialNumber, CityPlaced, SensorModel, MinimValue, MaximValue, Unit, SensorType) VALUES (619019, 'Λαύριο 2', 'OTVLN-9338', 0, 100, '%', 'Humidity');
INSERT INTO MEASUREMENT (DateTime, SensorID, MeasValue) VALUES (TO_DATE('09/05/18 13:45', 'DD/MM/YY HH24:MI'), 619019, 53);
INSERT INTO SENSOR (SerialNumber, CityPlaced, SensorModel, MinimValue, MaximValue, Unit, SensorType) VALUES (43202, 'Λαύριο 2', 'JVEA-643', 740.0, 1095.9, 'hPa', 'Pressure');
INSERT INTO MEASUREMENT (DateTime, SensorID, MeasValue) VALUES (TO_DATE('09/05/18 13:45', 'DD/MM/YY HH24:MI'), 43202, 1005.8);
INSERT INTO SENSOR (SerialNumber, CityPlaced, SensorModel, MinimValue, MaximValue, Unit, SensorType) VALUES (94094, 'Λαύριο 2', 'ZJEF-2135', 0.0, 23.9, 'km/h', 'Wind');
INSERT INTO MEASUREMENT (DateTime, SensorID, MeasValue) VALUES (TO_DATE('09/05/18 13:45', 'DD/MM/YY HH24:MI'), 94094, 10.5);
INSERT INTO SENSOR (SerialNumber, CityPlaced, SensorModel, MinimValue, MaximValue, Unit, SensorType) VALUES (946568, 'Λαύριο', 'WNFNE-743', -54.0, 61.9, '°C', 'Temperature');
INSERT INTO MEASUREMENT (DateTime, SensorID, MeasValue) VALUES (TO_DATE('09/05/18 13:39', 'DD/MM/YY HH24:MI'), 946568, 24.3);
INSERT INTO SENSOR (SerialNumber, CityPlaced, SensorModel, MinimValue, MaximValue, Unit, SensorType) VALUES (850546, 'Λαύριο', 'FKOTE-6704', 0, 100, '%', 'Humidity');
INSERT INTO MEASUREMENT (DateTime, SensorID, MeasValue) VALUES (TO_DATE('09/05/18 13:39', 'DD/MM/YY HH24:MI'), 850546, 55);
INSERT INTO SENSOR (SerialNumber, CityPlaced, SensorModel, MinimValue, MaximValue, Unit, SensorType) VALUES (82160, 'Λαύριο', 'ORWB-758', 727.0, 1076.9, 'hPa', 'Pressure');
INSERT INTO MEASUREMENT (DateTime, SensorID, MeasValue) VALUES (TO_DATE('09/05/18 13:39', 'DD/MM/YY HH24:MI'), 82160, 1004.1);
INSERT INTO SENSOR (SerialNumber, CityPlaced, SensorModel, MinimValue, MaximValue, Unit, SensorType) VALUES (14065, 'Λαύριο', 'AQTE-6219', 0.0, 21.9, 'km/h', 'Wind');
INSERT INTO MEASUREMENT (DateTime, SensorID, MeasValue) VALUES (TO_DATE('09/05/18 13:39', 'DD/MM/YY HH24:MI'), 14065, 12.9);
INSERT INTO SENSOR (SerialNumber, CityPlaced, SensorModel, MinimValue, MaximValue, Unit, SensorType) VALUES (442319, 'Λυκόβρυση', 'CMKGI-068', -58.0, 80.9, '°C', 'Temperature');
INSERT INTO MEASUREMENT (DateTime, SensorID, MeasValue) VALUES (TO_DATE('09/05/18 13:45', 'DD/MM/YY HH24:MI'), 442319, 23.9);
INSERT INTO SENSOR (SerialNumber, CityPlaced, SensorModel, MinimValue, MaximValue, Unit, SensorType) VALUES (345292, 'Λυκόβρυση', 'TPTOT-2568', 0, 100, '%', 'Humidity');
INSERT INTO MEASUREMENT (DateTime, SensorID, MeasValue) VALUES (TO_DATE('09/05/18 13:45', 'DD/MM/YY HH24:MI'), 345292, 57);
INSERT INTO SENSOR (SerialNumber, CityPlaced, SensorModel, MinimValue, MaximValue, Unit, SensorType) VALUES (80182, 'Λυκόβρυση', 'GPWI-593', 707.0, 1067.9, 'hPa', 'Pressure');
INSERT INTO MEASUREMENT (DateTime, SensorID, MeasValue) VALUES (TO_DATE('09/05/18 13:45', 'DD/MM/YY HH24:MI'), 80182, 1006.1);
INSERT INTO SENSOR (SerialNumber, CityPlaced, SensorModel, MinimValue, MaximValue, Unit, SensorType) VALUES (11632, 'Λυκόβρυση', 'QQZQ-6500', 0.0, 20.9, 'km/h', 'Wind');
INSERT INTO MEASUREMENT (DateTime, SensorID, MeasValue) VALUES (TO_DATE('09/05/18 13:45', 'DD/MM/YY HH24:MI'), 11632, 6.2);
INSERT INTO SENSOR (SerialNumber, CityPlaced, SensorModel, MinimValue, MaximValue, Unit, SensorType) VALUES (636383, 'Μαραθώνας Παραλία', 'XXRHY-102', -56.0, 77.9, '°C', 'Temperature');
INSERT INTO MEASUREMENT (DateTime, SensorID, MeasValue) VALUES (TO_DATE('09/05/18 13:48', 'DD/MM/YY HH24:MI'), 636383, 21.5);
INSERT INTO SENSOR (SerialNumber, CityPlaced, SensorModel, MinimValue, MaximValue, Unit, SensorType) VALUES (769136, 'Μαραθώνας Παραλία', 'RWFTG-2992', 0, 100, '%', 'Humidity');
INSERT INTO MEASUREMENT (DateTime, SensorID, MeasValue) VALUES (TO_DATE('09/05/18 13:48', 'DD/MM/YY HH24:MI'), 769136, 83);
INSERT INTO SENSOR (SerialNumber, CityPlaced, SensorModel, MinimValue, MaximValue, Unit, SensorType) VALUES (89934, 'Μαραθώνας Παραλία', 'KSLO-319', 709.0, 1051.9, 'hPa', 'Pressure');
INSERT INTO MEASUREMENT (DateTime, SensorID, MeasValue) VALUES (TO_DATE('09/05/18 13:48', 'DD/MM/YY HH24:MI'), 89934, 1006.4);
INSERT INTO SENSOR (SerialNumber, CityPlaced, SensorModel, MinimValue, MaximValue, Unit, SensorType) VALUES (53611, 'Μαραθώνας Παραλία', 'CYQG-3891', 0.0, 21.9, 'km/h', 'Wind');
INSERT INTO MEASUREMENT (DateTime, SensorID, MeasValue) VALUES (TO_DATE('09/05/18 13:48', 'DD/MM/YY HH24:MI'), 53611, 11.3);
INSERT INTO SENSOR (SerialNumber, CityPlaced, SensorModel, MinimValue, MaximValue, Unit, SensorType) VALUES (413591, 'Μαρούσι Κοκκινιά', 'ZGIHS-815', -52.0, 76.9, '°C', 'Temperature');
INSERT INTO MEASUREMENT (DateTime, SensorID, MeasValue) VALUES (TO_DATE('09/05/18 13:45', 'DD/MM/YY HH24:MI'), 413591, 25.9);
INSERT INTO SENSOR (SerialNumber, CityPlaced, SensorModel, MinimValue, MaximValue, Unit, SensorType) VALUES (633850, 'Μαρούσι Κοκκινιά', 'RDBHA-3988', 0, 100, '%', 'Humidity');
INSERT INTO MEASUREMENT (DateTime, SensorID, MeasValue) VALUES (TO_DATE('09/05/18 13:45', 'DD/MM/YY HH24:MI'), 633850, 48);
INSERT INTO SENSOR (SerialNumber, CityPlaced, SensorModel, MinimValue, MaximValue, Unit, SensorType) VALUES (61944, 'Μαρούσι Κοκκινιά', 'RKND-602', 713.0, 1085.9, 'hPa', 'Pressure');
INSERT INTO MEASUREMENT (DateTime, SensorID, MeasValue) VALUES (TO_DATE('09/05/18 13:45', 'DD/MM/YY HH24:MI'), 61944, 1007.4);
INSERT INTO SENSOR (SerialNumber, CityPlaced, SensorModel, MinimValue, MaximValue, Unit, SensorType) VALUES (77865, 'Μαρούσι Κοκκινιά', 'RLKT-2814', 0.0, 23.9, 'km/h', 'Wind');
INSERT INTO MEASUREMENT (DateTime, SensorID, MeasValue) VALUES (TO_DATE('09/05/18 13:45', 'DD/MM/YY HH24:MI'), 77865, 7.0);
INSERT INTO SENSOR (SerialNumber, CityPlaced, SensorModel, MinimValue, MaximValue, Unit, SensorType) VALUES (490005, 'Μενίδι', 'KJYJH-562', -51.0, 67.9, '°C', 'Temperature');
INSERT INTO MEASUREMENT (DateTime, SensorID, MeasValue) VALUES (TO_DATE('09/05/18 13:33', 'DD/MM/YY HH24:MI'), 490005, 27.2);
INSERT INTO SENSOR (SerialNumber, CityPlaced, SensorModel, MinimValue, MaximValue, Unit, SensorType) VALUES (786432, 'Μενίδι', 'MCQRQ-4385', 0, 100, '%', 'Humidity');
INSERT INTO MEASUREMENT (DateTime, SensorID, MeasValue) VALUES (TO_DATE('09/05/18 13:33', 'DD/MM/YY HH24:MI'), 786432, 48);
INSERT INTO SENSOR (SerialNumber, CityPlaced, SensorModel, MinimValue, MaximValue, Unit, SensorType) VALUES (69678, 'Μενίδι', 'UIUL-144', 738.0, 1054.9, 'hPa', 'Pressure');
INSERT INTO MEASUREMENT (DateTime, SensorID, MeasValue) VALUES (TO_DATE('09/05/18 13:33', 'DD/MM/YY HH24:MI'), 69678, 1005.0);
INSERT INTO SENSOR (SerialNumber, CityPlaced, SensorModel, MinimValue, MaximValue, Unit, SensorType) VALUES (58161, 'Μενίδι', 'HMTR-8886', 0.0, 25.9, 'km/h', 'Wind');
INSERT INTO MEASUREMENT (DateTime, SensorID, MeasValue) VALUES (TO_DATE('09/05/18 13:33', 'DD/MM/YY HH24:MI'), 58161, 6.4);
INSERT INTO SENSOR (SerialNumber, CityPlaced, SensorModel, MinimValue, MaximValue, Unit, SensorType) VALUES (103142, 'Νέα Κηφισιά', 'XRLPH-777', -56.0, 75.9, '°C', 'Temperature');
INSERT INTO MEASUREMENT (DateTime, SensorID, MeasValue) VALUES (TO_DATE('09/05/18 13:47', 'DD/MM/YY HH24:MI'), 103142, 24.8);
INSERT INTO SENSOR (SerialNumber, CityPlaced, SensorModel, MinimValue, MaximValue, Unit, SensorType) VALUES (544416, 'Νέα Κηφισιά', 'XURAG-9960', 0, 100, '%', 'Humidity');
INSERT INTO MEASUREMENT (DateTime, SensorID, MeasValue) VALUES (TO_DATE('09/05/18 13:47', 'DD/MM/YY HH24:MI'), 544416, 51);
INSERT INTO SENSOR (SerialNumber, CityPlaced, SensorModel, MinimValue, MaximValue, Unit, SensorType) VALUES (85431, 'Νέα Κηφισιά', 'GHSF-776', 712.0, 1087.9, 'hPa', 'Pressure');
INSERT INTO MEASUREMENT (DateTime, SensorID, MeasValue) VALUES (TO_DATE('09/05/18 13:47', 'DD/MM/YY HH24:MI'), 85431, 1004.9);
INSERT INTO SENSOR (SerialNumber, CityPlaced, SensorModel, MinimValue, MaximValue, Unit, SensorType) VALUES (41344, 'Νέα Κηφισιά', 'GNSR-6642', 0.0, 24.9, 'km/h', 'Wind');
INSERT INTO MEASUREMENT (DateTime, SensorID, MeasValue) VALUES (TO_DATE('09/05/18 13:47', 'DD/MM/YY HH24:MI'), 41344, 8.0);
INSERT INTO SENSOR (SerialNumber, CityPlaced, SensorModel, MinimValue, MaximValue, Unit, SensorType) VALUES (745480, 'Νέο Φάληρο 2', 'IKWBJ-883', -53.0, 76.9, '°C', 'Temperature');
INSERT INTO MEASUREMENT (DateTime, SensorID, MeasValue) VALUES (TO_DATE('09/05/18 13:45', 'DD/MM/YY HH24:MI'), 745480, 24.6);
INSERT INTO SENSOR (SerialNumber, CityPlaced, SensorModel, MinimValue, MaximValue, Unit, SensorType) VALUES (295268, 'Νέο Φάληρο 2', 'DRXOP-3688', 0, 100, '%', 'Humidity');
INSERT INTO MEASUREMENT (DateTime, SensorID, MeasValue) VALUES (TO_DATE('09/05/18 13:45', 'DD/MM/YY HH24:MI'), 295268, 57);
INSERT INTO SENSOR (SerialNumber, CityPlaced, SensorModel, MinimValue, MaximValue, Unit, SensorType) VALUES (23129, 'Νέο Φάληρο 2', 'MTAV-952', 746.0, 1051.9, 'hPa', 'Pressure');
INSERT INTO MEASUREMENT (DateTime, SensorID, MeasValue) VALUES (TO_DATE('09/05/18 13:45', 'DD/MM/YY HH24:MI'), 23129, 1003.0);
INSERT INTO SENSOR (SerialNumber, CityPlaced, SensorModel, MinimValue, MaximValue, Unit, SensorType) VALUES (87861, 'Νέο Φάληρο 2', 'ERMY-9689', 0.0, 21.9, 'km/h', 'Wind');
INSERT INTO MEASUREMENT (DateTime, SensorID, MeasValue) VALUES (TO_DATE('09/05/18 13:45', 'DD/MM/YY HH24:MI'), 87861, 10.3);
INSERT INTO SENSOR (SerialNumber, CityPlaced, SensorModel, MinimValue, MaximValue, Unit, SensorType) VALUES (313635, 'Νίκαια Περιβολάκι', 'OUXPY-544', -51.0, 73.9, '°C', 'Temperature');
INSERT INTO MEASUREMENT (DateTime, SensorID, MeasValue) VALUES (TO_DATE('09/05/18 13:47', 'DD/MM/YY HH24:MI'), 313635, 25.0);
INSERT INTO SENSOR (SerialNumber, CityPlaced, SensorModel, MinimValue, MaximValue, Unit, SensorType) VALUES (389720, 'Νίκαια Περιβολάκι', 'ZHOEJ-9291', 0, 100, '%', 'Humidity');
INSERT INTO MEASUREMENT (DateTime, SensorID, MeasValue) VALUES (TO_DATE('09/05/18 13:47', 'DD/MM/YY HH24:MI'), 389720, 72);
INSERT INTO SENSOR (SerialNumber, CityPlaced, SensorModel, MinimValue, MaximValue, Unit, SensorType) VALUES (83163, 'Νίκαια Περιβολάκι', 'LWQT-742', 736.0, 1080.9, 'hPa', 'Pressure');
INSERT INTO MEASUREMENT (DateTime, SensorID, MeasValue) VALUES (TO_DATE('09/05/18 13:47', 'DD/MM/YY HH24:MI'), 83163, 1004.7);
INSERT INTO SENSOR (SerialNumber, CityPlaced, SensorModel, MinimValue, MaximValue, Unit, SensorType) VALUES (35786, 'Νίκαια Περιβολάκι', 'LIWT-9482', 0.0, 20.9, 'km/h', 'Wind');
INSERT INTO MEASUREMENT (DateTime, SensorID, MeasValue) VALUES (TO_DATE('09/05/18 13:47', 'DD/MM/YY HH24:MI'), 35786, 12.8);
INSERT INTO SENSOR (SerialNumber, CityPlaced, SensorModel, MinimValue, MaximValue, Unit, SensorType) VALUES (797256, 'Παλαιό Φάληρο 2', 'MIHSU-042', -54.0, 66.9, '°C', 'Temperature');
INSERT INTO MEASUREMENT (DateTime, SensorID, MeasValue) VALUES (TO_DATE('09/05/18 13:45', 'DD/MM/YY HH24:MI'), 797256, 23.1);
INSERT INTO SENSOR (SerialNumber, CityPlaced, SensorModel, MinimValue, MaximValue, Unit, SensorType) VALUES (584397, 'Παλαιό Φάληρο 2', 'VKZGA-1496', 0, 100, '%', 'Humidity');
INSERT INTO MEASUREMENT (DateTime, SensorID, MeasValue) VALUES (TO_DATE('09/05/18 13:45', 'DD/MM/YY HH24:MI'), 584397, 64);
INSERT INTO SENSOR (SerialNumber, CityPlaced, SensorModel, MinimValue, MaximValue, Unit, SensorType) VALUES (16562, 'Παλαιό Φάληρο 2', 'ULRA-482', 748.0, 1055.9, 'hPa', 'Pressure');
INSERT INTO MEASUREMENT (DateTime, SensorID, MeasValue) VALUES (TO_DATE('09/05/18 13:45', 'DD/MM/YY HH24:MI'), 16562, 1004.8);
INSERT INTO SENSOR (SerialNumber, CityPlaced, SensorModel, MinimValue, MaximValue, Unit, SensorType) VALUES (68644, 'Παλαιό Φάληρο 2', 'FMAP-1810', 0.0, 23.9, 'km/h', 'Wind');
INSERT INTO MEASUREMENT (DateTime, SensorID, MeasValue) VALUES (TO_DATE('09/05/18 13:45', 'DD/MM/YY HH24:MI'), 68644, 1.9);
INSERT INTO SENSOR (SerialNumber, CityPlaced, SensorModel, MinimValue, MaximValue, Unit, SensorType) VALUES (290346, 'Παλλήνη Κάντζα', 'DLOAM-225', -54.0, 74.9, '°C', 'Temperature');
INSERT INTO MEASUREMENT (DateTime, SensorID, MeasValue) VALUES (TO_DATE('09/05/18 13:40', 'DD/MM/YY HH24:MI'), 290346, 25.5);
INSERT INTO SENSOR (SerialNumber, CityPlaced, SensorModel, MinimValue, MaximValue, Unit, SensorType) VALUES (714159, 'Παλλήνη Κάντζα', 'WKELT-5207', 0, 100, '%', 'Humidity');
INSERT INTO MEASUREMENT (DateTime, SensorID, MeasValue) VALUES (TO_DATE('09/05/18 13:40', 'DD/MM/YY HH24:MI'), 714159, 46);
INSERT INTO SENSOR (SerialNumber, CityPlaced, SensorModel, MinimValue, MaximValue, Unit, SensorType) VALUES (84714, 'Παλλήνη Κάντζα', 'CVIM-532', 743.0, 1054.9, 'hPa', 'Pressure');
INSERT INTO MEASUREMENT (DateTime, SensorID, MeasValue) VALUES (TO_DATE('09/05/18 13:40', 'DD/MM/YY HH24:MI'), 84714, 1005.1);
INSERT INTO SENSOR (SerialNumber, CityPlaced, SensorModel, MinimValue, MaximValue, Unit, SensorType) VALUES (75036, 'Παλλήνη Κάντζα', 'WAQQ-3883', 0.0, 25.9, 'km/h', 'Wind');
INSERT INTO MEASUREMENT (DateTime, SensorID, MeasValue) VALUES (TO_DATE('09/05/18 13:40', 'DD/MM/YY HH24:MI'), 75036, 8.5);
INSERT INTO SENSOR (SerialNumber, CityPlaced, SensorModel, MinimValue, MaximValue, Unit, SensorType) VALUES (759078, 'Πειραιάς Λόφος Βώκου', 'IHFWM-696', -59.0, 69.9, '°C', 'Temperature');
INSERT INTO MEASUREMENT (DateTime, SensorID, MeasValue) VALUES (TO_DATE('09/05/18 13:43', 'DD/MM/YY HH24:MI'), 759078, 23.6);
INSERT INTO SENSOR (SerialNumber, CityPlaced, SensorModel, MinimValue, MaximValue, Unit, SensorType) VALUES (464905, 'Πειραιάς Λόφος Βώκου', 'EVTGV-9031', 0, 100, '%', 'Humidity');
INSERT INTO MEASUREMENT (DateTime, SensorID, MeasValue) VALUES (TO_DATE('09/05/18 13:43', 'DD/MM/YY HH24:MI'), 464905, 59);
INSERT INTO SENSOR (SerialNumber, CityPlaced, SensorModel, MinimValue, MaximValue, Unit, SensorType) VALUES (19686, 'Πειραιάς Λόφος Βώκου', 'VXLI-768', 739.0, 1092.9, 'hPa', 'Pressure');
INSERT INTO MEASUREMENT (DateTime, SensorID, MeasValue) VALUES (TO_DATE('09/05/18 13:43', 'DD/MM/YY HH24:MI'), 19686, 1007.0);
INSERT INTO SENSOR (SerialNumber, CityPlaced, SensorModel, MinimValue, MaximValue, Unit, SensorType) VALUES (33903, 'Πειραιάς Λόφος Βώκου', 'WNSW-5144', 0.0, 25.9, 'km/h', 'Wind');
INSERT INTO MEASUREMENT (DateTime, SensorID, MeasValue) VALUES (TO_DATE('09/05/18 13:43', 'DD/MM/YY HH24:MI'), 33903, 4.5);
INSERT INTO SENSOR (SerialNumber, CityPlaced, SensorModel, MinimValue, MaximValue, Unit, SensorType) VALUES (389813, 'Πειραιάς', 'HLHOI-208', -55.0, 80.9, '°C', 'Temperature');
INSERT INTO MEASUREMENT (DateTime, SensorID, MeasValue) VALUES (TO_DATE('09/05/18 13:48', 'DD/MM/YY HH24:MI'), 389813, 23.8);
INSERT INTO SENSOR (SerialNumber, CityPlaced, SensorModel, MinimValue, MaximValue, Unit, SensorType) VALUES (145571, 'Πειραιάς', 'WQQTP-9411', 0, 100, '%', 'Humidity');
INSERT INTO MEASUREMENT (DateTime, SensorID, MeasValue) VALUES (TO_DATE('09/05/18 13:48', 'DD/MM/YY HH24:MI'), 145571, 62);
INSERT INTO SENSOR (SerialNumber, CityPlaced, SensorModel, MinimValue, MaximValue, Unit, SensorType) VALUES (89878, 'Πειραιάς', 'KCCV-067', 726.0, 1073.9, 'hPa', 'Pressure');
INSERT INTO MEASUREMENT (DateTime, SensorID, MeasValue) VALUES (TO_DATE('09/05/18 13:48', 'DD/MM/YY HH24:MI'), 89878, 1006.0);
INSERT INTO SENSOR (SerialNumber, CityPlaced, SensorModel, MinimValue, MaximValue, Unit, SensorType) VALUES (81208, 'Πειραιάς', 'RMVL-1158', 0.0, 25.9, 'km/h', 'Wind');
INSERT INTO MEASUREMENT (DateTime, SensorID, MeasValue) VALUES (TO_DATE('09/05/18 13:48', 'DD/MM/YY HH24:MI'), 81208, 5.6);
INSERT INTO SENSOR (SerialNumber, CityPlaced, SensorModel, MinimValue, MaximValue, Unit, SensorType) VALUES (592890, 'Περαμα', 'CAJTV-041', -59.0, 65.9, '°C', 'Temperature');
INSERT INTO MEASUREMENT (DateTime, SensorID, MeasValue) VALUES (TO_DATE('09/05/18 13:45', 'DD/MM/YY HH24:MI'), 592890, 23.7);
INSERT INTO SENSOR (SerialNumber, CityPlaced, SensorModel, MinimValue, MaximValue, Unit, SensorType) VALUES (864445, 'Περαμα', 'WJXKQ-4669', 0, 100, '%', 'Humidity');
INSERT INTO MEASUREMENT (DateTime, SensorID, MeasValue) VALUES (TO_DATE('09/05/18 13:45', 'DD/MM/YY HH24:MI'), 864445, 63);
INSERT INTO SENSOR (SerialNumber, CityPlaced, SensorModel, MinimValue, MaximValue, Unit, SensorType) VALUES (36936, 'Περαμα', 'MBHB-566', 715.0, 1050.9, 'hPa', 'Pressure');
INSERT INTO MEASUREMENT (DateTime, SensorID, MeasValue) VALUES (TO_DATE('09/05/18 13:45', 'DD/MM/YY HH24:MI'), 36936, 1006.8);
INSERT INTO SENSOR (SerialNumber, CityPlaced, SensorModel, MinimValue, MaximValue, Unit, SensorType) VALUES (14271, 'Περαμα', 'NLDY-4341', 0.0, 20.9, 'km/h', 'Wind');
INSERT INTO MEASUREMENT (DateTime, SensorID, MeasValue) VALUES (TO_DATE('09/05/18 13:45', 'DD/MM/YY HH24:MI'), 14271, 8.3);
INSERT INTO SENSOR (SerialNumber, CityPlaced, SensorModel, MinimValue, MaximValue, Unit, SensorType) VALUES (500690, 'Πόρτο Ράφτη Λιμικό', 'PFWBA-263', -59.0, 76.9, '°C', 'Temperature');
INSERT INTO MEASUREMENT (DateTime, SensorID, MeasValue) VALUES (TO_DATE('09/05/18 13:48', 'DD/MM/YY HH24:MI'), 500690, 25.9);
INSERT INTO SENSOR (SerialNumber, CityPlaced, SensorModel, MinimValue, MaximValue, Unit, SensorType) VALUES (136063, 'Πόρτο Ράφτη Λιμικό', 'GHDWS-0089', 0, 100, '%', 'Humidity');
INSERT INTO MEASUREMENT (DateTime, SensorID, MeasValue) VALUES (TO_DATE('09/05/18 13:48', 'DD/MM/YY HH24:MI'), 136063, 48);
INSERT INTO MEASUREMENT (DateTime, SensorID, MeasValue) VALUES (TO_DATE('09/05/18 13:48', 'DD/MM/YY HH24:MI'), 13889, 1002.9);
INSERT INTO SENSOR (SerialNumber, CityPlaced, SensorModel, MinimValue, MaximValue, Unit, SensorType) VALUES (54572, 'Πόρτο Ράφτη Λιμικό', 'ZICO-2096', 0.0, 21.9, 'km/h', 'Wind');
INSERT INTO MEASUREMENT (DateTime, SensorID, MeasValue) VALUES (TO_DATE('09/05/18 13:48', 'DD/MM/YY HH24:MI'), 54572, 9.7);
INSERT INTO SENSOR (SerialNumber, CityPlaced, SensorModel, MinimValue, MaximValue, Unit, SensorType) VALUES (553501, 'Ρέα', 'FJYIN-949', -57.0, 72.9, '°C', 'Temperature');
INSERT INTO MEASUREMENT (DateTime, SensorID, MeasValue) VALUES (TO_DATE('09/05/18 13:45', 'DD/MM/YY HH24:MI'), 553501, 23.5);
INSERT INTO SENSOR (SerialNumber, CityPlaced, SensorModel, MinimValue, MaximValue, Unit, SensorType) VALUES (167484, 'Ρέα', 'VLBBO-3409', 0, 100, '%', 'Humidity');
INSERT INTO MEASUREMENT (DateTime, SensorID, MeasValue) VALUES (TO_DATE('09/05/18 13:45', 'DD/MM/YY HH24:MI'), 167484, 55);
INSERT INTO SENSOR (SerialNumber, CityPlaced, SensorModel, MinimValue, MaximValue, Unit, SensorType) VALUES (17709, 'Ρέα', 'MLNP-918', 701.0, 1091.9, 'hPa', 'Pressure');
INSERT INTO MEASUREMENT (DateTime, SensorID, MeasValue) VALUES (TO_DATE('09/05/18 13:45', 'DD/MM/YY HH24:MI'), 17709, 1004.4);
INSERT INTO SENSOR (SerialNumber, CityPlaced, SensorModel, MinimValue, MaximValue, Unit, SensorType) VALUES (69536, 'Ρέα', 'MUUA-5134', 0.0, 21.9, 'km/h', 'Wind');
INSERT INTO MEASUREMENT (DateTime, SensorID, MeasValue) VALUES (TO_DATE('09/05/18 13:45', 'DD/MM/YY HH24:MI'), 69536, 1.3);
INSERT INTO SENSOR (SerialNumber, CityPlaced, SensorModel, MinimValue, MaximValue, Unit, SensorType) VALUES (550083, 'Σαλαμίνα', 'YMIZC-990', -58.0, 75.9, '°C', 'Temperature');
INSERT INTO MEASUREMENT (DateTime, SensorID, MeasValue) VALUES (TO_DATE('09/05/18 13:20', 'DD/MM/YY HH24:MI'), 550083, 25.7);
INSERT INTO SENSOR (SerialNumber, CityPlaced, SensorModel, MinimValue, MaximValue, Unit, SensorType) VALUES (492937, 'Σαλαμίνα', 'QOWTW-7763', 0, 100, '%', 'Humidity');
INSERT INTO MEASUREMENT (DateTime, SensorID, MeasValue) VALUES (TO_DATE('09/05/18 13:20', 'DD/MM/YY HH24:MI'), 492937, 55);
INSERT INTO SENSOR (SerialNumber, CityPlaced, SensorModel, MinimValue, MaximValue, Unit, SensorType) VALUES (61476, 'Σαλαμίνα', 'GOFJ-549', 750.0, 1096.9, 'hPa', 'Pressure');
INSERT INTO MEASUREMENT (DateTime, SensorID, MeasValue) VALUES (TO_DATE('09/05/18 13:20', 'DD/MM/YY HH24:MI'), 61476, 1004.9);
INSERT INTO SENSOR (SerialNumber, CityPlaced, SensorModel, MinimValue, MaximValue, Unit, SensorType) VALUES (88878, 'Σαλαμίνα', 'ZGEN-5581', 0.0, 25.9, 'km/h', 'Wind');
INSERT INTO MEASUREMENT (DateTime, SensorID, MeasValue) VALUES (TO_DATE('09/05/18 13:20', 'DD/MM/YY HH24:MI'), 88878, 4.8);
INSERT INTO SENSOR (SerialNumber, CityPlaced, SensorModel, MinimValue, MaximValue, Unit, SensorType) VALUES (661048, 'Σχινιάς', 'TQIZX-308', -60.0, 69.9, '°C', 'Temperature');
INSERT INTO MEASUREMENT (DateTime, SensorID, MeasValue) VALUES (TO_DATE('09/05/18 13:40', 'DD/MM/YY HH24:MI'), 661048, 21.4);
INSERT INTO SENSOR (SerialNumber, CityPlaced, SensorModel, MinimValue, MaximValue, Unit, SensorType) VALUES (116309, 'Σχινιάς', 'ALRZP-6944', 0, 100, '%', 'Humidity');
INSERT INTO MEASUREMENT (DateTime, SensorID, MeasValue) VALUES (TO_DATE('09/05/18 13:40', 'DD/MM/YY HH24:MI'), 116309, 0);
INSERT INTO SENSOR (SerialNumber, CityPlaced, SensorModel, MinimValue, MaximValue, Unit, SensorType) VALUES (66715, 'Σχινιάς', 'YJBX-878', 743.0, 1062.9, 'hPa', 'Pressure');
INSERT INTO MEASUREMENT (DateTime, SensorID, MeasValue) VALUES (TO_DATE('09/05/18 13:40', 'DD/MM/YY HH24:MI'), 66715, 1004.8);
INSERT INTO SENSOR (SerialNumber, CityPlaced, SensorModel, MinimValue, MaximValue, Unit, SensorType) VALUES (59821, 'Σχινιάς', 'MJAW-9797', 0.0, 23.9, 'km/h', 'Wind');
INSERT INTO MEASUREMENT (DateTime, SensorID, MeasValue) VALUES (TO_DATE('09/05/18 13:40', 'DD/MM/YY HH24:MI'), 59821, 10.7);
INSERT INTO SENSOR (SerialNumber, CityPlaced, SensorModel, MinimValue, MaximValue, Unit, SensorType) VALUES (453833, 'Φυλή', 'IUXJS-467', -52.0, 63.9, '°C', 'Temperature');
INSERT INTO MEASUREMENT (DateTime, SensorID, MeasValue) VALUES (TO_DATE('09/05/18 13:43', 'DD/MM/YY HH24:MI'), 453833, 23.3);
INSERT INTO SENSOR (SerialNumber, CityPlaced, SensorModel, MinimValue, MaximValue, Unit, SensorType) VALUES (639805, 'Φυλή', 'CYMBB-5845', 0, 100, '%', 'Humidity');
INSERT INTO MEASUREMENT (DateTime, SensorID, MeasValue) VALUES (TO_DATE('09/05/18 13:43', 'DD/MM/YY HH24:MI'), 639805, 58);
INSERT INTO SENSOR (SerialNumber, CityPlaced, SensorModel, MinimValue, MaximValue, Unit, SensorType) VALUES (82596, 'Φυλή', 'MLPQ-260', 743.0, 1063.9, 'hPa', 'Pressure');
INSERT INTO MEASUREMENT (DateTime, SensorID, MeasValue) VALUES (TO_DATE('09/05/18 13:43', 'DD/MM/YY HH24:MI'), 82596, 1006.0);
INSERT INTO SENSOR (SerialNumber, CityPlaced, SensorModel, MinimValue, MaximValue, Unit, SensorType) VALUES (78080, 'Φυλή', 'GZYT-3421', 0.0, 21.9, 'km/h', 'Wind');
INSERT INTO MEASUREMENT (DateTime, SensorID, MeasValue) VALUES (TO_DATE('09/05/18 13:43', 'DD/MM/YY HH24:MI'), 78080, 3.2);
INSERT INTO SENSOR (SerialNumber, CityPlaced, SensorModel, MinimValue, MaximValue, Unit, SensorType) VALUES (924809, 'Χαλάνδρι 2', 'KCMZG-757', -53.0, 62.9, '°C', 'Temperature');
INSERT INTO MEASUREMENT (DateTime, SensorID, MeasValue) VALUES (TO_DATE('09/05/18 13:48', 'DD/MM/YY HH24:MI'), 924809, 24.5);
INSERT INTO SENSOR (SerialNumber, CityPlaced, SensorModel, MinimValue, MaximValue, Unit, SensorType) VALUES (187633, 'Χαλάνδρι 2', 'NKSKH-2613', 0, 100, '%', 'Humidity');
INSERT INTO MEASUREMENT (DateTime, SensorID, MeasValue) VALUES (TO_DATE('09/05/18 13:48', 'DD/MM/YY HH24:MI'), 187633, 51);
INSERT INTO SENSOR (SerialNumber, CityPlaced, SensorModel, MinimValue, MaximValue, Unit, SensorType) VALUES (18426, 'Χαλάνδρι 2', 'EBDO-981', 734.0, 1065.9, 'hPa', 'Pressure');
INSERT INTO MEASUREMENT (DateTime, SensorID, MeasValue) VALUES (TO_DATE('09/05/18 13:48', 'DD/MM/YY HH24:MI'), 18426, 1005.2);
INSERT INTO SENSOR (SerialNumber, CityPlaced, SensorModel, MinimValue, MaximValue, Unit, SensorType) VALUES (75487, 'Χαλάνδρι 2', 'FNGX-7916', 0.0, 21.9, 'km/h', 'Wind');
INSERT INTO MEASUREMENT (DateTime, SensorID, MeasValue) VALUES (TO_DATE('09/05/18 13:48', 'DD/MM/YY HH24:MI'), 75487, 6.5);
INSERT INTO SENSOR (SerialNumber, CityPlaced, SensorModel, MinimValue, MaximValue, Unit, SensorType) VALUES (520100, 'Αράχωβα', 'XFXFI-825', -60.0, 72.9, '°C', 'Temperature');
INSERT INTO MEASUREMENT (DateTime, SensorID, MeasValue) VALUES (TO_DATE('09/05/18 13:40', 'DD/MM/YY HH24:MI'), 520100, 19.8);
INSERT INTO SENSOR (SerialNumber, CityPlaced, SensorModel, MinimValue, MaximValue, Unit, SensorType) VALUES (979822, 'Αράχωβα', 'XEHEJ-9338', 0, 100, '%', 'Humidity');
INSERT INTO MEASUREMENT (DateTime, SensorID, MeasValue) VALUES (TO_DATE('09/05/18 13:40', 'DD/MM/YY HH24:MI'), 979822, 54);
INSERT INTO SENSOR (SerialNumber, CityPlaced, SensorModel, MinimValue, MaximValue, Unit, SensorType) VALUES (60888, 'Αράχωβα', 'IAQR-333', 706.0, 1069.9, 'hPa', 'Pressure');
INSERT INTO MEASUREMENT (DateTime, SensorID, MeasValue) VALUES (TO_DATE('09/05/18 13:40', 'DD/MM/YY HH24:MI'), 60888, 1005.0);
INSERT INTO SENSOR (SerialNumber, CityPlaced, SensorModel, MinimValue, MaximValue, Unit, SensorType) VALUES (56176, 'Αράχωβα', 'IMLM-9137', 0.0, 22.9, 'km/h', 'Wind');
INSERT INTO MEASUREMENT (DateTime, SensorID, MeasValue) VALUES (TO_DATE('09/05/18 13:40', 'DD/MM/YY HH24:MI'), 56176, 6.8);
INSERT INTO SENSOR (SerialNumber, CityPlaced, SensorModel, MinimValue, MaximValue, Unit, SensorType) VALUES (233503, 'Λιβαδειά', 'NAFSM-345', -55.0, 65.9, '°C', 'Temperature');
INSERT INTO MEASUREMENT (DateTime, SensorID, MeasValue) VALUES (TO_DATE('09/05/18 13:40', 'DD/MM/YY HH24:MI'), 233503, 24.6);
INSERT INTO SENSOR (SerialNumber, CityPlaced, SensorModel, MinimValue, MaximValue, Unit, SensorType) VALUES (312602, 'Λιβαδειά', 'FJFQJ-8749', 0, 100, '%', 'Humidity');
INSERT INTO MEASUREMENT (DateTime, SensorID, MeasValue) VALUES (TO_DATE('09/05/18 13:40', 'DD/MM/YY HH24:MI'), 312602, 59);
INSERT INTO SENSOR (SerialNumber, CityPlaced, SensorModel, MinimValue, MaximValue, Unit, SensorType) VALUES (30779, 'Λιβαδειά', 'OIQJ-798', 742.0, 1060.9, 'hPa', 'Pressure');
INSERT INTO MEASUREMENT (DateTime, SensorID, MeasValue) VALUES (TO_DATE('09/05/18 13:40', 'DD/MM/YY HH24:MI'), 30779, 1005.5);
INSERT INTO SENSOR (SerialNumber, CityPlaced, SensorModel, MinimValue, MaximValue, Unit, SensorType) VALUES (11450, 'Λιβαδειά', 'NLID-7086', 0.0, 21.9, 'km/h', 'Wind');
INSERT INTO MEASUREMENT (DateTime, SensorID, MeasValue) VALUES (TO_DATE('09/05/18 13:40', 'DD/MM/YY HH24:MI'), 11450, 2.1);
INSERT INTO SENSOR (SerialNumber, CityPlaced, SensorModel, MinimValue, MaximValue, Unit, SensorType) VALUES (614569, 'Οινόφυτα', 'OLYMI-211', -56.0, 79.9, '°C', 'Temperature');
INSERT INTO MEASUREMENT (DateTime, SensorID, MeasValue) VALUES (TO_DATE('09/05/18 13:48', 'DD/MM/YY HH24:MI'), 614569, 25.7);
INSERT INTO SENSOR (SerialNumber, CityPlaced, SensorModel, MinimValue, MaximValue, Unit, SensorType) VALUES (141024, 'Οινόφυτα', 'ZMQMX-6912', 0, 100, '%', 'Humidity');
INSERT INTO MEASUREMENT (DateTime, SensorID, MeasValue) VALUES (TO_DATE('09/05/18 13:48', 'DD/MM/YY HH24:MI'), 141024, 51);
INSERT INTO SENSOR (SerialNumber, CityPlaced, SensorModel, MinimValue, MaximValue, Unit, SensorType) VALUES (11714, 'Οινόφυτα', 'PPSF-254', 705.0, 1056.9, 'hPa', 'Pressure');
INSERT INTO MEASUREMENT (DateTime, SensorID, MeasValue) VALUES (TO_DATE('09/05/18 13:48', 'DD/MM/YY HH24:MI'), 11714, 1004.9);
INSERT INTO SENSOR (SerialNumber, CityPlaced, SensorModel, MinimValue, MaximValue, Unit, SensorType) VALUES (29765, 'Οινόφυτα', 'YQOV-0326', 0.0, 23.9, 'km/h', 'Wind');
INSERT INTO MEASUREMENT (DateTime, SensorID, MeasValue) VALUES (TO_DATE('09/05/18 13:48', 'DD/MM/YY HH24:MI'), 29765, 7.2);
INSERT INTO SENSOR (SerialNumber, CityPlaced, SensorModel, MinimValue, MaximValue, Unit, SensorType) VALUES (160110, 'Παρνασσός Σκαμνός', 'ALJXX-454', -57.0, 79.9, '°C', 'Temperature');
INSERT INTO MEASUREMENT (DateTime, SensorID, MeasValue) VALUES (TO_DATE('09/05/18 13:44', 'DD/MM/YY HH24:MI'), 160110, 21.2);
INSERT INTO SENSOR (SerialNumber, CityPlaced, SensorModel, MinimValue, MaximValue, Unit, SensorType) VALUES (665014, 'Παρνασσός Σκαμνός', 'XJGNT-7460', 0, 100, '%', 'Humidity');
INSERT INTO MEASUREMENT (DateTime, SensorID, MeasValue) VALUES (TO_DATE('09/05/18 13:44', 'DD/MM/YY HH24:MI'), 665014, 30);
INSERT INTO SENSOR (SerialNumber, CityPlaced, SensorModel, MinimValue, MaximValue, Unit, SensorType) VALUES (29183, 'Παρνασσός Σκαμνός', 'OBMR-872', 721.0, 1092.9, 'hPa', 'Pressure');
INSERT INTO MEASUREMENT (DateTime, SensorID, MeasValue) VALUES (TO_DATE('09/05/18 13:44', 'DD/MM/YY HH24:MI'), 29183, 1017.3);
INSERT INTO SENSOR (SerialNumber, CityPlaced, SensorModel, MinimValue, MaximValue, Unit, SensorType) VALUES (22186, 'Παρνασσός Σκαμνός', 'KNWB-0895', 0.0, 25.9, 'km/h', 'Wind');
INSERT INTO MEASUREMENT (DateTime, SensorID, MeasValue) VALUES (TO_DATE('09/05/18 13:44', 'DD/MM/YY HH24:MI'), 22186, 0.0);
INSERT INTO SENSOR (SerialNumber, CityPlaced, SensorModel, MinimValue, MaximValue, Unit, SensorType) VALUES (977010, 'Ιστιαία', 'XZDUI-798', -53.0, 63.9, '°C', 'Temperature');
INSERT INTO MEASUREMENT (DateTime, SensorID, MeasValue) VALUES (TO_DATE('09/05/18 13:45', 'DD/MM/YY HH24:MI'), 977010, 24.3);
INSERT INTO SENSOR (SerialNumber, CityPlaced, SensorModel, MinimValue, MaximValue, Unit, SensorType) VALUES (806185, 'Ιστιαία', 'AHXLM-6738', 0, 100, '%', 'Humidity');
INSERT INTO MEASUREMENT (DateTime, SensorID, MeasValue) VALUES (TO_DATE('09/05/18 13:45', 'DD/MM/YY HH24:MI'), 806185, 60);
INSERT INTO SENSOR (SerialNumber, CityPlaced, SensorModel, MinimValue, MaximValue, Unit, SensorType) VALUES (56967, 'Ιστιαία', 'EDPJ-289', 711.0, 1093.9, 'hPa', 'Pressure');
INSERT INTO MEASUREMENT (DateTime, SensorID, MeasValue) VALUES (TO_DATE('09/05/18 13:45', 'DD/MM/YY HH24:MI'), 56967, 1005.8);
INSERT INTO SENSOR (SerialNumber, CityPlaced, SensorModel, MinimValue, MaximValue, Unit, SensorType) VALUES (97033, 'Ιστιαία', 'KUXU-1479', 0.0, 24.9, 'km/h', 'Wind');
INSERT INTO MEASUREMENT (DateTime, SensorID, MeasValue) VALUES (TO_DATE('09/05/18 13:45', 'DD/MM/YY HH24:MI'), 97033, 4.0);
INSERT INTO SENSOR (SerialNumber, CityPlaced, SensorModel, MinimValue, MaximValue, Unit, SensorType) VALUES (108296, 'Κάρυστος', 'HHINO-731', -60.0, 80.9, '°C', 'Temperature');
INSERT INTO MEASUREMENT (DateTime, SensorID, MeasValue) VALUES (TO_DATE('09/05/18 13:39', 'DD/MM/YY HH24:MI'), 108296, 22.0);
INSERT INTO SENSOR (SerialNumber, CityPlaced, SensorModel, MinimValue, MaximValue, Unit, SensorType) VALUES (797879, 'Κάρυστος', 'IHNWD-2727', 0, 100, '%', 'Humidity');
INSERT INTO MEASUREMENT (DateTime, SensorID, MeasValue) VALUES (TO_DATE('09/05/18 13:39', 'DD/MM/YY HH24:MI'), 797879, 74);
INSERT INTO SENSOR (SerialNumber, CityPlaced, SensorModel, MinimValue, MaximValue, Unit, SensorType) VALUES (40948, 'Κάρυστος', 'HZFJ-232', 747.0, 1096.9, 'hPa', 'Pressure');
INSERT INTO MEASUREMENT (DateTime, SensorID, MeasValue) VALUES (TO_DATE('09/05/18 13:39', 'DD/MM/YY HH24:MI'), 40948, 1007.1);
INSERT INTO SENSOR (SerialNumber, CityPlaced, SensorModel, MinimValue, MaximValue, Unit, SensorType) VALUES (87484, 'Κάρυστος', 'UUJB-2928', 0.0, 21.9, 'km/h', 'Wind');
INSERT INTO MEASUREMENT (DateTime, SensorID, MeasValue) VALUES (TO_DATE('09/05/18 13:39', 'DD/MM/YY HH24:MI'), 87484, 7.5);
INSERT INTO SENSOR (SerialNumber, CityPlaced, SensorModel, MinimValue, MaximValue, Unit, SensorType) VALUES (993674, 'Καβοντόρος Πρινιά', 'CMGCO-850', -50.0, 69.9, '°C', 'Temperature');
INSERT INTO MEASUREMENT (DateTime, SensorID, MeasValue) VALUES (TO_DATE('09/05/18 13:44', 'DD/MM/YY HH24:MI'), 993674, 19.7);
INSERT INTO SENSOR (SerialNumber, CityPlaced, SensorModel, MinimValue, MaximValue, Unit, SensorType) VALUES (514104, 'Καβοντόρος Πρινιά', 'HNZYJ-6215', 0, 100, '%', 'Humidity');
INSERT INTO MEASUREMENT (DateTime, SensorID, MeasValue) VALUES (TO_DATE('09/05/18 13:44', 'DD/MM/YY HH24:MI'), 514104, 83);
INSERT INTO SENSOR (SerialNumber, CityPlaced, SensorModel, MinimValue, MaximValue, Unit, SensorType) VALUES (13116, 'Καβοντόρος Πρινιά', 'BQYA-080', 732.0, 1051.9, 'hPa', 'Pressure');
INSERT INTO MEASUREMENT (DateTime, SensorID, MeasValue) VALUES (TO_DATE('09/05/18 13:44', 'DD/MM/YY HH24:MI'), 13116, 1005.2);
INSERT INTO SENSOR (SerialNumber, CityPlaced, SensorModel, MinimValue, MaximValue, Unit, SensorType) VALUES (84832, 'Καβοντόρος Πρινιά', 'NWAJ-5736', 0.0, 21.9, 'km/h', 'Wind');
INSERT INTO MEASUREMENT (DateTime, SensorID, MeasValue) VALUES (TO_DATE('09/05/18 13:44', 'DD/MM/YY HH24:MI'), 84832, 14.8);
INSERT INTO SENSOR (SerialNumber, CityPlaced, SensorModel, MinimValue, MaximValue, Unit, SensorType) VALUES (292687, 'Σέττα', 'NZZTE-315', -58.0, 76.9, '°C', 'Temperature');
INSERT INTO MEASUREMENT (DateTime, SensorID, MeasValue) VALUES (TO_DATE('09/05/18 13:43', 'DD/MM/YY HH24:MI'), 292687, 19.7);
INSERT INTO SENSOR (SerialNumber, CityPlaced, SensorModel, MinimValue, MaximValue, Unit, SensorType) VALUES (190987, 'Σέττα', 'CYAZM-8933', 0, 100, '%', 'Humidity');
INSERT INTO MEASUREMENT (DateTime, SensorID, MeasValue) VALUES (TO_DATE('09/05/18 13:43', 'DD/MM/YY HH24:MI'), 190987, 64);
INSERT INTO SENSOR (SerialNumber, CityPlaced, SensorModel, MinimValue, MaximValue, Unit, SensorType) VALUES (71424, 'Σέττα', 'FKNK-105', 727.0, 1056.9, 'hPa', 'Pressure');
INSERT INTO MEASUREMENT (DateTime, SensorID, MeasValue) VALUES (TO_DATE('09/05/18 13:43', 'DD/MM/YY HH24:MI'), 71424, 1005.5);
INSERT INTO SENSOR (SerialNumber, CityPlaced, SensorModel, MinimValue, MaximValue, Unit, SensorType) VALUES (60603, 'Σέττα', 'ETFN-7999', 0.0, 20.9, 'km/h', 'Wind');
INSERT INTO MEASUREMENT (DateTime, SensorID, MeasValue) VALUES (TO_DATE('09/05/18 13:43', 'DD/MM/YY HH24:MI'), 60603, 1.1);
INSERT INTO SENSOR (SerialNumber, CityPlaced, SensorModel, MinimValue, MaximValue, Unit, SensorType) VALUES (614660, 'Χαλκίδα, Δροσιά Ανθηδώνος', 'XABYB-032', -50.0, 62.9, '°C', 'Temperature');
INSERT INTO MEASUREMENT (DateTime, SensorID, MeasValue) VALUES (TO_DATE('09/05/18 13:37', 'DD/MM/YY HH24:MI'), 614660, 21.3);
INSERT INTO SENSOR (SerialNumber, CityPlaced, SensorModel, MinimValue, MaximValue, Unit, SensorType) VALUES (454992, 'Χαλκίδα, Δροσιά Ανθηδώνος', 'LDBLE-8921', 0, 100, '%', 'Humidity');
INSERT INTO MEASUREMENT (DateTime, SensorID, MeasValue) VALUES (TO_DATE('09/05/18 13:37', 'DD/MM/YY HH24:MI'), 454992, 75);
INSERT INTO SENSOR (SerialNumber, CityPlaced, SensorModel, MinimValue, MaximValue, Unit, SensorType) VALUES (20204, 'Χαλκίδα, Δροσιά Ανθηδώνος', 'HEPO-026', 708.0, 1089.9, 'hPa', 'Pressure');
INSERT INTO MEASUREMENT (DateTime, SensorID, MeasValue) VALUES (TO_DATE('09/05/18 13:37', 'DD/MM/YY HH24:MI'), 20204, 1003.7);
INSERT INTO SENSOR (SerialNumber, CityPlaced, SensorModel, MinimValue, MaximValue, Unit, SensorType) VALUES (43862, 'Χαλκίδα, Δροσιά Ανθηδώνος', 'YRHK-0108', 0.0, 22.9, 'km/h', 'Wind');
INSERT INTO MEASUREMENT (DateTime, SensorID, MeasValue) VALUES (TO_DATE('09/05/18 13:37', 'DD/MM/YY HH24:MI'), 43862, 4.3);
INSERT INTO SENSOR (SerialNumber, CityPlaced, SensorModel, MinimValue, MaximValue, Unit, SensorType) VALUES (502863, 'Χαλκίδα', 'TQIFH-797', -59.0, 75.9, '°C', 'Temperature');
INSERT INTO MEASUREMENT (DateTime, SensorID, MeasValue) VALUES (TO_DATE('09/05/18 13:45', 'DD/MM/YY HH24:MI'), 502863, 25.0);
INSERT INTO SENSOR (SerialNumber, CityPlaced, SensorModel, MinimValue, MaximValue, Unit, SensorType) VALUES (968258, 'Χαλκίδα', 'UDQHR-9540', 0, 100, '%', 'Humidity');
INSERT INTO MEASUREMENT (DateTime, SensorID, MeasValue) VALUES (TO_DATE('09/05/18 13:45', 'DD/MM/YY HH24:MI'), 968258, 59);
INSERT INTO SENSOR (SerialNumber, CityPlaced, SensorModel, MinimValue, MaximValue, Unit, SensorType) VALUES (40554, 'Χαλκίδα', 'ZIXJ-484', 750.0, 1087.9, 'hPa', 'Pressure');
INSERT INTO MEASUREMENT (DateTime, SensorID, MeasValue) VALUES (TO_DATE('09/05/18 13:45', 'DD/MM/YY HH24:MI'), 40554, 1004.7);
INSERT INTO SENSOR (SerialNumber, CityPlaced, SensorModel, MinimValue, MaximValue, Unit, SensorType) VALUES (80245, 'Χαλκίδα', 'ZSRE-8649', 0.0, 20.9, 'km/h', 'Wind');
INSERT INTO MEASUREMENT (DateTime, SensorID, MeasValue) VALUES (TO_DATE('09/05/18 13:45', 'DD/MM/YY HH24:MI'), 80245, 4.6);
INSERT INTO SENSOR (SerialNumber, CityPlaced, SensorModel, MinimValue, MaximValue, Unit, SensorType) VALUES (308514, 'Ωρεοί', 'FDIZY-438', -51.0, 64.9, '°C', 'Temperature');
INSERT INTO MEASUREMENT (DateTime, SensorID, MeasValue) VALUES (TO_DATE('09/05/18 13:45', 'DD/MM/YY HH24:MI'), 308514, 23.3);
INSERT INTO SENSOR (SerialNumber, CityPlaced, SensorModel, MinimValue, MaximValue, Unit, SensorType) VALUES (125835, 'Ωρεοί', 'TOUSN-3944', 0, 100, '%', 'Humidity');
INSERT INTO MEASUREMENT (DateTime, SensorID, MeasValue) VALUES (TO_DATE('09/05/18 13:45', 'DD/MM/YY HH24:MI'), 125835, 60);
INSERT INTO SENSOR (SerialNumber, CityPlaced, SensorModel, MinimValue, MaximValue, Unit, SensorType) VALUES (74019, 'Ωρεοί', 'RYTL-698', 720.0, 1086.9, 'hPa', 'Pressure');
INSERT INTO MEASUREMENT (DateTime, SensorID, MeasValue) VALUES (TO_DATE('09/05/18 13:45', 'DD/MM/YY HH24:MI'), 74019, 1003.1);
INSERT INTO SENSOR (SerialNumber, CityPlaced, SensorModel, MinimValue, MaximValue, Unit, SensorType) VALUES (52340, 'Ωρεοί', 'BTEY-7024', 0.0, 20.9, 'km/h', 'Wind');
INSERT INTO MEASUREMENT (DateTime, SensorID, MeasValue) VALUES (TO_DATE('09/05/18 13:45', 'DD/MM/YY HH24:MI'), 52340, 4.8);
INSERT INTO SENSOR (SerialNumber, CityPlaced, SensorModel, MinimValue, MaximValue, Unit, SensorType) VALUES (194927, 'Καμμένα Βούρλα, Καινούργιο', 'VFSDZ-005', -54.0, 61.9, '°C', 'Temperature');
INSERT INTO MEASUREMENT (DateTime, SensorID, MeasValue) VALUES (TO_DATE('09/05/18 13:44', 'DD/MM/YY HH24:MI'), 194927, 23.8);
INSERT INTO SENSOR (SerialNumber, CityPlaced, SensorModel, MinimValue, MaximValue, Unit, SensorType) VALUES (293940, 'Καμμένα Βούρλα, Καινούργιο', 'EJCLN-0900', 0, 100, '%', 'Humidity');
INSERT INTO MEASUREMENT (DateTime, SensorID, MeasValue) VALUES (TO_DATE('09/05/18 13:44', 'DD/MM/YY HH24:MI'), 293940, 56);
INSERT INTO SENSOR (SerialNumber, CityPlaced, SensorModel, MinimValue, MaximValue, Unit, SensorType) VALUES (62295, 'Καμμένα Βούρλα, Καινούργιο', 'GQXV-109', 719.0, 1096.9, 'hPa', 'Pressure');
INSERT INTO MEASUREMENT (DateTime, SensorID, MeasValue) VALUES (TO_DATE('09/05/18 13:44', 'DD/MM/YY HH24:MI'), 62295, 1004.7);
INSERT INTO SENSOR (SerialNumber, CityPlaced, SensorModel, MinimValue, MaximValue, Unit, SensorType) VALUES (75370, 'Καμμένα Βούρλα, Καινούργιο', 'EFZI-5808', 0.0, 24.9, 'km/h', 'Wind');
INSERT INTO MEASUREMENT (DateTime, SensorID, MeasValue) VALUES (TO_DATE('09/05/18 13:44', 'DD/MM/YY HH24:MI'), 75370, 5.1);
INSERT INTO SENSOR (SerialNumber, CityPlaced, SensorModel, MinimValue, MaximValue, Unit, SensorType) VALUES (925391, 'Λαμία Άμπλιανη', 'IJOUY-654', -50.0, 62.9, '°C', 'Temperature');
INSERT INTO MEASUREMENT (DateTime, SensorID, MeasValue) VALUES (TO_DATE('09/05/18 13:40', 'DD/MM/YY HH24:MI'), 925391, 25.2);
INSERT INTO SENSOR (SerialNumber, CityPlaced, SensorModel, MinimValue, MaximValue, Unit, SensorType) VALUES (301336, 'Λαμία Άμπλιανη', 'BUJGV-4673', 0, 100, '%', 'Humidity');
INSERT INTO MEASUREMENT (DateTime, SensorID, MeasValue) VALUES (TO_DATE('09/05/18 13:40', 'DD/MM/YY HH24:MI'), 301336, 44);
INSERT INTO SENSOR (SerialNumber, CityPlaced, SensorModel, MinimValue, MaximValue, Unit, SensorType) VALUES (92191, 'Λαμία Άμπλιανη', 'ABOP-408', 750.0, 1099.9, 'hPa', 'Pressure');
INSERT INTO MEASUREMENT (DateTime, SensorID, MeasValue) VALUES (TO_DATE('09/05/18 13:40', 'DD/MM/YY HH24:MI'), 92191, 1003.8);
INSERT INTO SENSOR (SerialNumber, CityPlaced, SensorModel, MinimValue, MaximValue, Unit, SensorType) VALUES (99702, 'Λαμία Άμπλιανη', 'NQQY-1082', 0.0, 21.9, 'km/h', 'Wind');
INSERT INTO MEASUREMENT (DateTime, SensorID, MeasValue) VALUES (TO_DATE('09/05/18 13:40', 'DD/MM/YY HH24:MI'), 99702, 6.9);
INSERT INTO SENSOR (SerialNumber, CityPlaced, SensorModel, MinimValue, MaximValue, Unit, SensorType) VALUES (608009, 'Ράχες', 'ULKYD-557', -55.0, 76.9, '°C', 'Temperature');
INSERT INTO MEASUREMENT (DateTime, SensorID, MeasValue) VALUES (TO_DATE('09/05/18 13:45', 'DD/MM/YY HH24:MI'), 608009, 25.2);
INSERT INTO SENSOR (SerialNumber, CityPlaced, SensorModel, MinimValue, MaximValue, Unit, SensorType) VALUES (917014, 'Ράχες', 'IAIWU-6861', 0, 100, '%', 'Humidity');
INSERT INTO MEASUREMENT (DateTime, SensorID, MeasValue) VALUES (TO_DATE('09/05/18 13:45', 'DD/MM/YY HH24:MI'), 917014, 59);
INSERT INTO SENSOR (SerialNumber, CityPlaced, SensorModel, MinimValue, MaximValue, Unit, SensorType) VALUES (48507, 'Ράχες', 'DMAF-062', 738.0, 1076.9, 'hPa', 'Pressure');
INSERT INTO MEASUREMENT (DateTime, SensorID, MeasValue) VALUES (TO_DATE('09/05/18 13:45', 'DD/MM/YY HH24:MI'), 48507, 1004.8);
INSERT INTO SENSOR (SerialNumber, CityPlaced, SensorModel, MinimValue, MaximValue, Unit, SensorType) VALUES (75528, 'Ράχες', 'NAWU-8410', 0.0, 22.9, 'km/h', 'Wind');
INSERT INTO MEASUREMENT (DateTime, SensorID, MeasValue) VALUES (TO_DATE('09/05/18 13:45', 'DD/MM/YY HH24:MI'), 75528, 11.0);

COMMIT;

MERGE INTO MONTHLY_STATISTICS
USING (SELECT S.CITYPLACED AS City, MIN(M.MEASVALUE) AS Minim, MAX(M.MEASVALUE) AS Maxim, ROUND(AVG(M.MEASVALUE),1) AS Avrg, S.SENSORTYPE AS S_Type, TO_CHAR(M.DATETIME, 'MM/YY') AS CurDate
FROM MEASUREMENT M INNER JOIN SENSOR S ON M.SENSORID = S.SERIALNUMBER
WHERE TO_CHAR(M.DATETIME, 'MM/YY') = '05/18'
GROUP BY S.CITYPLACED, S.SENSORTYPE, TO_CHAR(M.DATETIME, 'MM/YY')) TMP
ON (TMP.City = M_STATCITY AND TMP.CurDate = TO_CHAR(MONTHID, 'MM/YY') AND TMP.S_Type = M_STATTYPE)
WHEN NOT MATCHED THEN INSERT (MONTHID, M_STATCITY, M_STATMIN, M_STATMAX, M_STATAVG, M_STATTYPE) VALUES (TO_DATE(TMP.CurDate, 'MM/YY'), TMP.City, TMP.Minim, TMP.Maxim, TMP.Avrg, TMP.S_Type)
WHEN MATCHED THEN UPDATE SET M_STATMIN = TMP.Minim, M_STATMAX = TMP.Maxim, M_STATAVG = TMP.Avrg;

MERGE INTO DAILY_STATISTICS
USING (SELECT S.CITYPLACED AS City, MIN(M.MEASVALUE) AS Minim, MAX(M.MEASVALUE) AS Maxim, ROUND(AVG(M.MEASVALUE),1) AS Avrg, S.SENSORTYPE AS S_Type, TO_CHAR(M.DATETIME, 'DD/MM/YY') AS CurDate
FROM MEASUREMENT M INNER JOIN SENSOR S ON M.SENSORID = S.SERIALNUMBER
WHERE TO_CHAR(M.DATETIME, 'DD/MM/YY') = '09/05/18'
GROUP BY S.CITYPLACED, S.SENSORTYPE, TO_CHAR(M.DATETIME, 'DD/MM/YY')) TMP
ON (TMP.City = D_STATCITY AND TMP.CurDate = TO_CHAR(DAYID, 'DD/MM/YY') AND TMP.S_Type = D_STATTYPE)
WHEN NOT MATCHED THEN INSERT (DAYID, D_STATCITY, D_STATMIN, D_STATMAX, D_STATAVG, D_STATTYPE) VALUES (TO_DATE(TMP.CurDate, 'DD/MM/YY'), TMP.City, TMP.Minim, TMP.Maxim, TMP.Avrg, TMP.S_Type)
WHEN MATCHED THEN UPDATE SET D_STATMIN = TMP.Minim, D_STATMAX = TMP.Maxim, D_STATAVG = TMP.Avrg;

COMMIT;

INSERT INTO WEATHER_STATION (City, Prefecture, StationOP, Altitude, Latitude, Longitude) VALUES('Βαλανειό', 'Κέρκυρα', 'M.C.', '175', '39.733255', '19.755649');
INSERT INTO WEATHER_STATION (City, Prefecture, StationOP, Altitude, Latitude, Longitude) VALUES('Αχαρναί Άγιος Πέτρος', 'Αττική', 'P.W.S.', '230', '38.095795', '23.731017');
INSERT INTO SENSOR (SerialNumber, CityPlaced, SensorModel, MinimValue, MaximValue, Unit, SensorType) VALUES (999289, 'Νάξος Γαλανάδον', 'PUXRA-248', -51.0, 65.9, '°C', 'Temperature');
INSERT INTO MEASUREMENT (DateTime, SensorID, MeasValue) VALUES (TO_DATE('09/05/18 14:45', 'DD/MM/YY HH24:MI'), 999289, 22.8);
INSERT INTO SENSOR (SerialNumber, CityPlaced, SensorModel, MinimValue, MaximValue, Unit, SensorType) VALUES (554177, 'Νάξος Γαλανάδον', 'FLLHY-8690', 0, 100, '%', 'Humidity');
INSERT INTO MEASUREMENT (DateTime, SensorID, MeasValue) VALUES (TO_DATE('09/05/18 14:45', 'DD/MM/YY HH24:MI'), 554177, 65);
INSERT INTO SENSOR (SerialNumber, CityPlaced, SensorModel, MinimValue, MaximValue, Unit, SensorType) VALUES (20522, 'Νάξος Γαλανάδον', 'XZUD-325', 750.0, 1088.9, 'hPa', 'Pressure');
INSERT INTO MEASUREMENT (DateTime, SensorID, MeasValue) VALUES (TO_DATE('09/05/18 14:45', 'DD/MM/YY HH24:MI'), 20522, 1008.3);
INSERT INTO SENSOR (SerialNumber, CityPlaced, SensorModel, MinimValue, MaximValue, Unit, SensorType) VALUES (98052, 'Νάξος Γαλανάδον', 'SCWG-9101', 0.0, 22.9, 'km/h', 'Wind');
INSERT INTO MEASUREMENT (DateTime, SensorID, MeasValue) VALUES (TO_DATE('09/05/18 14:45', 'DD/MM/YY HH24:MI'), 98052, 13.7);
INSERT INTO SENSOR (SerialNumber, CityPlaced, SensorModel, MinimValue, MaximValue, Unit, SensorType) VALUES (324347, 'Σύρος', 'WVACJ-702', -60.0, 78.9, '°C', 'Temperature');
INSERT INTO MEASUREMENT (DateTime, SensorID, MeasValue) VALUES (TO_DATE('09/05/18 14:45', 'DD/MM/YY HH24:MI'), 324347, 25.3);
INSERT INTO SENSOR (SerialNumber, CityPlaced, SensorModel, MinimValue, MaximValue, Unit, SensorType) VALUES (901405, 'Σύρος', 'NGFSY-2683', 0, 100, '%', 'Humidity');
INSERT INTO MEASUREMENT (DateTime, SensorID, MeasValue) VALUES (TO_DATE('09/05/18 14:45', 'DD/MM/YY HH24:MI'), 901405, 60);
INSERT INTO SENSOR (SerialNumber, CityPlaced, SensorModel, MinimValue, MaximValue, Unit, SensorType) VALUES (38710, 'Σύρος', 'LJWD-669', 712.0, 1052.9, 'hPa', 'Pressure');
INSERT INTO MEASUREMENT (DateTime, SensorID, MeasValue) VALUES (TO_DATE('09/05/18 14:45', 'DD/MM/YY HH24:MI'), 38710, 1006.1);
INSERT INTO SENSOR (SerialNumber, CityPlaced, SensorModel, MinimValue, MaximValue, Unit, SensorType) VALUES (60501, 'Σύρος', 'BWPE-5318', 0.0, 25.9, 'km/h', 'Wind');
INSERT INTO MEASUREMENT (DateTime, SensorID, MeasValue) VALUES (TO_DATE('09/05/18 14:45', 'DD/MM/YY HH24:MI'), 60501, 8.6);
INSERT INTO SENSOR (SerialNumber, CityPlaced, SensorModel, MinimValue, MaximValue, Unit, SensorType) VALUES (966061, 'Θεοδώριανα', 'EIING-494', -50.0, 70.9, '°C', 'Temperature');
INSERT INTO MEASUREMENT (DateTime, SensorID, MeasValue) VALUES (TO_DATE('09/05/18 14:43', 'DD/MM/YY HH24:MI'), 966061, 16.7);
INSERT INTO SENSOR (SerialNumber, CityPlaced, SensorModel, MinimValue, MaximValue, Unit, SensorType) VALUES (938644, 'Θεοδώριανα', 'FCETN-3667', 0, 100, '%', 'Humidity');
INSERT INTO MEASUREMENT (DateTime, SensorID, MeasValue) VALUES (TO_DATE('09/05/18 14:43', 'DD/MM/YY HH24:MI'), 938644, 74);
INSERT INTO SENSOR (SerialNumber, CityPlaced, SensorModel, MinimValue, MaximValue, Unit, SensorType) VALUES (80186, 'Θεοδώριανα', 'BKSA-884', 749.0, 1081.9, 'hPa', 'Pressure');
INSERT INTO MEASUREMENT (DateTime, SensorID, MeasValue) VALUES (TO_DATE('09/05/18 14:43', 'DD/MM/YY HH24:MI'), 80186, 1003.8);
INSERT INTO SENSOR (SerialNumber, CityPlaced, SensorModel, MinimValue, MaximValue, Unit, SensorType) VALUES (21130, 'Θεοδώριανα', 'ROJE-8746', 0.0, 22.9, 'km/h', 'Wind');
INSERT INTO MEASUREMENT (DateTime, SensorID, MeasValue) VALUES (TO_DATE('09/05/18 14:43', 'DD/MM/YY HH24:MI'), 21130, 8.1);
INSERT INTO SENSOR (SerialNumber, CityPlaced, SensorModel, MinimValue, MaximValue, Unit, SensorType) VALUES (509675, 'Κομπότι', 'TYQJZ-406', -51.0, 75.9, '°C', 'Temperature');
INSERT INTO MEASUREMENT (DateTime, SensorID, MeasValue) VALUES (TO_DATE('09/05/18 14:45', 'DD/MM/YY HH24:MI'), 509675, 23.5);
INSERT INTO SENSOR (SerialNumber, CityPlaced, SensorModel, MinimValue, MaximValue, Unit, SensorType) VALUES (288076, 'Κομπότι', 'GWWVE-6946', 0, 100, '%', 'Humidity');
INSERT INTO MEASUREMENT (DateTime, SensorID, MeasValue) VALUES (TO_DATE('09/05/18 14:45', 'DD/MM/YY HH24:MI'), 288076, 68);
INSERT INTO SENSOR (SerialNumber, CityPlaced, SensorModel, MinimValue, MaximValue, Unit, SensorType) VALUES (72330, 'Κομπότι', 'EJIU-353', 717.0, 1090.9, 'hPa', 'Pressure');
INSERT INTO MEASUREMENT (DateTime, SensorID, MeasValue) VALUES (TO_DATE('09/05/18 14:45', 'DD/MM/YY HH24:MI'), 72330, 1005.2);
INSERT INTO SENSOR (SerialNumber, CityPlaced, SensorModel, MinimValue, MaximValue, Unit, SensorType) VALUES (47350, 'Κομπότι', 'LBEW-9870', 0.0, 25.9, 'km/h', 'Wind');
INSERT INTO MEASUREMENT (DateTime, SensorID, MeasValue) VALUES (TO_DATE('09/05/18 14:45', 'DD/MM/YY HH24:MI'), 47350, 9.1);
INSERT INTO SENSOR (SerialNumber, CityPlaced, SensorModel, MinimValue, MaximValue, Unit, SensorType) VALUES (353465, 'Λεπιανά', 'SNPEA-575', -57.0, 65.9, '°C', 'Temperature');
INSERT INTO MEASUREMENT (DateTime, SensorID, MeasValue) VALUES (TO_DATE('09/05/18 14:45', 'DD/MM/YY HH24:MI'), 353465, 21.1);
INSERT INTO SENSOR (SerialNumber, CityPlaced, SensorModel, MinimValue, MaximValue, Unit, SensorType) VALUES (548337, 'Λεπιανά', 'SFRPK-6395', 0, 100, '%', 'Humidity');
INSERT INTO MEASUREMENT (DateTime, SensorID, MeasValue) VALUES (TO_DATE('09/05/18 14:45', 'DD/MM/YY HH24:MI'), 548337, 68);
INSERT INTO SENSOR (SerialNumber, CityPlaced, SensorModel, MinimValue, MaximValue, Unit, SensorType) VALUES (25914, 'Λεπιανά', 'TZXW-126', 734.0, 1097.9, 'hPa', 'Pressure');
INSERT INTO MEASUREMENT (DateTime, SensorID, MeasValue) VALUES (TO_DATE('09/05/18 14:45', 'DD/MM/YY HH24:MI'), 25914, 1003.7);
INSERT INTO SENSOR (SerialNumber, CityPlaced, SensorModel, MinimValue, MaximValue, Unit, SensorType) VALUES (21342, 'Λεπιανά', 'JMLN-0252', 0.0, 22.9, 'km/h', 'Wind');
INSERT INTO MEASUREMENT (DateTime, SensorID, MeasValue) VALUES (TO_DATE('09/05/18 14:45', 'DD/MM/YY HH24:MI'), 21342, 3.2);
INSERT INTO SENSOR (SerialNumber, CityPlaced, SensorModel, MinimValue, MaximValue, Unit, SensorType) VALUES (606320, 'Ηγουμενίτσα', 'SGTCO-984', -50.0, 71.9, '°C', 'Temperature');
INSERT INTO MEASUREMENT (DateTime, SensorID, MeasValue) VALUES (TO_DATE('09/05/18 14:43', 'DD/MM/YY HH24:MI'), 606320, 21.7);
INSERT INTO SENSOR (SerialNumber, CityPlaced, SensorModel, MinimValue, MaximValue, Unit, SensorType) VALUES (703518, 'Ηγουμενίτσα', 'BDCNU-7570', 0, 100, '%', 'Humidity');
INSERT INTO MEASUREMENT (DateTime, SensorID, MeasValue) VALUES (TO_DATE('09/05/18 14:43', 'DD/MM/YY HH24:MI'), 703518, 74);
INSERT INTO SENSOR (SerialNumber, CityPlaced, SensorModel, MinimValue, MaximValue, Unit, SensorType) VALUES (73235, 'Ηγουμενίτσα', 'CZPW-843', 722.0, 1092.9, 'hPa', 'Pressure');
INSERT INTO MEASUREMENT (DateTime, SensorID, MeasValue) VALUES (TO_DATE('09/05/18 14:43', 'DD/MM/YY HH24:MI'), 73235, 1005.9);
INSERT INTO SENSOR (SerialNumber, CityPlaced, SensorModel, MinimValue, MaximValue, Unit, SensorType) VALUES (99889, 'Ηγουμενίτσα', 'EFCD-2708', 0.0, 20.9, 'km/h', 'Wind');
INSERT INTO MEASUREMENT (DateTime, SensorID, MeasValue) VALUES (TO_DATE('09/05/18 14:43', 'DD/MM/YY HH24:MI'), 99889, 11.5);
INSERT INTO SENSOR (SerialNumber, CityPlaced, SensorModel, MinimValue, MaximValue, Unit, SensorType) VALUES (277849, 'Φιλοθέη', 'SHEHF-964', -52.0, 65.9, '°C', 'Temperature');
INSERT INTO MEASUREMENT (DateTime, SensorID, MeasValue) VALUES (TO_DATE('09/05/18 14:46', 'DD/MM/YY HH24:MI'), 277849, 22.1);
INSERT INTO SENSOR (SerialNumber, CityPlaced, SensorModel, MinimValue, MaximValue, Unit, SensorType) VALUES (930555, 'Φιλοθέη', 'YWTGH-6201', 0, 100, '%', 'Humidity');
INSERT INTO MEASUREMENT (DateTime, SensorID, MeasValue) VALUES (TO_DATE('09/05/18 14:46', 'DD/MM/YY HH24:MI'), 930555, 94);
INSERT INTO SENSOR (SerialNumber, CityPlaced, SensorModel, MinimValue, MaximValue, Unit, SensorType) VALUES (58543, 'Φιλοθέη', 'CMIF-498', 748.0, 1080.9, 'hPa', 'Pressure');
INSERT INTO MEASUREMENT (DateTime, SensorID, MeasValue) VALUES (TO_DATE('09/05/18 14:46', 'DD/MM/YY HH24:MI'), 58543, 1007.4);
INSERT INTO SENSOR (SerialNumber, CityPlaced, SensorModel, MinimValue, MaximValue, Unit, SensorType) VALUES (23988, 'Φιλοθέη', 'FQZH-6764', 0.0, 24.9, 'km/h', 'Wind');
INSERT INTO MEASUREMENT (DateTime, SensorID, MeasValue) VALUES (TO_DATE('09/05/18 14:46', 'DD/MM/YY HH24:MI'), 23988, 8.7);
INSERT INTO SENSOR (SerialNumber, CityPlaced, SensorModel, MinimValue, MaximValue, Unit, SensorType) VALUES (937853, 'Alexan', 'YGYGU-849', -59.0, 65.9, '°C', 'Temperature');
INSERT INTO MEASUREMENT (DateTime, SensorID, MeasValue) VALUES (TO_DATE('09/05/18 14:44', 'DD/MM/YY HH24:MI'), 937853, 22.7);
INSERT INTO SENSOR (SerialNumber, CityPlaced, SensorModel, MinimValue, MaximValue, Unit, SensorType) VALUES (111543, 'Alexan', 'ZDIHQ-9520', 0, 100, '%', 'Humidity');
INSERT INTO MEASUREMENT (DateTime, SensorID, MeasValue) VALUES (TO_DATE('09/05/18 14:44', 'DD/MM/YY HH24:MI'), 111543, 76);
INSERT INTO SENSOR (SerialNumber, CityPlaced, SensorModel, MinimValue, MaximValue, Unit, SensorType) VALUES (26611, 'Alexan', 'FGWX-524', 728.0, 1085.9, 'hPa', 'Pressure');
INSERT INTO MEASUREMENT (DateTime, SensorID, MeasValue) VALUES (TO_DATE('09/05/18 14:44', 'DD/MM/YY HH24:MI'), 26611, 1003.1);
INSERT INTO SENSOR (SerialNumber, CityPlaced, SensorModel, MinimValue, MaximValue, Unit, SensorType) VALUES (75235, 'Alexan', 'HOPZ-5476', 0.0, 22.9, 'km/h', 'Wind');
INSERT INTO MEASUREMENT (DateTime, SensorID, MeasValue) VALUES (TO_DATE('09/05/18 14:44', 'DD/MM/YY HH24:MI'), 75235, 0.0);
INSERT INTO SENSOR (SerialNumber, CityPlaced, SensorModel, MinimValue, MaximValue, Unit, SensorType) VALUES (437457, 'Αγία Κυριακή', 'CWAPQ-598', -59.0, 62.9, '°C', 'Temperature');
INSERT INTO MEASUREMENT (DateTime, SensorID, MeasValue) VALUES (TO_DATE('09/05/18 14:46', 'DD/MM/YY HH24:MI'), 437457, 20.8);
INSERT INTO SENSOR (SerialNumber, CityPlaced, SensorModel, MinimValue, MaximValue, Unit, SensorType) VALUES (601378, 'Αγία Κυριακή', 'LYCKP-0054', 0, 100, '%', 'Humidity');
INSERT INTO MEASUREMENT (DateTime, SensorID, MeasValue) VALUES (TO_DATE('09/05/18 14:46', 'DD/MM/YY HH24:MI'), 601378, 72);
INSERT INTO SENSOR (SerialNumber, CityPlaced, SensorModel, MinimValue, MaximValue, Unit, SensorType) VALUES (32174, 'Αγία Κυριακή', 'SHUM-114', 744.0, 1082.9, 'hPa', 'Pressure');
INSERT INTO MEASUREMENT (DateTime, SensorID, MeasValue) VALUES (TO_DATE('09/05/18 14:46', 'DD/MM/YY HH24:MI'), 32174, 1005.6);
INSERT INTO SENSOR (SerialNumber, CityPlaced, SensorModel, MinimValue, MaximValue, Unit, SensorType) VALUES (53683, 'Αγία Κυριακή', 'GUPZ-2962', 0.0, 23.9, 'km/h', 'Wind');
INSERT INTO MEASUREMENT (DateTime, SensorID, MeasValue) VALUES (TO_DATE('09/05/18 14:46', 'DD/MM/YY HH24:MI'), 53683, 6.2);
INSERT INTO SENSOR (SerialNumber, CityPlaced, SensorModel, MinimValue, MaximValue, Unit, SensorType) VALUES (836703, 'Αγία Παρασκευή Κεράσοβο', 'UZDEP-448', -60.0, 65.9, '°C', 'Temperature');
INSERT INTO MEASUREMENT (DateTime, SensorID, MeasValue) VALUES (TO_DATE('09/05/18 14:44', 'DD/MM/YY HH24:MI'), 836703, 14.1);
INSERT INTO SENSOR (SerialNumber, CityPlaced, SensorModel, MinimValue, MaximValue, Unit, SensorType) VALUES (147843, 'Αγία Παρασκευή Κεράσοβο', 'WYVMK-6675', 0, 100, '%', 'Humidity');
INSERT INTO MEASUREMENT (DateTime, SensorID, MeasValue) VALUES (TO_DATE('09/05/18 14:44', 'DD/MM/YY HH24:MI'), 147843, 91);
INSERT INTO SENSOR (SerialNumber, CityPlaced, SensorModel, MinimValue, MaximValue, Unit, SensorType) VALUES (46670, 'Αγία Παρασκευή Κεράσοβο', 'YKWH-245', 740.0, 1070.9, 'hPa', 'Pressure');
INSERT INTO MEASUREMENT (DateTime, SensorID, MeasValue) VALUES (TO_DATE('09/05/18 14:44', 'DD/MM/YY HH24:MI'), 46670, 1004.1);
INSERT INTO SENSOR (SerialNumber, CityPlaced, SensorModel, MinimValue, MaximValue, Unit, SensorType) VALUES (48487, 'Αγία Παρασκευή Κεράσοβο', 'PQWT-9427', 0.0, 24.9, 'km/h', 'Wind');
INSERT INTO MEASUREMENT (DateTime, SensorID, MeasValue) VALUES (TO_DATE('09/05/18 14:44', 'DD/MM/YY HH24:MI'), 48487, 1.3);
INSERT INTO SENSOR (SerialNumber, CityPlaced, SensorModel, MinimValue, MaximValue, Unit, SensorType) VALUES (646566, 'Ανατολή Κέντρο', 'EOQRQ-426', -56.0, 60.9, '°C', 'Temperature');
INSERT INTO MEASUREMENT (DateTime, SensorID, MeasValue) VALUES (TO_DATE('09/05/18 14:45', 'DD/MM/YY HH24:MI'), 646566, 21.2);
INSERT INTO SENSOR (SerialNumber, CityPlaced, SensorModel, MinimValue, MaximValue, Unit, SensorType) VALUES (588535, 'Ανατολή Κέντρο', 'OTSYG-7365', 0, 100, '%', 'Humidity');
INSERT INTO MEASUREMENT (DateTime, SensorID, MeasValue) VALUES (TO_DATE('09/05/18 14:45', 'DD/MM/YY HH24:MI'), 588535, 67);
INSERT INTO SENSOR (SerialNumber, CityPlaced, SensorModel, MinimValue, MaximValue, Unit, SensorType) VALUES (65284, 'Ανατολή Κέντρο', 'EPNY-119', 711.0, 1067.9, 'hPa', 'Pressure');
INSERT INTO MEASUREMENT (DateTime, SensorID, MeasValue) VALUES (TO_DATE('09/05/18 14:45', 'DD/MM/YY HH24:MI'), 65284, 1007.5);
INSERT INTO SENSOR (SerialNumber, CityPlaced, SensorModel, MinimValue, MaximValue, Unit, SensorType) VALUES (33441, 'Ανατολή Κέντρο', 'HKZI-1977', 0.0, 22.9, 'km/h', 'Wind');
INSERT INTO MEASUREMENT (DateTime, SensorID, MeasValue) VALUES (TO_DATE('09/05/18 14:45', 'DD/MM/YY HH24:MI'), 33441, 7.6);
INSERT INTO SENSOR (SerialNumber, CityPlaced, SensorModel, MinimValue, MaximValue, Unit, SensorType) VALUES (353480, 'Δερβίζιανα', 'MGKSJ-136', -54.0, 61.9, '°C', 'Temperature');
INSERT INTO MEASUREMENT (DateTime, SensorID, MeasValue) VALUES (TO_DATE('09/05/18 14:41', 'DD/MM/YY HH24:MI'), 353480, 19.9);
INSERT INTO SENSOR (SerialNumber, CityPlaced, SensorModel, MinimValue, MaximValue, Unit, SensorType) VALUES (812318, 'Δερβίζιανα', 'ZLTTH-4645', 0, 100, '%', 'Humidity');
INSERT INTO MEASUREMENT (DateTime, SensorID, MeasValue) VALUES (TO_DATE('09/05/18 14:41', 'DD/MM/YY HH24:MI'), 812318, 73);
INSERT INTO SENSOR (SerialNumber, CityPlaced, SensorModel, MinimValue, MaximValue, Unit, SensorType) VALUES (44438, 'Δερβίζιανα', 'TIOO-604', 721.0, 1053.9, 'hPa', 'Pressure');
INSERT INTO MEASUREMENT (DateTime, SensorID, MeasValue) VALUES (TO_DATE('09/05/18 14:41', 'DD/MM/YY HH24:MI'), 44438, 1004.8);
INSERT INTO SENSOR (SerialNumber, CityPlaced, SensorModel, MinimValue, MaximValue, Unit, SensorType) VALUES (56797, 'Δερβίζιανα', 'TOFN-4857', 0.0, 21.9, 'km/h', 'Wind');
INSERT INTO MEASUREMENT (DateTime, SensorID, MeasValue) VALUES (TO_DATE('09/05/18 14:41', 'DD/MM/YY HH24:MI'), 56797, 5.6);
INSERT INTO SENSOR (SerialNumber, CityPlaced, SensorModel, MinimValue, MaximValue, Unit, SensorType) VALUES (991369, 'Δωδώνη', 'JSLIO-196', -54.0, 74.9, '°C', 'Temperature');
INSERT INTO MEASUREMENT (DateTime, SensorID, MeasValue) VALUES (TO_DATE('09/05/18 14:44', 'DD/MM/YY HH24:MI'), 991369, 19.5);
INSERT INTO SENSOR (SerialNumber, CityPlaced, SensorModel, MinimValue, MaximValue, Unit, SensorType) VALUES (400896, 'Δωδώνη', 'PLGKA-7339', 0, 100, '%', 'Humidity');
INSERT INTO MEASUREMENT (DateTime, SensorID, MeasValue) VALUES (TO_DATE('09/05/18 14:44', 'DD/MM/YY HH24:MI'), 400896, 75);
INSERT INTO SENSOR (SerialNumber, CityPlaced, SensorModel, MinimValue, MaximValue, Unit, SensorType) VALUES (39495, 'Δωδώνη', 'JREV-846', 734.0, 1080.9, 'hPa', 'Pressure');
INSERT INTO MEASUREMENT (DateTime, SensorID, MeasValue) VALUES (TO_DATE('09/05/18 14:44', 'DD/MM/YY HH24:MI'), 39495, 1004.0);
INSERT INTO SENSOR (SerialNumber, CityPlaced, SensorModel, MinimValue, MaximValue, Unit, SensorType) VALUES (20241, 'Δωδώνη', 'CEBU-1999', 0.0, 23.9, 'km/h', 'Wind');
INSERT INTO MEASUREMENT (DateTime, SensorID, MeasValue) VALUES (TO_DATE('09/05/18 14:44', 'DD/MM/YY HH24:MI'), 20241, 5.1);
INSERT INTO SENSOR (SerialNumber, CityPlaced, SensorModel, MinimValue, MaximValue, Unit, SensorType) VALUES (970767, 'Ελεούσα', 'PAZBJ-015', -51.0, 74.9, '°C', 'Temperature');
INSERT INTO MEASUREMENT (DateTime, SensorID, MeasValue) VALUES (TO_DATE('09/05/18 14:48', 'DD/MM/YY HH24:MI'), 970767, 22.4);
INSERT INTO SENSOR (SerialNumber, CityPlaced, SensorModel, MinimValue, MaximValue, Unit, SensorType) VALUES (900048, 'Ελεούσα', 'XFGUV-1085', 0, 100, '%', 'Humidity');
INSERT INTO MEASUREMENT (DateTime, SensorID, MeasValue) VALUES (TO_DATE('09/05/18 14:48', 'DD/MM/YY HH24:MI'), 900048, 54);
INSERT INTO SENSOR (SerialNumber, CityPlaced, SensorModel, MinimValue, MaximValue, Unit, SensorType) VALUES (27836, 'Ελεούσα', 'YUIW-890', 712.0, 1083.9, 'hPa', 'Pressure');
INSERT INTO MEASUREMENT (DateTime, SensorID, MeasValue) VALUES (TO_DATE('09/05/18 14:48', 'DD/MM/YY HH24:MI'), 27836, 1013.2);
INSERT INTO SENSOR (SerialNumber, CityPlaced, SensorModel, MinimValue, MaximValue, Unit, SensorType) VALUES (76589, 'Ελεούσα', 'QEKN-9540', 0.0, 25.9, 'km/h', 'Wind');
INSERT INTO MEASUREMENT (DateTime, SensorID, MeasValue) VALUES (TO_DATE('09/05/18 14:48', 'DD/MM/YY HH24:MI'), 76589, 0.0);
INSERT INTO SENSOR (SerialNumber, CityPlaced, SensorModel, MinimValue, MaximValue, Unit, SensorType) VALUES (941170, 'Ζίτσα', 'MSFWR-788', -58.0, 69.9, '°C', 'Temperature');
INSERT INTO MEASUREMENT (DateTime, SensorID, MeasValue) VALUES (TO_DATE('09/05/18 14:46', 'DD/MM/YY HH24:MI'), 941170, 20.7);
INSERT INTO SENSOR (SerialNumber, CityPlaced, SensorModel, MinimValue, MaximValue, Unit, SensorType) VALUES (331332, 'Ζίτσα', 'FOPAW-1991', 0, 100, '%', 'Humidity');
INSERT INTO MEASUREMENT (DateTime, SensorID, MeasValue) VALUES (TO_DATE('09/05/18 14:46', 'DD/MM/YY HH24:MI'), 331332, 85);
INSERT INTO SENSOR (SerialNumber, CityPlaced, SensorModel, MinimValue, MaximValue, Unit, SensorType) VALUES (25433, 'Ζίτσα', 'QNFP-619', 702.0, 1081.9, 'hPa', 'Pressure');
INSERT INTO MEASUREMENT (DateTime, SensorID, MeasValue) VALUES (TO_DATE('09/05/18 14:46', 'DD/MM/YY HH24:MI'), 25433, 1004.3);
INSERT INTO SENSOR (SerialNumber, CityPlaced, SensorModel, MinimValue, MaximValue, Unit, SensorType) VALUES (50241, 'Ζίτσα', 'ZBCY-4161', 0.0, 23.9, 'km/h', 'Wind');
INSERT INTO MEASUREMENT (DateTime, SensorID, MeasValue) VALUES (TO_DATE('09/05/18 14:46', 'DD/MM/YY HH24:MI'), 50241, 2.4);
INSERT INTO SENSOR (SerialNumber, CityPlaced, SensorModel, MinimValue, MaximValue, Unit, SensorType) VALUES (967716, 'Ιωάννινα Αμπελόκηποι', 'UXJPU-734', -52.0, 61.9, '°C', 'Temperature');
INSERT INTO MEASUREMENT (DateTime, SensorID, MeasValue) VALUES (TO_DATE('09/05/18 14:45', 'DD/MM/YY HH24:MI'), 967716, 21.2);
INSERT INTO SENSOR (SerialNumber, CityPlaced, SensorModel, MinimValue, MaximValue, Unit, SensorType) VALUES (495153, 'Ιωάννινα Αμπελόκηποι', 'HFAYQ-9993', 0, 100, '%', 'Humidity');
INSERT INTO MEASUREMENT (DateTime, SensorID, MeasValue) VALUES (TO_DATE('09/05/18 14:45', 'DD/MM/YY HH24:MI'), 495153, 54);
INSERT INTO SENSOR (SerialNumber, CityPlaced, SensorModel, MinimValue, MaximValue, Unit, SensorType) VALUES (97929, 'Ιωάννινα Αμπελόκηποι', 'JSNP-129', 721.0, 1071.9, 'hPa', 'Pressure');
INSERT INTO MEASUREMENT (DateTime, SensorID, MeasValue) VALUES (TO_DATE('09/05/18 14:45', 'DD/MM/YY HH24:MI'), 97929, 1003.1);
INSERT INTO SENSOR (SerialNumber, CityPlaced, SensorModel, MinimValue, MaximValue, Unit, SensorType) VALUES (23496, 'Ιωάννινα Αμπελόκηποι', 'IYZF-9581', 0.0, 23.9, 'km/h', 'Wind');
INSERT INTO MEASUREMENT (DateTime, SensorID, MeasValue) VALUES (TO_DATE('09/05/18 14:45', 'DD/MM/YY HH24:MI'), 23496, 3.6);
INSERT INTO SENSOR (SerialNumber, CityPlaced, SensorModel, MinimValue, MaximValue, Unit, SensorType) VALUES (840242, 'Ιωάννινα Κέντρο', 'CFPOU-872', -60.0, 74.9, '°C', 'Temperature');
INSERT INTO MEASUREMENT (DateTime, SensorID, MeasValue) VALUES (TO_DATE('09/05/18 14:45', 'DD/MM/YY HH24:MI'), 840242, 21.5);
INSERT INTO SENSOR (SerialNumber, CityPlaced, SensorModel, MinimValue, MaximValue, Unit, SensorType) VALUES (546122, 'Ιωάννινα Κέντρο', 'UZMIU-5253', 0, 100, '%', 'Humidity');
INSERT INTO MEASUREMENT (DateTime, SensorID, MeasValue) VALUES (TO_DATE('09/05/18 14:45', 'DD/MM/YY HH24:MI'), 546122, 63);
INSERT INTO SENSOR (SerialNumber, CityPlaced, SensorModel, MinimValue, MaximValue, Unit, SensorType) VALUES (89367, 'Ιωάννινα Κέντρο', 'YLMQ-6573', 0.0, 25.9, 'km/h', 'Wind');
INSERT INTO MEASUREMENT (DateTime, SensorID, MeasValue) VALUES (TO_DATE('09/05/18 14:45', 'DD/MM/YY HH24:MI'), 89367, 0.5);
INSERT INTO SENSOR (SerialNumber, CityPlaced, SensorModel, MinimValue, MaximValue, Unit, SensorType) VALUES (158760, 'Ιωάννινα', 'URXFB-687', -53.0, 60.9, '°C', 'Temperature');
INSERT INTO MEASUREMENT (DateTime, SensorID, MeasValue) VALUES (TO_DATE('09/05/18 14:41', 'DD/MM/YY HH24:MI'), 158760, 21.2);
INSERT INTO SENSOR (SerialNumber, CityPlaced, SensorModel, MinimValue, MaximValue, Unit, SensorType) VALUES (512521, 'Ιωάννινα', 'KDKQQ-6959', 0, 100, '%', 'Humidity');
INSERT INTO MEASUREMENT (DateTime, SensorID, MeasValue) VALUES (TO_DATE('09/05/18 14:41', 'DD/MM/YY HH24:MI'), 512521, 70);
INSERT INTO SENSOR (SerialNumber, CityPlaced, SensorModel, MinimValue, MaximValue, Unit, SensorType) VALUES (12218, 'Ιωάννινα', 'SONU-219', 711.0, 1080.9, 'hPa', 'Pressure');
INSERT INTO MEASUREMENT (DateTime, SensorID, MeasValue) VALUES (TO_DATE('09/05/18 14:41', 'DD/MM/YY HH24:MI'), 12218, 1003.2);
INSERT INTO SENSOR (SerialNumber, CityPlaced, SensorModel, MinimValue, MaximValue, Unit, SensorType) VALUES (17010, 'Ιωάννινα', 'FVSI-9552', 0.0, 21.9, 'km/h', 'Wind');
INSERT INTO MEASUREMENT (DateTime, SensorID, MeasValue) VALUES (TO_DATE('09/05/18 14:41', 'DD/MM/YY HH24:MI'), 17010, 2.7);
INSERT INTO SENSOR (SerialNumber, CityPlaced, SensorModel, MinimValue, MaximValue, Unit, SensorType) VALUES (214585, 'Καρδαμίτσια', 'SFDHM-239', -58.0, 79.9, '°C', 'Temperature');
INSERT INTO MEASUREMENT (DateTime, SensorID, MeasValue) VALUES (TO_DATE('09/05/18 14:44', 'DD/MM/YY HH24:MI'), 214585, 20.3);
INSERT INTO SENSOR (SerialNumber, CityPlaced, SensorModel, MinimValue, MaximValue, Unit, SensorType) VALUES (790762, 'Καρδαμίτσια', 'XUTMH-0965', 0, 100, '%', 'Humidity');
INSERT INTO MEASUREMENT (DateTime, SensorID, MeasValue) VALUES (TO_DATE('09/05/18 14:44', 'DD/MM/YY HH24:MI'), 790762, 74);
INSERT INTO SENSOR (SerialNumber, CityPlaced, SensorModel, MinimValue, MaximValue, Unit, SensorType) VALUES (33566, 'Καρδαμίτσια', 'KDSA-996', 704.0, 1083.9, 'hPa', 'Pressure');
INSERT INTO MEASUREMENT (DateTime, SensorID, MeasValue) VALUES (TO_DATE('09/05/18 14:44', 'DD/MM/YY HH24:MI'), 33566, 1001.6);
INSERT INTO SENSOR (SerialNumber, CityPlaced, SensorModel, MinimValue, MaximValue, Unit, SensorType) VALUES (78402, 'Καρδαμίτσια', 'CFUY-3603', 0.0, 25.9, 'km/h', 'Wind');
INSERT INTO MEASUREMENT (DateTime, SensorID, MeasValue) VALUES (TO_DATE('09/05/18 14:44', 'DD/MM/YY HH24:MI'), 78402, 0.3);
INSERT INTO SENSOR (SerialNumber, CityPlaced, SensorModel, MinimValue, MaximValue, Unit, SensorType) VALUES (161374, 'Κόνιτσα', 'AUBSB-846', -58.0, 74.9, '°C', 'Temperature');
INSERT INTO MEASUREMENT (DateTime, SensorID, MeasValue) VALUES (TO_DATE('09/05/18 14:47', 'DD/MM/YY HH24:MI'), 161374, 20.8);
INSERT INTO SENSOR (SerialNumber, CityPlaced, SensorModel, MinimValue, MaximValue, Unit, SensorType) VALUES (359316, 'Κόνιτσα', 'DGLVU-2748', 0, 100, '%', 'Humidity');
INSERT INTO MEASUREMENT (DateTime, SensorID, MeasValue) VALUES (TO_DATE('09/05/18 14:47', 'DD/MM/YY HH24:MI'), 359316, 63);
INSERT INTO SENSOR (SerialNumber, CityPlaced, SensorModel, MinimValue, MaximValue, Unit, SensorType) VALUES (50189, 'Κόνιτσα', 'PYLQ-903', 748.0, 1076.9, 'hPa', 'Pressure');
INSERT INTO MEASUREMENT (DateTime, SensorID, MeasValue) VALUES (TO_DATE('09/05/18 14:47', 'DD/MM/YY HH24:MI'), 50189, 1005.1);
INSERT INTO SENSOR (SerialNumber, CityPlaced, SensorModel, MinimValue, MaximValue, Unit, SensorType) VALUES (14317, 'Κόνιτσα', 'HYXK-5521', 0.0, 22.9, 'km/h', 'Wind');
INSERT INTO MEASUREMENT (DateTime, SensorID, MeasValue) VALUES (TO_DATE('09/05/18 14:47', 'DD/MM/YY HH24:MI'), 14317, 4.0);
INSERT INTO SENSOR (SerialNumber, CityPlaced, SensorModel, MinimValue, MaximValue, Unit, SensorType) VALUES (614250, 'Μέτσοβο', 'YLXHA-621', -57.0, 67.9, '°C', 'Temperature');
INSERT INTO MEASUREMENT (DateTime, SensorID, MeasValue) VALUES (TO_DATE('09/05/18 14:44', 'DD/MM/YY HH24:MI'), 614250, 17.3);
INSERT INTO SENSOR (SerialNumber, CityPlaced, SensorModel, MinimValue, MaximValue, Unit, SensorType) VALUES (830699, 'Μέτσοβο', 'EVWNW-2350', 0, 100, '%', 'Humidity');
INSERT INTO MEASUREMENT (DateTime, SensorID, MeasValue) VALUES (TO_DATE('09/05/18 14:44', 'DD/MM/YY HH24:MI'), 830699, 68);
INSERT INTO SENSOR (SerialNumber, CityPlaced, SensorModel, MinimValue, MaximValue, Unit, SensorType) VALUES (68274, 'Μέτσοβο', 'YCUX-063', 740.0, 1052.9, 'hPa', 'Pressure');
INSERT INTO MEASUREMENT (DateTime, SensorID, MeasValue) VALUES (TO_DATE('09/05/18 14:44', 'DD/MM/YY HH24:MI'), 68274, 1004.1);
INSERT INTO SENSOR (SerialNumber, CityPlaced, SensorModel, MinimValue, MaximValue, Unit, SensorType) VALUES (80778, 'Μέτσοβο', 'NIRC-6628', 0.0, 24.9, 'km/h', 'Wind');
INSERT INTO MEASUREMENT (DateTime, SensorID, MeasValue) VALUES (TO_DATE('09/05/18 14:44', 'DD/MM/YY HH24:MI'), 80778, 4.6);
INSERT INTO SENSOR (SerialNumber, CityPlaced, SensorModel, MinimValue, MaximValue, Unit, SensorType) VALUES (460126, 'Πληκάτι', 'UPAAX-423', -52.0, 70.9, '°C', 'Temperature');
INSERT INTO MEASUREMENT (DateTime, SensorID, MeasValue) VALUES (TO_DATE('09/05/18 14:44', 'DD/MM/YY HH24:MI'), 460126, 13.4);
INSERT INTO SENSOR (SerialNumber, CityPlaced, SensorModel, MinimValue, MaximValue, Unit, SensorType) VALUES (433610, 'Πληκάτι', 'NHCZE-0350', 0, 100, '%', 'Humidity');
INSERT INTO MEASUREMENT (DateTime, SensorID, MeasValue) VALUES (TO_DATE('09/05/18 14:44', 'DD/MM/YY HH24:MI'), 433610, 89);
INSERT INTO SENSOR (SerialNumber, CityPlaced, SensorModel, MinimValue, MaximValue, Unit, SensorType) VALUES (45720, 'Πληκάτι', 'LQRH-922', 739.0, 1076.9, 'hPa', 'Pressure');
INSERT INTO MEASUREMENT (DateTime, SensorID, MeasValue) VALUES (TO_DATE('09/05/18 14:44', 'DD/MM/YY HH24:MI'), 45720, 1005.0);
INSERT INTO SENSOR (SerialNumber, CityPlaced, SensorModel, MinimValue, MaximValue, Unit, SensorType) VALUES (55436, 'Πληκάτι', 'SGXD-3044', 0.0, 21.9, 'km/h', 'Wind');
INSERT INTO MEASUREMENT (DateTime, SensorID, MeasValue) VALUES (TO_DATE('09/05/18 14:44', 'DD/MM/YY HH24:MI'), 55436, 0.3);
INSERT INTO SENSOR (SerialNumber, CityPlaced, SensorModel, MinimValue, MaximValue, Unit, SensorType) VALUES (916387, 'Πράμαντα', 'YPMEH-970', -57.0, 68.9, '°C', 'Temperature');
INSERT INTO MEASUREMENT (DateTime, SensorID, MeasValue) VALUES (TO_DATE('09/05/18 14:32', 'DD/MM/YY HH24:MI'), 916387, 17.3);
INSERT INTO SENSOR (SerialNumber, CityPlaced, SensorModel, MinimValue, MaximValue, Unit, SensorType) VALUES (493302, 'Πράμαντα', 'WVWGW-7718', 0, 100, '%', 'Humidity');
INSERT INTO MEASUREMENT (DateTime, SensorID, MeasValue) VALUES (TO_DATE('09/05/18 14:32', 'DD/MM/YY HH24:MI'), 493302, 82);
INSERT INTO SENSOR (SerialNumber, CityPlaced, SensorModel, MinimValue, MaximValue, Unit, SensorType) VALUES (27093, 'Πράμαντα', 'PTAE-952', 738.0, 1094.9, 'hPa', 'Pressure');
INSERT INTO MEASUREMENT (DateTime, SensorID, MeasValue) VALUES (TO_DATE('09/05/18 14:32', 'DD/MM/YY HH24:MI'), 27093, 1006.0);
INSERT INTO SENSOR (SerialNumber, CityPlaced, SensorModel, MinimValue, MaximValue, Unit, SensorType) VALUES (59387, 'Πράμαντα', 'SXEH-6985', 0.0, 21.9, 'km/h', 'Wind');
INSERT INTO MEASUREMENT (DateTime, SensorID, MeasValue) VALUES (TO_DATE('09/05/18 14:32', 'DD/MM/YY HH24:MI'), 59387, 10.2);
INSERT INTO SENSOR (SerialNumber, CityPlaced, SensorModel, MinimValue, MaximValue, Unit, SensorType) VALUES (817225, 'Τύρια', 'RVUQD-282', -54.0, 64.9, '°C', 'Temperature');
INSERT INTO MEASUREMENT (DateTime, SensorID, MeasValue) VALUES (TO_DATE('09/05/18 14:41', 'DD/MM/YY HH24:MI'), 817225, 21.3);
INSERT INTO SENSOR (SerialNumber, CityPlaced, SensorModel, MinimValue, MaximValue, Unit, SensorType) VALUES (893064, 'Τύρια', 'QLVFS-9661', 0, 100, '%', 'Humidity');
INSERT INTO MEASUREMENT (DateTime, SensorID, MeasValue) VALUES (TO_DATE('09/05/18 14:41', 'DD/MM/YY HH24:MI'), 893064, 73);
INSERT INTO SENSOR (SerialNumber, CityPlaced, SensorModel, MinimValue, MaximValue, Unit, SensorType) VALUES (11531, 'Τύρια', 'AXWK-232', 749.0, 1077.9, 'hPa', 'Pressure');
INSERT INTO MEASUREMENT (DateTime, SensorID, MeasValue) VALUES (TO_DATE('09/05/18 14:41', 'DD/MM/YY HH24:MI'), 11531, 1004.1);
INSERT INTO SENSOR (SerialNumber, CityPlaced, SensorModel, MinimValue, MaximValue, Unit, SensorType) VALUES (49165, 'Τύρια', 'IYWE-2171', 0.0, 25.9, 'km/h', 'Wind');
INSERT INTO MEASUREMENT (DateTime, SensorID, MeasValue) VALUES (TO_DATE('09/05/18 14:41', 'DD/MM/YY HH24:MI'), 49165, 0.5);
INSERT INTO SENSOR (SerialNumber, CityPlaced, SensorModel, MinimValue, MaximValue, Unit, SensorType) VALUES (326695, 'Καστροσυκιά', 'QSIHK-300', -54.0, 67.9, '°C', 'Temperature');
INSERT INTO MEASUREMENT (DateTime, SensorID, MeasValue) VALUES (TO_DATE('09/05/18 14:47', 'DD/MM/YY HH24:MI'), 326695, 20.5);
INSERT INTO SENSOR (SerialNumber, CityPlaced, SensorModel, MinimValue, MaximValue, Unit, SensorType) VALUES (430766, 'Καστροσυκιά', 'XTQZE-1298', 0, 100, '%', 'Humidity');
INSERT INTO MEASUREMENT (DateTime, SensorID, MeasValue) VALUES (TO_DATE('09/05/18 14:47', 'DD/MM/YY HH24:MI'), 430766, 81);
INSERT INTO SENSOR (SerialNumber, CityPlaced, SensorModel, MinimValue, MaximValue, Unit, SensorType) VALUES (19710, 'Καστροσυκιά', 'DQWX-254', 739.0, 1099.9, 'hPa', 'Pressure');
INSERT INTO MEASUREMENT (DateTime, SensorID, MeasValue) VALUES (TO_DATE('09/05/18 14:47', 'DD/MM/YY HH24:MI'), 19710, 1005.1);
INSERT INTO SENSOR (SerialNumber, CityPlaced, SensorModel, MinimValue, MaximValue, Unit, SensorType) VALUES (49780, 'Καστροσυκιά', 'FPIH-9038', 0.0, 23.9, 'km/h', 'Wind');
INSERT INTO MEASUREMENT (DateTime, SensorID, MeasValue) VALUES (TO_DATE('09/05/18 14:47', 'DD/MM/YY HH24:MI'), 49780, 10.0);
INSERT INTO SENSOR (SerialNumber, CityPlaced, SensorModel, MinimValue, MaximValue, Unit, SensorType) VALUES (189520, 'Φυλακτή Λίμνη Πλαστήρα', 'VUNLW-261', -50.0, 73.9, '°C', 'Temperature');
INSERT INTO MEASUREMENT (DateTime, SensorID, MeasValue) VALUES (TO_DATE('09/05/18 14:45', 'DD/MM/YY HH24:MI'), 189520, 19.0);
INSERT INTO SENSOR (SerialNumber, CityPlaced, SensorModel, MinimValue, MaximValue, Unit, SensorType) VALUES (909951, 'Φυλακτή Λίμνη Πλαστήρα', 'NRNGI-0674', 0, 100, '%', 'Humidity');
INSERT INTO MEASUREMENT (DateTime, SensorID, MeasValue) VALUES (TO_DATE('09/05/18 14:45', 'DD/MM/YY HH24:MI'), 909951, 31);
INSERT INTO SENSOR (SerialNumber, CityPlaced, SensorModel, MinimValue, MaximValue, Unit, SensorType) VALUES (22942, 'Φυλακτή Λίμνη Πλαστήρα', 'NOPP-779', 748.0, 1059.9, 'hPa', 'Pressure');
INSERT INTO MEASUREMENT (DateTime, SensorID, MeasValue) VALUES (TO_DATE('09/05/18 14:45', 'DD/MM/YY HH24:MI'), 22942, 1005.1);
INSERT INTO SENSOR (SerialNumber, CityPlaced, SensorModel, MinimValue, MaximValue, Unit, SensorType) VALUES (51507, 'Φυλακτή Λίμνη Πλαστήρα', 'XQMY-0631', 0.0, 23.9, 'km/h', 'Wind');
INSERT INTO MEASUREMENT (DateTime, SensorID, MeasValue) VALUES (TO_DATE('09/05/18 14:45', 'DD/MM/YY HH24:MI'), 51507, 5.4);
INSERT INTO SENSOR (SerialNumber, CityPlaced, SensorModel, MinimValue, MaximValue, Unit, SensorType) VALUES (995319, 'Βελίκα', 'NHBIE-325', -52.0, 75.9, '°C', 'Temperature');
INSERT INTO MEASUREMENT (DateTime, SensorID, MeasValue) VALUES (TO_DATE('09/05/18 14:48', 'DD/MM/YY HH24:MI'), 995319, 22.4);
INSERT INTO SENSOR (SerialNumber, CityPlaced, SensorModel, MinimValue, MaximValue, Unit, SensorType) VALUES (675492, 'Βελίκα', 'GNUYU-5370', 0, 100, '%', 'Humidity');
INSERT INTO MEASUREMENT (DateTime, SensorID, MeasValue) VALUES (TO_DATE('09/05/18 14:48', 'DD/MM/YY HH24:MI'), 675492, 71);
INSERT INTO SENSOR (SerialNumber, CityPlaced, SensorModel, MinimValue, MaximValue, Unit, SensorType) VALUES (88377, 'Βελίκα', 'VGSG-827', 732.0, 1095.9, 'hPa', 'Pressure');
INSERT INTO MEASUREMENT (DateTime, SensorID, MeasValue) VALUES (TO_DATE('09/05/18 14:48', 'DD/MM/YY HH24:MI'), 88377, 1006.0);
INSERT INTO SENSOR (SerialNumber, CityPlaced, SensorModel, MinimValue, MaximValue, Unit, SensorType) VALUES (66338, 'Βελίκα', 'KTEE-2147', 0.0, 24.9, 'km/h', 'Wind');
INSERT INTO MEASUREMENT (DateTime, SensorID, MeasValue) VALUES (TO_DATE('09/05/18 14:48', 'DD/MM/YY HH24:MI'), 66338, 3.3);
INSERT INTO SENSOR (SerialNumber, CityPlaced, SensorModel, MinimValue, MaximValue, Unit, SensorType) VALUES (619067, 'Λάρισα 6 Δρόμοι', 'IVJXR-950', -59.0, 71.9, '°C', 'Temperature');
INSERT INTO MEASUREMENT (DateTime, SensorID, MeasValue) VALUES (TO_DATE('09/05/18 14:44', 'DD/MM/YY HH24:MI'), 619067, 28.8);
INSERT INTO SENSOR (SerialNumber, CityPlaced, SensorModel, MinimValue, MaximValue, Unit, SensorType) VALUES (131523, 'Λάρισα 6 Δρόμοι', 'LCCIE-6994', 0, 100, '%', 'Humidity');
INSERT INTO MEASUREMENT (DateTime, SensorID, MeasValue) VALUES (TO_DATE('09/05/18 14:44', 'DD/MM/YY HH24:MI'), 131523, 41);
INSERT INTO SENSOR (SerialNumber, CityPlaced, SensorModel, MinimValue, MaximValue, Unit, SensorType) VALUES (90898, 'Λάρισα 6 Δρόμοι', 'CEGU-339', 731.0, 1090.9, 'hPa', 'Pressure');
INSERT INTO MEASUREMENT (DateTime, SensorID, MeasValue) VALUES (TO_DATE('09/05/18 14:44', 'DD/MM/YY HH24:MI'), 90898, 1002.9);
INSERT INTO SENSOR (SerialNumber, CityPlaced, SensorModel, MinimValue, MaximValue, Unit, SensorType) VALUES (80091, 'Λάρισα 6 Δρόμοι', 'PMFW-8206', 0.0, 23.9, 'km/h', 'Wind');
INSERT INTO MEASUREMENT (DateTime, SensorID, MeasValue) VALUES (TO_DATE('09/05/18 14:44', 'DD/MM/YY HH24:MI'), 80091, 1.3);
INSERT INTO SENSOR (SerialNumber, CityPlaced, SensorModel, MinimValue, MaximValue, Unit, SensorType) VALUES (107099, 'Λάρισα ΑΤΑ', 'JIKKQ-590', -53.0, 67.9, '°C', 'Temperature');
INSERT INTO MEASUREMENT (DateTime, SensorID, MeasValue) VALUES (TO_DATE('09/05/18 14:42', 'DD/MM/YY HH24:MI'), 107099, 27.8);
INSERT INTO SENSOR (SerialNumber, CityPlaced, SensorModel, MinimValue, MaximValue, Unit, SensorType) VALUES (922117, 'Λάρισα ΑΤΑ', 'RIZNV-2325', 0, 100, '%', 'Humidity');
INSERT INTO MEASUREMENT (DateTime, SensorID, MeasValue) VALUES (TO_DATE('09/05/18 14:42', 'DD/MM/YY HH24:MI'), 922117, 40);
INSERT INTO SENSOR (SerialNumber, CityPlaced, SensorModel, MinimValue, MaximValue, Unit, SensorType) VALUES (56066, 'Λάρισα ΑΤΑ', 'USWG-577', 724.0, 1086.9, 'hPa', 'Pressure');
INSERT INTO MEASUREMENT (DateTime, SensorID, MeasValue) VALUES (TO_DATE('09/05/18 14:42', 'DD/MM/YY HH24:MI'), 56066, 1001.3);
INSERT INTO SENSOR (SerialNumber, CityPlaced, SensorModel, MinimValue, MaximValue, Unit, SensorType) VALUES (91439, 'Λάρισα ΑΤΑ', 'PEUL-8834', 0.0, 22.9, 'km/h', 'Wind');
INSERT INTO MEASUREMENT (DateTime, SensorID, MeasValue) VALUES (TO_DATE('09/05/18 14:42', 'DD/MM/YY HH24:MI'), 91439, 5.1);
INSERT INTO SENSOR (SerialNumber, CityPlaced, SensorModel, MinimValue, MaximValue, Unit, SensorType) VALUES (711276, 'Λάρισα Σίφνου', 'CPWGO-566', -57.0, 66.9, '°C', 'Temperature');
INSERT INTO MEASUREMENT (DateTime, SensorID, MeasValue) VALUES (TO_DATE('09/05/18 14:48', 'DD/MM/YY HH24:MI'), 711276, 26.2);
INSERT INTO SENSOR (SerialNumber, CityPlaced, SensorModel, MinimValue, MaximValue, Unit, SensorType) VALUES (625655, 'Λάρισα Σίφνου', 'NFZBX-4098', 0, 100, '%', 'Humidity');
INSERT INTO MEASUREMENT (DateTime, SensorID, MeasValue) VALUES (TO_DATE('09/05/18 14:48', 'DD/MM/YY HH24:MI'), 625655, 45);
INSERT INTO SENSOR (SerialNumber, CityPlaced, SensorModel, MinimValue, MaximValue, Unit, SensorType) VALUES (86625, 'Λάρισα Σίφνου', 'QCNO-487', 745.0, 1097.9, 'hPa', 'Pressure');
INSERT INTO MEASUREMENT (DateTime, SensorID, MeasValue) VALUES (TO_DATE('09/05/18 14:48', 'DD/MM/YY HH24:MI'), 86625, 1003.5);
INSERT INTO SENSOR (SerialNumber, CityPlaced, SensorModel, MinimValue, MaximValue, Unit, SensorType) VALUES (99212, 'Λάρισα Σίφνου', 'KEIZ-4305', 0.0, 25.9, 'km/h', 'Wind');
INSERT INTO MEASUREMENT (DateTime, SensorID, MeasValue) VALUES (TO_DATE('09/05/18 14:48', 'DD/MM/YY HH24:MI'), 99212, 5.8);
INSERT INTO SENSOR (SerialNumber, CityPlaced, SensorModel, MinimValue, MaximValue, Unit, SensorType) VALUES (301166, 'Συκούριο', 'PAQIE-540', -60.0, 67.9, '°C', 'Temperature');
INSERT INTO MEASUREMENT (DateTime, SensorID, MeasValue) VALUES (TO_DATE('09/05/18 14:48', 'DD/MM/YY HH24:MI'), 301166, 25.9);
INSERT INTO SENSOR (SerialNumber, CityPlaced, SensorModel, MinimValue, MaximValue, Unit, SensorType) VALUES (771334, 'Συκούριο', 'ABGFD-8157', 0, 100, '%', 'Humidity');
INSERT INTO MEASUREMENT (DateTime, SensorID, MeasValue) VALUES (TO_DATE('09/05/18 14:48', 'DD/MM/YY HH24:MI'), 771334, 45);
INSERT INTO SENSOR (SerialNumber, CityPlaced, SensorModel, MinimValue, MaximValue, Unit, SensorType) VALUES (11845, 'Συκούριο', 'JATW-947', 709.0, 1058.9, 'hPa', 'Pressure');
INSERT INTO MEASUREMENT (DateTime, SensorID, MeasValue) VALUES (TO_DATE('09/05/18 14:48', 'DD/MM/YY HH24:MI'), 11845, 1002.5);
INSERT INTO SENSOR (SerialNumber, CityPlaced, SensorModel, MinimValue, MaximValue, Unit, SensorType) VALUES (59394, 'Συκούριο', 'JIHS-9867', 0.0, 22.9, 'km/h', 'Wind');
INSERT INTO MEASUREMENT (DateTime, SensorID, MeasValue) VALUES (TO_DATE('09/05/18 14:48', 'DD/MM/YY HH24:MI'), 59394, 8.2);
INSERT INTO SENSOR (SerialNumber, CityPlaced, SensorModel, MinimValue, MaximValue, Unit, SensorType) VALUES (130159, 'Μπασίτσι', 'YDTUY-926', -56.0, 73.9, '°C', 'Temperature');
INSERT INTO MEASUREMENT (DateTime, SensorID, MeasValue) VALUES (TO_DATE('09/05/18 14:48', 'DD/MM/YY HH24:MI'), 130159, 24.0);
INSERT INTO SENSOR (SerialNumber, CityPlaced, SensorModel, MinimValue, MaximValue, Unit, SensorType) VALUES (477534, 'Μπασίτσι', 'YEWNQ-1577', 0, 100, '%', 'Humidity');
INSERT INTO MEASUREMENT (DateTime, SensorID, MeasValue) VALUES (TO_DATE('09/05/18 14:48', 'DD/MM/YY HH24:MI'), 477534, 60);
INSERT INTO SENSOR (SerialNumber, CityPlaced, SensorModel, MinimValue, MaximValue, Unit, SensorType) VALUES (91398, 'Μπασίτσι', 'WSDA-955', 715.0, 1096.9, 'hPa', 'Pressure');
INSERT INTO MEASUREMENT (DateTime, SensorID, MeasValue) VALUES (TO_DATE('09/05/18 14:48', 'DD/MM/YY HH24:MI'), 91398, 1003.5);
INSERT INTO SENSOR (SerialNumber, CityPlaced, SensorModel, MinimValue, MaximValue, Unit, SensorType) VALUES (79234, 'Μπασίτσι', 'POTK-9458', 0.0, 20.9, 'km/h', 'Wind');
INSERT INTO MEASUREMENT (DateTime, SensorID, MeasValue) VALUES (TO_DATE('09/05/18 14:48', 'DD/MM/YY HH24:MI'), 79234, 7.0);
INSERT INTO SENSOR (SerialNumber, CityPlaced, SensorModel, MinimValue, MaximValue, Unit, SensorType) VALUES (196197, 'Πηγάδι', 'AQRKP-526', -58.0, 67.9, '°C', 'Temperature');
INSERT INTO MEASUREMENT (DateTime, SensorID, MeasValue) VALUES (TO_DATE('09/05/18 14:35', 'DD/MM/YY HH24:MI'), 196197, 26.4);
INSERT INTO SENSOR (SerialNumber, CityPlaced, SensorModel, MinimValue, MaximValue, Unit, SensorType) VALUES (525345, 'Πηγάδι', 'IYUAG-0704', 0, 100, '%', 'Humidity');
INSERT INTO MEASUREMENT (DateTime, SensorID, MeasValue) VALUES (TO_DATE('09/05/18 14:35', 'DD/MM/YY HH24:MI'), 525345, 60);
INSERT INTO SENSOR (SerialNumber, CityPlaced, SensorModel, MinimValue, MaximValue, Unit, SensorType) VALUES (42314, 'Πηγάδι', 'MSUP-654', 738.0, 1078.9, 'hPa', 'Pressure');
INSERT INTO MEASUREMENT (DateTime, SensorID, MeasValue) VALUES (TO_DATE('09/05/18 14:35', 'DD/MM/YY HH24:MI'), 42314, 1003.0);
INSERT INTO SENSOR (SerialNumber, CityPlaced, SensorModel, MinimValue, MaximValue, Unit, SensorType) VALUES (30821, 'Πηγάδι', 'PJZR-7439', 0.0, 22.9, 'km/h', 'Wind');
INSERT INTO MEASUREMENT (DateTime, SensorID, MeasValue) VALUES (TO_DATE('09/05/18 14:35', 'DD/MM/YY HH24:MI'), 30821, 0.0);
INSERT INTO SENSOR (SerialNumber, CityPlaced, SensorModel, MinimValue, MaximValue, Unit, SensorType) VALUES (295904, 'Πορταριά', 'WONMM-780', -51.0, 79.9, '°C', 'Temperature');
INSERT INTO MEASUREMENT (DateTime, SensorID, MeasValue) VALUES (TO_DATE('09/05/18 14:45', 'DD/MM/YY HH24:MI'), 295904, 20.8);
INSERT INTO SENSOR (SerialNumber, CityPlaced, SensorModel, MinimValue, MaximValue, Unit, SensorType) VALUES (995181, 'Πορταριά', 'NRPDO-1139', 0, 100, '%', 'Humidity');
INSERT INTO MEASUREMENT (DateTime, SensorID, MeasValue) VALUES (TO_DATE('09/05/18 14:45', 'DD/MM/YY HH24:MI'), 995181, 59);
INSERT INTO SENSOR (SerialNumber, CityPlaced, SensorModel, MinimValue, MaximValue, Unit, SensorType) VALUES (24369, 'Πορταριά', 'JKKP-033', 717.0, 1050.9, 'hPa', 'Pressure');
INSERT INTO MEASUREMENT (DateTime, SensorID, MeasValue) VALUES (TO_DATE('09/05/18 14:45', 'DD/MM/YY HH24:MI'), 24369, 1001.9);
INSERT INTO SENSOR (SerialNumber, CityPlaced, SensorModel, MinimValue, MaximValue, Unit, SensorType) VALUES (65632, 'Πορταριά', 'GQYR-5556', 0.0, 23.9, 'km/h', 'Wind');
INSERT INTO MEASUREMENT (DateTime, SensorID, MeasValue) VALUES (TO_DATE('09/05/18 14:45', 'DD/MM/YY HH24:MI'), 65632, 4.0);
INSERT INTO SENSOR (SerialNumber, CityPlaced, SensorModel, MinimValue, MaximValue, Unit, SensorType) VALUES (464194, 'Σκόπελος', 'KCLIS-399', -59.0, 77.9, '°C', 'Temperature');
INSERT INTO MEASUREMENT (DateTime, SensorID, MeasValue) VALUES (TO_DATE('09/05/18 14:40', 'DD/MM/YY HH24:MI'), 464194, 22.8);
INSERT INTO SENSOR (SerialNumber, CityPlaced, SensorModel, MinimValue, MaximValue, Unit, SensorType) VALUES (999762, 'Σκόπελος', 'LHAEM-1862', 0, 100, '%', 'Humidity');
INSERT INTO MEASUREMENT (DateTime, SensorID, MeasValue) VALUES (TO_DATE('09/05/18 14:40', 'DD/MM/YY HH24:MI'), 999762, 73);
INSERT INTO SENSOR (SerialNumber, CityPlaced, SensorModel, MinimValue, MaximValue, Unit, SensorType) VALUES (64608, 'Σκόπελος', 'VILB-935', 741.0, 1098.9, 'hPa', 'Pressure');
INSERT INTO MEASUREMENT (DateTime, SensorID, MeasValue) VALUES (TO_DATE('09/05/18 14:40', 'DD/MM/YY HH24:MI'), 64608, 1007.1);
INSERT INTO SENSOR (SerialNumber, CityPlaced, SensorModel, MinimValue, MaximValue, Unit, SensorType) VALUES (38290, 'Σκόπελος', 'LALJ-6641', 0.0, 22.9, 'km/h', 'Wind');
INSERT INTO MEASUREMENT (DateTime, SensorID, MeasValue) VALUES (TO_DATE('09/05/18 14:40', 'DD/MM/YY HH24:MI'), 38290, 9.4);
INSERT INTO SENSOR (SerialNumber, CityPlaced, SensorModel, MinimValue, MaximValue, Unit, SensorType) VALUES (198751, 'Διδυμότειχο', 'BCYTI-012', -58.0, 79.9, '°C', 'Temperature');
INSERT INTO MEASUREMENT (DateTime, SensorID, MeasValue) VALUES (TO_DATE('09/05/18 14:46', 'DD/MM/YY HH24:MI'), 198751, 26.4);
INSERT INTO SENSOR (SerialNumber, CityPlaced, SensorModel, MinimValue, MaximValue, Unit, SensorType) VALUES (856521, 'Διδυμότειχο', 'CDEXQ-0630', 0, 100, '%', 'Humidity');
INSERT INTO MEASUREMENT (DateTime, SensorID, MeasValue) VALUES (TO_DATE('09/05/18 14:46', 'DD/MM/YY HH24:MI'), 856521, 29);
INSERT INTO SENSOR (SerialNumber, CityPlaced, SensorModel, MinimValue, MaximValue, Unit, SensorType) VALUES (73474, 'Διδυμότειχο', 'JPMW-062', 744.0, 1071.9, 'hPa', 'Pressure');
INSERT INTO MEASUREMENT (DateTime, SensorID, MeasValue) VALUES (TO_DATE('09/05/18 14:46', 'DD/MM/YY HH24:MI'), 73474, 1003.5);
INSERT INTO SENSOR (SerialNumber, CityPlaced, SensorModel, MinimValue, MaximValue, Unit, SensorType) VALUES (16878, 'Διδυμότειχο', 'MYLB-5437', 0.0, 22.9, 'km/h', 'Wind');
INSERT INTO MEASUREMENT (DateTime, SensorID, MeasValue) VALUES (TO_DATE('09/05/18 14:46', 'DD/MM/YY HH24:MI'), 16878, 5.5);
INSERT INTO SENSOR (SerialNumber, CityPlaced, SensorModel, MinimValue, MaximValue, Unit, SensorType) VALUES (174836, 'Γέρακας', 'KLILN-415', -56.0, 76.9, '°C', 'Temperature');
INSERT INTO MEASUREMENT (DateTime, SensorID, MeasValue) VALUES (TO_DATE('09/05/18 14:48', 'DD/MM/YY HH24:MI'), 174836, 25.5);
INSERT INTO SENSOR (SerialNumber, CityPlaced, SensorModel, MinimValue, MaximValue, Unit, SensorType) VALUES (571836, 'Γέρακας', 'TAKZP-4753', 0, 100, '%', 'Humidity');
INSERT INTO MEASUREMENT (DateTime, SensorID, MeasValue) VALUES (TO_DATE('09/05/18 14:48', 'DD/MM/YY HH24:MI'), 571836, 60);
INSERT INTO SENSOR (SerialNumber, CityPlaced, SensorModel, MinimValue, MaximValue, Unit, SensorType) VALUES (50694, 'Γέρακας', 'LJEB-654', 706.0, 1070.9, 'hPa', 'Pressure');
INSERT INTO MEASUREMENT (DateTime, SensorID, MeasValue) VALUES (TO_DATE('09/05/18 14:48', 'DD/MM/YY HH24:MI'), 50694, 1006.2);
INSERT INTO SENSOR (SerialNumber, CityPlaced, SensorModel, MinimValue, MaximValue, Unit, SensorType) VALUES (35244, 'Γέρακας', 'WBPQ-7753', 0.0, 22.9, 'km/h', 'Wind');
INSERT INTO MEASUREMENT (DateTime, SensorID, MeasValue) VALUES (TO_DATE('09/05/18 14:48', 'DD/MM/YY HH24:MI'), 35244, 5.2);
INSERT INTO SENSOR (SerialNumber, CityPlaced, SensorModel, MinimValue, MaximValue, Unit, SensorType) VALUES (154015, 'Αιολικό Πάρκο Μοναστήρι I', 'IDDFG-937', -53.0, 60.9, '°C', 'Temperature');
INSERT INTO MEASUREMENT (DateTime, SensorID, MeasValue) VALUES (TO_DATE('09/05/18 14:48', 'DD/MM/YY HH24:MI'), 154015, 17.6);
INSERT INTO SENSOR (SerialNumber, CityPlaced, SensorModel, MinimValue, MaximValue, Unit, SensorType) VALUES (196147, 'Αιολικό Πάρκο Μοναστήρι I', 'YGCVR-7888', 0, 100, '%', 'Humidity');
INSERT INTO MEASUREMENT (DateTime, SensorID, MeasValue) VALUES (TO_DATE('09/05/18 14:48', 'DD/MM/YY HH24:MI'), 196147, 55);
INSERT INTO MEASUREMENT (DateTime, SensorID, MeasValue) VALUES (TO_DATE('09/05/18 14:48', 'DD/MM/YY HH24:MI'), 24525, 999.5);
INSERT INTO SENSOR (SerialNumber, CityPlaced, SensorModel, MinimValue, MaximValue, Unit, SensorType) VALUES (29825, 'Αιολικό Πάρκο Μοναστήρι I', 'EQXB-9760', 0.0, 21.9, 'km/h', 'Wind');
INSERT INTO MEASUREMENT (DateTime, SensorID, MeasValue) VALUES (TO_DATE('09/05/18 14:48', 'DD/MM/YY HH24:MI'), 29825, 15.8);
INSERT INTO SENSOR (SerialNumber, CityPlaced, SensorModel, MinimValue, MaximValue, Unit, SensorType) VALUES (256653, 'Κομοτηνή', 'HLBEJ-715', -57.0, 62.9, '°C', 'Temperature');
INSERT INTO MEASUREMENT (DateTime, SensorID, MeasValue) VALUES (TO_DATE('09/05/18 14:40', 'DD/MM/YY HH24:MI'), 256653, 25.0);
INSERT INTO SENSOR (SerialNumber, CityPlaced, SensorModel, MinimValue, MaximValue, Unit, SensorType) VALUES (563979, 'Κομοτηνή', 'YOMGY-4971', 0, 100, '%', 'Humidity');
INSERT INTO MEASUREMENT (DateTime, SensorID, MeasValue) VALUES (TO_DATE('09/05/18 14:40', 'DD/MM/YY HH24:MI'), 563979, 63);
INSERT INTO SENSOR (SerialNumber, CityPlaced, SensorModel, MinimValue, MaximValue, Unit, SensorType) VALUES (52816, 'Κομοτηνή', 'XYGJ-290', 720.0, 1050.9, 'hPa', 'Pressure');
INSERT INTO MEASUREMENT (DateTime, SensorID, MeasValue) VALUES (TO_DATE('09/05/18 14:40', 'DD/MM/YY HH24:MI'), 52816, 1004.0);
INSERT INTO SENSOR (SerialNumber, CityPlaced, SensorModel, MinimValue, MaximValue, Unit, SensorType) VALUES (93313, 'Κομοτηνή', 'XOHF-1833', 0.0, 25.9, 'km/h', 'Wind');
INSERT INTO MEASUREMENT (DateTime, SensorID, MeasValue) VALUES (TO_DATE('09/05/18 14:40', 'DD/MM/YY HH24:MI'), 93313, 9.1);
INSERT INTO SENSOR (SerialNumber, CityPlaced, SensorModel, MinimValue, MaximValue, Unit, SensorType) VALUES (127348, 'Βαλανειό', 'CXUSG-519', -53.0, 66.9, '°C', 'Temperature');
INSERT INTO MEASUREMENT (DateTime, SensorID, MeasValue) VALUES (TO_DATE('09/05/18 14:43', 'DD/MM/YY HH24:MI'), 127348, 21.4);
INSERT INTO SENSOR (SerialNumber, CityPlaced, SensorModel, MinimValue, MaximValue, Unit, SensorType) VALUES (556789, 'Βαλανειό', 'AIERH-4215', 0, 100, '%', 'Humidity');
INSERT INTO MEASUREMENT (DateTime, SensorID, MeasValue) VALUES (TO_DATE('09/05/18 14:43', 'DD/MM/YY HH24:MI'), 556789, 73);
INSERT INTO SENSOR (SerialNumber, CityPlaced, SensorModel, MinimValue, MaximValue, Unit, SensorType) VALUES (17755, 'Βαλανειό', 'GOQC-629', 729.0, 1078.9, 'hPa', 'Pressure');
INSERT INTO MEASUREMENT (DateTime, SensorID, MeasValue) VALUES (TO_DATE('09/05/18 14:43', 'DD/MM/YY HH24:MI'), 17755, 1003.6);
INSERT INTO SENSOR (SerialNumber, CityPlaced, SensorModel, MinimValue, MaximValue, Unit, SensorType) VALUES (38703, 'Βαλανειό', 'OFRB-0314', 0.0, 24.9, 'km/h', 'Wind');
INSERT INTO MEASUREMENT (DateTime, SensorID, MeasValue) VALUES (TO_DATE('09/05/18 14:43', 'DD/MM/YY HH24:MI'), 38703, 4.3);
INSERT INTO SENSOR (SerialNumber, CityPlaced, SensorModel, MinimValue, MaximValue, Unit, SensorType) VALUES (645773, 'Παντοκράτορας', 'IKIPG-321', -51.0, 75.9, '°C', 'Temperature');
INSERT INTO MEASUREMENT (DateTime, SensorID, MeasValue) VALUES (TO_DATE('09/05/18 14:48', 'DD/MM/YY HH24:MI'), 645773, 17.2);
INSERT INTO SENSOR (SerialNumber, CityPlaced, SensorModel, MinimValue, MaximValue, Unit, SensorType) VALUES (743513, 'Παντοκράτορας', 'XRLTO-2067', 0, 100, '%', 'Humidity');
INSERT INTO MEASUREMENT (DateTime, SensorID, MeasValue) VALUES (TO_DATE('09/05/18 14:48', 'DD/MM/YY HH24:MI'), 743513, 85);
INSERT INTO SENSOR (SerialNumber, CityPlaced, SensorModel, MinimValue, MaximValue, Unit, SensorType) VALUES (59577, 'Παντοκράτορας', 'ZLCM-437', 742.0, 1069.9, 'hPa', 'Pressure');
INSERT INTO MEASUREMENT (DateTime, SensorID, MeasValue) VALUES (TO_DATE('09/05/18 14:48', 'DD/MM/YY HH24:MI'), 59577, 1008.3);
INSERT INTO SENSOR (SerialNumber, CityPlaced, SensorModel, MinimValue, MaximValue, Unit, SensorType) VALUES (50552, 'Παντοκράτορας', 'MYEB-1031', 0.0, 25.9, 'km/h', 'Wind');
INSERT INTO MEASUREMENT (DateTime, SensorID, MeasValue) VALUES (TO_DATE('09/05/18 14:48', 'DD/MM/YY HH24:MI'), 50552, 1.8);
INSERT INTO SENSOR (SerialNumber, CityPlaced, SensorModel, MinimValue, MaximValue, Unit, SensorType) VALUES (321130, 'Ιθάκη', 'UMURW-606', -58.0, 62.9, '°C', 'Temperature');
INSERT INTO MEASUREMENT (DateTime, SensorID, MeasValue) VALUES (TO_DATE('09/05/18 14:39', 'DD/MM/YY HH24:MI'), 321130, 22.9);
INSERT INTO SENSOR (SerialNumber, CityPlaced, SensorModel, MinimValue, MaximValue, Unit, SensorType) VALUES (757869, 'Ιθάκη', 'RCEHP-7772', 0, 100, '%', 'Humidity');
INSERT INTO MEASUREMENT (DateTime, SensorID, MeasValue) VALUES (TO_DATE('09/05/18 14:39', 'DD/MM/YY HH24:MI'), 757869, 70);
INSERT INTO SENSOR (SerialNumber, CityPlaced, SensorModel, MinimValue, MaximValue, Unit, SensorType) VALUES (34440, 'Ιθάκη', 'KOTG-600', 749.0, 1058.9, 'hPa', 'Pressure');
INSERT INTO MEASUREMENT (DateTime, SensorID, MeasValue) VALUES (TO_DATE('09/05/18 14:39', 'DD/MM/YY HH24:MI'), 34440, 1005.8);
INSERT INTO SENSOR (SerialNumber, CityPlaced, SensorModel, MinimValue, MaximValue, Unit, SensorType) VALUES (91114, 'Ιθάκη', 'TQFE-9432', 0.0, 24.9, 'km/h', 'Wind');
INSERT INTO MEASUREMENT (DateTime, SensorID, MeasValue) VALUES (TO_DATE('09/05/18 14:39', 'DD/MM/YY HH24:MI'), 91114, 2.1);
INSERT INTO SENSOR (SerialNumber, CityPlaced, SensorModel, MinimValue, MaximValue, Unit, SensorType) VALUES (504157, 'Λαχός Ιθάκη', 'BBLYK-872', -55.0, 69.9, '°C', 'Temperature');
INSERT INTO MEASUREMENT (DateTime, SensorID, MeasValue) VALUES (TO_DATE('09/05/18 14:47', 'DD/MM/YY HH24:MI'), 504157, 21.6);
INSERT INTO SENSOR (SerialNumber, CityPlaced, SensorModel, MinimValue, MaximValue, Unit, SensorType) VALUES (912457, 'Λαχός Ιθάκη', 'KLYMD-1975', 0, 100, '%', 'Humidity');
INSERT INTO MEASUREMENT (DateTime, SensorID, MeasValue) VALUES (TO_DATE('09/05/18 14:47', 'DD/MM/YY HH24:MI'), 912457, 77);
INSERT INTO SENSOR (SerialNumber, CityPlaced, SensorModel, MinimValue, MaximValue, Unit, SensorType) VALUES (86119, 'Λαχός Ιθάκη', 'ARZV-249', 713.0, 1058.9, 'hPa', 'Pressure');
INSERT INTO MEASUREMENT (DateTime, SensorID, MeasValue) VALUES (TO_DATE('09/05/18 14:47', 'DD/MM/YY HH24:MI'), 86119, 1004.9);
INSERT INTO SENSOR (SerialNumber, CityPlaced, SensorModel, MinimValue, MaximValue, Unit, SensorType) VALUES (45230, 'Λαχός Ιθάκη', 'HGWF-2886', 0.0, 20.9, 'km/h', 'Wind');
INSERT INTO MEASUREMENT (DateTime, SensorID, MeasValue) VALUES (TO_DATE('09/05/18 14:47', 'DD/MM/YY HH24:MI'), 45230, 0.0);
INSERT INTO SENSOR (SerialNumber, CityPlaced, SensorModel, MinimValue, MaximValue, Unit, SensorType) VALUES (955135, 'Πλατρειθιάς Ιθάκη', 'JVTGL-169', -58.0, 74.9, '°C', 'Temperature');
INSERT INTO MEASUREMENT (DateTime, SensorID, MeasValue) VALUES (TO_DATE('09/05/18 14:40', 'DD/MM/YY HH24:MI'), 955135, 20.9);
INSERT INTO SENSOR (SerialNumber, CityPlaced, SensorModel, MinimValue, MaximValue, Unit, SensorType) VALUES (622135, 'Πλατρειθιάς Ιθάκη', 'PDQCV-0233', 0, 100, '%', 'Humidity');
INSERT INTO MEASUREMENT (DateTime, SensorID, MeasValue) VALUES (TO_DATE('09/05/18 14:40', 'DD/MM/YY HH24:MI'), 622135, 80);
INSERT INTO SENSOR (SerialNumber, CityPlaced, SensorModel, MinimValue, MaximValue, Unit, SensorType) VALUES (85044, 'Πλατρειθιάς Ιθάκη', 'IBHO-633', 704.0, 1056.9, 'hPa', 'Pressure');
INSERT INTO MEASUREMENT (DateTime, SensorID, MeasValue) VALUES (TO_DATE('09/05/18 14:40', 'DD/MM/YY HH24:MI'), 85044, 1006.0);
INSERT INTO SENSOR (SerialNumber, CityPlaced, SensorModel, MinimValue, MaximValue, Unit, SensorType) VALUES (41490, 'Πλατρειθιάς Ιθάκη', 'STLW-9946', 0.0, 24.9, 'km/h', 'Wind');
INSERT INTO MEASUREMENT (DateTime, SensorID, MeasValue) VALUES (TO_DATE('09/05/18 14:40', 'DD/MM/YY HH24:MI'), 41490, 2.1);
INSERT INTO SENSOR (SerialNumber, CityPlaced, SensorModel, MinimValue, MaximValue, Unit, SensorType) VALUES (166220, 'Σπαρτιά', 'JXSZG-727', -51.0, 76.9, '°C', 'Temperature');
INSERT INTO MEASUREMENT (DateTime, SensorID, MeasValue) VALUES (TO_DATE('09/05/18 14:48', 'DD/MM/YY HH24:MI'), 166220, 20.5);
INSERT INTO SENSOR (SerialNumber, CityPlaced, SensorModel, MinimValue, MaximValue, Unit, SensorType) VALUES (685832, 'Σπαρτιά', 'ZMMSG-6775', 0, 100, '%', 'Humidity');
INSERT INTO MEASUREMENT (DateTime, SensorID, MeasValue) VALUES (TO_DATE('09/05/18 14:48', 'DD/MM/YY HH24:MI'), 685832, 79);
INSERT INTO SENSOR (SerialNumber, CityPlaced, SensorModel, MinimValue, MaximValue, Unit, SensorType) VALUES (26803, 'Σπαρτιά', 'NESQ-372', 744.0, 1093.9, 'hPa', 'Pressure');
INSERT INTO MEASUREMENT (DateTime, SensorID, MeasValue) VALUES (TO_DATE('09/05/18 14:48', 'DD/MM/YY HH24:MI'), 26803, 1096.6);
INSERT INTO SENSOR (SerialNumber, CityPlaced, SensorModel, MinimValue, MaximValue, Unit, SensorType) VALUES (83697, 'Σπαρτιά', 'XDVR-3721', 0.0, 23.9, 'km/h', 'Wind');
INSERT INTO MEASUREMENT (DateTime, SensorID, MeasValue) VALUES (TO_DATE('09/05/18 14:48', 'DD/MM/YY HH24:MI'), 83697, 2.2);
INSERT INTO SENSOR (SerialNumber, CityPlaced, SensorModel, MinimValue, MaximValue, Unit, SensorType) VALUES (534755, 'Λευκάδα', 'VOGEE-347', -54.0, 64.9, '°C', 'Temperature');
INSERT INTO MEASUREMENT (DateTime, SensorID, MeasValue) VALUES (TO_DATE('09/05/18 14:39', 'DD/MM/YY HH24:MI'), 534755, 21.6);
INSERT INTO SENSOR (SerialNumber, CityPlaced, SensorModel, MinimValue, MaximValue, Unit, SensorType) VALUES (694669, 'Λευκάδα', 'KWYGP-4947', 0, 100, '%', 'Humidity');
INSERT INTO MEASUREMENT (DateTime, SensorID, MeasValue) VALUES (TO_DATE('09/05/18 14:39', 'DD/MM/YY HH24:MI'), 694669, 78);
INSERT INTO SENSOR (SerialNumber, CityPlaced, SensorModel, MinimValue, MaximValue, Unit, SensorType) VALUES (22504, 'Λευκάδα', 'LZZF-647', 720.0, 1051.9, 'hPa', 'Pressure');
INSERT INTO MEASUREMENT (DateTime, SensorID, MeasValue) VALUES (TO_DATE('09/05/18 14:39', 'DD/MM/YY HH24:MI'), 22504, 1005.6);
INSERT INTO SENSOR (SerialNumber, CityPlaced, SensorModel, MinimValue, MaximValue, Unit, SensorType) VALUES (25241, 'Λευκάδα', 'EYYC-2022', 0.0, 22.9, 'km/h', 'Wind');
INSERT INTO MEASUREMENT (DateTime, SensorID, MeasValue) VALUES (TO_DATE('09/05/18 14:39', 'DD/MM/YY HH24:MI'), 25241, 16.1);
INSERT INTO SENSOR (SerialNumber, CityPlaced, SensorModel, MinimValue, MaximValue, Unit, SensorType) VALUES (673702, 'Πλατύστομα', 'DWFAT-418', -50.0, 66.9, '°C', 'Temperature');
INSERT INTO MEASUREMENT (DateTime, SensorID, MeasValue) VALUES (TO_DATE('09/05/18 14:43', 'DD/MM/YY HH24:MI'), 673702, 19.7);
INSERT INTO SENSOR (SerialNumber, CityPlaced, SensorModel, MinimValue, MaximValue, Unit, SensorType) VALUES (951415, 'Πλατύστομα', 'PALWJ-1335', 0, 100, '%', 'Humidity');
INSERT INTO MEASUREMENT (DateTime, SensorID, MeasValue) VALUES (TO_DATE('09/05/18 14:43', 'DD/MM/YY HH24:MI'), 951415, 78);
INSERT INTO SENSOR (SerialNumber, CityPlaced, SensorModel, MinimValue, MaximValue, Unit, SensorType) VALUES (19566, 'Πλατύστομα', 'SAPU-413', 749.0, 1099.9, 'hPa', 'Pressure');
INSERT INTO MEASUREMENT (DateTime, SensorID, MeasValue) VALUES (TO_DATE('09/05/18 14:43', 'DD/MM/YY HH24:MI'), 19566, 1005.7);
INSERT INTO SENSOR (SerialNumber, CityPlaced, SensorModel, MinimValue, MaximValue, Unit, SensorType) VALUES (71092, 'Πλατύστομα', 'EVTJ-8581', 0.0, 24.9, 'km/h', 'Wind');
INSERT INTO MEASUREMENT (DateTime, SensorID, MeasValue) VALUES (TO_DATE('09/05/18 14:43', 'DD/MM/YY HH24:MI'), 71092, 6.2);
INSERT INTO SENSOR (SerialNumber, CityPlaced, SensorModel, MinimValue, MaximValue, Unit, SensorType) VALUES (915620, 'Παντάνασσα Γάζι', 'HDDJG-897', -51.0, 68.9, '°C', 'Temperature');
INSERT INTO MEASUREMENT (DateTime, SensorID, MeasValue) VALUES (TO_DATE('09/05/18 14:48', 'DD/MM/YY HH24:MI'), 915620, 22.3);
INSERT INTO SENSOR (SerialNumber, CityPlaced, SensorModel, MinimValue, MaximValue, Unit, SensorType) VALUES (860764, 'Παντάνασσα Γάζι', 'MIXMQ-4608', 0, 100, '%', 'Humidity');
INSERT INTO MEASUREMENT (DateTime, SensorID, MeasValue) VALUES (TO_DATE('09/05/18 14:48', 'DD/MM/YY HH24:MI'), 860764, 75);
INSERT INTO SENSOR (SerialNumber, CityPlaced, SensorModel, MinimValue, MaximValue, Unit, SensorType) VALUES (36964, 'Παντάνασσα Γάζι', 'FEBP-057', 738.0, 1078.9, 'hPa', 'Pressure');
INSERT INTO MEASUREMENT (DateTime, SensorID, MeasValue) VALUES (TO_DATE('09/05/18 14:48', 'DD/MM/YY HH24:MI'), 36964, 1005.3);
INSERT INTO SENSOR (SerialNumber, CityPlaced, SensorModel, MinimValue, MaximValue, Unit, SensorType) VALUES (91528, 'Παντάνασσα Γάζι', 'KVYQ-2776', 0.0, 22.9, 'km/h', 'Wind');
INSERT INTO MEASUREMENT (DateTime, SensorID, MeasValue) VALUES (TO_DATE('09/05/18 14:48', 'DD/MM/YY HH24:MI'), 91528, 5.7);
INSERT INTO SENSOR (SerialNumber, CityPlaced, SensorModel, MinimValue, MaximValue, Unit, SensorType) VALUES (869697, 'Σταυράκια', 'AQMJO-766', -59.0, 68.9, '°C', 'Temperature');
INSERT INTO MEASUREMENT (DateTime, SensorID, MeasValue) VALUES (TO_DATE('09/05/18 14:45', 'DD/MM/YY HH24:MI'), 869697, 22.6);
INSERT INTO SENSOR (SerialNumber, CityPlaced, SensorModel, MinimValue, MaximValue, Unit, SensorType) VALUES (308028, 'Σταυράκια', 'XAKTC-7903', 0, 100, '%', 'Humidity');
INSERT INTO MEASUREMENT (DateTime, SensorID, MeasValue) VALUES (TO_DATE('09/05/18 14:45', 'DD/MM/YY HH24:MI'), 308028, 68);
INSERT INTO SENSOR (SerialNumber, CityPlaced, SensorModel, MinimValue, MaximValue, Unit, SensorType) VALUES (78400, 'Σταυράκια', 'SIAN-726', 714.0, 1078.9, 'hPa', 'Pressure');
INSERT INTO MEASUREMENT (DateTime, SensorID, MeasValue) VALUES (TO_DATE('09/05/18 14:45', 'DD/MM/YY HH24:MI'), 78400, 1006.8);
INSERT INTO SENSOR (SerialNumber, CityPlaced, SensorModel, MinimValue, MaximValue, Unit, SensorType) VALUES (72011, 'Σταυράκια', 'MQSP-9270', 0.0, 23.9, 'km/h', 'Wind');
INSERT INTO MEASUREMENT (DateTime, SensorID, MeasValue) VALUES (TO_DATE('09/05/18 14:45', 'DD/MM/YY HH24:MI'), 72011, 8.6);
INSERT INTO SENSOR (SerialNumber, CityPlaced, SensorModel, MinimValue, MaximValue, Unit, SensorType) VALUES (996817, 'Ελούντα', 'WLVEK-849', -54.0, 76.9, '°C', 'Temperature');
INSERT INTO MEASUREMENT (DateTime, SensorID, MeasValue) VALUES (TO_DATE('09/05/18 14:48', 'DD/MM/YY HH24:MI'), 996817, 0.0);
INSERT INTO SENSOR (SerialNumber, CityPlaced, SensorModel, MinimValue, MaximValue, Unit, SensorType) VALUES (178071, 'Ελούντα', 'CBQDA-1593', 0, 100, '%', 'Humidity');
INSERT INTO MEASUREMENT (DateTime, SensorID, MeasValue) VALUES (TO_DATE('09/05/18 14:48', 'DD/MM/YY HH24:MI'), 178071, 0);
INSERT INTO SENSOR (SerialNumber, CityPlaced, SensorModel, MinimValue, MaximValue, Unit, SensorType) VALUES (10194, 'Ελούντα', 'XWDX-041', 703.0, 1067.9, 'hPa', 'Pressure');
INSERT INTO MEASUREMENT (DateTime, SensorID, MeasValue) VALUES (TO_DATE('09/05/18 14:48', 'DD/MM/YY HH24:MI'), 10194, 1007.7);
INSERT INTO SENSOR (SerialNumber, CityPlaced, SensorModel, MinimValue, MaximValue, Unit, SensorType) VALUES (19655, 'Ελούντα', 'OBXH-1738', 0.0, 24.9, 'km/h', 'Wind');
INSERT INTO MEASUREMENT (DateTime, SensorID, MeasValue) VALUES (TO_DATE('09/05/18 14:48', 'DD/MM/YY HH24:MI'), 19655, 6.4);
INSERT INTO SENSOR (SerialNumber, CityPlaced, SensorModel, MinimValue, MaximValue, Unit, SensorType) VALUES (675739, 'Ρούστικα', 'FLXLZ-015', -60.0, 71.9, '°C', 'Temperature');
INSERT INTO MEASUREMENT (DateTime, SensorID, MeasValue) VALUES (TO_DATE('09/05/18 14:48', 'DD/MM/YY HH24:MI'), 675739, 24.0);
INSERT INTO SENSOR (SerialNumber, CityPlaced, SensorModel, MinimValue, MaximValue, Unit, SensorType) VALUES (177015, 'Ρούστικα', 'SHIHP-8219', 0, 100, '%', 'Humidity');
INSERT INTO MEASUREMENT (DateTime, SensorID, MeasValue) VALUES (TO_DATE('09/05/18 14:48', 'DD/MM/YY HH24:MI'), 177015, 66);
INSERT INTO SENSOR (SerialNumber, CityPlaced, SensorModel, MinimValue, MaximValue, Unit, SensorType) VALUES (11325, 'Ρούστικα', 'QFSV-036', 720.0, 1073.9, 'hPa', 'Pressure');
INSERT INTO MEASUREMENT (DateTime, SensorID, MeasValue) VALUES (TO_DATE('09/05/18 14:48', 'DD/MM/YY HH24:MI'), 11325, 1004.6);
INSERT INTO SENSOR (SerialNumber, CityPlaced, SensorModel, MinimValue, MaximValue, Unit, SensorType) VALUES (53694, 'Ρούστικα', 'GTBA-4458', 0.0, 21.9, 'km/h', 'Wind');
INSERT INTO MEASUREMENT (DateTime, SensorID, MeasValue) VALUES (TO_DATE('09/05/18 14:48', 'DD/MM/YY HH24:MI'), 53694, 3.2);
INSERT INTO SENSOR (SerialNumber, CityPlaced, SensorModel, MinimValue, MaximValue, Unit, SensorType) VALUES (594635, 'Κουντούρα', 'ZWUWD-013', -51.0, 75.9, '°C', 'Temperature');
INSERT INTO MEASUREMENT (DateTime, SensorID, MeasValue) VALUES (TO_DATE('09/05/18 14:41', 'DD/MM/YY HH24:MI'), 594635, 22.0);
INSERT INTO SENSOR (SerialNumber, CityPlaced, SensorModel, MinimValue, MaximValue, Unit, SensorType) VALUES (290743, 'Κουντούρα', 'DMVWW-3344', 0, 100, '%', 'Humidity');
INSERT INTO MEASUREMENT (DateTime, SensorID, MeasValue) VALUES (TO_DATE('09/05/18 14:41', 'DD/MM/YY HH24:MI'), 290743, 66);
INSERT INTO SENSOR (SerialNumber, CityPlaced, SensorModel, MinimValue, MaximValue, Unit, SensorType) VALUES (23273, 'Κουντούρα', 'ANWM-159', 727.0, 1093.9, 'hPa', 'Pressure');
INSERT INTO MEASUREMENT (DateTime, SensorID, MeasValue) VALUES (TO_DATE('09/05/18 14:41', 'DD/MM/YY HH24:MI'), 23273, 1008.0);
INSERT INTO SENSOR (SerialNumber, CityPlaced, SensorModel, MinimValue, MaximValue, Unit, SensorType) VALUES (66618, 'Κουντούρα', 'EFLS-0849', 0.0, 24.9, 'km/h', 'Wind');
INSERT INTO MEASUREMENT (DateTime, SensorID, MeasValue) VALUES (TO_DATE('09/05/18 14:41', 'DD/MM/YY HH24:MI'), 66618, 6.1);
INSERT INTO SENSOR (SerialNumber, CityPlaced, SensorModel, MinimValue, MaximValue, Unit, SensorType) VALUES (542620, 'Δράμα Νέα Αμισός  Δράμα', 'YXCFN-469', -50.0, 65.9, '°C', 'Temperature');
INSERT INTO MEASUREMENT (DateTime, SensorID, MeasValue) VALUES (TO_DATE('09/05/18 14:45', 'DD/MM/YY HH24:MI'), 542620, 27.7);
INSERT INTO SENSOR (SerialNumber, CityPlaced, SensorModel, MinimValue, MaximValue, Unit, SensorType) VALUES (324242, 'Δράμα Νέα Αμισός  Δράμα', 'SIXJG-0154', 0, 100, '%', 'Humidity');
INSERT INTO MEASUREMENT (DateTime, SensorID, MeasValue) VALUES (TO_DATE('09/05/18 14:45', 'DD/MM/YY HH24:MI'), 324242, 49);
INSERT INTO SENSOR (SerialNumber, CityPlaced, SensorModel, MinimValue, MaximValue, Unit, SensorType) VALUES (92747, 'Δράμα Νέα Αμισός  Δράμα', 'UZLH-965', 711.0, 1096.9, 'hPa', 'Pressure');
INSERT INTO MEASUREMENT (DateTime, SensorID, MeasValue) VALUES (TO_DATE('09/05/18 14:45', 'DD/MM/YY HH24:MI'), 92747, 1003.8);
INSERT INTO SENSOR (SerialNumber, CityPlaced, SensorModel, MinimValue, MaximValue, Unit, SensorType) VALUES (78844, 'Δράμα Νέα Αμισός  Δράμα', 'IOEN-3258', 0.0, 21.9, 'km/h', 'Wind');
INSERT INTO MEASUREMENT (DateTime, SensorID, MeasValue) VALUES (TO_DATE('09/05/18 14:45', 'DD/MM/YY HH24:MI'), 78844, 3.5);
INSERT INTO SENSOR (SerialNumber, CityPlaced, SensorModel, MinimValue, MaximValue, Unit, SensorType) VALUES (597220, 'Δράμα Αμπελόκηποι', 'CZCYF-344', -56.0, 75.9, '°C', 'Temperature');
INSERT INTO MEASUREMENT (DateTime, SensorID, MeasValue) VALUES (TO_DATE('09/05/18 14:48', 'DD/MM/YY HH24:MI'), 597220, 26.3);
INSERT INTO SENSOR (SerialNumber, CityPlaced, SensorModel, MinimValue, MaximValue, Unit, SensorType) VALUES (668665, 'Δράμα Αμπελόκηποι', 'ETTZQ-5670', 0, 100, '%', 'Humidity');
INSERT INTO MEASUREMENT (DateTime, SensorID, MeasValue) VALUES (TO_DATE('09/05/18 14:48', 'DD/MM/YY HH24:MI'), 668665, 49);
INSERT INTO SENSOR (SerialNumber, CityPlaced, SensorModel, MinimValue, MaximValue, Unit, SensorType) VALUES (70001, 'Δράμα Αμπελόκηποι', 'KHLV-209', 746.0, 1072.9, 'hPa', 'Pressure');
INSERT INTO MEASUREMENT (DateTime, SensorID, MeasValue) VALUES (TO_DATE('09/05/18 14:48', 'DD/MM/YY HH24:MI'), 70001, 1003.4);
INSERT INTO SENSOR (SerialNumber, CityPlaced, SensorModel, MinimValue, MaximValue, Unit, SensorType) VALUES (70513, 'Δράμα Αμπελόκηποι', 'ZPJW-7092', 0.0, 22.9, 'km/h', 'Wind');
INSERT INTO MEASUREMENT (DateTime, SensorID, MeasValue) VALUES (TO_DATE('09/05/18 14:48', 'DD/MM/YY HH24:MI'), 70513, 6.0);
INSERT INTO SENSOR (SerialNumber, CityPlaced, SensorModel, MinimValue, MaximValue, Unit, SensorType) VALUES (910222, 'Δράμα Κέντρο', 'CNUIP-319', -51.0, 78.9, '°C', 'Temperature');
INSERT INTO MEASUREMENT (DateTime, SensorID, MeasValue) VALUES (TO_DATE('09/05/18 14:46', 'DD/MM/YY HH24:MI'), 910222, 27.2);
INSERT INTO SENSOR (SerialNumber, CityPlaced, SensorModel, MinimValue, MaximValue, Unit, SensorType) VALUES (531815, 'Δράμα Κέντρο', 'REUUH-7891', 0, 100, '%', 'Humidity');
INSERT INTO MEASUREMENT (DateTime, SensorID, MeasValue) VALUES (TO_DATE('09/05/18 14:46', 'DD/MM/YY HH24:MI'), 531815, 48);
INSERT INTO SENSOR (SerialNumber, CityPlaced, SensorModel, MinimValue, MaximValue, Unit, SensorType) VALUES (54345, 'Δράμα Κέντρο', 'BNWS-458', 720.0, 1093.9, 'hPa', 'Pressure');
INSERT INTO MEASUREMENT (DateTime, SensorID, MeasValue) VALUES (TO_DATE('09/05/18 14:46', 'DD/MM/YY HH24:MI'), 54345, 1002.7);
INSERT INTO SENSOR (SerialNumber, CityPlaced, SensorModel, MinimValue, MaximValue, Unit, SensorType) VALUES (33807, 'Δράμα Κέντρο', 'DMEM-7735', 0.0, 20.9, 'km/h', 'Wind');
INSERT INTO MEASUREMENT (DateTime, SensorID, MeasValue) VALUES (TO_DATE('09/05/18 14:46', 'DD/MM/YY HH24:MI'), 33807, 6.4);
INSERT INTO SENSOR (SerialNumber, CityPlaced, SensorModel, MinimValue, MaximValue, Unit, SensorType) VALUES (955334, 'Καλαμώνας', 'FJMML-128', -50.0, 68.9, '°C', 'Temperature');
INSERT INTO MEASUREMENT (DateTime, SensorID, MeasValue) VALUES (TO_DATE('09/05/18 14:45', 'DD/MM/YY HH24:MI'), 955334, 27.4);
INSERT INTO SENSOR (SerialNumber, CityPlaced, SensorModel, MinimValue, MaximValue, Unit, SensorType) VALUES (775281, 'Καλαμώνας', 'BLKKJ-4144', 0, 100, '%', 'Humidity');
INSERT INTO MEASUREMENT (DateTime, SensorID, MeasValue) VALUES (TO_DATE('09/05/18 14:45', 'DD/MM/YY HH24:MI'), 775281, 54);
INSERT INTO SENSOR (SerialNumber, CityPlaced, SensorModel, MinimValue, MaximValue, Unit, SensorType) VALUES (31868, 'Καλαμώνας', 'EMLC-265', 720.0, 1080.9, 'hPa', 'Pressure');
INSERT INTO MEASUREMENT (DateTime, SensorID, MeasValue) VALUES (TO_DATE('09/05/18 14:45', 'DD/MM/YY HH24:MI'), 31868, 999.8);
INSERT INTO SENSOR (SerialNumber, CityPlaced, SensorModel, MinimValue, MaximValue, Unit, SensorType) VALUES (63431, 'Καλαμώνας', 'VIGN-2474', 0.0, 20.9, 'km/h', 'Wind');
INSERT INTO MEASUREMENT (DateTime, SensorID, MeasValue) VALUES (TO_DATE('09/05/18 14:45', 'DD/MM/YY HH24:MI'), 63431, 0.3);
INSERT INTO SENSOR (SerialNumber, CityPlaced, SensorModel, MinimValue, MaximValue, Unit, SensorType) VALUES (320209, 'Βέροια', 'BORVW-123', -51.0, 78.9, '°C', 'Temperature');
INSERT INTO MEASUREMENT (DateTime, SensorID, MeasValue) VALUES (TO_DATE('09/05/18 14:45', 'DD/MM/YY HH24:MI'), 320209, 25.3);
INSERT INTO SENSOR (SerialNumber, CityPlaced, SensorModel, MinimValue, MaximValue, Unit, SensorType) VALUES (374589, 'Βέροια', 'IMOCX-5257', 0, 100, '%', 'Humidity');
INSERT INTO MEASUREMENT (DateTime, SensorID, MeasValue) VALUES (TO_DATE('09/05/18 14:45', 'DD/MM/YY HH24:MI'), 374589, 52);
INSERT INTO SENSOR (SerialNumber, CityPlaced, SensorModel, MinimValue, MaximValue, Unit, SensorType) VALUES (49743, 'Βέροια', 'EPTF-968', 722.0, 1050.9, 'hPa', 'Pressure');
INSERT INTO MEASUREMENT (DateTime, SensorID, MeasValue) VALUES (TO_DATE('09/05/18 14:45', 'DD/MM/YY HH24:MI'), 49743, 1001.8);
INSERT INTO SENSOR (SerialNumber, CityPlaced, SensorModel, MinimValue, MaximValue, Unit, SensorType) VALUES (48095, 'Βέροια', 'XKIC-1499', 0.0, 24.9, 'km/h', 'Wind');
INSERT INTO MEASUREMENT (DateTime, SensorID, MeasValue) VALUES (TO_DATE('09/05/18 14:45', 'DD/MM/YY HH24:MI'), 48095, 5.9);
INSERT INTO SENSOR (SerialNumber, CityPlaced, SensorModel, MinimValue, MaximValue, Unit, SensorType) VALUES (191322, 'Στενήμαχος', 'EVAXQ-208', -50.0, 67.9, '°C', 'Temperature');
INSERT INTO MEASUREMENT (DateTime, SensorID, MeasValue) VALUES (TO_DATE('09/05/18 14:45', 'DD/MM/YY HH24:MI'), 191322, 25.6);
INSERT INTO SENSOR (SerialNumber, CityPlaced, SensorModel, MinimValue, MaximValue, Unit, SensorType) VALUES (731327, 'Στενήμαχος', 'FFCGP-6773', 0, 100, '%', 'Humidity');
INSERT INTO MEASUREMENT (DateTime, SensorID, MeasValue) VALUES (TO_DATE('09/05/18 14:45', 'DD/MM/YY HH24:MI'), 731327, 43);
INSERT INTO SENSOR (SerialNumber, CityPlaced, SensorModel, MinimValue, MaximValue, Unit, SensorType) VALUES (77011, 'Στενήμαχος', 'RFTF-103', 710.0, 1080.9, 'hPa', 'Pressure');
INSERT INTO MEASUREMENT (DateTime, SensorID, MeasValue) VALUES (TO_DATE('09/05/18 14:45', 'DD/MM/YY HH24:MI'), 77011, 1003.0);
INSERT INTO SENSOR (SerialNumber, CityPlaced, SensorModel, MinimValue, MaximValue, Unit, SensorType) VALUES (33535, 'Στενήμαχος', 'NFVC-2784', 0.0, 20.9, 'km/h', 'Wind');
INSERT INTO MEASUREMENT (DateTime, SensorID, MeasValue) VALUES (TO_DATE('09/05/18 14:45', 'DD/MM/YY HH24:MI'), 33535, 3.3);
INSERT INTO SENSOR (SerialNumber, CityPlaced, SensorModel, MinimValue, MaximValue, Unit, SensorType) VALUES (795371, 'Επταπύργιο', 'HRZCV-343', -51.0, 70.9, '°C', 'Temperature');
INSERT INTO MEASUREMENT (DateTime, SensorID, MeasValue) VALUES (TO_DATE('09/05/18 14:48', 'DD/MM/YY HH24:MI'), 795371, 22.1);
INSERT INTO SENSOR (SerialNumber, CityPlaced, SensorModel, MinimValue, MaximValue, Unit, SensorType) VALUES (962702, 'Επταπύργιο', 'YMKXF-8560', 0, 100, '%', 'Humidity');
INSERT INTO MEASUREMENT (DateTime, SensorID, MeasValue) VALUES (TO_DATE('09/05/18 14:48', 'DD/MM/YY HH24:MI'), 962702, 69);
INSERT INTO SENSOR (SerialNumber, CityPlaced, SensorModel, MinimValue, MaximValue, Unit, SensorType) VALUES (76516, 'Επταπύργιο', 'SAHL-230', 735.0, 1053.9, 'hPa', 'Pressure');
INSERT INTO MEASUREMENT (DateTime, SensorID, MeasValue) VALUES (TO_DATE('09/05/18 14:48', 'DD/MM/YY HH24:MI'), 76516, 1005.6);
INSERT INTO SENSOR (SerialNumber, CityPlaced, SensorModel, MinimValue, MaximValue, Unit, SensorType) VALUES (84194, 'Επταπύργιο', 'ZYER-4593', 0.0, 23.9, 'km/h', 'Wind');
INSERT INTO MEASUREMENT (DateTime, SensorID, MeasValue) VALUES (TO_DATE('09/05/18 14:48', 'DD/MM/YY HH24:MI'), 84194, 4.3);
INSERT INTO SENSOR (SerialNumber, CityPlaced, SensorModel, MinimValue, MaximValue, Unit, SensorType) VALUES (510180, 'Θεσσαλονίκη Ευκαρπία', 'IEHOA-765', -60.0, 63.9, '°C', 'Temperature');
INSERT INTO MEASUREMENT (DateTime, SensorID, MeasValue) VALUES (TO_DATE('09/05/18 14:47', 'DD/MM/YY HH24:MI'), 510180, 23.9);
INSERT INTO SENSOR (SerialNumber, CityPlaced, SensorModel, MinimValue, MaximValue, Unit, SensorType) VALUES (826015, 'Θεσσαλονίκη Ευκαρπία', 'DCHYL-6268', 0, 100, '%', 'Humidity');
INSERT INTO MEASUREMENT (DateTime, SensorID, MeasValue) VALUES (TO_DATE('09/05/18 14:47', 'DD/MM/YY HH24:MI'), 826015, 59);
INSERT INTO SENSOR (SerialNumber, CityPlaced, SensorModel, MinimValue, MaximValue, Unit, SensorType) VALUES (67127, 'Θεσσαλονίκη Ευκαρπία', 'FARE-392', 746.0, 1090.9, 'hPa', 'Pressure');
INSERT INTO MEASUREMENT (DateTime, SensorID, MeasValue) VALUES (TO_DATE('09/05/18 14:47', 'DD/MM/YY HH24:MI'), 67127, 1004.1);
INSERT INTO SENSOR (SerialNumber, CityPlaced, SensorModel, MinimValue, MaximValue, Unit, SensorType) VALUES (94873, 'Θεσσαλονίκη Ευκαρπία', 'XFPN-6072', 0.0, 24.9, 'km/h', 'Wind');
INSERT INTO MEASUREMENT (DateTime, SensorID, MeasValue) VALUES (TO_DATE('09/05/18 14:47', 'DD/MM/YY HH24:MI'), 94873, 3.0);
INSERT INTO SENSOR (SerialNumber, CityPlaced, SensorModel, MinimValue, MaximValue, Unit, SensorType) VALUES (647498, 'Ιωνία SV2BZQ', 'IFYDB-492', -53.0, 69.9, '°C', 'Temperature');
INSERT INTO MEASUREMENT (DateTime, SensorID, MeasValue) VALUES (TO_DATE('09/05/18 14:45', 'DD/MM/YY HH24:MI'), 647498, 24.5);
INSERT INTO SENSOR (SerialNumber, CityPlaced, SensorModel, MinimValue, MaximValue, Unit, SensorType) VALUES (427400, 'Ιωνία SV2BZQ', 'DVFZN-0047', 0, 100, '%', 'Humidity');
INSERT INTO MEASUREMENT (DateTime, SensorID, MeasValue) VALUES (TO_DATE('09/05/18 14:45', 'DD/MM/YY HH24:MI'), 427400, 68);
INSERT INTO SENSOR (SerialNumber, CityPlaced, SensorModel, MinimValue, MaximValue, Unit, SensorType) VALUES (97299, 'Ιωνία SV2BZQ', 'XWMN-384', 713.0, 1100.9, 'hPa', 'Pressure');
INSERT INTO MEASUREMENT (DateTime, SensorID, MeasValue) VALUES (TO_DATE('09/05/18 14:45', 'DD/MM/YY HH24:MI'), 97299, 1003.4);
INSERT INTO SENSOR (SerialNumber, CityPlaced, SensorModel, MinimValue, MaximValue, Unit, SensorType) VALUES (80445, 'Ιωνία SV2BZQ', 'KXRX-6115', 0.0, 22.9, 'km/h', 'Wind');
INSERT INTO MEASUREMENT (DateTime, SensorID, MeasValue) VALUES (TO_DATE('09/05/18 14:45', 'DD/MM/YY HH24:MI'), 80445, 4.7);
INSERT INTO SENSOR (SerialNumber, CityPlaced, SensorModel, MinimValue, MaximValue, Unit, SensorType) VALUES (615643, 'Κάτω Πυλαία', 'UGICV-754', -60.0, 68.9, '°C', 'Temperature');
INSERT INTO MEASUREMENT (DateTime, SensorID, MeasValue) VALUES (TO_DATE('09/05/18 14:45', 'DD/MM/YY HH24:MI'), 615643, 23.2);
INSERT INTO SENSOR (SerialNumber, CityPlaced, SensorModel, MinimValue, MaximValue, Unit, SensorType) VALUES (177349, 'Κάτω Πυλαία', 'PBHEU-2415', 0, 100, '%', 'Humidity');
INSERT INTO MEASUREMENT (DateTime, SensorID, MeasValue) VALUES (TO_DATE('09/05/18 14:45', 'DD/MM/YY HH24:MI'), 177349, 66);
INSERT INTO SENSOR (SerialNumber, CityPlaced, SensorModel, MinimValue, MaximValue, Unit, SensorType) VALUES (23673, 'Κάτω Πυλαία', 'NCGE-408', 740.0, 1079.9, 'hPa', 'Pressure');
INSERT INTO MEASUREMENT (DateTime, SensorID, MeasValue) VALUES (TO_DATE('09/05/18 14:45', 'DD/MM/YY HH24:MI'), 23673, 1004.6);
INSERT INTO SENSOR (SerialNumber, CityPlaced, SensorModel, MinimValue, MaximValue, Unit, SensorType) VALUES (83803, 'Κάτω Πυλαία', 'SKVT-8798', 0.0, 22.9, 'km/h', 'Wind');
INSERT INTO MEASUREMENT (DateTime, SensorID, MeasValue) VALUES (TO_DATE('09/05/18 14:45', 'DD/MM/YY HH24:MI'), 83803, 4.9);
INSERT INTO SENSOR (SerialNumber, CityPlaced, SensorModel, MinimValue, MaximValue, Unit, SensorType) VALUES (861536, 'Καλαμαριά 2', 'YLBIC-469', -58.0, 77.9, '°C', 'Temperature');
INSERT INTO MEASUREMENT (DateTime, SensorID, MeasValue) VALUES (TO_DATE('09/05/18 14:40', 'DD/MM/YY HH24:MI'), 861536, 22.8);
INSERT INTO SENSOR (SerialNumber, CityPlaced, SensorModel, MinimValue, MaximValue, Unit, SensorType) VALUES (805425, 'Καλαμαριά 2', 'YCOED-3075', 0, 100, '%', 'Humidity');
INSERT INTO MEASUREMENT (DateTime, SensorID, MeasValue) VALUES (TO_DATE('09/05/18 14:40', 'DD/MM/YY HH24:MI'), 805425, 61);
INSERT INTO SENSOR (SerialNumber, CityPlaced, SensorModel, MinimValue, MaximValue, Unit, SensorType) VALUES (91888, 'Καλαμαριά 2', 'QYZB-918', 716.0, 1076.9, 'hPa', 'Pressure');
INSERT INTO MEASUREMENT (DateTime, SensorID, MeasValue) VALUES (TO_DATE('09/05/18 14:40', 'DD/MM/YY HH24:MI'), 91888, 1004.3);
INSERT INTO SENSOR (SerialNumber, CityPlaced, SensorModel, MinimValue, MaximValue, Unit, SensorType) VALUES (39222, 'Καλαμαριά 2', 'OQZD-9959', 0.0, 22.9, 'km/h', 'Wind');
INSERT INTO MEASUREMENT (DateTime, SensorID, MeasValue) VALUES (TO_DATE('09/05/18 14:40', 'DD/MM/YY HH24:MI'), 39222, 6.6);
INSERT INTO SENSOR (SerialNumber, CityPlaced, SensorModel, MinimValue, MaximValue, Unit, SensorType) VALUES (782340, 'Καλαμαριά SV2BNL 2', 'SBTJF-756', -54.0, 72.9, '°C', 'Temperature');
INSERT INTO MEASUREMENT (DateTime, SensorID, MeasValue) VALUES (TO_DATE('09/05/18 14:45', 'DD/MM/YY HH24:MI'), 782340, 23.1);
INSERT INTO SENSOR (SerialNumber, CityPlaced, SensorModel, MinimValue, MaximValue, Unit, SensorType) VALUES (228514, 'Καλαμαριά SV2BNL 2', 'OJFPW-3881', 0, 100, '%', 'Humidity');
INSERT INTO MEASUREMENT (DateTime, SensorID, MeasValue) VALUES (TO_DATE('09/05/18 14:45', 'DD/MM/YY HH24:MI'), 228514, 58);
INSERT INTO SENSOR (SerialNumber, CityPlaced, SensorModel, MinimValue, MaximValue, Unit, SensorType) VALUES (98612, 'Καλαμαριά SV2BNL 2', 'LXAC-167', 738.0, 1054.9, 'hPa', 'Pressure');
INSERT INTO MEASUREMENT (DateTime, SensorID, MeasValue) VALUES (TO_DATE('09/05/18 14:45', 'DD/MM/YY HH24:MI'), 98612, 1003.8);
INSERT INTO SENSOR (SerialNumber, CityPlaced, SensorModel, MinimValue, MaximValue, Unit, SensorType) VALUES (51926, 'Καλαμαριά SV2BNL 2', 'PKIV-3580', 0.0, 21.9, 'km/h', 'Wind');
INSERT INTO MEASUREMENT (DateTime, SensorID, MeasValue) VALUES (TO_DATE('09/05/18 14:45', 'DD/MM/YY HH24:MI'), 51926, 6.7);
INSERT INTO SENSOR (SerialNumber, CityPlaced, SensorModel, MinimValue, MaximValue, Unit, SensorType) VALUES (483365, 'Καρδία SV2HNE', 'HTHOO-432', -51.0, 62.9, '°C', 'Temperature');
INSERT INTO MEASUREMENT (DateTime, SensorID, MeasValue) VALUES (TO_DATE('09/05/18 14:44', 'DD/MM/YY HH24:MI'), 483365, 26.5);
INSERT INTO SENSOR (SerialNumber, CityPlaced, SensorModel, MinimValue, MaximValue, Unit, SensorType) VALUES (234125, 'Καρδία SV2HNE', 'YXUGL-5447', 0, 100, '%', 'Humidity');
INSERT INTO MEASUREMENT (DateTime, SensorID, MeasValue) VALUES (TO_DATE('09/05/18 14:44', 'DD/MM/YY HH24:MI'), 234125, 49);
INSERT INTO SENSOR (SerialNumber, CityPlaced, SensorModel, MinimValue, MaximValue, Unit, SensorType) VALUES (16497, 'Καρδία SV2HNE', 'AKMO-124', 710.0, 1062.9, 'hPa', 'Pressure');
INSERT INTO MEASUREMENT (DateTime, SensorID, MeasValue) VALUES (TO_DATE('09/05/18 14:44', 'DD/MM/YY HH24:MI'), 16497, 1004.0);
INSERT INTO SENSOR (SerialNumber, CityPlaced, SensorModel, MinimValue, MaximValue, Unit, SensorType) VALUES (14834, 'Καρδία SV2HNE', 'UFKJ-1087', 0.0, 23.9, 'km/h', 'Wind');
INSERT INTO MEASUREMENT (DateTime, SensorID, MeasValue) VALUES (TO_DATE('09/05/18 14:44', 'DD/MM/YY HH24:MI'), 14834, 0.0);
INSERT INTO SENSOR (SerialNumber, CityPlaced, SensorModel, MinimValue, MaximValue, Unit, SensorType) VALUES (908621, 'Νέα Κρήνη', 'AEJJH-981', -60.0, 79.9, '°C', 'Temperature');
INSERT INTO MEASUREMENT (DateTime, SensorID, MeasValue) VALUES (TO_DATE('09/05/18 14:48', 'DD/MM/YY HH24:MI'), 908621, 23.2);
INSERT INTO SENSOR (SerialNumber, CityPlaced, SensorModel, MinimValue, MaximValue, Unit, SensorType) VALUES (443061, 'Νέα Κρήνη', 'JFUNC-0099', 0, 100, '%', 'Humidity');
INSERT INTO MEASUREMENT (DateTime, SensorID, MeasValue) VALUES (TO_DATE('09/05/18 14:48', 'DD/MM/YY HH24:MI'), 443061, 67);
INSERT INTO SENSOR (SerialNumber, CityPlaced, SensorModel, MinimValue, MaximValue, Unit, SensorType) VALUES (68674, 'Νέα Κρήνη', 'OYPN-422', 707.0, 1079.9, 'hPa', 'Pressure');
INSERT INTO MEASUREMENT (DateTime, SensorID, MeasValue) VALUES (TO_DATE('09/05/18 14:48', 'DD/MM/YY HH24:MI'), 68674, 1004.9);
INSERT INTO SENSOR (SerialNumber, CityPlaced, SensorModel, MinimValue, MaximValue, Unit, SensorType) VALUES (71687, 'Νέα Κρήνη', 'AJNF-4724', 0.0, 23.9, 'km/h', 'Wind');
INSERT INTO MEASUREMENT (DateTime, SensorID, MeasValue) VALUES (TO_DATE('09/05/18 14:48', 'DD/MM/YY HH24:MI'), 71687, 1.7);
INSERT INTO SENSOR (SerialNumber, CityPlaced, SensorModel, MinimValue, MaximValue, Unit, SensorType) VALUES (914745, 'Πεντάλοφος SV2BZQ', 'BHHQC-087', -58.0, 61.9, '°C', 'Temperature');
INSERT INTO MEASUREMENT (DateTime, SensorID, MeasValue) VALUES (TO_DATE('09/05/18 14:42', 'DD/MM/YY HH24:MI'), 914745, 20.7);
INSERT INTO SENSOR (SerialNumber, CityPlaced, SensorModel, MinimValue, MaximValue, Unit, SensorType) VALUES (156400, 'Πεντάλοφος SV2BZQ', 'NMOHD-2035', 0, 100, '%', 'Humidity');
INSERT INTO MEASUREMENT (DateTime, SensorID, MeasValue) VALUES (TO_DATE('09/05/18 14:42', 'DD/MM/YY HH24:MI'), 156400, 80);
INSERT INTO SENSOR (SerialNumber, CityPlaced, SensorModel, MinimValue, MaximValue, Unit, SensorType) VALUES (42571, 'Πεντάλοφος SV2BZQ', 'TZJX-922', 747.0, 1061.9, 'hPa', 'Pressure');
INSERT INTO MEASUREMENT (DateTime, SensorID, MeasValue) VALUES (TO_DATE('09/05/18 14:42', 'DD/MM/YY HH24:MI'), 42571, 1004.0);
INSERT INTO SENSOR (SerialNumber, CityPlaced, SensorModel, MinimValue, MaximValue, Unit, SensorType) VALUES (26235, 'Πεντάλοφος SV2BZQ', 'FOWQ-0859', 0.0, 24.9, 'km/h', 'Wind');
INSERT INTO MEASUREMENT (DateTime, SensorID, MeasValue) VALUES (TO_DATE('09/05/18 14:42', 'DD/MM/YY HH24:MI'), 26235, 4.3);
INSERT INTO SENSOR (SerialNumber, CityPlaced, SensorModel, MinimValue, MaximValue, Unit, SensorType) VALUES (215687, 'Πυλαία SV2HUI', 'DLICJ-685', -59.0, 77.9, '°C', 'Temperature');
INSERT INTO MEASUREMENT (DateTime, SensorID, MeasValue) VALUES (TO_DATE('09/05/18 14:48', 'DD/MM/YY HH24:MI'), 215687, 23.4);
INSERT INTO SENSOR (SerialNumber, CityPlaced, SensorModel, MinimValue, MaximValue, Unit, SensorType) VALUES (996612, 'Πυλαία SV2HUI', 'BRNIJ-2016', 0, 100, '%', 'Humidity');
INSERT INTO MEASUREMENT (DateTime, SensorID, MeasValue) VALUES (TO_DATE('09/05/18 14:48', 'DD/MM/YY HH24:MI'), 996612, 63);
INSERT INTO SENSOR (SerialNumber, CityPlaced, SensorModel, MinimValue, MaximValue, Unit, SensorType) VALUES (51173, 'Πυλαία SV2HUI', 'GJAX-584', 711.0, 1081.9, 'hPa', 'Pressure');
INSERT INTO MEASUREMENT (DateTime, SensorID, MeasValue) VALUES (TO_DATE('09/05/18 14:48', 'DD/MM/YY HH24:MI'), 51173, 1020.3);
INSERT INTO SENSOR (SerialNumber, CityPlaced, SensorModel, MinimValue, MaximValue, Unit, SensorType) VALUES (28295, 'Πυλαία SV2HUI', 'GFTX-9747', 0.0, 20.9, 'km/h', 'Wind');
INSERT INTO MEASUREMENT (DateTime, SensorID, MeasValue) VALUES (TO_DATE('09/05/18 14:48', 'DD/MM/YY HH24:MI'), 28295, 2.3);
INSERT INTO SENSOR (SerialNumber, CityPlaced, SensorModel, MinimValue, MaximValue, Unit, SensorType) VALUES (342591, 'Φίλυρο (Οικοισμος Γερακίνα)', 'SPUJN-141', -53.0, 66.9, '°C', 'Temperature');
INSERT INTO MEASUREMENT (DateTime, SensorID, MeasValue) VALUES (TO_DATE('09/05/18 14:45', 'DD/MM/YY HH24:MI'), 342591, 19.9);
INSERT INTO SENSOR (SerialNumber, CityPlaced, SensorModel, MinimValue, MaximValue, Unit, SensorType) VALUES (295677, 'Φίλυρο (Οικοισμος Γερακίνα)', 'WLAAM-0685', 0, 100, '%', 'Humidity');
INSERT INTO MEASUREMENT (DateTime, SensorID, MeasValue) VALUES (TO_DATE('09/05/18 14:45', 'DD/MM/YY HH24:MI'), 295677, 80);
INSERT INTO SENSOR (SerialNumber, CityPlaced, SensorModel, MinimValue, MaximValue, Unit, SensorType) VALUES (16411, 'Φίλυρο (Οικοισμος Γερακίνα)', 'IQSM-800', 711.0, 1076.9, 'hPa', 'Pressure');
INSERT INTO MEASUREMENT (DateTime, SensorID, MeasValue) VALUES (TO_DATE('09/05/18 14:45', 'DD/MM/YY HH24:MI'), 16411, 1004.2);
INSERT INTO SENSOR (SerialNumber, CityPlaced, SensorModel, MinimValue, MaximValue, Unit, SensorType) VALUES (83014, 'Φίλυρο (Οικοισμος Γερακίνα)', 'GVEX-4394', 0.0, 24.9, 'km/h', 'Wind');
INSERT INTO MEASUREMENT (DateTime, SensorID, MeasValue) VALUES (TO_DATE('09/05/18 14:45', 'DD/MM/YY HH24:MI'), 83014, 2.4);
INSERT INTO SENSOR (SerialNumber, CityPlaced, SensorModel, MinimValue, MaximValue, Unit, SensorType) VALUES (358597, 'Ωραιόκαστρο', 'TTMTS-499', -50.0, 61.9, '°C', 'Temperature');
INSERT INTO MEASUREMENT (DateTime, SensorID, MeasValue) VALUES (TO_DATE('09/05/18 14:48', 'DD/MM/YY HH24:MI'), 358597, 21.3);
INSERT INTO SENSOR (SerialNumber, CityPlaced, SensorModel, MinimValue, MaximValue, Unit, SensorType) VALUES (645158, 'Ωραιόκαστρο', 'YTXGE-3816', 0, 100, '%', 'Humidity');
INSERT INTO MEASUREMENT (DateTime, SensorID, MeasValue) VALUES (TO_DATE('09/05/18 14:48', 'DD/MM/YY HH24:MI'), 645158, 68);
INSERT INTO SENSOR (SerialNumber, CityPlaced, SensorModel, MinimValue, MaximValue, Unit, SensorType) VALUES (29640, 'Ωραιόκαστρο', 'BGCT-701', 734.0, 1050.9, 'hPa', 'Pressure');
INSERT INTO MEASUREMENT (DateTime, SensorID, MeasValue) VALUES (TO_DATE('09/05/18 14:48', 'DD/MM/YY HH24:MI'), 29640, 1004.6);
INSERT INTO SENSOR (SerialNumber, CityPlaced, SensorModel, MinimValue, MaximValue, Unit, SensorType) VALUES (50672, 'Ωραιόκαστρο', 'GVET-9229', 0.0, 22.9, 'km/h', 'Wind');
INSERT INTO MEASUREMENT (DateTime, SensorID, MeasValue) VALUES (TO_DATE('09/05/18 14:48', 'DD/MM/YY HH24:MI'), 50672, 0.3);
INSERT INTO SENSOR (SerialNumber, CityPlaced, SensorModel, MinimValue, MaximValue, Unit, SensorType) VALUES (204363, 'Βουνοχώρι', 'ENUKD-356', -57.0, 63.9, '°C', 'Temperature');
INSERT INTO MEASUREMENT (DateTime, SensorID, MeasValue) VALUES (TO_DATE('09/05/18 14:45', 'DD/MM/YY HH24:MI'), 204363, 20.9);
INSERT INTO SENSOR (SerialNumber, CityPlaced, SensorModel, MinimValue, MaximValue, Unit, SensorType) VALUES (374310, 'Βουνοχώρι', 'GCJMZ-5288', 0, 100, '%', 'Humidity');
INSERT INTO MEASUREMENT (DateTime, SensorID, MeasValue) VALUES (TO_DATE('09/05/18 14:45', 'DD/MM/YY HH24:MI'), 374310, 63);
INSERT INTO SENSOR (SerialNumber, CityPlaced, SensorModel, MinimValue, MaximValue, Unit, SensorType) VALUES (67644, 'Βουνοχώρι', 'IWGQ-944', 705.0, 1055.9, 'hPa', 'Pressure');
INSERT INTO MEASUREMENT (DateTime, SensorID, MeasValue) VALUES (TO_DATE('09/05/18 14:45', 'DD/MM/YY HH24:MI'), 67644, 1006.0);
INSERT INTO SENSOR (SerialNumber, CityPlaced, SensorModel, MinimValue, MaximValue, Unit, SensorType) VALUES (49130, 'Βουνοχώρι', 'RKEA-0405', 0.0, 20.9, 'km/h', 'Wind');
INSERT INTO MEASUREMENT (DateTime, SensorID, MeasValue) VALUES (TO_DATE('09/05/18 14:45', 'DD/MM/YY HH24:MI'), 49130, 7.4);
INSERT INTO SENSOR (SerialNumber, CityPlaced, SensorModel, MinimValue, MaximValue, Unit, SensorType) VALUES (572250, 'Ελευθερούπολη', 'CRQIQ-408', -50.0, 70.9, '°C', 'Temperature');
INSERT INTO MEASUREMENT (DateTime, SensorID, MeasValue) VALUES (TO_DATE('09/05/18 14:47', 'DD/MM/YY HH24:MI'), 572250, 25.1);
INSERT INTO SENSOR (SerialNumber, CityPlaced, SensorModel, MinimValue, MaximValue, Unit, SensorType) VALUES (693649, 'Ελευθερούπολη', 'CZDHU-3687', 0, 100, '%', 'Humidity');
INSERT INTO MEASUREMENT (DateTime, SensorID, MeasValue) VALUES (TO_DATE('09/05/18 14:47', 'DD/MM/YY HH24:MI'), 693649, 59);
INSERT INTO SENSOR (SerialNumber, CityPlaced, SensorModel, MinimValue, MaximValue, Unit, SensorType) VALUES (69139, 'Ελευθερούπολη', 'UYJD-239', 738.0, 1072.9, 'hPa', 'Pressure');
INSERT INTO MEASUREMENT (DateTime, SensorID, MeasValue) VALUES (TO_DATE('09/05/18 14:47', 'DD/MM/YY HH24:MI'), 69139, 1004.1);
INSERT INTO SENSOR (SerialNumber, CityPlaced, SensorModel, MinimValue, MaximValue, Unit, SensorType) VALUES (37504, 'Ελευθερούπολη', 'LUJR-1348', 0.0, 23.9, 'km/h', 'Wind');
INSERT INTO MEASUREMENT (DateTime, SensorID, MeasValue) VALUES (TO_DATE('09/05/18 14:47', 'DD/MM/YY HH24:MI'), 37504, 5.4);
INSERT INTO SENSOR (SerialNumber, CityPlaced, SensorModel, MinimValue, MaximValue, Unit, SensorType) VALUES (921676, 'Θάσος Λιμένας', 'WJYXI-077', -55.0, 60.9, '°C', 'Temperature');
INSERT INTO MEASUREMENT (DateTime, SensorID, MeasValue) VALUES (TO_DATE('09/05/18 14:40', 'DD/MM/YY HH24:MI'), 921676, 24.3);
INSERT INTO SENSOR (SerialNumber, CityPlaced, SensorModel, MinimValue, MaximValue, Unit, SensorType) VALUES (194563, 'Θάσος Λιμένας', 'GTSPF-1320', 0, 100, '%', 'Humidity');
INSERT INTO MEASUREMENT (DateTime, SensorID, MeasValue) VALUES (TO_DATE('09/05/18 14:40', 'DD/MM/YY HH24:MI'), 194563, 64);
INSERT INTO SENSOR (SerialNumber, CityPlaced, SensorModel, MinimValue, MaximValue, Unit, SensorType) VALUES (99078, 'Θάσος Λιμένας', 'DMJV-492', 741.0, 1094.9, 'hPa', 'Pressure');
INSERT INTO MEASUREMENT (DateTime, SensorID, MeasValue) VALUES (TO_DATE('09/05/18 14:40', 'DD/MM/YY HH24:MI'), 99078, 998.3);
INSERT INTO SENSOR (SerialNumber, CityPlaced, SensorModel, MinimValue, MaximValue, Unit, SensorType) VALUES (91700, 'Θάσος Λιμένας', 'PWEZ-1152', 0.0, 21.9, 'km/h', 'Wind');
INSERT INTO MEASUREMENT (DateTime, SensorID, MeasValue) VALUES (TO_DATE('09/05/18 14:40', 'DD/MM/YY HH24:MI'), 91700, 2.9);
INSERT INTO SENSOR (SerialNumber, CityPlaced, SensorModel, MinimValue, MaximValue, Unit, SensorType) VALUES (859185, 'Καβάλα', 'FUMFJ-729', -57.0, 64.9, '°C', 'Temperature');
INSERT INTO MEASUREMENT (DateTime, SensorID, MeasValue) VALUES (TO_DATE('09/05/18 14:45', 'DD/MM/YY HH24:MI'), 859185, 23.1);
INSERT INTO SENSOR (SerialNumber, CityPlaced, SensorModel, MinimValue, MaximValue, Unit, SensorType) VALUES (356998, 'Καβάλα', 'TLJWM-8766', 0, 100, '%', 'Humidity');
INSERT INTO MEASUREMENT (DateTime, SensorID, MeasValue) VALUES (TO_DATE('09/05/18 14:45', 'DD/MM/YY HH24:MI'), 356998, 69);
INSERT INTO SENSOR (SerialNumber, CityPlaced, SensorModel, MinimValue, MaximValue, Unit, SensorType) VALUES (88620, 'Καβάλα', 'PEBX-194', 743.0, 1093.9, 'hPa', 'Pressure');
INSERT INTO MEASUREMENT (DateTime, SensorID, MeasValue) VALUES (TO_DATE('09/05/18 14:45', 'DD/MM/YY HH24:MI'), 88620, 1005.6);
INSERT INTO SENSOR (SerialNumber, CityPlaced, SensorModel, MinimValue, MaximValue, Unit, SensorType) VALUES (45560, 'Καβάλα', 'ZVUQ-3595', 0.0, 22.9, 'km/h', 'Wind');
INSERT INTO MEASUREMENT (DateTime, SensorID, MeasValue) VALUES (TO_DATE('09/05/18 14:45', 'DD/MM/YY HH24:MI'), 45560, 5.9);
INSERT INTO SENSOR (SerialNumber, CityPlaced, SensorModel, MinimValue, MaximValue, Unit, SensorType) VALUES (420266, 'Παλαιοχώρι Παγγαίο', 'XYRMW-072', -52.0, 75.9, '°C', 'Temperature');
INSERT INTO MEASUREMENT (DateTime, SensorID, MeasValue) VALUES (TO_DATE('09/05/18 14:30', 'DD/MM/YY HH24:MI'), 420266, 23.9);
INSERT INTO SENSOR (SerialNumber, CityPlaced, SensorModel, MinimValue, MaximValue, Unit, SensorType) VALUES (943417, 'Παλαιοχώρι Παγγαίο', 'RZWJC-1032', 0, 100, '%', 'Humidity');
INSERT INTO MEASUREMENT (DateTime, SensorID, MeasValue) VALUES (TO_DATE('09/05/18 14:30', 'DD/MM/YY HH24:MI'), 943417, 62);
INSERT INTO SENSOR (SerialNumber, CityPlaced, SensorModel, MinimValue, MaximValue, Unit, SensorType) VALUES (20973, 'Παλαιοχώρι Παγγαίο', 'UJJY-347', 718.0, 1094.9, 'hPa', 'Pressure');
INSERT INTO MEASUREMENT (DateTime, SensorID, MeasValue) VALUES (TO_DATE('09/05/18 14:30', 'DD/MM/YY HH24:MI'), 20973, 1003.1);
INSERT INTO SENSOR (SerialNumber, CityPlaced, SensorModel, MinimValue, MaximValue, Unit, SensorType) VALUES (55178, 'Παλαιοχώρι Παγγαίο', 'VAWE-9993', 0.0, 20.9, 'km/h', 'Wind');
INSERT INTO MEASUREMENT (DateTime, SensorID, MeasValue) VALUES (TO_DATE('09/05/18 14:30', 'DD/MM/YY HH24:MI'), 55178, 0.0);
INSERT INTO SENSOR (SerialNumber, CityPlaced, SensorModel, MinimValue, MaximValue, Unit, SensorType) VALUES (846867, 'Βεγορίτιδα', 'OCEDQ-304', -57.0, 80.9, '°C', 'Temperature');
INSERT INTO MEASUREMENT (DateTime, SensorID, MeasValue) VALUES (TO_DATE('09/05/18 14:37', 'DD/MM/YY HH24:MI'), 846867, 19.2);
INSERT INTO SENSOR (SerialNumber, CityPlaced, SensorModel, MinimValue, MaximValue, Unit, SensorType) VALUES (369251, 'Βεγορίτιδα', 'NGVTU-8485', 0, 100, '%', 'Humidity');
INSERT INTO MEASUREMENT (DateTime, SensorID, MeasValue) VALUES (TO_DATE('09/05/18 14:37', 'DD/MM/YY HH24:MI'), 369251, 73);
INSERT INTO SENSOR (SerialNumber, CityPlaced, SensorModel, MinimValue, MaximValue, Unit, SensorType) VALUES (22825, 'Βεγορίτιδα', 'DLUK-690', 702.0, 1064.9, 'hPa', 'Pressure');
INSERT INTO MEASUREMENT (DateTime, SensorID, MeasValue) VALUES (TO_DATE('09/05/18 14:37', 'DD/MM/YY HH24:MI'), 22825, 1006.1);
INSERT INTO SENSOR (SerialNumber, CityPlaced, SensorModel, MinimValue, MaximValue, Unit, SensorType) VALUES (50680, 'Βεγορίτιδα', 'PGGL-2264', 0.0, 24.9, 'km/h', 'Wind');
INSERT INTO MEASUREMENT (DateTime, SensorID, MeasValue) VALUES (TO_DATE('09/05/18 14:37', 'DD/MM/YY HH24:MI'), 50680, 6.7);
INSERT INTO SENSOR (SerialNumber, CityPlaced, SensorModel, MinimValue, MaximValue, Unit, SensorType) VALUES (899902, 'Μακρύγιαλος SV2BZQ', 'QESGG-945', -54.0, 60.9, '°C', 'Temperature');
INSERT INTO MEASUREMENT (DateTime, SensorID, MeasValue) VALUES (TO_DATE('09/05/18 14:43', 'DD/MM/YY HH24:MI'), 899902, 24.9);
INSERT INTO SENSOR (SerialNumber, CityPlaced, SensorModel, MinimValue, MaximValue, Unit, SensorType) VALUES (451990, 'Μακρύγιαλος SV2BZQ', 'RTTGB-3661', 0, 100, '%', 'Humidity');
INSERT INTO MEASUREMENT (DateTime, SensorID, MeasValue) VALUES (TO_DATE('09/05/18 14:43', 'DD/MM/YY HH24:MI'), 451990, 68);
INSERT INTO SENSOR (SerialNumber, CityPlaced, SensorModel, MinimValue, MaximValue, Unit, SensorType) VALUES (18118, 'Μακρύγιαλος SV2BZQ', 'JJMX-705', 717.0, 1094.9, 'hPa', 'Pressure');
INSERT INTO MEASUREMENT (DateTime, SensorID, MeasValue) VALUES (TO_DATE('09/05/18 14:43', 'DD/MM/YY HH24:MI'), 18118, 1003.8);
INSERT INTO SENSOR (SerialNumber, CityPlaced, SensorModel, MinimValue, MaximValue, Unit, SensorType) VALUES (80649, 'Μακρύγιαλος SV2BZQ', 'EHHC-3475', 0.0, 23.9, 'km/h', 'Wind');
INSERT INTO MEASUREMENT (DateTime, SensorID, MeasValue) VALUES (TO_DATE('09/05/18 14:43', 'DD/MM/YY HH24:MI'), 80649, 3.7);
INSERT INTO SENSOR (SerialNumber, CityPlaced, SensorModel, MinimValue, MaximValue, Unit, SensorType) VALUES (391802, 'Ηράκλεια Σέρρες', 'CJORK-441', -51.0, 62.9, '°C', 'Temperature');
INSERT INTO MEASUREMENT (DateTime, SensorID, MeasValue) VALUES (TO_DATE('09/05/18 14:30', 'DD/MM/YY HH24:MI'), 391802, 26.1);
INSERT INTO SENSOR (SerialNumber, CityPlaced, SensorModel, MinimValue, MaximValue, Unit, SensorType) VALUES (316430, 'Ηράκλεια Σέρρες', 'SNGEP-6603', 0, 100, '%', 'Humidity');
INSERT INTO MEASUREMENT (DateTime, SensorID, MeasValue) VALUES (TO_DATE('09/05/18 14:30', 'DD/MM/YY HH24:MI'), 316430, 48);
INSERT INTO SENSOR (SerialNumber, CityPlaced, SensorModel, MinimValue, MaximValue, Unit, SensorType) VALUES (10041, 'Ηράκλεια Σέρρες', 'YZQH-345', 736.0, 1054.9, 'hPa', 'Pressure');
INSERT INTO MEASUREMENT (DateTime, SensorID, MeasValue) VALUES (TO_DATE('09/05/18 14:30', 'DD/MM/YY HH24:MI'), 10041, 1003.0);
INSERT INTO SENSOR (SerialNumber, CityPlaced, SensorModel, MinimValue, MaximValue, Unit, SensorType) VALUES (44966, 'Ηράκλεια Σέρρες', 'MCRI-0197', 0.0, 24.9, 'km/h', 'Wind');
INSERT INTO MEASUREMENT (DateTime, SensorID, MeasValue) VALUES (TO_DATE('09/05/18 14:30', 'DD/MM/YY HH24:MI'), 44966, 5.2);
INSERT INTO SENSOR (SerialNumber, CityPlaced, SensorModel, MinimValue, MaximValue, Unit, SensorType) VALUES (210457, 'Πρώτη', 'KZNCI-819', -56.0, 60.9, '°C', 'Temperature');
INSERT INTO MEASUREMENT (DateTime, SensorID, MeasValue) VALUES (TO_DATE('09/05/18 14:45', 'DD/MM/YY HH24:MI'), 210457, 23.7);
INSERT INTO SENSOR (SerialNumber, CityPlaced, SensorModel, MinimValue, MaximValue, Unit, SensorType) VALUES (438181, 'Πρώτη', 'OVEPB-4822', 0, 100, '%', 'Humidity');
INSERT INTO MEASUREMENT (DateTime, SensorID, MeasValue) VALUES (TO_DATE('09/05/18 14:45', 'DD/MM/YY HH24:MI'), 438181, 49);
INSERT INTO SENSOR (SerialNumber, CityPlaced, SensorModel, MinimValue, MaximValue, Unit, SensorType) VALUES (42525, 'Πρώτη', 'PLAO-866', 702.0, 1089.9, 'hPa', 'Pressure');
INSERT INTO MEASUREMENT (DateTime, SensorID, MeasValue) VALUES (TO_DATE('09/05/18 14:45', 'DD/MM/YY HH24:MI'), 42525, 1002.8);
INSERT INTO SENSOR (SerialNumber, CityPlaced, SensorModel, MinimValue, MaximValue, Unit, SensorType) VALUES (26847, 'Πρώτη', 'DJGL-6699', 0.0, 25.9, 'km/h', 'Wind');
INSERT INTO MEASUREMENT (DateTime, SensorID, MeasValue) VALUES (TO_DATE('09/05/18 14:45', 'DD/MM/YY HH24:MI'), 26847, 2.4);
INSERT INTO SENSOR (SerialNumber, CityPlaced, SensorModel, MinimValue, MaximValue, Unit, SensorType) VALUES (343489, 'Ροδολίβος', 'YHNDI-353', -56.0, 72.9, '°C', 'Temperature');
INSERT INTO MEASUREMENT (DateTime, SensorID, MeasValue) VALUES (TO_DATE('09/05/18 14:45', 'DD/MM/YY HH24:MI'), 343489, 24.9);
INSERT INTO SENSOR (SerialNumber, CityPlaced, SensorModel, MinimValue, MaximValue, Unit, SensorType) VALUES (951785, 'Ροδολίβος', 'XNZVM-2004', 0, 100, '%', 'Humidity');
INSERT INTO MEASUREMENT (DateTime, SensorID, MeasValue) VALUES (TO_DATE('09/05/18 14:45', 'DD/MM/YY HH24:MI'), 951785, 55);
INSERT INTO SENSOR (SerialNumber, CityPlaced, SensorModel, MinimValue, MaximValue, Unit, SensorType) VALUES (97745, 'Ροδολίβος', 'CEGW-003', 735.0, 1068.9, 'hPa', 'Pressure');
INSERT INTO MEASUREMENT (DateTime, SensorID, MeasValue) VALUES (TO_DATE('09/05/18 14:45', 'DD/MM/YY HH24:MI'), 97745, 1004.9);
INSERT INTO SENSOR (SerialNumber, CityPlaced, SensorModel, MinimValue, MaximValue, Unit, SensorType) VALUES (30566, 'Ροδολίβος', 'TWLO-8117', 0.0, 24.9, 'km/h', 'Wind');
INSERT INTO MEASUREMENT (DateTime, SensorID, MeasValue) VALUES (TO_DATE('09/05/18 14:45', 'DD/MM/YY HH24:MI'), 30566, 3.3);
INSERT INTO SENSOR (SerialNumber, CityPlaced, SensorModel, MinimValue, MaximValue, Unit, SensorType) VALUES (493729, 'Χρυσοχώραφα Σέρρες', 'KOCWH-008', -58.0, 64.9, '°C', 'Temperature');
INSERT INTO MEASUREMENT (DateTime, SensorID, MeasValue) VALUES (TO_DATE('09/05/18 14:35', 'DD/MM/YY HH24:MI'), 493729, 26.6);
INSERT INTO SENSOR (SerialNumber, CityPlaced, SensorModel, MinimValue, MaximValue, Unit, SensorType) VALUES (812212, 'Χρυσοχώραφα Σέρρες', 'NCZRP-9142', 0, 100, '%', 'Humidity');
INSERT INTO MEASUREMENT (DateTime, SensorID, MeasValue) VALUES (TO_DATE('09/05/18 14:35', 'DD/MM/YY HH24:MI'), 812212, 50);
INSERT INTO SENSOR (SerialNumber, CityPlaced, SensorModel, MinimValue, MaximValue, Unit, SensorType) VALUES (70670, 'Χρυσοχώραφα Σέρρες', 'TEVZ-387', 708.0, 1098.9, 'hPa', 'Pressure');
INSERT INTO MEASUREMENT (DateTime, SensorID, MeasValue) VALUES (TO_DATE('09/05/18 14:35', 'DD/MM/YY HH24:MI'), 70670, 1003.0);
INSERT INTO SENSOR (SerialNumber, CityPlaced, SensorModel, MinimValue, MaximValue, Unit, SensorType) VALUES (19477, 'Χρυσοχώραφα Σέρρες', 'XOHB-1945', 0.0, 25.9, 'km/h', 'Wind');
INSERT INTO MEASUREMENT (DateTime, SensorID, MeasValue) VALUES (TO_DATE('09/05/18 14:35', 'DD/MM/YY HH24:MI'), 19477, 2.5);
INSERT INTO SENSOR (SerialNumber, CityPlaced, SensorModel, MinimValue, MaximValue, Unit, SensorType) VALUES (626458, 'Nέα Μουδανιά', 'TMNRV-367', -53.0, 72.9, '°C', 'Temperature');
INSERT INTO MEASUREMENT (DateTime, SensorID, MeasValue) VALUES (TO_DATE('09/05/18 14:48', 'DD/MM/YY HH24:MI'), 626458, 23.2);
INSERT INTO SENSOR (SerialNumber, CityPlaced, SensorModel, MinimValue, MaximValue, Unit, SensorType) VALUES (674185, 'Nέα Μουδανιά', 'CIGPO-4643', 0, 100, '%', 'Humidity');
INSERT INTO MEASUREMENT (DateTime, SensorID, MeasValue) VALUES (TO_DATE('09/05/18 14:48', 'DD/MM/YY HH24:MI'), 674185, 71);
INSERT INTO SENSOR (SerialNumber, CityPlaced, SensorModel, MinimValue, MaximValue, Unit, SensorType) VALUES (86363, 'Nέα Μουδανιά', 'EKGC-165', 745.0, 1056.9, 'hPa', 'Pressure');
INSERT INTO MEASUREMENT (DateTime, SensorID, MeasValue) VALUES (TO_DATE('09/05/18 14:48', 'DD/MM/YY HH24:MI'), 86363, 1004.4);
INSERT INTO SENSOR (SerialNumber, CityPlaced, SensorModel, MinimValue, MaximValue, Unit, SensorType) VALUES (88905, 'Nέα Μουδανιά', 'ZWOJ-5485', 0.0, 20.9, 'km/h', 'Wind');
INSERT INTO MEASUREMENT (DateTime, SensorID, MeasValue) VALUES (TO_DATE('09/05/18 14:48', 'DD/MM/YY HH24:MI'), 88905, 4.1);
INSERT INTO SENSOR (SerialNumber, CityPlaced, SensorModel, MinimValue, MaximValue, Unit, SensorType) VALUES (966865, 'Άγιος Νικόλαος', 'XQBBO-910', -52.0, 73.9, '°C', 'Temperature');
INSERT INTO MEASUREMENT (DateTime, SensorID, MeasValue) VALUES (TO_DATE('09/05/18 14:45', 'DD/MM/YY HH24:MI'), 966865, 23.0);
INSERT INTO SENSOR (SerialNumber, CityPlaced, SensorModel, MinimValue, MaximValue, Unit, SensorType) VALUES (702579, 'Άγιος Νικόλαος', 'ZCHGA-1297', 0, 100, '%', 'Humidity');
INSERT INTO MEASUREMENT (DateTime, SensorID, MeasValue) VALUES (TO_DATE('09/05/18 14:45', 'DD/MM/YY HH24:MI'), 702579, 61);
INSERT INTO SENSOR (SerialNumber, CityPlaced, SensorModel, MinimValue, MaximValue, Unit, SensorType) VALUES (87543, 'Άγιος Νικόλαος', 'GYAQ-667', 740.0, 1053.9, 'hPa', 'Pressure');
INSERT INTO MEASUREMENT (DateTime, SensorID, MeasValue) VALUES (TO_DATE('09/05/18 14:45', 'DD/MM/YY HH24:MI'), 87543, 1005.1);
INSERT INTO SENSOR (SerialNumber, CityPlaced, SensorModel, MinimValue, MaximValue, Unit, SensorType) VALUES (72863, 'Άγιος Νικόλαος', 'WVGR-3205', 0.0, 20.9, 'km/h', 'Wind');
INSERT INTO MEASUREMENT (DateTime, SensorID, MeasValue) VALUES (TO_DATE('09/05/18 14:45', 'DD/MM/YY HH24:MI'), 72863, 7.8);
INSERT INTO SENSOR (SerialNumber, CityPlaced, SensorModel, MinimValue, MaximValue, Unit, SensorType) VALUES (222039, 'Νέα Ηράκλεια', 'QLPQK-882', -59.0, 78.9, '°C', 'Temperature');
INSERT INTO MEASUREMENT (DateTime, SensorID, MeasValue) VALUES (TO_DATE('09/05/18 14:45', 'DD/MM/YY HH24:MI'), 222039, 25.0);
INSERT INTO SENSOR (SerialNumber, CityPlaced, SensorModel, MinimValue, MaximValue, Unit, SensorType) VALUES (797996, 'Νέα Ηράκλεια', 'SIYBH-6315', 0, 100, '%', 'Humidity');
INSERT INTO MEASUREMENT (DateTime, SensorID, MeasValue) VALUES (TO_DATE('09/05/18 14:45', 'DD/MM/YY HH24:MI'), 797996, 67);
INSERT INTO SENSOR (SerialNumber, CityPlaced, SensorModel, MinimValue, MaximValue, Unit, SensorType) VALUES (76956, 'Νέα Ηράκλεια', 'WGTH-210', 710.0, 1084.9, 'hPa', 'Pressure');
INSERT INTO MEASUREMENT (DateTime, SensorID, MeasValue) VALUES (TO_DATE('09/05/18 14:45', 'DD/MM/YY HH24:MI'), 76956, 1002.6);
INSERT INTO SENSOR (SerialNumber, CityPlaced, SensorModel, MinimValue, MaximValue, Unit, SensorType) VALUES (80429, 'Νέα Ηράκλεια', 'TPJV-2133', 0.0, 23.9, 'km/h', 'Wind');
INSERT INTO MEASUREMENT (DateTime, SensorID, MeasValue) VALUES (TO_DATE('09/05/18 14:45', 'DD/MM/YY HH24:MI'), 80429, 2.7);
INSERT INTO SENSOR (SerialNumber, CityPlaced, SensorModel, MinimValue, MaximValue, Unit, SensorType) VALUES (282700, 'Ναύπλιο', 'VNOUM-450', -51.0, 70.9, '°C', 'Temperature');
INSERT INTO MEASUREMENT (DateTime, SensorID, MeasValue) VALUES (TO_DATE('09/05/18 14:45', 'DD/MM/YY HH24:MI'), 282700, 24.5);
INSERT INTO SENSOR (SerialNumber, CityPlaced, SensorModel, MinimValue, MaximValue, Unit, SensorType) VALUES (858399, 'Ναύπλιο', 'JNEHQ-0563', 0, 100, '%', 'Humidity');
INSERT INTO MEASUREMENT (DateTime, SensorID, MeasValue) VALUES (TO_DATE('09/05/18 14:45', 'DD/MM/YY HH24:MI'), 858399, 53);
INSERT INTO SENSOR (SerialNumber, CityPlaced, SensorModel, MinimValue, MaximValue, Unit, SensorType) VALUES (64742, 'Ναύπλιο', 'GKJU-124', 706.0, 1055.9, 'hPa', 'Pressure');
INSERT INTO MEASUREMENT (DateTime, SensorID, MeasValue) VALUES (TO_DATE('09/05/18 14:45', 'DD/MM/YY HH24:MI'), 64742, 1004.8);
INSERT INTO SENSOR (SerialNumber, CityPlaced, SensorModel, MinimValue, MaximValue, Unit, SensorType) VALUES (98838, 'Ναύπλιο', 'XWHP-4390', 0.0, 24.9, 'km/h', 'Wind');
INSERT INTO MEASUREMENT (DateTime, SensorID, MeasValue) VALUES (TO_DATE('09/05/18 14:45', 'DD/MM/YY HH24:MI'), 98838, 13.7);
INSERT INTO SENSOR (SerialNumber, CityPlaced, SensorModel, MinimValue, MaximValue, Unit, SensorType) VALUES (275560, 'Ακράτα Συλιβαινιώτικα', 'JVJNW-915', -59.0, 76.9, '°C', 'Temperature');
INSERT INTO MEASUREMENT (DateTime, SensorID, MeasValue) VALUES (TO_DATE('09/05/18 14:45', 'DD/MM/YY HH24:MI'), 275560, 22.2);
INSERT INTO SENSOR (SerialNumber, CityPlaced, SensorModel, MinimValue, MaximValue, Unit, SensorType) VALUES (907481, 'Ακράτα Συλιβαινιώτικα', 'QVINV-2329', 0, 100, '%', 'Humidity');
INSERT INTO MEASUREMENT (DateTime, SensorID, MeasValue) VALUES (TO_DATE('09/05/18 14:45', 'DD/MM/YY HH24:MI'), 907481, 68);
INSERT INTO SENSOR (SerialNumber, CityPlaced, SensorModel, MinimValue, MaximValue, Unit, SensorType) VALUES (76780, 'Ακράτα Συλιβαινιώτικα', 'VZNV-423', 730.0, 1084.9, 'hPa', 'Pressure');
INSERT INTO MEASUREMENT (DateTime, SensorID, MeasValue) VALUES (TO_DATE('09/05/18 14:45', 'DD/MM/YY HH24:MI'), 76780, 1004.9);
INSERT INTO SENSOR (SerialNumber, CityPlaced, SensorModel, MinimValue, MaximValue, Unit, SensorType) VALUES (83077, 'Ακράτα Συλιβαινιώτικα', 'HMNH-5903', 0.0, 25.9, 'km/h', 'Wind');
INSERT INTO MEASUREMENT (DateTime, SensorID, MeasValue) VALUES (TO_DATE('09/05/18 14:45', 'DD/MM/YY HH24:MI'), 83077, 8.6);
INSERT INTO SENSOR (SerialNumber, CityPlaced, SensorModel, MinimValue, MaximValue, Unit, SensorType) VALUES (732601, 'Κάτω Βλασία', 'QGNIO-649', -58.0, 72.9, '°C', 'Temperature');
INSERT INTO MEASUREMENT (DateTime, SensorID, MeasValue) VALUES (TO_DATE('09/05/18 14:44', 'DD/MM/YY HH24:MI'), 732601, 18.6);
INSERT INTO SENSOR (SerialNumber, CityPlaced, SensorModel, MinimValue, MaximValue, Unit, SensorType) VALUES (136089, 'Κάτω Βλασία', 'HPRTA-4038', 0, 100, '%', 'Humidity');
INSERT INTO MEASUREMENT (DateTime, SensorID, MeasValue) VALUES (TO_DATE('09/05/18 14:44', 'DD/MM/YY HH24:MI'), 136089, 78);
INSERT INTO SENSOR (SerialNumber, CityPlaced, SensorModel, MinimValue, MaximValue, Unit, SensorType) VALUES (91842, 'Κάτω Βλασία', 'HRUN-079', 709.0, 1064.9, 'hPa', 'Pressure');
INSERT INTO MEASUREMENT (DateTime, SensorID, MeasValue) VALUES (TO_DATE('09/05/18 14:44', 'DD/MM/YY HH24:MI'), 91842, 1006.2);
INSERT INTO SENSOR (SerialNumber, CityPlaced, SensorModel, MinimValue, MaximValue, Unit, SensorType) VALUES (24131, 'Κάτω Βλασία', 'DKXI-8050', 0.0, 21.9, 'km/h', 'Wind');
INSERT INTO MEASUREMENT (DateTime, SensorID, MeasValue) VALUES (TO_DATE('09/05/18 14:44', 'DD/MM/YY HH24:MI'), 24131, 7.3);
INSERT INTO SENSOR (SerialNumber, CityPlaced, SensorModel, MinimValue, MaximValue, Unit, SensorType) VALUES (531255, 'Πάτρα Αγιά', 'GSWNC-350', -59.0, 69.9, '°C', 'Temperature');
INSERT INTO MEASUREMENT (DateTime, SensorID, MeasValue) VALUES (TO_DATE('09/05/18 14:45', 'DD/MM/YY HH24:MI'), 531255, 21.8);
INSERT INTO SENSOR (SerialNumber, CityPlaced, SensorModel, MinimValue, MaximValue, Unit, SensorType) VALUES (824502, 'Πάτρα Αγιά', 'ETIOC-1702', 0, 100, '%', 'Humidity');
INSERT INTO MEASUREMENT (DateTime, SensorID, MeasValue) VALUES (TO_DATE('09/05/18 14:45', 'DD/MM/YY HH24:MI'), 824502, 79);
INSERT INTO SENSOR (SerialNumber, CityPlaced, SensorModel, MinimValue, MaximValue, Unit, SensorType) VALUES (44648, 'Πάτρα Αγιά', 'LFHF-086', 722.0, 1060.9, 'hPa', 'Pressure');
INSERT INTO MEASUREMENT (DateTime, SensorID, MeasValue) VALUES (TO_DATE('09/05/18 14:45', 'DD/MM/YY HH24:MI'), 44648, 1005.7);
INSERT INTO SENSOR (SerialNumber, CityPlaced, SensorModel, MinimValue, MaximValue, Unit, SensorType) VALUES (11384, 'Πάτρα Αγιά', 'EYPH-9081', 0.0, 20.9, 'km/h', 'Wind');
INSERT INTO MEASUREMENT (DateTime, SensorID, MeasValue) VALUES (TO_DATE('09/05/18 14:45', 'DD/MM/YY HH24:MI'), 11384, 9.7);
INSERT INTO SENSOR (SerialNumber, CityPlaced, SensorModel, MinimValue, MaximValue, Unit, SensorType) VALUES (771401, 'Πάτρα Κετχ', 'PXKEG-391', -56.0, 73.9, '°C', 'Temperature');
INSERT INTO MEASUREMENT (DateTime, SensorID, MeasValue) VALUES (TO_DATE('09/05/18 14:45', 'DD/MM/YY HH24:MI'), 771401, 22.6);
INSERT INTO SENSOR (SerialNumber, CityPlaced, SensorModel, MinimValue, MaximValue, Unit, SensorType) VALUES (449136, 'Πάτρα Κετχ', 'RVBNJ-1891', 0, 100, '%', 'Humidity');
INSERT INTO MEASUREMENT (DateTime, SensorID, MeasValue) VALUES (TO_DATE('09/05/18 14:45', 'DD/MM/YY HH24:MI'), 449136, 66);
INSERT INTO SENSOR (SerialNumber, CityPlaced, SensorModel, MinimValue, MaximValue, Unit, SensorType) VALUES (13585, 'Πάτρα Κετχ', 'AAWU-115', 749.0, 1095.9, 'hPa', 'Pressure');
INSERT INTO MEASUREMENT (DateTime, SensorID, MeasValue) VALUES (TO_DATE('09/05/18 14:45', 'DD/MM/YY HH24:MI'), 13585, 1005.8);
INSERT INTO SENSOR (SerialNumber, CityPlaced, SensorModel, MinimValue, MaximValue, Unit, SensorType) VALUES (79098, 'Πάτρα Κετχ', 'SGFB-2550', 0.0, 23.9, 'km/h', 'Wind');
INSERT INTO MEASUREMENT (DateTime, SensorID, MeasValue) VALUES (TO_DATE('09/05/18 14:45', 'DD/MM/YY HH24:MI'), 79098, 6.3);
INSERT INTO SENSOR (SerialNumber, CityPlaced, SensorModel, MinimValue, MaximValue, Unit, SensorType) VALUES (254390, 'Ρίο Καστελόκαμπος', 'FEHFI-445', -58.0, 60.9, '°C', 'Temperature');
INSERT INTO MEASUREMENT (DateTime, SensorID, MeasValue) VALUES (TO_DATE('09/05/18 14:45', 'DD/MM/YY HH24:MI'), 254390, 23.2);
INSERT INTO SENSOR (SerialNumber, CityPlaced, SensorModel, MinimValue, MaximValue, Unit, SensorType) VALUES (335567, 'Ρίο Καστελόκαμπος', 'RTQKL-4292', 0, 100, '%', 'Humidity');
INSERT INTO MEASUREMENT (DateTime, SensorID, MeasValue) VALUES (TO_DATE('09/05/18 14:45', 'DD/MM/YY HH24:MI'), 335567, 70);
INSERT INTO SENSOR (SerialNumber, CityPlaced, SensorModel, MinimValue, MaximValue, Unit, SensorType) VALUES (95747, 'Ρίο Καστελόκαμπος', 'KCPR-144', 727.0, 1086.9, 'hPa', 'Pressure');
INSERT INTO MEASUREMENT (DateTime, SensorID, MeasValue) VALUES (TO_DATE('09/05/18 14:45', 'DD/MM/YY HH24:MI'), 95747, 1006.5);
INSERT INTO SENSOR (SerialNumber, CityPlaced, SensorModel, MinimValue, MaximValue, Unit, SensorType) VALUES (33959, 'Ρίο Καστελόκαμπος', 'SLDH-8856', 0.0, 22.9, 'km/h', 'Wind');
INSERT INTO MEASUREMENT (DateTime, SensorID, MeasValue) VALUES (TO_DATE('09/05/18 14:45', 'DD/MM/YY HH24:MI'), 33959, 5.4);
INSERT INTO SENSOR (SerialNumber, CityPlaced, SensorModel, MinimValue, MaximValue, Unit, SensorType) VALUES (200310, 'Καπελέτο Βάρδας', 'XFWTW-125', -51.0, 69.9, '°C', 'Temperature');
INSERT INTO MEASUREMENT (DateTime, SensorID, MeasValue) VALUES (TO_DATE('09/05/18 14:45', 'DD/MM/YY HH24:MI'), 200310, 23.1);
INSERT INTO SENSOR (SerialNumber, CityPlaced, SensorModel, MinimValue, MaximValue, Unit, SensorType) VALUES (362291, 'Καπελέτο Βάρδας', 'UVLWQ-9217', 0, 100, '%', 'Humidity');
INSERT INTO MEASUREMENT (DateTime, SensorID, MeasValue) VALUES (TO_DATE('09/05/18 14:45', 'DD/MM/YY HH24:MI'), 362291, 71);
INSERT INTO SENSOR (SerialNumber, CityPlaced, SensorModel, MinimValue, MaximValue, Unit, SensorType) VALUES (12785, 'Καπελέτο Βάρδας', 'AAPI-513', 704.0, 1074.9, 'hPa', 'Pressure');
INSERT INTO MEASUREMENT (DateTime, SensorID, MeasValue) VALUES (TO_DATE('09/05/18 14:45', 'DD/MM/YY HH24:MI'), 12785, 1005.0);
INSERT INTO SENSOR (SerialNumber, CityPlaced, SensorModel, MinimValue, MaximValue, Unit, SensorType) VALUES (35159, 'Καπελέτο Βάρδας', 'ZNUF-6598', 0.0, 24.9, 'km/h', 'Wind');
INSERT INTO MEASUREMENT (DateTime, SensorID, MeasValue) VALUES (TO_DATE('09/05/18 14:45', 'DD/MM/YY HH24:MI'), 35159, 4.8);
INSERT INTO SENSOR (SerialNumber, CityPlaced, SensorModel, MinimValue, MaximValue, Unit, SensorType) VALUES (435958, 'Πύργος Νεάπολη', 'BFMZC-597', -51.0, 78.9, '°C', 'Temperature');
INSERT INTO MEASUREMENT (DateTime, SensorID, MeasValue) VALUES (TO_DATE('09/05/18 14:48', 'DD/MM/YY HH24:MI'), 435958, 24.1);
INSERT INTO SENSOR (SerialNumber, CityPlaced, SensorModel, MinimValue, MaximValue, Unit, SensorType) VALUES (345167, 'Πύργος Νεάπολη', 'PRHBD-6712', 0, 100, '%', 'Humidity');
INSERT INTO MEASUREMENT (DateTime, SensorID, MeasValue) VALUES (TO_DATE('09/05/18 14:48', 'DD/MM/YY HH24:MI'), 345167, 66);
INSERT INTO SENSOR (SerialNumber, CityPlaced, SensorModel, MinimValue, MaximValue, Unit, SensorType) VALUES (38976, 'Πύργος Νεάπολη', 'SFEA-287', 733.0, 1055.9, 'hPa', 'Pressure');
INSERT INTO MEASUREMENT (DateTime, SensorID, MeasValue) VALUES (TO_DATE('09/05/18 14:48', 'DD/MM/YY HH24:MI'), 38976, 1006.0);
INSERT INTO SENSOR (SerialNumber, CityPlaced, SensorModel, MinimValue, MaximValue, Unit, SensorType) VALUES (91564, 'Πύργος Νεάπολη', 'WFJR-7339', 0.0, 21.9, 'km/h', 'Wind');
INSERT INTO MEASUREMENT (DateTime, SensorID, MeasValue) VALUES (TO_DATE('09/05/18 14:48', 'DD/MM/YY HH24:MI'), 91564, 0.8);
INSERT INTO SENSOR (SerialNumber, CityPlaced, SensorModel, MinimValue, MaximValue, Unit, SensorType) VALUES (594346, 'Πύργος', 'WGLUK-505', -50.0, 76.9, '°C', 'Temperature');
INSERT INTO MEASUREMENT (DateTime, SensorID, MeasValue) VALUES (TO_DATE('09/05/18 14:46', 'DD/MM/YY HH24:MI'), 594346, 23.5);
INSERT INTO SENSOR (SerialNumber, CityPlaced, SensorModel, MinimValue, MaximValue, Unit, SensorType) VALUES (593490, 'Πύργος', 'NRLKK-0490', 0, 100, '%', 'Humidity');
INSERT INTO MEASUREMENT (DateTime, SensorID, MeasValue) VALUES (TO_DATE('09/05/18 14:46', 'DD/MM/YY HH24:MI'), 593490, 65);
INSERT INTO SENSOR (SerialNumber, CityPlaced, SensorModel, MinimValue, MaximValue, Unit, SensorType) VALUES (91204, 'Πύργος', 'KXWW-708', 723.0, 1075.9, 'hPa', 'Pressure');
INSERT INTO MEASUREMENT (DateTime, SensorID, MeasValue) VALUES (TO_DATE('09/05/18 14:46', 'DD/MM/YY HH24:MI'), 91204, 1005.4);
INSERT INTO SENSOR (SerialNumber, CityPlaced, SensorModel, MinimValue, MaximValue, Unit, SensorType) VALUES (27227, 'Πύργος', 'IKOQ-3912', 0.0, 24.9, 'km/h', 'Wind');
INSERT INTO MEASUREMENT (DateTime, SensorID, MeasValue) VALUES (TO_DATE('09/05/18 14:46', 'DD/MM/YY HH24:MI'), 27227, 8.3);
INSERT INTO SENSOR (SerialNumber, CityPlaced, SensorModel, MinimValue, MaximValue, Unit, SensorType) VALUES (182392, 'Δερβένι', 'IJORG-257', -57.0, 74.9, '°C', 'Temperature');
INSERT INTO MEASUREMENT (DateTime, SensorID, MeasValue) VALUES (TO_DATE('09/05/18 14:35', 'DD/MM/YY HH24:MI'), 182392, 22.0);
INSERT INTO SENSOR (SerialNumber, CityPlaced, SensorModel, MinimValue, MaximValue, Unit, SensorType) VALUES (895662, 'Δερβένι', 'SPBAZ-2317', 0, 100, '%', 'Humidity');
INSERT INTO MEASUREMENT (DateTime, SensorID, MeasValue) VALUES (TO_DATE('09/05/18 14:35', 'DD/MM/YY HH24:MI'), 895662, 68);
INSERT INTO SENSOR (SerialNumber, CityPlaced, SensorModel, MinimValue, MaximValue, Unit, SensorType) VALUES (68185, 'Δερβένι', 'HLEY-871', 718.0, 1063.9, 'hPa', 'Pressure');
INSERT INTO MEASUREMENT (DateTime, SensorID, MeasValue) VALUES (TO_DATE('09/05/18 14:35', 'DD/MM/YY HH24:MI'), 68185, 1004.3);
INSERT INTO SENSOR (SerialNumber, CityPlaced, SensorModel, MinimValue, MaximValue, Unit, SensorType) VALUES (79765, 'Δερβένι', 'NMWK-6654', 0.0, 22.9, 'km/h', 'Wind');
INSERT INTO MEASUREMENT (DateTime, SensorID, MeasValue) VALUES (TO_DATE('09/05/18 14:35', 'DD/MM/YY HH24:MI'), 79765, 1.1);
INSERT INTO SENSOR (SerialNumber, CityPlaced, SensorModel, MinimValue, MaximValue, Unit, SensorType) VALUES (728971, 'Καίσαρι - Ζήρια', 'MFPMR-913', -56.0, 67.9, '°C', 'Temperature');
INSERT INTO MEASUREMENT (DateTime, SensorID, MeasValue) VALUES (TO_DATE('09/05/18 14:48', 'DD/MM/YY HH24:MI'), 728971, 18.6);
INSERT INTO SENSOR (SerialNumber, CityPlaced, SensorModel, MinimValue, MaximValue, Unit, SensorType) VALUES (584134, 'Καίσαρι - Ζήρια', 'SRETT-3810', 0, 100, '%', 'Humidity');
INSERT INTO MEASUREMENT (DateTime, SensorID, MeasValue) VALUES (TO_DATE('09/05/18 14:48', 'DD/MM/YY HH24:MI'), 584134, 62);
INSERT INTO SENSOR (SerialNumber, CityPlaced, SensorModel, MinimValue, MaximValue, Unit, SensorType) VALUES (17734, 'Καίσαρι - Ζήρια', 'OOYG-939', 730.0, 1081.9, 'hPa', 'Pressure');
INSERT INTO MEASUREMENT (DateTime, SensorID, MeasValue) VALUES (TO_DATE('09/05/18 14:48', 'DD/MM/YY HH24:MI'), 17734, 1008.1);
INSERT INTO SENSOR (SerialNumber, CityPlaced, SensorModel, MinimValue, MaximValue, Unit, SensorType) VALUES (13576, 'Καίσαρι - Ζήρια', 'TEPX-8213', 0.0, 25.9, 'km/h', 'Wind');
INSERT INTO MEASUREMENT (DateTime, SensorID, MeasValue) VALUES (TO_DATE('09/05/18 14:48', 'DD/MM/YY HH24:MI'), 13576, 4.2);
INSERT INTO SENSOR (SerialNumber, CityPlaced, SensorModel, MinimValue, MaximValue, Unit, SensorType) VALUES (844905, 'Κόρινθος', 'KZPTG-708', -53.0, 78.9, '°C', 'Temperature');
INSERT INTO MEASUREMENT (DateTime, SensorID, MeasValue) VALUES (TO_DATE('09/05/18 14:47', 'DD/MM/YY HH24:MI'), 844905, 25.1);
INSERT INTO SENSOR (SerialNumber, CityPlaced, SensorModel, MinimValue, MaximValue, Unit, SensorType) VALUES (889914, 'Κόρινθος', 'EFGMH-5676', 0, 100, '%', 'Humidity');
INSERT INTO MEASUREMENT (DateTime, SensorID, MeasValue) VALUES (TO_DATE('09/05/18 14:47', 'DD/MM/YY HH24:MI'), 889914, 66);
INSERT INTO SENSOR (SerialNumber, CityPlaced, SensorModel, MinimValue, MaximValue, Unit, SensorType) VALUES (88300, 'Κόρινθος', 'PQMI-445', 733.0, 1100.9, 'hPa', 'Pressure');
INSERT INTO MEASUREMENT (DateTime, SensorID, MeasValue) VALUES (TO_DATE('09/05/18 14:47', 'DD/MM/YY HH24:MI'), 88300, 1001.7);
INSERT INTO SENSOR (SerialNumber, CityPlaced, SensorModel, MinimValue, MaximValue, Unit, SensorType) VALUES (35324, 'Κόρινθος', 'NVGD-5078', 0.0, 22.9, 'km/h', 'Wind');
INSERT INTO MEASUREMENT (DateTime, SensorID, MeasValue) VALUES (TO_DATE('09/05/18 14:47', 'DD/MM/YY HH24:MI'), 35324, 0.0);
INSERT INTO SENSOR (SerialNumber, CityPlaced, SensorModel, MinimValue, MaximValue, Unit, SensorType) VALUES (255154, 'Λαλιώτη', 'LFUAQ-706', -56.0, 64.9, '°C', 'Temperature');
INSERT INTO MEASUREMENT (DateTime, SensorID, MeasValue) VALUES (TO_DATE('09/05/18 14:48', 'DD/MM/YY HH24:MI'), 255154, 21.3);
INSERT INTO SENSOR (SerialNumber, CityPlaced, SensorModel, MinimValue, MaximValue, Unit, SensorType) VALUES (258837, 'Λαλιώτη', 'CFMTS-8230', 0, 100, '%', 'Humidity');
INSERT INTO MEASUREMENT (DateTime, SensorID, MeasValue) VALUES (TO_DATE('09/05/18 14:48', 'DD/MM/YY HH24:MI'), 258837, 63);
INSERT INTO SENSOR (SerialNumber, CityPlaced, SensorModel, MinimValue, MaximValue, Unit, SensorType) VALUES (95652, 'Λαλιώτη', 'OBWO-802', 728.0, 1050.9, 'hPa', 'Pressure');
INSERT INTO MEASUREMENT (DateTime, SensorID, MeasValue) VALUES (TO_DATE('09/05/18 14:48', 'DD/MM/YY HH24:MI'), 95652, 1004.7);
INSERT INTO SENSOR (SerialNumber, CityPlaced, SensorModel, MinimValue, MaximValue, Unit, SensorType) VALUES (56210, 'Λαλιώτη', 'QECL-5563', 0.0, 24.9, 'km/h', 'Wind');
INSERT INTO MEASUREMENT (DateTime, SensorID, MeasValue) VALUES (TO_DATE('09/05/18 14:48', 'DD/MM/YY HH24:MI'), 56210, 2.5);
INSERT INTO SENSOR (SerialNumber, CityPlaced, SensorModel, MinimValue, MaximValue, Unit, SensorType) VALUES (757788, 'Συκιά', 'OMVCX-058', -55.0, 75.9, '°C', 'Temperature');
INSERT INTO MEASUREMENT (DateTime, SensorID, MeasValue) VALUES (TO_DATE('09/05/18 14:45', 'DD/MM/YY HH24:MI'), 757788, 21.2);
INSERT INTO SENSOR (SerialNumber, CityPlaced, SensorModel, MinimValue, MaximValue, Unit, SensorType) VALUES (430723, 'Συκιά', 'UCDJA-0408', 0, 100, '%', 'Humidity');
INSERT INTO MEASUREMENT (DateTime, SensorID, MeasValue) VALUES (TO_DATE('09/05/18 14:45', 'DD/MM/YY HH24:MI'), 430723, 72);
INSERT INTO SENSOR (SerialNumber, CityPlaced, SensorModel, MinimValue, MaximValue, Unit, SensorType) VALUES (29271, 'Συκιά', 'XVOT-995', 738.0, 1059.9, 'hPa', 'Pressure');
INSERT INTO MEASUREMENT (DateTime, SensorID, MeasValue) VALUES (TO_DATE('09/05/18 14:45', 'DD/MM/YY HH24:MI'), 29271, 1004.4);
INSERT INTO SENSOR (SerialNumber, CityPlaced, SensorModel, MinimValue, MaximValue, Unit, SensorType) VALUES (61356, 'Συκιά', 'FMZB-8314', 0.0, 25.9, 'km/h', 'Wind');
INSERT INTO MEASUREMENT (DateTime, SensorID, MeasValue) VALUES (TO_DATE('09/05/18 14:45', 'DD/MM/YY HH24:MI'), 61356, 3.7);
INSERT INTO SENSOR (SerialNumber, CityPlaced, SensorModel, MinimValue, MaximValue, Unit, SensorType) VALUES (999761, 'Γεράκι', 'JPXQX-883', -57.0, 72.9, '°C', 'Temperature');
INSERT INTO MEASUREMENT (DateTime, SensorID, MeasValue) VALUES (TO_DATE('09/05/18 14:38', 'DD/MM/YY HH24:MI'), 999761, 23.3);
INSERT INTO SENSOR (SerialNumber, CityPlaced, SensorModel, MinimValue, MaximValue, Unit, SensorType) VALUES (497911, 'Γεράκι', 'CDVWF-0200', 0, 100, '%', 'Humidity');
INSERT INTO MEASUREMENT (DateTime, SensorID, MeasValue) VALUES (TO_DATE('09/05/18 14:38', 'DD/MM/YY HH24:MI'), 497911, 52);
INSERT INTO SENSOR (SerialNumber, CityPlaced, SensorModel, MinimValue, MaximValue, Unit, SensorType) VALUES (62621, 'Γεράκι', 'JYQQ-443', 706.0, 1061.9, 'hPa', 'Pressure');
INSERT INTO MEASUREMENT (DateTime, SensorID, MeasValue) VALUES (TO_DATE('09/05/18 14:38', 'DD/MM/YY HH24:MI'), 62621, 1007.0);
INSERT INTO SENSOR (SerialNumber, CityPlaced, SensorModel, MinimValue, MaximValue, Unit, SensorType) VALUES (89631, 'Γεράκι', 'AESU-6518', 0.0, 20.9, 'km/h', 'Wind');
INSERT INTO MEASUREMENT (DateTime, SensorID, MeasValue) VALUES (TO_DATE('09/05/18 14:38', 'DD/MM/YY HH24:MI'), 89631, 9.6);
INSERT INTO SENSOR (SerialNumber, CityPlaced, SensorModel, MinimValue, MaximValue, Unit, SensorType) VALUES (280422, 'Βελανιδιά Κρεμμύδια', 'IPFQU-902', -58.0, 62.9, '°C', 'Temperature');
INSERT INTO MEASUREMENT (DateTime, SensorID, MeasValue) VALUES (TO_DATE('09/05/18 14:44', 'DD/MM/YY HH24:MI'), 280422, 24.1);
INSERT INTO SENSOR (SerialNumber, CityPlaced, SensorModel, MinimValue, MaximValue, Unit, SensorType) VALUES (516071, 'Βελανιδιά Κρεμμύδια', 'JEDWV-2904', 0, 100, '%', 'Humidity');
INSERT INTO MEASUREMENT (DateTime, SensorID, MeasValue) VALUES (TO_DATE('09/05/18 14:44', 'DD/MM/YY HH24:MI'), 516071, 57);
INSERT INTO SENSOR (SerialNumber, CityPlaced, SensorModel, MinimValue, MaximValue, Unit, SensorType) VALUES (23864, 'Βελανιδιά Κρεμμύδια', 'PZYJ-318', 708.0, 1099.9, 'hPa', 'Pressure');
INSERT INTO MEASUREMENT (DateTime, SensorID, MeasValue) VALUES (TO_DATE('09/05/18 14:44', 'DD/MM/YY HH24:MI'), 23864, 1003.6);
INSERT INTO SENSOR (SerialNumber, CityPlaced, SensorModel, MinimValue, MaximValue, Unit, SensorType) VALUES (68483, 'Βελανιδιά Κρεμμύδια', 'KCCT-9820', 0.0, 23.9, 'km/h', 'Wind');
INSERT INTO MEASUREMENT (DateTime, SensorID, MeasValue) VALUES (TO_DATE('09/05/18 14:44', 'DD/MM/YY HH24:MI'), 68483, 1.1);
INSERT INTO SENSOR (SerialNumber, CityPlaced, SensorModel, MinimValue, MaximValue, Unit, SensorType) VALUES (514620, 'Καλαμάτα Κέντρο', 'ONEJJ-387', -57.0, 60.9, '°C', 'Temperature');
INSERT INTO MEASUREMENT (DateTime, SensorID, MeasValue) VALUES (TO_DATE('09/05/18 14:41', 'DD/MM/YY HH24:MI'), 514620, 22.7);
INSERT INTO SENSOR (SerialNumber, CityPlaced, SensorModel, MinimValue, MaximValue, Unit, SensorType) VALUES (958384, 'Καλαμάτα Κέντρο', 'SLWWK-5337', 0, 100, '%', 'Humidity');
INSERT INTO MEASUREMENT (DateTime, SensorID, MeasValue) VALUES (TO_DATE('09/05/18 14:41', 'DD/MM/YY HH24:MI'), 958384, 68);
INSERT INTO SENSOR (SerialNumber, CityPlaced, SensorModel, MinimValue, MaximValue, Unit, SensorType) VALUES (56365, 'Καλαμάτα Κέντρο', 'CZHN-078', 737.0, 1062.9, 'hPa', 'Pressure');
INSERT INTO MEASUREMENT (DateTime, SensorID, MeasValue) VALUES (TO_DATE('09/05/18 14:41', 'DD/MM/YY HH24:MI'), 56365, 1004.7);
INSERT INTO SENSOR (SerialNumber, CityPlaced, SensorModel, MinimValue, MaximValue, Unit, SensorType) VALUES (48480, 'Καλαμάτα Κέντρο', 'VIKL-2237', 0.0, 25.9, 'km/h', 'Wind');
INSERT INTO MEASUREMENT (DateTime, SensorID, MeasValue) VALUES (TO_DATE('09/05/18 14:41', 'DD/MM/YY HH24:MI'), 48480, 5.1);
INSERT INTO SENSOR (SerialNumber, CityPlaced, SensorModel, MinimValue, MaximValue, Unit, SensorType) VALUES (205917, 'Κορομηλιά', 'BZWPM-653', -54.0, 65.9, '°C', 'Temperature');
INSERT INTO MEASUREMENT (DateTime, SensorID, MeasValue) VALUES (TO_DATE('09/05/18 14:45', 'DD/MM/YY HH24:MI'), 205917, 22.0);
INSERT INTO SENSOR (SerialNumber, CityPlaced, SensorModel, MinimValue, MaximValue, Unit, SensorType) VALUES (171004, 'Κορομηλιά', 'VSXMS-4872', 0, 100, '%', 'Humidity');
INSERT INTO MEASUREMENT (DateTime, SensorID, MeasValue) VALUES (TO_DATE('09/05/18 14:45', 'DD/MM/YY HH24:MI'), 171004, 61);
INSERT INTO SENSOR (SerialNumber, CityPlaced, SensorModel, MinimValue, MaximValue, Unit, SensorType) VALUES (56894, 'Κορομηλιά', 'EOWN-637', 706.0, 1099.9, 'hPa', 'Pressure');
INSERT INTO MEASUREMENT (DateTime, SensorID, MeasValue) VALUES (TO_DATE('09/05/18 14:45', 'DD/MM/YY HH24:MI'), 56894, 1006.4);
INSERT INTO SENSOR (SerialNumber, CityPlaced, SensorModel, MinimValue, MaximValue, Unit, SensorType) VALUES (68327, 'Κορομηλιά', 'OGNO-2735', 0.0, 20.9, 'km/h', 'Wind');
INSERT INTO MEASUREMENT (DateTime, SensorID, MeasValue) VALUES (TO_DATE('09/05/18 14:45', 'DD/MM/YY HH24:MI'), 68327, 7.5);
INSERT INTO SENSOR (SerialNumber, CityPlaced, SensorModel, MinimValue, MaximValue, Unit, SensorType) VALUES (116593, 'Μάνεσης', 'BPERA-493', -53.0, 78.9, '°C', 'Temperature');
INSERT INTO MEASUREMENT (DateTime, SensorID, MeasValue) VALUES (TO_DATE('09/05/18 14:40', 'DD/MM/YY HH24:MI'), 116593, 23.3);
INSERT INTO SENSOR (SerialNumber, CityPlaced, SensorModel, MinimValue, MaximValue, Unit, SensorType) VALUES (600643, 'Μάνεσης', 'HLJVH-2779', 0, 100, '%', 'Humidity');
INSERT INTO MEASUREMENT (DateTime, SensorID, MeasValue) VALUES (TO_DATE('09/05/18 14:40', 'DD/MM/YY HH24:MI'), 600643, 68);
INSERT INTO SENSOR (SerialNumber, CityPlaced, SensorModel, MinimValue, MaximValue, Unit, SensorType) VALUES (47026, 'Μάνεσης', 'XNFP-239', 734.0, 1073.9, 'hPa', 'Pressure');
INSERT INTO MEASUREMENT (DateTime, SensorID, MeasValue) VALUES (TO_DATE('09/05/18 14:40', 'DD/MM/YY HH24:MI'), 47026, 1006.0);
INSERT INTO SENSOR (SerialNumber, CityPlaced, SensorModel, MinimValue, MaximValue, Unit, SensorType) VALUES (86186, 'Μάνεσης', 'YNAQ-3380', 0.0, 21.9, 'km/h', 'Wind');
INSERT INTO MEASUREMENT (DateTime, SensorID, MeasValue) VALUES (TO_DATE('09/05/18 14:40', 'DD/MM/YY HH24:MI'), 86186, 6.7);
INSERT INTO SENSOR (SerialNumber, CityPlaced, SensorModel, MinimValue, MaximValue, Unit, SensorType) VALUES (772091, 'Νέδουσα Ταϋγέτου', 'MVBCL-494', -57.0, 68.9, '°C', 'Temperature');
INSERT INTO MEASUREMENT (DateTime, SensorID, MeasValue) VALUES (TO_DATE('09/05/18 14:44', 'DD/MM/YY HH24:MI'), 772091, 20.8);
INSERT INTO SENSOR (SerialNumber, CityPlaced, SensorModel, MinimValue, MaximValue, Unit, SensorType) VALUES (535142, 'Νέδουσα Ταϋγέτου', 'OBIHC-6599', 0, 100, '%', 'Humidity');
INSERT INTO MEASUREMENT (DateTime, SensorID, MeasValue) VALUES (TO_DATE('09/05/18 14:44', 'DD/MM/YY HH24:MI'), 535142, 40);
INSERT INTO SENSOR (SerialNumber, CityPlaced, SensorModel, MinimValue, MaximValue, Unit, SensorType) VALUES (88405, 'Νέδουσα Ταϋγέτου', 'VUVG-145', 733.0, 1074.9, 'hPa', 'Pressure');
INSERT INTO MEASUREMENT (DateTime, SensorID, MeasValue) VALUES (TO_DATE('09/05/18 14:44', 'DD/MM/YY HH24:MI'), 88405, 1007.0);
INSERT INTO SENSOR (SerialNumber, CityPlaced, SensorModel, MinimValue, MaximValue, Unit, SensorType) VALUES (93843, 'Νέδουσα Ταϋγέτου', 'GLCF-4793', 0.0, 25.9, 'km/h', 'Wind');
INSERT INTO MEASUREMENT (DateTime, SensorID, MeasValue) VALUES (TO_DATE('09/05/18 14:44', 'DD/MM/YY HH24:MI'), 93843, 3.8);
INSERT INTO SENSOR (SerialNumber, CityPlaced, SensorModel, MinimValue, MaximValue, Unit, SensorType) VALUES (931561, 'Φοινικούντα', 'ZFZMU-815', -58.0, 63.9, '°C', 'Temperature');
INSERT INTO MEASUREMENT (DateTime, SensorID, MeasValue) VALUES (TO_DATE('09/05/18 14:48', 'DD/MM/YY HH24:MI'), 931561, 22.6);
INSERT INTO SENSOR (SerialNumber, CityPlaced, SensorModel, MinimValue, MaximValue, Unit, SensorType) VALUES (492288, 'Φοινικούντα', 'TBTRF-2630', 0, 100, '%', 'Humidity');
INSERT INTO MEASUREMENT (DateTime, SensorID, MeasValue) VALUES (TO_DATE('09/05/18 14:48', 'DD/MM/YY HH24:MI'), 492288, 68);
INSERT INTO SENSOR (SerialNumber, CityPlaced, SensorModel, MinimValue, MaximValue, Unit, SensorType) VALUES (43154, 'Φοινικούντα', 'ZDRG-912', 743.0, 1056.9, 'hPa', 'Pressure');
INSERT INTO MEASUREMENT (DateTime, SensorID, MeasValue) VALUES (TO_DATE('09/05/18 14:48', 'DD/MM/YY HH24:MI'), 43154, 1007.0);
INSERT INTO SENSOR (SerialNumber, CityPlaced, SensorModel, MinimValue, MaximValue, Unit, SensorType) VALUES (81727, 'Φοινικούντα', 'ZUZQ-4333', 0.0, 24.9, 'km/h', 'Wind');
INSERT INTO MEASUREMENT (DateTime, SensorID, MeasValue) VALUES (TO_DATE('09/05/18 14:48', 'DD/MM/YY HH24:MI'), 81727, 6.9);
INSERT INTO SENSOR (SerialNumber, CityPlaced, SensorModel, MinimValue, MaximValue, Unit, SensorType) VALUES (917687, 'Αμφιλοχία', 'FAMDK-784', -56.0, 76.9, '°C', 'Temperature');
INSERT INTO MEASUREMENT (DateTime, SensorID, MeasValue) VALUES (TO_DATE('09/05/18 14:44', 'DD/MM/YY HH24:MI'), 917687, 22.6);
INSERT INTO SENSOR (SerialNumber, CityPlaced, SensorModel, MinimValue, MaximValue, Unit, SensorType) VALUES (363192, 'Αμφιλοχία', 'CBPYS-8797', 0, 100, '%', 'Humidity');
INSERT INTO MEASUREMENT (DateTime, SensorID, MeasValue) VALUES (TO_DATE('09/05/18 14:44', 'DD/MM/YY HH24:MI'), 363192, 73);
INSERT INTO SENSOR (SerialNumber, CityPlaced, SensorModel, MinimValue, MaximValue, Unit, SensorType) VALUES (25162, 'Αμφιλοχία', 'HGGC-837', 713.0, 1090.9, 'hPa', 'Pressure');
INSERT INTO MEASUREMENT (DateTime, SensorID, MeasValue) VALUES (TO_DATE('09/05/18 14:44', 'DD/MM/YY HH24:MI'), 25162, 1005.5);
INSERT INTO SENSOR (SerialNumber, CityPlaced, SensorModel, MinimValue, MaximValue, Unit, SensorType) VALUES (34480, 'Αμφιλοχία', 'UDJT-7236', 0.0, 25.9, 'km/h', 'Wind');
INSERT INTO MEASUREMENT (DateTime, SensorID, MeasValue) VALUES (TO_DATE('09/05/18 14:44', 'DD/MM/YY HH24:MI'), 34480, 11.0);
INSERT INTO SENSOR (SerialNumber, CityPlaced, SensorModel, MinimValue, MaximValue, Unit, SensorType) VALUES (196408, 'Ναύπακτος', 'GQYVO-719', -58.0, 74.9, '°C', 'Temperature');
INSERT INTO MEASUREMENT (DateTime, SensorID, MeasValue) VALUES (TO_DATE('09/05/18 14:39', 'DD/MM/YY HH24:MI'), 196408, 25.0);
INSERT INTO SENSOR (SerialNumber, CityPlaced, SensorModel, MinimValue, MaximValue, Unit, SensorType) VALUES (173370, 'Ναύπακτος', 'XKOWT-8713', 0, 100, '%', 'Humidity');
INSERT INTO MEASUREMENT (DateTime, SensorID, MeasValue) VALUES (TO_DATE('09/05/18 14:39', 'DD/MM/YY HH24:MI'), 173370, 56);
INSERT INTO SENSOR (SerialNumber, CityPlaced, SensorModel, MinimValue, MaximValue, Unit, SensorType) VALUES (68250, 'Ναύπακτος', 'HWZM-069', 705.0, 1054.9, 'hPa', 'Pressure');
INSERT INTO MEASUREMENT (DateTime, SensorID, MeasValue) VALUES (TO_DATE('09/05/18 14:39', 'DD/MM/YY HH24:MI'), 68250, 1004.8);
INSERT INTO SENSOR (SerialNumber, CityPlaced, SensorModel, MinimValue, MaximValue, Unit, SensorType) VALUES (99652, 'Ναύπακτος', 'QTNA-2317', 0.0, 25.9, 'km/h', 'Wind');
INSERT INTO MEASUREMENT (DateTime, SensorID, MeasValue) VALUES (TO_DATE('09/05/18 14:39', 'DD/MM/YY HH24:MI'), 99652, 20.1);
INSERT INTO SENSOR (SerialNumber, CityPlaced, SensorModel, MinimValue, MaximValue, Unit, SensorType) VALUES (879548, 'Παναιτώλιο', 'FKTRX-510', -60.0, 62.9, '°C', 'Temperature');
INSERT INTO MEASUREMENT (DateTime, SensorID, MeasValue) VALUES (TO_DATE('09/05/18 14:45', 'DD/MM/YY HH24:MI'), 879548, 24.1);
INSERT INTO SENSOR (SerialNumber, CityPlaced, SensorModel, MinimValue, MaximValue, Unit, SensorType) VALUES (575525, 'Παναιτώλιο', 'WHEWS-5304', 0, 100, '%', 'Humidity');
INSERT INTO MEASUREMENT (DateTime, SensorID, MeasValue) VALUES (TO_DATE('09/05/18 14:45', 'DD/MM/YY HH24:MI'), 575525, 58);
INSERT INTO SENSOR (SerialNumber, CityPlaced, SensorModel, MinimValue, MaximValue, Unit, SensorType) VALUES (63337, 'Παναιτώλιο', 'NMMJ-037', 738.0, 1066.9, 'hPa', 'Pressure');
INSERT INTO MEASUREMENT (DateTime, SensorID, MeasValue) VALUES (TO_DATE('09/05/18 14:45', 'DD/MM/YY HH24:MI'), 63337, 1003.9);
INSERT INTO SENSOR (SerialNumber, CityPlaced, SensorModel, MinimValue, MaximValue, Unit, SensorType) VALUES (58318, 'Παναιτώλιο', 'JRPC-6082', 0.0, 20.9, 'km/h', 'Wind');
INSERT INTO MEASUREMENT (DateTime, SensorID, MeasValue) VALUES (TO_DATE('09/05/18 14:45', 'DD/MM/YY HH24:MI'), 58318, 11.8);
INSERT INTO SENSOR (SerialNumber, CityPlaced, SensorModel, MinimValue, MaximValue, Unit, SensorType) VALUES (721847, 'Άγιος Δημήτριος', 'NJJER-379', -54.0, 62.9, '°C', 'Temperature');
INSERT INTO MEASUREMENT (DateTime, SensorID, MeasValue) VALUES (TO_DATE('09/05/18 14:48', 'DD/MM/YY HH24:MI'), 721847, 25.3);
INSERT INTO SENSOR (SerialNumber, CityPlaced, SensorModel, MinimValue, MaximValue, Unit, SensorType) VALUES (307477, 'Άγιος Δημήτριος', 'DDYCB-5138', 0, 100, '%', 'Humidity');
INSERT INTO MEASUREMENT (DateTime, SensorID, MeasValue) VALUES (TO_DATE('09/05/18 14:48', 'DD/MM/YY HH24:MI'), 307477, 57);
INSERT INTO SENSOR (SerialNumber, CityPlaced, SensorModel, MinimValue, MaximValue, Unit, SensorType) VALUES (56584, 'Άγιος Δημήτριος', 'ZVUK-925', 750.0, 1099.9, 'hPa', 'Pressure');
INSERT INTO MEASUREMENT (DateTime, SensorID, MeasValue) VALUES (TO_DATE('09/05/18 14:48', 'DD/MM/YY HH24:MI'), 56584, 1005.3);
INSERT INTO SENSOR (SerialNumber, CityPlaced, SensorModel, MinimValue, MaximValue, Unit, SensorType) VALUES (59414, 'Άγιος Δημήτριος', 'PKQU-7177', 0.0, 25.9, 'km/h', 'Wind');
INSERT INTO MEASUREMENT (DateTime, SensorID, MeasValue) VALUES (TO_DATE('09/05/18 14:48', 'DD/MM/YY HH24:MI'), 59414, 14.5);
INSERT INTO SENSOR (SerialNumber, CityPlaced, SensorModel, MinimValue, MaximValue, Unit, SensorType) VALUES (683572, 'Άνω Μελίσσια', 'TLVHM-054', -51.0, 63.9, '°C', 'Temperature');
INSERT INTO MEASUREMENT (DateTime, SensorID, MeasValue) VALUES (TO_DATE('09/05/18 14:48', 'DD/MM/YY HH24:MI'), 683572, 22.9);
INSERT INTO SENSOR (SerialNumber, CityPlaced, SensorModel, MinimValue, MaximValue, Unit, SensorType) VALUES (130283, 'Άνω Μελίσσια', 'SRYJF-8985', 0, 100, '%', 'Humidity');
INSERT INTO MEASUREMENT (DateTime, SensorID, MeasValue) VALUES (TO_DATE('09/05/18 14:48', 'DD/MM/YY HH24:MI'), 130283, 53);
INSERT INTO SENSOR (SerialNumber, CityPlaced, SensorModel, MinimValue, MaximValue, Unit, SensorType) VALUES (14869, 'Άνω Μελίσσια', 'EICJ-099', 710.0, 1084.9, 'hPa', 'Pressure');
INSERT INTO MEASUREMENT (DateTime, SensorID, MeasValue) VALUES (TO_DATE('09/05/18 14:48', 'DD/MM/YY HH24:MI'), 14869, 1005.2);
INSERT INTO SENSOR (SerialNumber, CityPlaced, SensorModel, MinimValue, MaximValue, Unit, SensorType) VALUES (77193, 'Άνω Μελίσσια', 'VFHQ-3241', 0.0, 21.9, 'km/h', 'Wind');
INSERT INTO MEASUREMENT (DateTime, SensorID, MeasValue) VALUES (TO_DATE('09/05/18 14:48', 'DD/MM/YY HH24:MI'), 77193, 8.6);
INSERT INTO SENSOR (SerialNumber, CityPlaced, SensorModel, MinimValue, MaximValue, Unit, SensorType) VALUES (757870, 'Ύδρα', 'YVYSW-257', -50.0, 75.9, '°C', 'Temperature');
INSERT INTO MEASUREMENT (DateTime, SensorID, MeasValue) VALUES (TO_DATE('09/05/18 14:47', 'DD/MM/YY HH24:MI'), 757870, 25.5);
INSERT INTO SENSOR (SerialNumber, CityPlaced, SensorModel, MinimValue, MaximValue, Unit, SensorType) VALUES (197145, 'Ύδρα', 'PMKGR-6056', 0, 100, '%', 'Humidity');
INSERT INTO MEASUREMENT (DateTime, SensorID, MeasValue) VALUES (TO_DATE('09/05/18 14:47', 'DD/MM/YY HH24:MI'), 197145, 57);
INSERT INTO SENSOR (SerialNumber, CityPlaced, SensorModel, MinimValue, MaximValue, Unit, SensorType) VALUES (10731, 'Ύδρα', 'STGF-692', 734.0, 1090.9, 'hPa', 'Pressure');
INSERT INTO MEASUREMENT (DateTime, SensorID, MeasValue) VALUES (TO_DATE('09/05/18 14:47', 'DD/MM/YY HH24:MI'), 10731, 1005.0);
INSERT INTO SENSOR (SerialNumber, CityPlaced, SensorModel, MinimValue, MaximValue, Unit, SensorType) VALUES (15563, 'Ύδρα', 'EAKG-4383', 0.0, 22.9, 'km/h', 'Wind');
INSERT INTO MEASUREMENT (DateTime, SensorID, MeasValue) VALUES (TO_DATE('09/05/18 14:47', 'DD/MM/YY HH24:MI'), 15563, 1.3);
INSERT INTO SENSOR (SerialNumber, CityPlaced, SensorModel, MinimValue, MaximValue, Unit, SensorType) VALUES (393258, 'Αγία Παρασκευή', 'KRWUM-147', -57.0, 63.9, '°C', 'Temperature');
INSERT INTO MEASUREMENT (DateTime, SensorID, MeasValue) VALUES (TO_DATE('09/05/18 14:45', 'DD/MM/YY HH24:MI'), 393258, 23.8);
INSERT INTO SENSOR (SerialNumber, CityPlaced, SensorModel, MinimValue, MaximValue, Unit, SensorType) VALUES (469810, 'Αγία Παρασκευή', 'QKJIP-5451', 0, 100, '%', 'Humidity');
INSERT INTO MEASUREMENT (DateTime, SensorID, MeasValue) VALUES (TO_DATE('09/05/18 14:45', 'DD/MM/YY HH24:MI'), 469810, 62);
INSERT INTO SENSOR (SerialNumber, CityPlaced, SensorModel, MinimValue, MaximValue, Unit, SensorType) VALUES (85532, 'Αγία Παρασκευή', 'SWOS-785', 742.0, 1069.9, 'hPa', 'Pressure');
INSERT INTO MEASUREMENT (DateTime, SensorID, MeasValue) VALUES (TO_DATE('09/05/18 14:45', 'DD/MM/YY HH24:MI'), 85532, 1003.9);
INSERT INTO SENSOR (SerialNumber, CityPlaced, SensorModel, MinimValue, MaximValue, Unit, SensorType) VALUES (98477, 'Αγία Παρασκευή', 'LGTG-5926', 0.0, 24.9, 'km/h', 'Wind');
INSERT INTO MEASUREMENT (DateTime, SensorID, MeasValue) VALUES (TO_DATE('09/05/18 14:45', 'DD/MM/YY HH24:MI'), 98477, 8.9);
INSERT INTO SENSOR (SerialNumber, CityPlaced, SensorModel, MinimValue, MaximValue, Unit, SensorType) VALUES (859620, 'Αγιος Στέφανος 2', 'AUIEZ-179', -50.0, 76.9, '°C', 'Temperature');
INSERT INTO MEASUREMENT (DateTime, SensorID, MeasValue) VALUES (TO_DATE('09/05/18 14:48', 'DD/MM/YY HH24:MI'), 859620, 25.9);
INSERT INTO SENSOR (SerialNumber, CityPlaced, SensorModel, MinimValue, MaximValue, Unit, SensorType) VALUES (869700, 'Αγιος Στέφανος 2', 'QPDNE-2743', 0, 100, '%', 'Humidity');
INSERT INTO MEASUREMENT (DateTime, SensorID, MeasValue) VALUES (TO_DATE('09/05/18 14:48', 'DD/MM/YY HH24:MI'), 869700, 48);
INSERT INTO SENSOR (SerialNumber, CityPlaced, SensorModel, MinimValue, MaximValue, Unit, SensorType) VALUES (70303, 'Αγιος Στέφανος 2', 'BPFF-729', 725.0, 1061.9, 'hPa', 'Pressure');
INSERT INTO MEASUREMENT (DateTime, SensorID, MeasValue) VALUES (TO_DATE('09/05/18 14:48', 'DD/MM/YY HH24:MI'), 70303, 1006.7);
INSERT INTO SENSOR (SerialNumber, CityPlaced, SensorModel, MinimValue, MaximValue, Unit, SensorType) VALUES (87076, 'Αγιος Στέφανος 2', 'BKAP-9653', 0.0, 21.9, 'km/h', 'Wind');
INSERT INTO MEASUREMENT (DateTime, SensorID, MeasValue) VALUES (TO_DATE('09/05/18 14:48', 'DD/MM/YY HH24:MI'), 87076, 0.0);
INSERT INTO SENSOR (SerialNumber, CityPlaced, SensorModel, MinimValue, MaximValue, Unit, SensorType) VALUES (654232, 'Αθήνα Άνω Κυψέλη', 'YBZVD-932', -50.0, 67.9, '°C', 'Temperature');
INSERT INTO MEASUREMENT (DateTime, SensorID, MeasValue) VALUES (TO_DATE('09/05/18 14:45', 'DD/MM/YY HH24:MI'), 654232, 26.5);
INSERT INTO SENSOR (SerialNumber, CityPlaced, SensorModel, MinimValue, MaximValue, Unit, SensorType) VALUES (391069, 'Αθήνα Άνω Κυψέλη', 'VJWWN-8628', 0, 100, '%', 'Humidity');
INSERT INTO MEASUREMENT (DateTime, SensorID, MeasValue) VALUES (TO_DATE('09/05/18 14:45', 'DD/MM/YY HH24:MI'), 391069, 47);
INSERT INTO SENSOR (SerialNumber, CityPlaced, SensorModel, MinimValue, MaximValue, Unit, SensorType) VALUES (43913, 'Αθήνα Άνω Κυψέλη', 'YIZS-591', 735.0, 1059.9, 'hPa', 'Pressure');
INSERT INTO MEASUREMENT (DateTime, SensorID, MeasValue) VALUES (TO_DATE('09/05/18 14:45', 'DD/MM/YY HH24:MI'), 43913, 1005.0);
INSERT INTO SENSOR (SerialNumber, CityPlaced, SensorModel, MinimValue, MaximValue, Unit, SensorType) VALUES (98691, 'Αθήνα Άνω Κυψέλη', 'SUZG-5228', 0.0, 22.9, 'km/h', 'Wind');
INSERT INTO MEASUREMENT (DateTime, SensorID, MeasValue) VALUES (TO_DATE('09/05/18 14:45', 'DD/MM/YY HH24:MI'), 98691, 0.0);
INSERT INTO SENSOR (SerialNumber, CityPlaced, SensorModel, MinimValue, MaximValue, Unit, SensorType) VALUES (480633, 'Αθήνα Χαροκόπειο Πανεπιστήμιο', 'FBLJS-866', -58.0, 72.9, '°C', 'Temperature');
INSERT INTO MEASUREMENT (DateTime, SensorID, MeasValue) VALUES (TO_DATE('09/05/18 14:42', 'DD/MM/YY HH24:MI'), 480633, 25.4);
INSERT INTO SENSOR (SerialNumber, CityPlaced, SensorModel, MinimValue, MaximValue, Unit, SensorType) VALUES (973445, 'Αθήνα Χαροκόπειο Πανεπιστήμιο', 'YENNH-6873', 0, 100, '%', 'Humidity');
INSERT INTO MEASUREMENT (DateTime, SensorID, MeasValue) VALUES (TO_DATE('09/05/18 14:42', 'DD/MM/YY HH24:MI'), 973445, 54);
INSERT INTO SENSOR (SerialNumber, CityPlaced, SensorModel, MinimValue, MaximValue, Unit, SensorType) VALUES (89761, 'Αθήνα Χαροκόπειο Πανεπιστήμιο', 'JYTA-876', 726.0, 1057.9, 'hPa', 'Pressure');
INSERT INTO MEASUREMENT (DateTime, SensorID, MeasValue) VALUES (TO_DATE('09/05/18 14:42', 'DD/MM/YY HH24:MI'), 89761, 1005.1);
INSERT INTO SENSOR (SerialNumber, CityPlaced, SensorModel, MinimValue, MaximValue, Unit, SensorType) VALUES (82221, 'Αθήνα Χαροκόπειο Πανεπιστήμιο', 'TDII-5027', 0.0, 23.9, 'km/h', 'Wind');
INSERT INTO MEASUREMENT (DateTime, SensorID, MeasValue) VALUES (TO_DATE('09/05/18 14:42', 'DD/MM/YY HH24:MI'), 82221, 5.6);
INSERT INTO SENSOR (SerialNumber, CityPlaced, SensorModel, MinimValue, MaximValue, Unit, SensorType) VALUES (268877, 'Αιγάλεω', 'EXRPZ-592', -60.0, 61.9, '°C', 'Temperature');
INSERT INTO MEASUREMENT (DateTime, SensorID, MeasValue) VALUES (TO_DATE('09/05/18 14:44', 'DD/MM/YY HH24:MI'), 268877, 24.9);
INSERT INTO SENSOR (SerialNumber, CityPlaced, SensorModel, MinimValue, MaximValue, Unit, SensorType) VALUES (900435, 'Αιγάλεω', 'GPFBN-9196', 0, 100, '%', 'Humidity');
INSERT INTO MEASUREMENT (DateTime, SensorID, MeasValue) VALUES (TO_DATE('09/05/18 14:44', 'DD/MM/YY HH24:MI'), 900435, 56);
INSERT INTO SENSOR (SerialNumber, CityPlaced, SensorModel, MinimValue, MaximValue, Unit, SensorType) VALUES (57945, 'Αιγάλεω', 'SIUW-030', 734.0, 1067.9, 'hPa', 'Pressure');
INSERT INTO MEASUREMENT (DateTime, SensorID, MeasValue) VALUES (TO_DATE('09/05/18 14:44', 'DD/MM/YY HH24:MI'), 57945, 1006.3);
INSERT INTO SENSOR (SerialNumber, CityPlaced, SensorModel, MinimValue, MaximValue, Unit, SensorType) VALUES (30605, 'Αιγάλεω', 'NBHL-7309', 0.0, 21.9, 'km/h', 'Wind');
INSERT INTO MEASUREMENT (DateTime, SensorID, MeasValue) VALUES (TO_DATE('09/05/18 14:44', 'DD/MM/YY HH24:MI'), 30605, 8.3);
INSERT INTO SENSOR (SerialNumber, CityPlaced, SensorModel, MinimValue, MaximValue, Unit, SensorType) VALUES (946781, 'Ανάβυσσος', 'HLCUP-647', -51.0, 77.9, '°C', 'Temperature');
INSERT INTO MEASUREMENT (DateTime, SensorID, MeasValue) VALUES (TO_DATE('09/05/18 14:39', 'DD/MM/YY HH24:MI'), 946781, 24.9);
INSERT INTO SENSOR (SerialNumber, CityPlaced, SensorModel, MinimValue, MaximValue, Unit, SensorType) VALUES (446866, 'Ανάβυσσος', 'XMJCI-0246', 0, 100, '%', 'Humidity');
INSERT INTO MEASUREMENT (DateTime, SensorID, MeasValue) VALUES (TO_DATE('09/05/18 14:39', 'DD/MM/YY HH24:MI'), 446866, 62);
INSERT INTO SENSOR (SerialNumber, CityPlaced, SensorModel, MinimValue, MaximValue, Unit, SensorType) VALUES (97051, 'Ανάβυσσος', 'ODHO-222', 736.0, 1074.9, 'hPa', 'Pressure');
INSERT INTO MEASUREMENT (DateTime, SensorID, MeasValue) VALUES (TO_DATE('09/05/18 14:39', 'DD/MM/YY HH24:MI'), 97051, 1004.4);
INSERT INTO SENSOR (SerialNumber, CityPlaced, SensorModel, MinimValue, MaximValue, Unit, SensorType) VALUES (99438, 'Ανάβυσσος', 'QEVT-9971', 0.0, 20.9, 'km/h', 'Wind');
INSERT INTO MEASUREMENT (DateTime, SensorID, MeasValue) VALUES (TO_DATE('09/05/18 14:39', 'DD/MM/YY HH24:MI'), 99438, 0.3);
INSERT INTO SENSOR (SerialNumber, CityPlaced, SensorModel, MinimValue, MaximValue, Unit, SensorType) VALUES (989507, 'Ασπρόπυργος SV1EJD', 'NSMPR-256', -50.0, 72.9, '°C', 'Temperature');
INSERT INTO MEASUREMENT (DateTime, SensorID, MeasValue) VALUES (TO_DATE('09/05/18 14:30', 'DD/MM/YY HH24:MI'), 989507, 25.7);
INSERT INTO SENSOR (SerialNumber, CityPlaced, SensorModel, MinimValue, MaximValue, Unit, SensorType) VALUES (412668, 'Ασπρόπυργος SV1EJD', 'PWAZY-3994', 0, 100, '%', 'Humidity');
INSERT INTO MEASUREMENT (DateTime, SensorID, MeasValue) VALUES (TO_DATE('09/05/18 14:30', 'DD/MM/YY HH24:MI'), 412668, 53);
INSERT INTO SENSOR (SerialNumber, CityPlaced, SensorModel, MinimValue, MaximValue, Unit, SensorType) VALUES (55469, 'Ασπρόπυργος SV1EJD', 'CXUP-024', 748.0, 1072.9, 'hPa', 'Pressure');
INSERT INTO MEASUREMENT (DateTime, SensorID, MeasValue) VALUES (TO_DATE('09/05/18 14:30', 'DD/MM/YY HH24:MI'), 55469, 1004.5);
INSERT INTO SENSOR (SerialNumber, CityPlaced, SensorModel, MinimValue, MaximValue, Unit, SensorType) VALUES (81086, 'Ασπρόπυργος SV1EJD', 'HIPY-0642', 0.0, 21.9, 'km/h', 'Wind');
INSERT INTO MEASUREMENT (DateTime, SensorID, MeasValue) VALUES (TO_DATE('09/05/18 14:30', 'DD/MM/YY HH24:MI'), 81086, 12.6);
INSERT INTO SENSOR (SerialNumber, CityPlaced, SensorModel, MinimValue, MaximValue, Unit, SensorType) VALUES (112761, 'Αυλώνας', 'IZOPW-523', -52.0, 71.9, '°C', 'Temperature');
INSERT INTO MEASUREMENT (DateTime, SensorID, MeasValue) VALUES (TO_DATE('09/05/18 14:47', 'DD/MM/YY HH24:MI'), 112761, 28.2);
INSERT INTO SENSOR (SerialNumber, CityPlaced, SensorModel, MinimValue, MaximValue, Unit, SensorType) VALUES (403047, 'Αυλώνας', 'ELNJU-1241', 0, 100, '%', 'Humidity');
INSERT INTO MEASUREMENT (DateTime, SensorID, MeasValue) VALUES (TO_DATE('09/05/18 14:47', 'DD/MM/YY HH24:MI'), 403047, 39);
INSERT INTO SENSOR (SerialNumber, CityPlaced, SensorModel, MinimValue, MaximValue, Unit, SensorType) VALUES (50159, 'Αυλώνας', 'KKYQ-038', 719.0, 1059.9, 'hPa', 'Pressure');
INSERT INTO MEASUREMENT (DateTime, SensorID, MeasValue) VALUES (TO_DATE('09/05/18 14:47', 'DD/MM/YY HH24:MI'), 50159, 1003.8);
INSERT INTO SENSOR (SerialNumber, CityPlaced, SensorModel, MinimValue, MaximValue, Unit, SensorType) VALUES (95331, 'Αυλώνας', 'LEUY-5517', 0.0, 25.9, 'km/h', 'Wind');
INSERT INTO MEASUREMENT (DateTime, SensorID, MeasValue) VALUES (TO_DATE('09/05/18 14:47', 'DD/MM/YY HH24:MI'), 95331, 5.5);
INSERT INTO SENSOR (SerialNumber, CityPlaced, SensorModel, MinimValue, MaximValue, Unit, SensorType) VALUES (393960, 'Αχαρναί Άγιος Πέτρος', 'YNDNT-813', -59.0, 62.9, '°C', 'Temperature');
INSERT INTO MEASUREMENT (DateTime, SensorID, MeasValue) VALUES (TO_DATE('09/05/18 14:47', 'DD/MM/YY HH24:MI'), 393960, 25.1);
INSERT INTO SENSOR (SerialNumber, CityPlaced, SensorModel, MinimValue, MaximValue, Unit, SensorType) VALUES (842412, 'Αχαρναί Άγιος Πέτρος', 'ZHYUE-1128', 0, 100, '%', 'Humidity');
INSERT INTO MEASUREMENT (DateTime, SensorID, MeasValue) VALUES (TO_DATE('09/05/18 14:47', 'DD/MM/YY HH24:MI'), 842412, 52);
INSERT INTO SENSOR (SerialNumber, CityPlaced, SensorModel, MinimValue, MaximValue, Unit, SensorType) VALUES (42130, 'Αχαρναί Άγιος Πέτρος', 'UARY-066', 735.0, 1065.9, 'hPa', 'Pressure');
INSERT INTO MEASUREMENT (DateTime, SensorID, MeasValue) VALUES (TO_DATE('09/05/18 14:47', 'DD/MM/YY HH24:MI'), 42130, 1005.0);
INSERT INTO SENSOR (SerialNumber, CityPlaced, SensorModel, MinimValue, MaximValue, Unit, SensorType) VALUES (39215, 'Αχαρναί Άγιος Πέτρος', 'NDPD-2988', 0.0, 24.9, 'km/h', 'Wind');
INSERT INTO MEASUREMENT (DateTime, SensorID, MeasValue) VALUES (TO_DATE('09/05/18 14:47', 'DD/MM/YY HH24:MI'), 39215, 8.5);
INSERT INTO SENSOR (SerialNumber, CityPlaced, SensorModel, MinimValue, MaximValue, Unit, SensorType) VALUES (759448, 'Αχαρναί 2', 'IERSI-279', -53.0, 80.9, '°C', 'Temperature');
INSERT INTO MEASUREMENT (DateTime, SensorID, MeasValue) VALUES (TO_DATE('09/05/18 14:45', 'DD/MM/YY HH24:MI'), 759448, 25.6);
INSERT INTO SENSOR (SerialNumber, CityPlaced, SensorModel, MinimValue, MaximValue, Unit, SensorType) VALUES (158697, 'Αχαρναί 2', 'ANBPM-3492', 0, 100, '%', 'Humidity');
INSERT INTO MEASUREMENT (DateTime, SensorID, MeasValue) VALUES (TO_DATE('09/05/18 14:45', 'DD/MM/YY HH24:MI'), 158697, 58);
INSERT INTO SENSOR (SerialNumber, CityPlaced, SensorModel, MinimValue, MaximValue, Unit, SensorType) VALUES (77917, 'Αχαρναί 2', 'DHIH-945', 702.0, 1090.9, 'hPa', 'Pressure');
INSERT INTO MEASUREMENT (DateTime, SensorID, MeasValue) VALUES (TO_DATE('09/05/18 14:45', 'DD/MM/YY HH24:MI'), 77917, 1005.3);
INSERT INTO SENSOR (SerialNumber, CityPlaced, SensorModel, MinimValue, MaximValue, Unit, SensorType) VALUES (63802, 'Αχαρναί 2', 'RRPC-6528', 0.0, 22.9, 'km/h', 'Wind');
INSERT INTO MEASUREMENT (DateTime, SensorID, MeasValue) VALUES (TO_DATE('09/05/18 14:45', 'DD/MM/YY HH24:MI'), 63802, 7.1);
INSERT INTO SENSOR (SerialNumber, CityPlaced, SensorModel, MinimValue, MaximValue, Unit, SensorType) VALUES (908690, 'Αχαρναί', 'JAOPG-047', -54.0, 78.9, '°C', 'Temperature');
INSERT INTO MEASUREMENT (DateTime, SensorID, MeasValue) VALUES (TO_DATE('09/05/18 14:48', 'DD/MM/YY HH24:MI'), 908690, 24.9);
INSERT INTO SENSOR (SerialNumber, CityPlaced, SensorModel, MinimValue, MaximValue, Unit, SensorType) VALUES (105469, 'Αχαρναί', 'VWJOV-7744', 0, 100, '%', 'Humidity');
INSERT INTO MEASUREMENT (DateTime, SensorID, MeasValue) VALUES (TO_DATE('09/05/18 14:48', 'DD/MM/YY HH24:MI'), 105469, 53);
INSERT INTO SENSOR (SerialNumber, CityPlaced, SensorModel, MinimValue, MaximValue, Unit, SensorType) VALUES (40479, 'Αχαρναί', 'QXLJ-154', 711.0, 1074.9, 'hPa', 'Pressure');
INSERT INTO MEASUREMENT (DateTime, SensorID, MeasValue) VALUES (TO_DATE('09/05/18 14:48', 'DD/MM/YY HH24:MI'), 40479, 1004.7);
INSERT INTO SENSOR (SerialNumber, CityPlaced, SensorModel, MinimValue, MaximValue, Unit, SensorType) VALUES (50216, 'Αχαρναί', 'USRC-9715', 0.0, 24.9, 'km/h', 'Wind');
INSERT INTO MEASUREMENT (DateTime, SensorID, MeasValue) VALUES (TO_DATE('09/05/18 14:48', 'DD/MM/YY HH24:MI'), 50216, 1.8);
INSERT INTO SENSOR (SerialNumber, CityPlaced, SensorModel, MinimValue, MaximValue, Unit, SensorType) VALUES (313859, 'Βάρκιζα', 'OJOXL-743', -51.0, 68.9, '°C', 'Temperature');
INSERT INTO MEASUREMENT (DateTime, SensorID, MeasValue) VALUES (TO_DATE('09/05/18 14:46', 'DD/MM/YY HH24:MI'), 313859, 22.6);
INSERT INTO SENSOR (SerialNumber, CityPlaced, SensorModel, MinimValue, MaximValue, Unit, SensorType) VALUES (724453, 'Βάρκιζα', 'MIYHF-6959', 0, 100, '%', 'Humidity');
INSERT INTO MEASUREMENT (DateTime, SensorID, MeasValue) VALUES (TO_DATE('09/05/18 14:46', 'DD/MM/YY HH24:MI'), 724453, 70);
INSERT INTO SENSOR (SerialNumber, CityPlaced, SensorModel, MinimValue, MaximValue, Unit, SensorType) VALUES (86037, 'Βάρκιζα', 'KAST-560', 732.0, 1063.9, 'hPa', 'Pressure');
INSERT INTO MEASUREMENT (DateTime, SensorID, MeasValue) VALUES (TO_DATE('09/05/18 14:46', 'DD/MM/YY HH24:MI'), 86037, 1005.9);
INSERT INTO SENSOR (SerialNumber, CityPlaced, SensorModel, MinimValue, MaximValue, Unit, SensorType) VALUES (91286, 'Βάρκιζα', 'XXLN-8426', 0.0, 20.9, 'km/h', 'Wind');
INSERT INTO MEASUREMENT (DateTime, SensorID, MeasValue) VALUES (TO_DATE('09/05/18 14:46', 'DD/MM/YY HH24:MI'), 91286, 6.7);
INSERT INTO SENSOR (SerialNumber, CityPlaced, SensorModel, MinimValue, MaximValue, Unit, SensorType) VALUES (275729, 'Βύρωνας', 'HZEEM-514', -51.0, 60.9, '°C', 'Temperature');
INSERT INTO MEASUREMENT (DateTime, SensorID, MeasValue) VALUES (TO_DATE('09/05/18 14:48', 'DD/MM/YY HH24:MI'), 275729, 25.1);
INSERT INTO SENSOR (SerialNumber, CityPlaced, SensorModel, MinimValue, MaximValue, Unit, SensorType) VALUES (640207, 'Βύρωνας', 'YRUWA-4013', 0, 100, '%', 'Humidity');
INSERT INTO MEASUREMENT (DateTime, SensorID, MeasValue) VALUES (TO_DATE('09/05/18 14:48', 'DD/MM/YY HH24:MI'), 640207, 39);
INSERT INTO SENSOR (SerialNumber, CityPlaced, SensorModel, MinimValue, MaximValue, Unit, SensorType) VALUES (48783, 'Βύρωνας', 'FAQC-349', 700.0, 1099.9, 'hPa', 'Pressure');
INSERT INTO MEASUREMENT (DateTime, SensorID, MeasValue) VALUES (TO_DATE('09/05/18 14:48', 'DD/MM/YY HH24:MI'), 48783, 1007.0);
INSERT INTO SENSOR (SerialNumber, CityPlaced, SensorModel, MinimValue, MaximValue, Unit, SensorType) VALUES (26071, 'Βύρωνας', 'QAYC-1804', 0.0, 23.9, 'km/h', 'Wind');
INSERT INTO MEASUREMENT (DateTime, SensorID, MeasValue) VALUES (TO_DATE('09/05/18 14:48', 'DD/MM/YY HH24:MI'), 26071, 6.4);
INSERT INTO SENSOR (SerialNumber, CityPlaced, SensorModel, MinimValue, MaximValue, Unit, SensorType) VALUES (806977, 'Γαλάτσι 2', 'TYOTZ-288', -53.0, 72.9, '°C', 'Temperature');
INSERT INTO MEASUREMENT (DateTime, SensorID, MeasValue) VALUES (TO_DATE('09/05/18 14:40', 'DD/MM/YY HH24:MI'), 806977, 24.1);
INSERT INTO SENSOR (SerialNumber, CityPlaced, SensorModel, MinimValue, MaximValue, Unit, SensorType) VALUES (358484, 'Γαλάτσι 2', 'UNZKW-9253', 0, 100, '%', 'Humidity');
INSERT INTO MEASUREMENT (DateTime, SensorID, MeasValue) VALUES (TO_DATE('09/05/18 14:40', 'DD/MM/YY HH24:MI'), 358484, 55);
INSERT INTO SENSOR (SerialNumber, CityPlaced, SensorModel, MinimValue, MaximValue, Unit, SensorType) VALUES (82017, 'Γαλάτσι 2', 'FLEA-963', 714.0, 1091.9, 'hPa', 'Pressure');
INSERT INTO MEASUREMENT (DateTime, SensorID, MeasValue) VALUES (TO_DATE('09/05/18 14:40', 'DD/MM/YY HH24:MI'), 82017, 1005.8);
INSERT INTO SENSOR (SerialNumber, CityPlaced, SensorModel, MinimValue, MaximValue, Unit, SensorType) VALUES (39290, 'Γαλάτσι 2', 'EVCU-3412', 0.0, 21.9, 'km/h', 'Wind');
INSERT INTO MEASUREMENT (DateTime, SensorID, MeasValue) VALUES (TO_DATE('09/05/18 14:40', 'DD/MM/YY HH24:MI'), 39290, 4.8);
INSERT INTO SENSOR (SerialNumber, CityPlaced, SensorModel, MinimValue, MaximValue, Unit, SensorType) VALUES (946893, 'Γαλάτσι', 'YIZLM-225', -54.0, 65.9, '°C', 'Temperature');
INSERT INTO MEASUREMENT (DateTime, SensorID, MeasValue) VALUES (TO_DATE('09/05/18 14:22', 'DD/MM/YY HH24:MI'), 946893, 27.7);
INSERT INTO SENSOR (SerialNumber, CityPlaced, SensorModel, MinimValue, MaximValue, Unit, SensorType) VALUES (710195, 'Γαλάτσι', 'IKNQJ-9745', 0, 100, '%', 'Humidity');
INSERT INTO MEASUREMENT (DateTime, SensorID, MeasValue) VALUES (TO_DATE('09/05/18 14:22', 'DD/MM/YY HH24:MI'), 710195, 65);
INSERT INTO SENSOR (SerialNumber, CityPlaced, SensorModel, MinimValue, MaximValue, Unit, SensorType) VALUES (28772, 'Γαλάτσι', 'CNAS-204', 709.0, 1077.9, 'hPa', 'Pressure');
INSERT INTO MEASUREMENT (DateTime, SensorID, MeasValue) VALUES (TO_DATE('09/05/18 14:22', 'DD/MM/YY HH24:MI'), 28772, 1004.3);
INSERT INTO SENSOR (SerialNumber, CityPlaced, SensorModel, MinimValue, MaximValue, Unit, SensorType) VALUES (26931, 'Γαλάτσι', 'SBOO-7612', 0.0, 20.9, 'km/h', 'Wind');
INSERT INTO MEASUREMENT (DateTime, SensorID, MeasValue) VALUES (TO_DATE('09/05/18 14:22', 'DD/MM/YY HH24:MI'), 26931, 6.1);
INSERT INTO SENSOR (SerialNumber, CityPlaced, SensorModel, MinimValue, MaximValue, Unit, SensorType) VALUES (641399, 'Διόνυσσος 2', 'KNVUZ-312', -58.0, 71.9, '°C', 'Temperature');
INSERT INTO MEASUREMENT (DateTime, SensorID, MeasValue) VALUES (TO_DATE('09/05/18 14:44', 'DD/MM/YY HH24:MI'), 641399, 23.7);
INSERT INTO SENSOR (SerialNumber, CityPlaced, SensorModel, MinimValue, MaximValue, Unit, SensorType) VALUES (226313, 'Διόνυσσος 2', 'MOOBP-6510', 0, 100, '%', 'Humidity');
INSERT INTO MEASUREMENT (DateTime, SensorID, MeasValue) VALUES (TO_DATE('09/05/18 14:44', 'DD/MM/YY HH24:MI'), 226313, 57);
INSERT INTO SENSOR (SerialNumber, CityPlaced, SensorModel, MinimValue, MaximValue, Unit, SensorType) VALUES (64789, 'Διόνυσσος 2', 'QJHZ-043', 741.0, 1054.9, 'hPa', 'Pressure');
INSERT INTO MEASUREMENT (DateTime, SensorID, MeasValue) VALUES (TO_DATE('09/05/18 14:44', 'DD/MM/YY HH24:MI'), 64789, 1005.7);
INSERT INTO SENSOR (SerialNumber, CityPlaced, SensorModel, MinimValue, MaximValue, Unit, SensorType) VALUES (81083, 'Διόνυσσος 2', 'FPAI-5609', 0.0, 24.9, 'km/h', 'Wind');
INSERT INTO MEASUREMENT (DateTime, SensorID, MeasValue) VALUES (TO_DATE('09/05/18 14:44', 'DD/MM/YY HH24:MI'), 81083, 4.3);
INSERT INTO SENSOR (SerialNumber, CityPlaced, SensorModel, MinimValue, MaximValue, Unit, SensorType) VALUES (695499, 'Διόνυσσος', 'KLIPG-613', -52.0, 76.9, '°C', 'Temperature');
INSERT INTO MEASUREMENT (DateTime, SensorID, MeasValue) VALUES (TO_DATE('09/05/18 14:35', 'DD/MM/YY HH24:MI'), 695499, 24.2);
INSERT INTO SENSOR (SerialNumber, CityPlaced, SensorModel, MinimValue, MaximValue, Unit, SensorType) VALUES (764014, 'Διόνυσσος', 'WWCTW-7336', 0, 100, '%', 'Humidity');
INSERT INTO MEASUREMENT (DateTime, SensorID, MeasValue) VALUES (TO_DATE('09/05/18 14:35', 'DD/MM/YY HH24:MI'), 764014, 52);
INSERT INTO SENSOR (SerialNumber, CityPlaced, SensorModel, MinimValue, MaximValue, Unit, SensorType) VALUES (16372, 'Διόνυσσος', 'CUKZ-029', 730.0, 1087.9, 'hPa', 'Pressure');
INSERT INTO MEASUREMENT (DateTime, SensorID, MeasValue) VALUES (TO_DATE('09/05/18 14:35', 'DD/MM/YY HH24:MI'), 16372, 1007.3);
INSERT INTO SENSOR (SerialNumber, CityPlaced, SensorModel, MinimValue, MaximValue, Unit, SensorType) VALUES (61656, 'Διόνυσσος', 'HIKA-8141', 0.0, 25.9, 'km/h', 'Wind');
INSERT INTO MEASUREMENT (DateTime, SensorID, MeasValue) VALUES (TO_DATE('09/05/18 14:35', 'DD/MM/YY HH24:MI'), 61656, 6.4);
INSERT INTO SENSOR (SerialNumber, CityPlaced, SensorModel, MinimValue, MaximValue, Unit, SensorType) VALUES (452687, 'Εκάλη', 'WBVRJ-447', -56.0, 74.9, '°C', 'Temperature');
INSERT INTO MEASUREMENT (DateTime, SensorID, MeasValue) VALUES (TO_DATE('09/05/18 14:40', 'DD/MM/YY HH24:MI'), 452687, 23.6);
INSERT INTO SENSOR (SerialNumber, CityPlaced, SensorModel, MinimValue, MaximValue, Unit, SensorType) VALUES (937425, 'Εκάλη', 'FALRX-6316', 0, 100, '%', 'Humidity');
INSERT INTO MEASUREMENT (DateTime, SensorID, MeasValue) VALUES (TO_DATE('09/05/18 14:40', 'DD/MM/YY HH24:MI'), 937425, 54);
INSERT INTO MEASUREMENT (DateTime, SensorID, MeasValue) VALUES (TO_DATE('09/05/18 14:40', 'DD/MM/YY HH24:MI'), 63238, 1006.0);
INSERT INTO SENSOR (SerialNumber, CityPlaced, SensorModel, MinimValue, MaximValue, Unit, SensorType) VALUES (86512, 'Εκάλη', 'HWHN-2504', 0.0, 22.9, 'km/h', 'Wind');
INSERT INTO MEASUREMENT (DateTime, SensorID, MeasValue) VALUES (TO_DATE('09/05/18 14:40', 'DD/MM/YY HH24:MI'), 86512, 3.2);
INSERT INTO SENSOR (SerialNumber, CityPlaced, SensorModel, MinimValue, MaximValue, Unit, SensorType) VALUES (602681, 'Ζωγράφου - Ε.Μ.Π. - Σχολή Τοπογράφων', 'TATZZ-645', -59.0, 67.9, '°C', 'Temperature');
INSERT INTO MEASUREMENT (DateTime, SensorID, MeasValue) VALUES (TO_DATE('09/05/18 14:45', 'DD/MM/YY HH24:MI'), 602681, 24.4);
INSERT INTO SENSOR (SerialNumber, CityPlaced, SensorModel, MinimValue, MaximValue, Unit, SensorType) VALUES (514718, 'Ζωγράφου - Ε.Μ.Π. - Σχολή Τοπογράφων', 'FJRYH-5753', 0, 100, '%', 'Humidity');
INSERT INTO MEASUREMENT (DateTime, SensorID, MeasValue) VALUES (TO_DATE('09/05/18 14:45', 'DD/MM/YY HH24:MI'), 514718, 54);
INSERT INTO SENSOR (SerialNumber, CityPlaced, SensorModel, MinimValue, MaximValue, Unit, SensorType) VALUES (71686, 'Ζωγράφου - Ε.Μ.Π. - Σχολή Τοπογράφων', 'PHUO-143', 729.0, 1058.9, 'hPa', 'Pressure');
INSERT INTO MEASUREMENT (DateTime, SensorID, MeasValue) VALUES (TO_DATE('09/05/18 14:45', 'DD/MM/YY HH24:MI'), 71686, 1006.0);
INSERT INTO SENSOR (SerialNumber, CityPlaced, SensorModel, MinimValue, MaximValue, Unit, SensorType) VALUES (21135, 'Ζωγράφου - Ε.Μ.Π. - Σχολή Τοπογράφων', 'GASD-7691', 0.0, 21.9, 'km/h', 'Wind');
INSERT INTO MEASUREMENT (DateTime, SensorID, MeasValue) VALUES (TO_DATE('09/05/18 14:45', 'DD/MM/YY HH24:MI'), 21135, 6.8);
INSERT INTO SENSOR (SerialNumber, CityPlaced, SensorModel, MinimValue, MaximValue, Unit, SensorType) VALUES (531793, 'Ηλιούπολη', 'MEZJS-499', -52.0, 66.9, '°C', 'Temperature');
INSERT INTO MEASUREMENT (DateTime, SensorID, MeasValue) VALUES (TO_DATE('09/05/18 14:48', 'DD/MM/YY HH24:MI'), 531793, 24.3);
INSERT INTO SENSOR (SerialNumber, CityPlaced, SensorModel, MinimValue, MaximValue, Unit, SensorType) VALUES (700080, 'Ηλιούπολη', 'MJBRG-1993', 0, 100, '%', 'Humidity');
INSERT INTO MEASUREMENT (DateTime, SensorID, MeasValue) VALUES (TO_DATE('09/05/18 14:48', 'DD/MM/YY HH24:MI'), 700080, 57);
INSERT INTO SENSOR (SerialNumber, CityPlaced, SensorModel, MinimValue, MaximValue, Unit, SensorType) VALUES (49211, 'Ηλιούπολη', 'FEHF-603', 703.0, 1089.9, 'hPa', 'Pressure');
INSERT INTO MEASUREMENT (DateTime, SensorID, MeasValue) VALUES (TO_DATE('09/05/18 14:48', 'DD/MM/YY HH24:MI'), 49211, 1006.3);
INSERT INTO SENSOR (SerialNumber, CityPlaced, SensorModel, MinimValue, MaximValue, Unit, SensorType) VALUES (15014, 'Ηλιούπολη', 'ETCO-5291', 0.0, 20.9, 'km/h', 'Wind');
INSERT INTO MEASUREMENT (DateTime, SensorID, MeasValue) VALUES (TO_DATE('09/05/18 14:48', 'DD/MM/YY HH24:MI'), 15014, 6.0);
INSERT INTO SENSOR (SerialNumber, CityPlaced, SensorModel, MinimValue, MaximValue, Unit, SensorType) VALUES (847309, 'Ιπποκράτειος Πολιτεία', 'QWTID-833', -51.0, 78.9, '°C', 'Temperature');
INSERT INTO MEASUREMENT (DateTime, SensorID, MeasValue) VALUES (TO_DATE('09/05/18 14:45', 'DD/MM/YY HH24:MI'), 847309, 24.9);
INSERT INTO SENSOR (SerialNumber, CityPlaced, SensorModel, MinimValue, MaximValue, Unit, SensorType) VALUES (723348, 'Ιπποκράτειος Πολιτεία', 'FZMPQ-5744', 0, 100, '%', 'Humidity');
INSERT INTO MEASUREMENT (DateTime, SensorID, MeasValue) VALUES (TO_DATE('09/05/18 14:45', 'DD/MM/YY HH24:MI'), 723348, 49);
INSERT INTO SENSOR (SerialNumber, CityPlaced, SensorModel, MinimValue, MaximValue, Unit, SensorType) VALUES (30476, 'Ιπποκράτειος Πολιτεία', 'RGQU-513', 734.0, 1076.9, 'hPa', 'Pressure');
INSERT INTO MEASUREMENT (DateTime, SensorID, MeasValue) VALUES (TO_DATE('09/05/18 14:45', 'DD/MM/YY HH24:MI'), 30476, 1011.0);
INSERT INTO SENSOR (SerialNumber, CityPlaced, SensorModel, MinimValue, MaximValue, Unit, SensorType) VALUES (89341, 'Ιπποκράτειος Πολιτεία', 'CGRM-9238', 0.0, 24.9, 'km/h', 'Wind');
INSERT INTO MEASUREMENT (DateTime, SensorID, MeasValue) VALUES (TO_DATE('09/05/18 14:45', 'DD/MM/YY HH24:MI'), 89341, 5.1);
INSERT INTO SENSOR (SerialNumber, CityPlaced, SensorModel, MinimValue, MaximValue, Unit, SensorType) VALUES (292952, 'Καλαμάκι - AirMar', 'HRPRY-688', -50.0, 78.9, '°C', 'Temperature');
INSERT INTO MEASUREMENT (DateTime, SensorID, MeasValue) VALUES (TO_DATE('09/05/18 14:47', 'DD/MM/YY HH24:MI'), 292952, 22.8);
INSERT INTO SENSOR (SerialNumber, CityPlaced, SensorModel, MinimValue, MaximValue, Unit, SensorType) VALUES (306245, 'Καλαμάκι - AirMar', 'AINVB-9907', 0, 100, '%', 'Humidity');
INSERT INTO MEASUREMENT (DateTime, SensorID, MeasValue) VALUES (TO_DATE('09/05/18 14:47', 'DD/MM/YY HH24:MI'), 306245, 70);
INSERT INTO SENSOR (SerialNumber, CityPlaced, SensorModel, MinimValue, MaximValue, Unit, SensorType) VALUES (76945, 'Καλαμάκι - AirMar', 'ETAS-472', 711.0, 1057.9, 'hPa', 'Pressure');
INSERT INTO MEASUREMENT (DateTime, SensorID, MeasValue) VALUES (TO_DATE('09/05/18 14:47', 'DD/MM/YY HH24:MI'), 76945, 1005.2);
INSERT INTO SENSOR (SerialNumber, CityPlaced, SensorModel, MinimValue, MaximValue, Unit, SensorType) VALUES (87533, 'Καλαμάκι - AirMar', 'SLVT-7582', 0.0, 22.9, 'km/h', 'Wind');
INSERT INTO MEASUREMENT (DateTime, SensorID, MeasValue) VALUES (TO_DATE('09/05/18 14:47', 'DD/MM/YY HH24:MI'), 87533, 6.7);
INSERT INTO SENSOR (SerialNumber, CityPlaced, SensorModel, MinimValue, MaximValue, Unit, SensorType) VALUES (171707, 'Καλύβια Θορικού', 'FATUM-381', -59.0, 70.9, '°C', 'Temperature');
INSERT INTO MEASUREMENT (DateTime, SensorID, MeasValue) VALUES (TO_DATE('09/05/18 14:46', 'DD/MM/YY HH24:MI'), 171707, 25.6);
INSERT INTO SENSOR (SerialNumber, CityPlaced, SensorModel, MinimValue, MaximValue, Unit, SensorType) VALUES (424509, 'Καλύβια Θορικού', 'ABVUC-1484', 0, 100, '%', 'Humidity');
INSERT INTO MEASUREMENT (DateTime, SensorID, MeasValue) VALUES (TO_DATE('09/05/18 14:46', 'DD/MM/YY HH24:MI'), 424509, 47);
INSERT INTO SENSOR (SerialNumber, CityPlaced, SensorModel, MinimValue, MaximValue, Unit, SensorType) VALUES (42905, 'Καλύβια Θορικού', 'RAWH-664', 741.0, 1085.9, 'hPa', 'Pressure');
INSERT INTO MEASUREMENT (DateTime, SensorID, MeasValue) VALUES (TO_DATE('09/05/18 14:46', 'DD/MM/YY HH24:MI'), 42905, 1006.8);
INSERT INTO SENSOR (SerialNumber, CityPlaced, SensorModel, MinimValue, MaximValue, Unit, SensorType) VALUES (27770, 'Καλύβια Θορικού', 'HMTR-0772', 0.0, 22.9, 'km/h', 'Wind');
INSERT INTO MEASUREMENT (DateTime, SensorID, MeasValue) VALUES (TO_DATE('09/05/18 14:46', 'DD/MM/YY HH24:MI'), 27770, 11.0);
INSERT INTO SENSOR (SerialNumber, CityPlaced, SensorModel, MinimValue, MaximValue, Unit, SensorType) VALUES (820742, 'Κορυδαλλός', 'VBWVU-683', -59.0, 64.9, '°C', 'Temperature');
INSERT INTO MEASUREMENT (DateTime, SensorID, MeasValue) VALUES (TO_DATE('09/05/18 14:48', 'DD/MM/YY HH24:MI'), 820742, 23.5);
INSERT INTO SENSOR (SerialNumber, CityPlaced, SensorModel, MinimValue, MaximValue, Unit, SensorType) VALUES (177196, 'Κορυδαλλός', 'FYMGX-3212', 0, 100, '%', 'Humidity');
INSERT INTO MEASUREMENT (DateTime, SensorID, MeasValue) VALUES (TO_DATE('09/05/18 14:48', 'DD/MM/YY HH24:MI'), 177196, 62);
INSERT INTO SENSOR (SerialNumber, CityPlaced, SensorModel, MinimValue, MaximValue, Unit, SensorType) VALUES (63907, 'Κορυδαλλός', 'TEBZ-104', 735.0, 1091.9, 'hPa', 'Pressure');
INSERT INTO MEASUREMENT (DateTime, SensorID, MeasValue) VALUES (TO_DATE('09/05/18 14:48', 'DD/MM/YY HH24:MI'), 63907, 1006.8);
INSERT INTO SENSOR (SerialNumber, CityPlaced, SensorModel, MinimValue, MaximValue, Unit, SensorType) VALUES (14444, 'Κορυδαλλός', 'EIJK-1896', 0.0, 25.9, 'km/h', 'Wind');
INSERT INTO MEASUREMENT (DateTime, SensorID, MeasValue) VALUES (TO_DATE('09/05/18 14:48', 'DD/MM/YY HH24:MI'), 14444, 4.7);
INSERT INTO SENSOR (SerialNumber, CityPlaced, SensorModel, MinimValue, MaximValue, Unit, SensorType) VALUES (703844, 'Λαύριο 2', 'RBJRN-131', -58.0, 69.9, '°C', 'Temperature');
INSERT INTO MEASUREMENT (DateTime, SensorID, MeasValue) VALUES (TO_DATE('09/05/18 14:46', 'DD/MM/YY HH24:MI'), 703844, 24.7);
INSERT INTO SENSOR (SerialNumber, CityPlaced, SensorModel, MinimValue, MaximValue, Unit, SensorType) VALUES (238645, 'Λαύριο 2', 'KVKUE-8378', 0, 100, '%', 'Humidity');
INSERT INTO MEASUREMENT (DateTime, SensorID, MeasValue) VALUES (TO_DATE('09/05/18 14:46', 'DD/MM/YY HH24:MI'), 238645, 56);
INSERT INTO SENSOR (SerialNumber, CityPlaced, SensorModel, MinimValue, MaximValue, Unit, SensorType) VALUES (83455, 'Λαύριο 2', 'GOKZ-436', 730.0, 1064.9, 'hPa', 'Pressure');
INSERT INTO MEASUREMENT (DateTime, SensorID, MeasValue) VALUES (TO_DATE('09/05/18 14:46', 'DD/MM/YY HH24:MI'), 83455, 1005.3);
INSERT INTO SENSOR (SerialNumber, CityPlaced, SensorModel, MinimValue, MaximValue, Unit, SensorType) VALUES (69415, 'Λαύριο 2', 'DJDV-1098', 0.0, 21.9, 'km/h', 'Wind');
INSERT INTO MEASUREMENT (DateTime, SensorID, MeasValue) VALUES (TO_DATE('09/05/18 14:46', 'DD/MM/YY HH24:MI'), 69415, 13.1);
INSERT INTO SENSOR (SerialNumber, CityPlaced, SensorModel, MinimValue, MaximValue, Unit, SensorType) VALUES (102464, 'Λαύριο', 'DUCZE-294', -52.0, 73.9, '°C', 'Temperature');
INSERT INTO MEASUREMENT (DateTime, SensorID, MeasValue) VALUES (TO_DATE('09/05/18 14:38', 'DD/MM/YY HH24:MI'), 102464, 24.1);
INSERT INTO SENSOR (SerialNumber, CityPlaced, SensorModel, MinimValue, MaximValue, Unit, SensorType) VALUES (707683, 'Λαύριο', 'ACYGO-5370', 0, 100, '%', 'Humidity');
INSERT INTO MEASUREMENT (DateTime, SensorID, MeasValue) VALUES (TO_DATE('09/05/18 14:38', 'DD/MM/YY HH24:MI'), 707683, 58);
INSERT INTO SENSOR (SerialNumber, CityPlaced, SensorModel, MinimValue, MaximValue, Unit, SensorType) VALUES (45391, 'Λαύριο', 'XTNY-484', 742.0, 1074.9, 'hPa', 'Pressure');
INSERT INTO MEASUREMENT (DateTime, SensorID, MeasValue) VALUES (TO_DATE('09/05/18 14:38', 'DD/MM/YY HH24:MI'), 45391, 1003.9);
INSERT INTO SENSOR (SerialNumber, CityPlaced, SensorModel, MinimValue, MaximValue, Unit, SensorType) VALUES (80499, 'Λαύριο', 'MUSR-9795', 0.0, 22.9, 'km/h', 'Wind');
INSERT INTO MEASUREMENT (DateTime, SensorID, MeasValue) VALUES (TO_DATE('09/05/18 14:38', 'DD/MM/YY HH24:MI'), 80499, 16.4);
INSERT INTO SENSOR (SerialNumber, CityPlaced, SensorModel, MinimValue, MaximValue, Unit, SensorType) VALUES (166955, 'Λυκόβρυση', 'JRJII-673', -58.0, 64.9, '°C', 'Temperature');
INSERT INTO MEASUREMENT (DateTime, SensorID, MeasValue) VALUES (TO_DATE('09/05/18 14:45', 'DD/MM/YY HH24:MI'), 166955, 24.1);
INSERT INTO SENSOR (SerialNumber, CityPlaced, SensorModel, MinimValue, MaximValue, Unit, SensorType) VALUES (495636, 'Λυκόβρυση', 'UZVNE-9862', 0, 100, '%', 'Humidity');
INSERT INTO MEASUREMENT (DateTime, SensorID, MeasValue) VALUES (TO_DATE('09/05/18 14:45', 'DD/MM/YY HH24:MI'), 495636, 57);
INSERT INTO SENSOR (SerialNumber, CityPlaced, SensorModel, MinimValue, MaximValue, Unit, SensorType) VALUES (40416, 'Λυκόβρυση', 'MIHX-480', 732.0, 1082.9, 'hPa', 'Pressure');
INSERT INTO MEASUREMENT (DateTime, SensorID, MeasValue) VALUES (TO_DATE('09/05/18 14:45', 'DD/MM/YY HH24:MI'), 40416, 1006.1);
INSERT INTO SENSOR (SerialNumber, CityPlaced, SensorModel, MinimValue, MaximValue, Unit, SensorType) VALUES (47948, 'Λυκόβρυση', 'GVPE-7478', 0.0, 25.9, 'km/h', 'Wind');
INSERT INTO MEASUREMENT (DateTime, SensorID, MeasValue) VALUES (TO_DATE('09/05/18 14:45', 'DD/MM/YY HH24:MI'), 47948, 4.7);
INSERT INTO SENSOR (SerialNumber, CityPlaced, SensorModel, MinimValue, MaximValue, Unit, SensorType) VALUES (956846, 'Μαραθώνας Παραλία', 'EHAUI-392', -60.0, 73.9, '°C', 'Temperature');
INSERT INTO MEASUREMENT (DateTime, SensorID, MeasValue) VALUES (TO_DATE('09/05/18 14:48', 'DD/MM/YY HH24:MI'), 956846, 22.0);
INSERT INTO SENSOR (SerialNumber, CityPlaced, SensorModel, MinimValue, MaximValue, Unit, SensorType) VALUES (495849, 'Μαραθώνας Παραλία', 'JIXBP-2296', 0, 100, '%', 'Humidity');
INSERT INTO MEASUREMENT (DateTime, SensorID, MeasValue) VALUES (TO_DATE('09/05/18 14:48', 'DD/MM/YY HH24:MI'), 495849, 81);
INSERT INTO SENSOR (SerialNumber, CityPlaced, SensorModel, MinimValue, MaximValue, Unit, SensorType) VALUES (15129, 'Μαραθώνας Παραλία', 'YYAQ-866', 700.0, 1086.9, 'hPa', 'Pressure');
INSERT INTO MEASUREMENT (DateTime, SensorID, MeasValue) VALUES (TO_DATE('09/05/18 14:48', 'DD/MM/YY HH24:MI'), 15129, 1005.8);
INSERT INTO SENSOR (SerialNumber, CityPlaced, SensorModel, MinimValue, MaximValue, Unit, SensorType) VALUES (15044, 'Μαραθώνας Παραλία', 'BUXC-9309', 0.0, 22.9, 'km/h', 'Wind');
INSERT INTO MEASUREMENT (DateTime, SensorID, MeasValue) VALUES (TO_DATE('09/05/18 14:48', 'DD/MM/YY HH24:MI'), 15044, 13.1);
INSERT INTO SENSOR (SerialNumber, CityPlaced, SensorModel, MinimValue, MaximValue, Unit, SensorType) VALUES (941403, 'Μαρούσι Κοκκινιά', 'NYDFV-046', -57.0, 73.9, '°C', 'Temperature');
INSERT INTO MEASUREMENT (DateTime, SensorID, MeasValue) VALUES (TO_DATE('09/05/18 14:45', 'DD/MM/YY HH24:MI'), 941403, 25.4);
INSERT INTO SENSOR (SerialNumber, CityPlaced, SensorModel, MinimValue, MaximValue, Unit, SensorType) VALUES (613413, 'Μαρούσι Κοκκινιά', 'DBRIR-2766', 0, 100, '%', 'Humidity');
INSERT INTO MEASUREMENT (DateTime, SensorID, MeasValue) VALUES (TO_DATE('09/05/18 14:45', 'DD/MM/YY HH24:MI'), 613413, 51);
INSERT INTO SENSOR (SerialNumber, CityPlaced, SensorModel, MinimValue, MaximValue, Unit, SensorType) VALUES (93594, 'Μαρούσι Κοκκινιά', 'WGES-108', 723.0, 1071.9, 'hPa', 'Pressure');
INSERT INTO MEASUREMENT (DateTime, SensorID, MeasValue) VALUES (TO_DATE('09/05/18 14:45', 'DD/MM/YY HH24:MI'), 93594, 1007.0);
INSERT INTO SENSOR (SerialNumber, CityPlaced, SensorModel, MinimValue, MaximValue, Unit, SensorType) VALUES (31006, 'Μαρούσι Κοκκινιά', 'HVRU-1655', 0.0, 25.9, 'km/h', 'Wind');
INSERT INTO MEASUREMENT (DateTime, SensorID, MeasValue) VALUES (TO_DATE('09/05/18 14:45', 'DD/MM/YY HH24:MI'), 31006, 4.8);
INSERT INTO SENSOR (SerialNumber, CityPlaced, SensorModel, MinimValue, MaximValue, Unit, SensorType) VALUES (144929, 'Μενίδι', 'BXGEQ-198', -52.0, 75.9, '°C', 'Temperature');
INSERT INTO MEASUREMENT (DateTime, SensorID, MeasValue) VALUES (TO_DATE('09/05/18 14:43', 'DD/MM/YY HH24:MI'), 144929, 27.2);
INSERT INTO SENSOR (SerialNumber, CityPlaced, SensorModel, MinimValue, MaximValue, Unit, SensorType) VALUES (217340, 'Μενίδι', 'GOEHG-0978', 0, 100, '%', 'Humidity');
INSERT INTO MEASUREMENT (DateTime, SensorID, MeasValue) VALUES (TO_DATE('09/05/18 14:43', 'DD/MM/YY HH24:MI'), 217340, 50);
INSERT INTO SENSOR (SerialNumber, CityPlaced, SensorModel, MinimValue, MaximValue, Unit, SensorType) VALUES (63116, 'Μενίδι', 'MKVS-475', 710.0, 1082.9, 'hPa', 'Pressure');
INSERT INTO MEASUREMENT (DateTime, SensorID, MeasValue) VALUES (TO_DATE('09/05/18 14:43', 'DD/MM/YY HH24:MI'), 63116, 1004.5);
INSERT INTO SENSOR (SerialNumber, CityPlaced, SensorModel, MinimValue, MaximValue, Unit, SensorType) VALUES (83474, 'Μενίδι', 'PFVY-6238', 0.0, 24.9, 'km/h', 'Wind');
INSERT INTO MEASUREMENT (DateTime, SensorID, MeasValue) VALUES (TO_DATE('09/05/18 14:43', 'DD/MM/YY HH24:MI'), 83474, 5.6);
INSERT INTO SENSOR (SerialNumber, CityPlaced, SensorModel, MinimValue, MaximValue, Unit, SensorType) VALUES (866272, 'Νέα Κηφισιά', 'WRJIN-914', -58.0, 60.9, '°C', 'Temperature');
INSERT INTO MEASUREMENT (DateTime, SensorID, MeasValue) VALUES (TO_DATE('09/05/18 14:47', 'DD/MM/YY HH24:MI'), 866272, 25.0);
INSERT INTO SENSOR (SerialNumber, CityPlaced, SensorModel, MinimValue, MaximValue, Unit, SensorType) VALUES (855172, 'Νέα Κηφισιά', 'JKOYC-9172', 0, 100, '%', 'Humidity');
INSERT INTO MEASUREMENT (DateTime, SensorID, MeasValue) VALUES (TO_DATE('09/05/18 14:47', 'DD/MM/YY HH24:MI'), 855172, 53);
INSERT INTO SENSOR (SerialNumber, CityPlaced, SensorModel, MinimValue, MaximValue, Unit, SensorType) VALUES (71863, 'Νέα Κηφισιά', 'CEEP-739', 716.0, 1052.9, 'hPa', 'Pressure');
INSERT INTO MEASUREMENT (DateTime, SensorID, MeasValue) VALUES (TO_DATE('09/05/18 14:47', 'DD/MM/YY HH24:MI'), 71863, 1004.3);
INSERT INTO SENSOR (SerialNumber, CityPlaced, SensorModel, MinimValue, MaximValue, Unit, SensorType) VALUES (15177, 'Νέα Κηφισιά', 'SBRN-4532', 0.0, 24.9, 'km/h', 'Wind');
INSERT INTO MEASUREMENT (DateTime, SensorID, MeasValue) VALUES (TO_DATE('09/05/18 14:47', 'DD/MM/YY HH24:MI'), 15177, 9.0);
INSERT INTO SENSOR (SerialNumber, CityPlaced, SensorModel, MinimValue, MaximValue, Unit, SensorType) VALUES (416697, 'Νέο Φάληρο 2', 'CRKCK-825', -58.0, 61.9, '°C', 'Temperature');
INSERT INTO MEASUREMENT (DateTime, SensorID, MeasValue) VALUES (TO_DATE('09/05/18 14:45', 'DD/MM/YY HH24:MI'), 416697, 25.0);
INSERT INTO SENSOR (SerialNumber, CityPlaced, SensorModel, MinimValue, MaximValue, Unit, SensorType) VALUES (843996, 'Νέο Φάληρο 2', 'ZTPLR-1083', 0, 100, '%', 'Humidity');
INSERT INTO MEASUREMENT (DateTime, SensorID, MeasValue) VALUES (TO_DATE('09/05/18 14:45', 'DD/MM/YY HH24:MI'), 843996, 56);
INSERT INTO SENSOR (SerialNumber, CityPlaced, SensorModel, MinimValue, MaximValue, Unit, SensorType) VALUES (20610, 'Νέο Φάληρο 2', 'PFTR-162', 729.0, 1085.9, 'hPa', 'Pressure');
INSERT INTO MEASUREMENT (DateTime, SensorID, MeasValue) VALUES (TO_DATE('09/05/18 14:45', 'DD/MM/YY HH24:MI'), 20610, 1003.0);
INSERT INTO SENSOR (SerialNumber, CityPlaced, SensorModel, MinimValue, MaximValue, Unit, SensorType) VALUES (74082, 'Νέο Φάληρο 2', 'RWQV-3461', 0.0, 25.9, 'km/h', 'Wind');
INSERT INTO MEASUREMENT (DateTime, SensorID, MeasValue) VALUES (TO_DATE('09/05/18 14:45', 'DD/MM/YY HH24:MI'), 74082, 9.6);
INSERT INTO SENSOR (SerialNumber, CityPlaced, SensorModel, MinimValue, MaximValue, Unit, SensorType) VALUES (461281, 'Νίκαια Περιβολάκι', 'DLLLA-272', -59.0, 66.9, '°C', 'Temperature');
INSERT INTO MEASUREMENT (DateTime, SensorID, MeasValue) VALUES (TO_DATE('09/05/18 14:47', 'DD/MM/YY HH24:MI'), 461281, 24.3);
INSERT INTO SENSOR (SerialNumber, CityPlaced, SensorModel, MinimValue, MaximValue, Unit, SensorType) VALUES (442796, 'Νίκαια Περιβολάκι', 'SYAVP-3680', 0, 100, '%', 'Humidity');
INSERT INTO MEASUREMENT (DateTime, SensorID, MeasValue) VALUES (TO_DATE('09/05/18 14:47', 'DD/MM/YY HH24:MI'), 442796, 74);
INSERT INTO SENSOR (SerialNumber, CityPlaced, SensorModel, MinimValue, MaximValue, Unit, SensorType) VALUES (83239, 'Νίκαια Περιβολάκι', 'VJQN-101', 738.0, 1058.9, 'hPa', 'Pressure');
INSERT INTO MEASUREMENT (DateTime, SensorID, MeasValue) VALUES (TO_DATE('09/05/18 14:47', 'DD/MM/YY HH24:MI'), 83239, 1004.2);
INSERT INTO SENSOR (SerialNumber, CityPlaced, SensorModel, MinimValue, MaximValue, Unit, SensorType) VALUES (50747, 'Νίκαια Περιβολάκι', 'IJRJ-6790', 0.0, 22.9, 'km/h', 'Wind');
INSERT INTO MEASUREMENT (DateTime, SensorID, MeasValue) VALUES (TO_DATE('09/05/18 14:47', 'DD/MM/YY HH24:MI'), 50747, 14.7);
INSERT INTO SENSOR (SerialNumber, CityPlaced, SensorModel, MinimValue, MaximValue, Unit, SensorType) VALUES (698232, 'Παλαιό Φάληρο 2', 'EEEGU-846', -54.0, 79.9, '°C', 'Temperature');
INSERT INTO MEASUREMENT (DateTime, SensorID, MeasValue) VALUES (TO_DATE('09/05/18 14:45', 'DD/MM/YY HH24:MI'), 698232, 23.4);
INSERT INTO SENSOR (SerialNumber, CityPlaced, SensorModel, MinimValue, MaximValue, Unit, SensorType) VALUES (224773, 'Παλαιό Φάληρο 2', 'CRSNX-8068', 0, 100, '%', 'Humidity');
INSERT INTO MEASUREMENT (DateTime, SensorID, MeasValue) VALUES (TO_DATE('09/05/18 14:45', 'DD/MM/YY HH24:MI'), 224773, 62);
INSERT INTO SENSOR (SerialNumber, CityPlaced, SensorModel, MinimValue, MaximValue, Unit, SensorType) VALUES (65310, 'Παλαιό Φάληρο 2', 'JJRK-437', 750.0, 1085.9, 'hPa', 'Pressure');
INSERT INTO MEASUREMENT (DateTime, SensorID, MeasValue) VALUES (TO_DATE('09/05/18 14:45', 'DD/MM/YY HH24:MI'), 65310, 1004.2);
INSERT INTO SENSOR (SerialNumber, CityPlaced, SensorModel, MinimValue, MaximValue, Unit, SensorType) VALUES (48771, 'Παλαιό Φάληρο 2', 'XZWF-4296', 0.0, 24.9, 'km/h', 'Wind');
INSERT INTO MEASUREMENT (DateTime, SensorID, MeasValue) VALUES (TO_DATE('09/05/18 14:45', 'DD/MM/YY HH24:MI'), 48771, 2.7);
INSERT INTO SENSOR (SerialNumber, CityPlaced, SensorModel, MinimValue, MaximValue, Unit, SensorType) VALUES (250817, 'Παλλήνη Κάντζα', 'XZPNT-528', -54.0, 69.9, '°C', 'Temperature');
INSERT INTO MEASUREMENT (DateTime, SensorID, MeasValue) VALUES (TO_DATE('09/05/18 14:08', 'DD/MM/YY HH24:MI'), 250817, 25.5);
INSERT INTO SENSOR (SerialNumber, CityPlaced, SensorModel, MinimValue, MaximValue, Unit, SensorType) VALUES (706650, 'Παλλήνη Κάντζα', 'HLWLE-2374', 0, 100, '%', 'Humidity');
INSERT INTO MEASUREMENT (DateTime, SensorID, MeasValue) VALUES (TO_DATE('09/05/18 14:08', 'DD/MM/YY HH24:MI'), 706650, 48);
INSERT INTO SENSOR (SerialNumber, CityPlaced, SensorModel, MinimValue, MaximValue, Unit, SensorType) VALUES (79393, 'Παλλήνη Κάντζα', 'IMZI-588', 730.0, 1058.9, 'hPa', 'Pressure');
INSERT INTO MEASUREMENT (DateTime, SensorID, MeasValue) VALUES (TO_DATE('09/05/18 14:08', 'DD/MM/YY HH24:MI'), 79393, 1005.1);
INSERT INTO SENSOR (SerialNumber, CityPlaced, SensorModel, MinimValue, MaximValue, Unit, SensorType) VALUES (73727, 'Παλλήνη Κάντζα', 'PXKL-6795', 0.0, 20.9, 'km/h', 'Wind');
INSERT INTO MEASUREMENT (DateTime, SensorID, MeasValue) VALUES (TO_DATE('09/05/18 14:08', 'DD/MM/YY HH24:MI'), 73727, 9.5);
INSERT INTO SENSOR (SerialNumber, CityPlaced, SensorModel, MinimValue, MaximValue, Unit, SensorType) VALUES (546433, 'Πειραιάς Λόφος Βώκου', 'BAHSX-248', -58.0, 72.9, '°C', 'Temperature');
INSERT INTO MEASUREMENT (DateTime, SensorID, MeasValue) VALUES (TO_DATE('09/05/18 14:43', 'DD/MM/YY HH24:MI'), 546433, 23.3);
INSERT INTO SENSOR (SerialNumber, CityPlaced, SensorModel, MinimValue, MaximValue, Unit, SensorType) VALUES (349206, 'Πειραιάς Λόφος Βώκου', 'KYRBE-2569', 0, 100, '%', 'Humidity');
INSERT INTO MEASUREMENT (DateTime, SensorID, MeasValue) VALUES (TO_DATE('09/05/18 14:43', 'DD/MM/YY HH24:MI'), 349206, 60);
INSERT INTO SENSOR (SerialNumber, CityPlaced, SensorModel, MinimValue, MaximValue, Unit, SensorType) VALUES (19175, 'Πειραιάς Λόφος Βώκου', 'FIGU-255', 732.0, 1062.9, 'hPa', 'Pressure');
INSERT INTO MEASUREMENT (DateTime, SensorID, MeasValue) VALUES (TO_DATE('09/05/18 14:43', 'DD/MM/YY HH24:MI'), 19175, 1006.4);
INSERT INTO SENSOR (SerialNumber, CityPlaced, SensorModel, MinimValue, MaximValue, Unit, SensorType) VALUES (67029, 'Πειραιάς Λόφος Βώκου', 'PGWK-8025', 0.0, 25.9, 'km/h', 'Wind');
INSERT INTO MEASUREMENT (DateTime, SensorID, MeasValue) VALUES (TO_DATE('09/05/18 14:43', 'DD/MM/YY HH24:MI'), 67029, 6.4);
INSERT INTO SENSOR (SerialNumber, CityPlaced, SensorModel, MinimValue, MaximValue, Unit, SensorType) VALUES (167946, 'Πειραιάς', 'VDDKX-659', -59.0, 77.9, '°C', 'Temperature');
INSERT INTO MEASUREMENT (DateTime, SensorID, MeasValue) VALUES (TO_DATE('09/05/18 14:48', 'DD/MM/YY HH24:MI'), 167946, 23.8);
INSERT INTO SENSOR (SerialNumber, CityPlaced, SensorModel, MinimValue, MaximValue, Unit, SensorType) VALUES (797283, 'Πειραιάς', 'FFAIL-0558', 0, 100, '%', 'Humidity');
INSERT INTO MEASUREMENT (DateTime, SensorID, MeasValue) VALUES (TO_DATE('09/05/18 14:48', 'DD/MM/YY HH24:MI'), 797283, 65);
INSERT INTO SENSOR (SerialNumber, CityPlaced, SensorModel, MinimValue, MaximValue, Unit, SensorType) VALUES (49579, 'Πειραιάς', 'ZZQZ-558', 726.0, 1084.9, 'hPa', 'Pressure');
INSERT INTO MEASUREMENT (DateTime, SensorID, MeasValue) VALUES (TO_DATE('09/05/18 14:48', 'DD/MM/YY HH24:MI'), 49579, 1005.5);
INSERT INTO SENSOR (SerialNumber, CityPlaced, SensorModel, MinimValue, MaximValue, Unit, SensorType) VALUES (91176, 'Πειραιάς', 'POTV-4378', 0.0, 22.9, 'km/h', 'Wind');
INSERT INTO MEASUREMENT (DateTime, SensorID, MeasValue) VALUES (TO_DATE('09/05/18 14:48', 'DD/MM/YY HH24:MI'), 91176, 7.2);
INSERT INTO SENSOR (SerialNumber, CityPlaced, SensorModel, MinimValue, MaximValue, Unit, SensorType) VALUES (150158, 'Περαμα', 'COPVC-840', -60.0, 66.9, '°C', 'Temperature');
INSERT INTO MEASUREMENT (DateTime, SensorID, MeasValue) VALUES (TO_DATE('09/05/18 14:45', 'DD/MM/YY HH24:MI'), 150158, 23.3);
INSERT INTO SENSOR (SerialNumber, CityPlaced, SensorModel, MinimValue, MaximValue, Unit, SensorType) VALUES (329214, 'Περαμα', 'SUFFN-4144', 0, 100, '%', 'Humidity');
INSERT INTO MEASUREMENT (DateTime, SensorID, MeasValue) VALUES (TO_DATE('09/05/18 14:45', 'DD/MM/YY HH24:MI'), 329214, 62);
INSERT INTO SENSOR (SerialNumber, CityPlaced, SensorModel, MinimValue, MaximValue, Unit, SensorType) VALUES (39725, 'Περαμα', 'HAFJ-408', 745.0, 1078.9, 'hPa', 'Pressure');
INSERT INTO MEASUREMENT (DateTime, SensorID, MeasValue) VALUES (TO_DATE('09/05/18 14:45', 'DD/MM/YY HH24:MI'), 39725, 1006.3);
INSERT INTO SENSOR (SerialNumber, CityPlaced, SensorModel, MinimValue, MaximValue, Unit, SensorType) VALUES (89873, 'Περαμα', 'ISNP-0431', 0.0, 25.9, 'km/h', 'Wind');
INSERT INTO MEASUREMENT (DateTime, SensorID, MeasValue) VALUES (TO_DATE('09/05/18 14:45', 'DD/MM/YY HH24:MI'), 89873, 9.5);
INSERT INTO SENSOR (SerialNumber, CityPlaced, SensorModel, MinimValue, MaximValue, Unit, SensorType) VALUES (202028, 'Πόρτο Ράφτη Λιμικό', 'GBAKD-653', -51.0, 68.9, '°C', 'Temperature');
INSERT INTO MEASUREMENT (DateTime, SensorID, MeasValue) VALUES (TO_DATE('09/05/18 14:47', 'DD/MM/YY HH24:MI'), 202028, 25.7);
INSERT INTO SENSOR (SerialNumber, CityPlaced, SensorModel, MinimValue, MaximValue, Unit, SensorType) VALUES (398294, 'Πόρτο Ράφτη Λιμικό', 'ITHTQ-3992', 0, 100, '%', 'Humidity');
INSERT INTO MEASUREMENT (DateTime, SensorID, MeasValue) VALUES (TO_DATE('09/05/18 14:47', 'DD/MM/YY HH24:MI'), 398294, 48);
INSERT INTO SENSOR (SerialNumber, CityPlaced, SensorModel, MinimValue, MaximValue, Unit, SensorType) VALUES (43420, 'Πόρτο Ράφτη Λιμικό', 'JSES-194', 710.0, 1083.9, 'hPa', 'Pressure');
INSERT INTO MEASUREMENT (DateTime, SensorID, MeasValue) VALUES (TO_DATE('09/05/18 14:47', 'DD/MM/YY HH24:MI'), 43420, 1002.4);
INSERT INTO SENSOR (SerialNumber, CityPlaced, SensorModel, MinimValue, MaximValue, Unit, SensorType) VALUES (80896, 'Πόρτο Ράφτη Λιμικό', 'UUVL-2872', 0.0, 20.9, 'km/h', 'Wind');
INSERT INTO MEASUREMENT (DateTime, SensorID, MeasValue) VALUES (TO_DATE('09/05/18 14:47', 'DD/MM/YY HH24:MI'), 80896, 14.7);
INSERT INTO SENSOR (SerialNumber, CityPlaced, SensorModel, MinimValue, MaximValue, Unit, SensorType) VALUES (921076, 'Ρέα', 'RABFM-580', -59.0, 67.9, '°C', 'Temperature');
INSERT INTO MEASUREMENT (DateTime, SensorID, MeasValue) VALUES (TO_DATE('09/05/18 14:45', 'DD/MM/YY HH24:MI'), 921076, 23.8);
INSERT INTO SENSOR (SerialNumber, CityPlaced, SensorModel, MinimValue, MaximValue, Unit, SensorType) VALUES (503270, 'Ρέα', 'TQHGC-4238', 0, 100, '%', 'Humidity');
INSERT INTO MEASUREMENT (DateTime, SensorID, MeasValue) VALUES (TO_DATE('09/05/18 14:45', 'DD/MM/YY HH24:MI'), 503270, 57);
INSERT INTO SENSOR (SerialNumber, CityPlaced, SensorModel, MinimValue, MaximValue, Unit, SensorType) VALUES (39929, 'Ρέα', 'TIBM-858', 743.0, 1055.9, 'hPa', 'Pressure');
INSERT INTO MEASUREMENT (DateTime, SensorID, MeasValue) VALUES (TO_DATE('09/05/18 14:45', 'DD/MM/YY HH24:MI'), 39929, 1004.1);
INSERT INTO SENSOR (SerialNumber, CityPlaced, SensorModel, MinimValue, MaximValue, Unit, SensorType) VALUES (42767, 'Ρέα', 'FUID-3105', 0.0, 23.9, 'km/h', 'Wind');
INSERT INTO MEASUREMENT (DateTime, SensorID, MeasValue) VALUES (TO_DATE('09/05/18 14:45', 'DD/MM/YY HH24:MI'), 42767, 0.0);
INSERT INTO SENSOR (SerialNumber, CityPlaced, SensorModel, MinimValue, MaximValue, Unit, SensorType) VALUES (666362, 'Σαλαμίνα', 'OUOYF-330', -50.0, 66.9, '°C', 'Temperature');
INSERT INTO MEASUREMENT (DateTime, SensorID, MeasValue) VALUES (TO_DATE('09/05/18 14:39', 'DD/MM/YY HH24:MI'), 666362, 26.1);
INSERT INTO SENSOR (SerialNumber, CityPlaced, SensorModel, MinimValue, MaximValue, Unit, SensorType) VALUES (517113, 'Σαλαμίνα', 'DTRQJ-0419', 0, 100, '%', 'Humidity');
INSERT INTO MEASUREMENT (DateTime, SensorID, MeasValue) VALUES (TO_DATE('09/05/18 14:39', 'DD/MM/YY HH24:MI'), 517113, 53);
INSERT INTO SENSOR (SerialNumber, CityPlaced, SensorModel, MinimValue, MaximValue, Unit, SensorType) VALUES (16015, 'Σαλαμίνα', 'RJAT-138', 711.0, 1055.9, 'hPa', 'Pressure');
INSERT INTO MEASUREMENT (DateTime, SensorID, MeasValue) VALUES (TO_DATE('09/05/18 14:39', 'DD/MM/YY HH24:MI'), 16015, 1004.3);
INSERT INTO SENSOR (SerialNumber, CityPlaced, SensorModel, MinimValue, MaximValue, Unit, SensorType) VALUES (33583, 'Σαλαμίνα', 'RJDN-7516', 0.0, 24.9, 'km/h', 'Wind');
INSERT INTO MEASUREMENT (DateTime, SensorID, MeasValue) VALUES (TO_DATE('09/05/18 14:39', 'DD/MM/YY HH24:MI'), 33583, 5.4);
INSERT INTO SENSOR (SerialNumber, CityPlaced, SensorModel, MinimValue, MaximValue, Unit, SensorType) VALUES (642828, 'Σχινιάς', 'DVZWE-029', -55.0, 65.9, '°C', 'Temperature');
INSERT INTO MEASUREMENT (DateTime, SensorID, MeasValue) VALUES (TO_DATE('09/05/18 14:40', 'DD/MM/YY HH24:MI'), 642828, 21.3);
INSERT INTO SENSOR (SerialNumber, CityPlaced, SensorModel, MinimValue, MaximValue, Unit, SensorType) VALUES (587219, 'Σχινιάς', 'YGGDG-6328', 0, 100, '%', 'Humidity');
INSERT INTO MEASUREMENT (DateTime, SensorID, MeasValue) VALUES (TO_DATE('09/05/18 14:40', 'DD/MM/YY HH24:MI'), 587219, 0);
INSERT INTO MEASUREMENT (DateTime, SensorID, MeasValue) VALUES (TO_DATE('09/05/18 14:40', 'DD/MM/YY HH24:MI'), 59408, 1004.5);
INSERT INTO SENSOR (SerialNumber, CityPlaced, SensorModel, MinimValue, MaximValue, Unit, SensorType) VALUES (41174, 'Σχινιάς', 'KUQL-5720', 0.0, 25.9, 'km/h', 'Wind');
INSERT INTO MEASUREMENT (DateTime, SensorID, MeasValue) VALUES (TO_DATE('09/05/18 14:40', 'DD/MM/YY HH24:MI'), 41174, 15.1);
INSERT INTO SENSOR (SerialNumber, CityPlaced, SensorModel, MinimValue, MaximValue, Unit, SensorType) VALUES (715452, 'Φυλή', 'HDAKY-491', -55.0, 67.9, '°C', 'Temperature');
INSERT INTO MEASUREMENT (DateTime, SensorID, MeasValue) VALUES (TO_DATE('09/05/18 14:43', 'DD/MM/YY HH24:MI'), 715452, 23.5);
INSERT INTO SENSOR (SerialNumber, CityPlaced, SensorModel, MinimValue, MaximValue, Unit, SensorType) VALUES (927263, 'Φυλή', 'QZINW-0312', 0, 100, '%', 'Humidity');
INSERT INTO MEASUREMENT (DateTime, SensorID, MeasValue) VALUES (TO_DATE('09/05/18 14:43', 'DD/MM/YY HH24:MI'), 927263, 56);
INSERT INTO SENSOR (SerialNumber, CityPlaced, SensorModel, MinimValue, MaximValue, Unit, SensorType) VALUES (41289, 'Φυλή', 'JIPK-020', 745.0, 1064.9, 'hPa', 'Pressure');
INSERT INTO MEASUREMENT (DateTime, SensorID, MeasValue) VALUES (TO_DATE('09/05/18 14:43', 'DD/MM/YY HH24:MI'), 41289, 1005.6);
INSERT INTO SENSOR (SerialNumber, CityPlaced, SensorModel, MinimValue, MaximValue, Unit, SensorType) VALUES (55145, 'Φυλή', 'TOSQ-4425', 0.0, 24.9, 'km/h', 'Wind');
INSERT INTO MEASUREMENT (DateTime, SensorID, MeasValue) VALUES (TO_DATE('09/05/18 14:43', 'DD/MM/YY HH24:MI'), 55145, 7.0);
INSERT INTO SENSOR (SerialNumber, CityPlaced, SensorModel, MinimValue, MaximValue, Unit, SensorType) VALUES (324762, 'Χαλάνδρι 2', 'NXENC-153', -59.0, 71.9, '°C', 'Temperature');
INSERT INTO MEASUREMENT (DateTime, SensorID, MeasValue) VALUES (TO_DATE('09/05/18 14:48', 'DD/MM/YY HH24:MI'), 324762, 24.6);
INSERT INTO SENSOR (SerialNumber, CityPlaced, SensorModel, MinimValue, MaximValue, Unit, SensorType) VALUES (669968, 'Χαλάνδρι 2', 'EACNC-8599', 0, 100, '%', 'Humidity');
INSERT INTO MEASUREMENT (DateTime, SensorID, MeasValue) VALUES (TO_DATE('09/05/18 14:48', 'DD/MM/YY HH24:MI'), 669968, 52);
INSERT INTO SENSOR (SerialNumber, CityPlaced, SensorModel, MinimValue, MaximValue, Unit, SensorType) VALUES (43475, 'Χαλάνδρι 2', 'NXXU-732', 713.0, 1054.9, 'hPa', 'Pressure');
INSERT INTO MEASUREMENT (DateTime, SensorID, MeasValue) VALUES (TO_DATE('09/05/18 14:48', 'DD/MM/YY HH24:MI'), 43475, 1004.9);
INSERT INTO SENSOR (SerialNumber, CityPlaced, SensorModel, MinimValue, MaximValue, Unit, SensorType) VALUES (10687, 'Χαλάνδρι 2', 'GGOT-9383', 0.0, 24.9, 'km/h', 'Wind');
INSERT INTO MEASUREMENT (DateTime, SensorID, MeasValue) VALUES (TO_DATE('09/05/18 14:48', 'DD/MM/YY HH24:MI'), 10687, 7.8);
INSERT INTO SENSOR (SerialNumber, CityPlaced, SensorModel, MinimValue, MaximValue, Unit, SensorType) VALUES (963895, 'Αράχωβα', 'PDTXG-486', -57.0, 72.9, '°C', 'Temperature');
INSERT INTO MEASUREMENT (DateTime, SensorID, MeasValue) VALUES (TO_DATE('09/05/18 14:40', 'DD/MM/YY HH24:MI'), 963895, 20.1);
INSERT INTO SENSOR (SerialNumber, CityPlaced, SensorModel, MinimValue, MaximValue, Unit, SensorType) VALUES (803173, 'Αράχωβα', 'NOOMN-8430', 0, 100, '%', 'Humidity');
INSERT INTO MEASUREMENT (DateTime, SensorID, MeasValue) VALUES (TO_DATE('09/05/18 14:40', 'DD/MM/YY HH24:MI'), 803173, 51);
INSERT INTO SENSOR (SerialNumber, CityPlaced, SensorModel, MinimValue, MaximValue, Unit, SensorType) VALUES (92516, 'Αράχωβα', 'ZTZQ-616', 714.0, 1063.9, 'hPa', 'Pressure');
INSERT INTO MEASUREMENT (DateTime, SensorID, MeasValue) VALUES (TO_DATE('09/05/18 14:40', 'DD/MM/YY HH24:MI'), 92516, 1004.8);
INSERT INTO SENSOR (SerialNumber, CityPlaced, SensorModel, MinimValue, MaximValue, Unit, SensorType) VALUES (34635, 'Αράχωβα', 'ZJLO-5532', 0.0, 25.9, 'km/h', 'Wind');
INSERT INTO MEASUREMENT (DateTime, SensorID, MeasValue) VALUES (TO_DATE('09/05/18 14:40', 'DD/MM/YY HH24:MI'), 34635, 1.0);
INSERT INTO SENSOR (SerialNumber, CityPlaced, SensorModel, MinimValue, MaximValue, Unit, SensorType) VALUES (351076, 'Λιβαδειά', 'YEOFE-017', -58.0, 73.9, '°C', 'Temperature');
INSERT INTO MEASUREMENT (DateTime, SensorID, MeasValue) VALUES (TO_DATE('09/05/18 14:40', 'DD/MM/YY HH24:MI'), 351076, 25.7);
INSERT INTO SENSOR (SerialNumber, CityPlaced, SensorModel, MinimValue, MaximValue, Unit, SensorType) VALUES (743189, 'Λιβαδειά', 'IEMBG-0737', 0, 100, '%', 'Humidity');
INSERT INTO MEASUREMENT (DateTime, SensorID, MeasValue) VALUES (TO_DATE('09/05/18 14:40', 'DD/MM/YY HH24:MI'), 743189, 53);
INSERT INTO SENSOR (SerialNumber, CityPlaced, SensorModel, MinimValue, MaximValue, Unit, SensorType) VALUES (77597, 'Λιβαδειά', 'EEQJ-605', 712.0, 1072.9, 'hPa', 'Pressure');
INSERT INTO MEASUREMENT (DateTime, SensorID, MeasValue) VALUES (TO_DATE('09/05/18 14:40', 'DD/MM/YY HH24:MI'), 77597, 1005.1);
INSERT INTO SENSOR (SerialNumber, CityPlaced, SensorModel, MinimValue, MaximValue, Unit, SensorType) VALUES (71098, 'Λιβαδειά', 'IPQX-2313', 0.0, 25.9, 'km/h', 'Wind');
INSERT INTO MEASUREMENT (DateTime, SensorID, MeasValue) VALUES (TO_DATE('09/05/18 14:40', 'DD/MM/YY HH24:MI'), 71098, 2.1);
INSERT INTO SENSOR (SerialNumber, CityPlaced, SensorModel, MinimValue, MaximValue, Unit, SensorType) VALUES (628112, 'Οινόφυτα', 'RTXPI-983', -56.0, 80.9, '°C', 'Temperature');
INSERT INTO MEASUREMENT (DateTime, SensorID, MeasValue) VALUES (TO_DATE('09/05/18 14:45', 'DD/MM/YY HH24:MI'), 628112, 26.0);
INSERT INTO SENSOR (SerialNumber, CityPlaced, SensorModel, MinimValue, MaximValue, Unit, SensorType) VALUES (245294, 'Οινόφυτα', 'MBIAN-6315', 0, 100, '%', 'Humidity');
INSERT INTO MEASUREMENT (DateTime, SensorID, MeasValue) VALUES (TO_DATE('09/05/18 14:45', 'DD/MM/YY HH24:MI'), 245294, 53);
INSERT INTO SENSOR (SerialNumber, CityPlaced, SensorModel, MinimValue, MaximValue, Unit, SensorType) VALUES (72275, 'Οινόφυτα', 'NKOG-138', 721.0, 1081.9, 'hPa', 'Pressure');
INSERT INTO MEASUREMENT (DateTime, SensorID, MeasValue) VALUES (TO_DATE('09/05/18 14:45', 'DD/MM/YY HH24:MI'), 72275, 1004.4);
INSERT INTO SENSOR (SerialNumber, CityPlaced, SensorModel, MinimValue, MaximValue, Unit, SensorType) VALUES (32047, 'Οινόφυτα', 'XNLW-3843', 0.0, 23.9, 'km/h', 'Wind');
INSERT INTO MEASUREMENT (DateTime, SensorID, MeasValue) VALUES (TO_DATE('09/05/18 14:45', 'DD/MM/YY HH24:MI'), 32047, 8.6);
INSERT INTO SENSOR (SerialNumber, CityPlaced, SensorModel, MinimValue, MaximValue, Unit, SensorType) VALUES (110732, 'Παρνασσός Σκαμνός', 'FEFYH-423', -58.0, 64.9, '°C', 'Temperature');
INSERT INTO MEASUREMENT (DateTime, SensorID, MeasValue) VALUES (TO_DATE('09/05/18 14:44', 'DD/MM/YY HH24:MI'), 110732, 20.9);
INSERT INTO SENSOR (SerialNumber, CityPlaced, SensorModel, MinimValue, MaximValue, Unit, SensorType) VALUES (731706, 'Παρνασσός Σκαμνός', 'ECFGW-3702', 0, 100, '%', 'Humidity');
INSERT INTO MEASUREMENT (DateTime, SensorID, MeasValue) VALUES (TO_DATE('09/05/18 14:44', 'DD/MM/YY HH24:MI'), 731706, 25);
INSERT INTO SENSOR (SerialNumber, CityPlaced, SensorModel, MinimValue, MaximValue, Unit, SensorType) VALUES (56928, 'Παρνασσός Σκαμνός', 'QYHV-480', 748.0, 1069.9, 'hPa', 'Pressure');
INSERT INTO MEASUREMENT (DateTime, SensorID, MeasValue) VALUES (TO_DATE('09/05/18 14:44', 'DD/MM/YY HH24:MI'), 56928, 1017.1);
INSERT INTO SENSOR (SerialNumber, CityPlaced, SensorModel, MinimValue, MaximValue, Unit, SensorType) VALUES (83162, 'Παρνασσός Σκαμνός', 'PEPC-1191', 0.0, 22.9, 'km/h', 'Wind');
INSERT INTO MEASUREMENT (DateTime, SensorID, MeasValue) VALUES (TO_DATE('09/05/18 14:44', 'DD/MM/YY HH24:MI'), 83162, 0.0);
INSERT INTO SENSOR (SerialNumber, CityPlaced, SensorModel, MinimValue, MaximValue, Unit, SensorType) VALUES (508523, 'Ιστιαία', 'BLMHA-287', -50.0, 74.9, '°C', 'Temperature');
INSERT INTO MEASUREMENT (DateTime, SensorID, MeasValue) VALUES (TO_DATE('09/05/18 14:45', 'DD/MM/YY HH24:MI'), 508523, 24.2);
INSERT INTO SENSOR (SerialNumber, CityPlaced, SensorModel, MinimValue, MaximValue, Unit, SensorType) VALUES (858584, 'Ιστιαία', 'ROREH-3796', 0, 100, '%', 'Humidity');
INSERT INTO MEASUREMENT (DateTime, SensorID, MeasValue) VALUES (TO_DATE('09/05/18 14:45', 'DD/MM/YY HH24:MI'), 858584, 59);
INSERT INTO SENSOR (SerialNumber, CityPlaced, SensorModel, MinimValue, MaximValue, Unit, SensorType) VALUES (90045, 'Ιστιαία', 'PWMK-899', 710.0, 1100.9, 'hPa', 'Pressure');
INSERT INTO MEASUREMENT (DateTime, SensorID, MeasValue) VALUES (TO_DATE('09/05/18 14:45', 'DD/MM/YY HH24:MI'), 90045, 1005.5);
INSERT INTO SENSOR (SerialNumber, CityPlaced, SensorModel, MinimValue, MaximValue, Unit, SensorType) VALUES (19578, 'Ιστιαία', 'RAQU-0943', 0.0, 21.9, 'km/h', 'Wind');
INSERT INTO MEASUREMENT (DateTime, SensorID, MeasValue) VALUES (TO_DATE('09/05/18 14:45', 'DD/MM/YY HH24:MI'), 19578, 7.8);
INSERT INTO SENSOR (SerialNumber, CityPlaced, SensorModel, MinimValue, MaximValue, Unit, SensorType) VALUES (495940, 'Κάρυστος', 'LSDNG-129', -50.0, 72.9, '°C', 'Temperature');
INSERT INTO MEASUREMENT (DateTime, SensorID, MeasValue) VALUES (TO_DATE('09/05/18 14:39', 'DD/MM/YY HH24:MI'), 495940, 22.5);
INSERT INTO SENSOR (SerialNumber, CityPlaced, SensorModel, MinimValue, MaximValue, Unit, SensorType) VALUES (608588, 'Κάρυστος', 'BSXEQ-5303', 0, 100, '%', 'Humidity');
INSERT INTO MEASUREMENT (DateTime, SensorID, MeasValue) VALUES (TO_DATE('09/05/18 14:39', 'DD/MM/YY HH24:MI'), 608588, 77);
INSERT INTO SENSOR (SerialNumber, CityPlaced, SensorModel, MinimValue, MaximValue, Unit, SensorType) VALUES (20649, 'Κάρυστος', 'PZZP-943', 745.0, 1069.9, 'hPa', 'Pressure');
INSERT INTO MEASUREMENT (DateTime, SensorID, MeasValue) VALUES (TO_DATE('09/05/18 14:39', 'DD/MM/YY HH24:MI'), 20649, 1006.9);
INSERT INTO SENSOR (SerialNumber, CityPlaced, SensorModel, MinimValue, MaximValue, Unit, SensorType) VALUES (45317, 'Κάρυστος', 'MYQP-8857', 0.0, 24.9, 'km/h', 'Wind');
INSERT INTO MEASUREMENT (DateTime, SensorID, MeasValue) VALUES (TO_DATE('09/05/18 14:39', 'DD/MM/YY HH24:MI'), 45317, 6.7);
INSERT INTO SENSOR (SerialNumber, CityPlaced, SensorModel, MinimValue, MaximValue, Unit, SensorType) VALUES (434759, 'Καβοντόρος Πρινιά', 'MFKVW-594', -51.0, 67.9, '°C', 'Temperature');
INSERT INTO MEASUREMENT (DateTime, SensorID, MeasValue) VALUES (TO_DATE('09/05/18 14:44', 'DD/MM/YY HH24:MI'), 434759, 20.3);
INSERT INTO SENSOR (SerialNumber, CityPlaced, SensorModel, MinimValue, MaximValue, Unit, SensorType) VALUES (169117, 'Καβοντόρος Πρινιά', 'EOQSZ-2640', 0, 100, '%', 'Humidity');
INSERT INTO MEASUREMENT (DateTime, SensorID, MeasValue) VALUES (TO_DATE('09/05/18 14:44', 'DD/MM/YY HH24:MI'), 169117, 80);
INSERT INTO SENSOR (SerialNumber, CityPlaced, SensorModel, MinimValue, MaximValue, Unit, SensorType) VALUES (53276, 'Καβοντόρος Πρινιά', 'HTOY-273', 703.0, 1050.9, 'hPa', 'Pressure');
INSERT INTO MEASUREMENT (DateTime, SensorID, MeasValue) VALUES (TO_DATE('09/05/18 14:44', 'DD/MM/YY HH24:MI'), 53276, 1004.7);
INSERT INTO SENSOR (SerialNumber, CityPlaced, SensorModel, MinimValue, MaximValue, Unit, SensorType) VALUES (93883, 'Καβοντόρος Πρινιά', 'VMCA-4527', 0.0, 23.9, 'km/h', 'Wind');
INSERT INTO MEASUREMENT (DateTime, SensorID, MeasValue) VALUES (TO_DATE('09/05/18 14:44', 'DD/MM/YY HH24:MI'), 93883, 11.0);
INSERT INTO SENSOR (SerialNumber, CityPlaced, SensorModel, MinimValue, MaximValue, Unit, SensorType) VALUES (492003, 'Σέττα', 'GXZBF-718', -58.0, 77.9, '°C', 'Temperature');
INSERT INTO MEASUREMENT (DateTime, SensorID, MeasValue) VALUES (TO_DATE('09/05/18 14:43', 'DD/MM/YY HH24:MI'), 492003, 18.0);
INSERT INTO SENSOR (SerialNumber, CityPlaced, SensorModel, MinimValue, MaximValue, Unit, SensorType) VALUES (838622, 'Σέττα', 'IRQRE-0451', 0, 100, '%', 'Humidity');
INSERT INTO MEASUREMENT (DateTime, SensorID, MeasValue) VALUES (TO_DATE('09/05/18 14:43', 'DD/MM/YY HH24:MI'), 838622, 72);
INSERT INTO SENSOR (SerialNumber, CityPlaced, SensorModel, MinimValue, MaximValue, Unit, SensorType) VALUES (24290, 'Σέττα', 'ZDZM-281', 734.0, 1085.9, 'hPa', 'Pressure');
INSERT INTO MEASUREMENT (DateTime, SensorID, MeasValue) VALUES (TO_DATE('09/05/18 14:43', 'DD/MM/YY HH24:MI'), 24290, 1005.3);
INSERT INTO SENSOR (SerialNumber, CityPlaced, SensorModel, MinimValue, MaximValue, Unit, SensorType) VALUES (32868, 'Σέττα', 'PPKH-0721', 0.0, 24.9, 'km/h', 'Wind');
INSERT INTO MEASUREMENT (DateTime, SensorID, MeasValue) VALUES (TO_DATE('09/05/18 14:43', 'DD/MM/YY HH24:MI'), 32868, 2.4);
INSERT INTO SENSOR (SerialNumber, CityPlaced, SensorModel, MinimValue, MaximValue, Unit, SensorType) VALUES (335500, 'Χαλκίδα, Δροσιά Ανθηδώνος', 'XJFYK-314', -50.0, 66.9, '°C', 'Temperature');
INSERT INTO MEASUREMENT (DateTime, SensorID, MeasValue) VALUES (TO_DATE('09/05/18 14:36', 'DD/MM/YY HH24:MI'), 335500, 22.8);
INSERT INTO SENSOR (SerialNumber, CityPlaced, SensorModel, MinimValue, MaximValue, Unit, SensorType) VALUES (691100, 'Χαλκίδα, Δροσιά Ανθηδώνος', 'ZJKAR-8624', 0, 100, '%', 'Humidity');
INSERT INTO MEASUREMENT (DateTime, SensorID, MeasValue) VALUES (TO_DATE('09/05/18 14:36', 'DD/MM/YY HH24:MI'), 691100, 71);
INSERT INTO SENSOR (SerialNumber, CityPlaced, SensorModel, MinimValue, MaximValue, Unit, SensorType) VALUES (47444, 'Χαλκίδα, Δροσιά Ανθηδώνος', 'DULI-790', 734.0, 1087.9, 'hPa', 'Pressure');
INSERT INTO MEASUREMENT (DateTime, SensorID, MeasValue) VALUES (TO_DATE('09/05/18 14:36', 'DD/MM/YY HH24:MI'), 47444, 1003.1);
INSERT INTO SENSOR (SerialNumber, CityPlaced, SensorModel, MinimValue, MaximValue, Unit, SensorType) VALUES (34892, 'Χαλκίδα, Δροσιά Ανθηδώνος', 'BTUB-1007', 0.0, 24.9, 'km/h', 'Wind');
INSERT INTO MEASUREMENT (DateTime, SensorID, MeasValue) VALUES (TO_DATE('09/05/18 14:36', 'DD/MM/YY HH24:MI'), 34892, 2.9);
INSERT INTO SENSOR (SerialNumber, CityPlaced, SensorModel, MinimValue, MaximValue, Unit, SensorType) VALUES (590578, 'Χαλκίδα', 'IOQGA-035', -54.0, 63.9, '°C', 'Temperature');
INSERT INTO MEASUREMENT (DateTime, SensorID, MeasValue) VALUES (TO_DATE('09/05/18 14:45', 'DD/MM/YY HH24:MI'), 590578, 26.4);
INSERT INTO SENSOR (SerialNumber, CityPlaced, SensorModel, MinimValue, MaximValue, Unit, SensorType) VALUES (634372, 'Χαλκίδα', 'IVDVQ-7123', 0, 100, '%', 'Humidity');
INSERT INTO MEASUREMENT (DateTime, SensorID, MeasValue) VALUES (TO_DATE('09/05/18 14:45', 'DD/MM/YY HH24:MI'), 634372, 48);
INSERT INTO SENSOR (SerialNumber, CityPlaced, SensorModel, MinimValue, MaximValue, Unit, SensorType) VALUES (46549, 'Χαλκίδα', 'MOWA-280', 720.0, 1063.9, 'hPa', 'Pressure');
INSERT INTO MEASUREMENT (DateTime, SensorID, MeasValue) VALUES (TO_DATE('09/05/18 14:45', 'DD/MM/YY HH24:MI'), 46549, 1004.1);
INSERT INTO SENSOR (SerialNumber, CityPlaced, SensorModel, MinimValue, MaximValue, Unit, SensorType) VALUES (92661, 'Χαλκίδα', 'OCCO-7645', 0.0, 23.9, 'km/h', 'Wind');
INSERT INTO MEASUREMENT (DateTime, SensorID, MeasValue) VALUES (TO_DATE('09/05/18 14:45', 'DD/MM/YY HH24:MI'), 92661, 5.7);
INSERT INTO SENSOR (SerialNumber, CityPlaced, SensorModel, MinimValue, MaximValue, Unit, SensorType) VALUES (611701, 'Ωρεοί', 'CVZWP-102', -59.0, 64.9, '°C', 'Temperature');
INSERT INTO MEASUREMENT (DateTime, SensorID, MeasValue) VALUES (TO_DATE('09/05/18 14:45', 'DD/MM/YY HH24:MI'), 611701, 24.4);
INSERT INTO SENSOR (SerialNumber, CityPlaced, SensorModel, MinimValue, MaximValue, Unit, SensorType) VALUES (196399, 'Ωρεοί', 'WDTMN-0443', 0, 100, '%', 'Humidity');
INSERT INTO MEASUREMENT (DateTime, SensorID, MeasValue) VALUES (TO_DATE('09/05/18 14:45', 'DD/MM/YY HH24:MI'), 196399, 57);
INSERT INTO SENSOR (SerialNumber, CityPlaced, SensorModel, MinimValue, MaximValue, Unit, SensorType) VALUES (57241, 'Ωρεοί', 'WUDY-946', 740.0, 1098.9, 'hPa', 'Pressure');
INSERT INTO MEASUREMENT (DateTime, SensorID, MeasValue) VALUES (TO_DATE('09/05/18 14:45', 'DD/MM/YY HH24:MI'), 57241, 1002.6);
INSERT INTO SENSOR (SerialNumber, CityPlaced, SensorModel, MinimValue, MaximValue, Unit, SensorType) VALUES (29229, 'Ωρεοί', 'DHNV-8852', 0.0, 20.9, 'km/h', 'Wind');
INSERT INTO MEASUREMENT (DateTime, SensorID, MeasValue) VALUES (TO_DATE('09/05/18 14:45', 'DD/MM/YY HH24:MI'), 29229, 4.6);
INSERT INTO SENSOR (SerialNumber, CityPlaced, SensorModel, MinimValue, MaximValue, Unit, SensorType) VALUES (460881, 'Καμμένα Βούρλα, Καινούργιο', 'WVXAL-099', -59.0, 68.9, '°C', 'Temperature');
INSERT INTO MEASUREMENT (DateTime, SensorID, MeasValue) VALUES (TO_DATE('09/05/18 14:43', 'DD/MM/YY HH24:MI'), 460881, 24.3);
INSERT INTO SENSOR (SerialNumber, CityPlaced, SensorModel, MinimValue, MaximValue, Unit, SensorType) VALUES (321801, 'Καμμένα Βούρλα, Καινούργιο', 'PMEIW-4662', 0, 100, '%', 'Humidity');
INSERT INTO MEASUREMENT (DateTime, SensorID, MeasValue) VALUES (TO_DATE('09/05/18 14:43', 'DD/MM/YY HH24:MI'), 321801, 55);
INSERT INTO SENSOR (SerialNumber, CityPlaced, SensorModel, MinimValue, MaximValue, Unit, SensorType) VALUES (93628, 'Καμμένα Βούρλα, Καινούργιο', 'NNGZ-326', 732.0, 1059.9, 'hPa', 'Pressure');
INSERT INTO MEASUREMENT (DateTime, SensorID, MeasValue) VALUES (TO_DATE('09/05/18 14:43', 'DD/MM/YY HH24:MI'), 93628, 1004.0);
INSERT INTO SENSOR (SerialNumber, CityPlaced, SensorModel, MinimValue, MaximValue, Unit, SensorType) VALUES (20738, 'Καμμένα Βούρλα, Καινούργιο', 'QVPX-5771', 0.0, 21.9, 'km/h', 'Wind');
INSERT INTO MEASUREMENT (DateTime, SensorID, MeasValue) VALUES (TO_DATE('09/05/18 14:43', 'DD/MM/YY HH24:MI'), 20738, 6.4);
INSERT INTO SENSOR (SerialNumber, CityPlaced, SensorModel, MinimValue, MaximValue, Unit, SensorType) VALUES (200671, 'Λαμία Άμπλιανη', 'CFTQK-549', -60.0, 65.9, '°C', 'Temperature');
INSERT INTO MEASUREMENT (DateTime, SensorID, MeasValue) VALUES (TO_DATE('09/05/18 14:40', 'DD/MM/YY HH24:MI'), 200671, 24.3);
INSERT INTO SENSOR (SerialNumber, CityPlaced, SensorModel, MinimValue, MaximValue, Unit, SensorType) VALUES (325401, 'Λαμία Άμπλιανη', 'RKIQU-0968', 0, 100, '%', 'Humidity');
INSERT INTO MEASUREMENT (DateTime, SensorID, MeasValue) VALUES (TO_DATE('09/05/18 14:40', 'DD/MM/YY HH24:MI'), 325401, 51);
INSERT INTO SENSOR (SerialNumber, CityPlaced, SensorModel, MinimValue, MaximValue, Unit, SensorType) VALUES (95907, 'Λαμία Άμπλιανη', 'NEGK-973', 738.0, 1061.9, 'hPa', 'Pressure');
INSERT INTO MEASUREMENT (DateTime, SensorID, MeasValue) VALUES (TO_DATE('09/05/18 14:40', 'DD/MM/YY HH24:MI'), 95907, 1003.4);
INSERT INTO SENSOR (SerialNumber, CityPlaced, SensorModel, MinimValue, MaximValue, Unit, SensorType) VALUES (97854, 'Λαμία Άμπλιανη', 'MYJR-5767', 0.0, 21.9, 'km/h', 'Wind');
INSERT INTO MEASUREMENT (DateTime, SensorID, MeasValue) VALUES (TO_DATE('09/05/18 14:40', 'DD/MM/YY HH24:MI'), 97854, 7.1);
INSERT INTO SENSOR (SerialNumber, CityPlaced, SensorModel, MinimValue, MaximValue, Unit, SensorType) VALUES (254669, 'Ράχες', 'TTHGO-323', -53.0, 69.9, '°C', 'Temperature');
INSERT INTO MEASUREMENT (DateTime, SensorID, MeasValue) VALUES (TO_DATE('09/05/18 14:45', 'DD/MM/YY HH24:MI'), 254669, 25.8);
INSERT INTO SENSOR (SerialNumber, CityPlaced, SensorModel, MinimValue, MaximValue, Unit, SensorType) VALUES (428491, 'Ράχες', 'LKZPB-2794', 0, 100, '%', 'Humidity');
INSERT INTO MEASUREMENT (DateTime, SensorID, MeasValue) VALUES (TO_DATE('09/05/18 14:45', 'DD/MM/YY HH24:MI'), 428491, 56);
INSERT INTO SENSOR (SerialNumber, CityPlaced, SensorModel, MinimValue, MaximValue, Unit, SensorType) VALUES (28265, 'Ράχες', 'OETG-904', 738.0, 1065.9, 'hPa', 'Pressure');
INSERT INTO MEASUREMENT (DateTime, SensorID, MeasValue) VALUES (TO_DATE('09/05/18 14:45', 'DD/MM/YY HH24:MI'), 28265, 1003.9);
INSERT INTO SENSOR (SerialNumber, CityPlaced, SensorModel, MinimValue, MaximValue, Unit, SensorType) VALUES (54803, 'Ράχες', 'BNIA-4816', 0.0, 22.9, 'km/h', 'Wind');
INSERT INTO MEASUREMENT (DateTime, SensorID, MeasValue) VALUES (TO_DATE('09/05/18 14:45', 'DD/MM/YY HH24:MI'), 54803, 11.3);
INSERT INTO SENSOR (SerialNumber, CityPlaced, SensorModel, MinimValue, MaximValue, Unit, SensorType) VALUES (754273, 'Aγόριανη Επτάλοφος', 'XOFAM-691', -50.0, 67.9, '°C', 'Temperature');
INSERT INTO MEASUREMENT (DateTime, SensorID, MeasValue) VALUES (TO_DATE('09/05/18 14:08', 'DD/MM/YY HH24:MI'), 754273, 22.2);
INSERT INTO SENSOR (SerialNumber, CityPlaced, SensorModel, MinimValue, MaximValue, Unit, SensorType) VALUES (466496, 'Aγόριανη Επτάλοφος', 'YIDZR-3322', 0, 100, '%', 'Humidity');
INSERT INTO MEASUREMENT (DateTime, SensorID, MeasValue) VALUES (TO_DATE('09/05/18 14:08', 'DD/MM/YY HH24:MI'), 466496, 41);
INSERT INTO SENSOR (SerialNumber, CityPlaced, SensorModel, MinimValue, MaximValue, Unit, SensorType) VALUES (10031, 'Aγόριανη Επτάλοφος', 'ULPN-859', 750.0, 1067.9, 'hPa', 'Pressure');
INSERT INTO MEASUREMENT (DateTime, SensorID, MeasValue) VALUES (TO_DATE('09/05/18 14:08', 'DD/MM/YY HH24:MI'), 10031, 1010.0);
INSERT INTO SENSOR (SerialNumber, CityPlaced, SensorModel, MinimValue, MaximValue, Unit, SensorType) VALUES (77888, 'Aγόριανη Επτάλοφος', 'SWKS-0477', 0.0, 21.9, 'km/h', 'Wind');
INSERT INTO MEASUREMENT (DateTime, SensorID, MeasValue) VALUES (TO_DATE('09/05/18 14:08', 'DD/MM/YY HH24:MI'), 77888, 2.0);

COMMIT;

MERGE INTO MONTHLY_STATISTICS
USING (SELECT S.CITYPLACED AS City, MIN(M.MEASVALUE) AS Minim, MAX(M.MEASVALUE) AS Maxim, ROUND(AVG(M.MEASVALUE),1) AS Avrg, S.SENSORTYPE AS S_Type, TO_CHAR(M.DATETIME, 'MM/YY') AS CurDate
FROM MEASUREMENT M INNER JOIN SENSOR S ON M.SENSORID = S.SERIALNUMBER
WHERE TO_CHAR(M.DATETIME, 'MM/YY') = '05/18'
GROUP BY S.CITYPLACED, S.SENSORTYPE, TO_CHAR(M.DATETIME, 'MM/YY')) TMP
ON (TMP.City = M_STATCITY AND TMP.CurDate = TO_CHAR(MONTHID, 'MM/YY') AND TMP.S_Type = M_STATTYPE)
WHEN NOT MATCHED THEN INSERT (MONTHID, M_STATCITY, M_STATMIN, M_STATMAX, M_STATAVG, M_STATTYPE) VALUES (TO_DATE(TMP.CurDate, 'MM/YY'), TMP.City, TMP.Minim, TMP.Maxim, TMP.Avrg, TMP.S_Type)
WHEN MATCHED THEN UPDATE SET M_STATMIN = TMP.Minim, M_STATMAX = TMP.Maxim, M_STATAVG = TMP.Avrg;

MERGE INTO DAILY_STATISTICS
USING (SELECT S.CITYPLACED AS City, MIN(M.MEASVALUE) AS Minim, MAX(M.MEASVALUE) AS Maxim, ROUND(AVG(M.MEASVALUE),1) AS Avrg, S.SENSORTYPE AS S_Type, TO_CHAR(M.DATETIME, 'DD/MM/YY') AS CurDate
FROM MEASUREMENT M INNER JOIN SENSOR S ON M.SENSORID = S.SERIALNUMBER
WHERE TO_CHAR(M.DATETIME, 'DD/MM/YY') = '09/05/18'
GROUP BY S.CITYPLACED, S.SENSORTYPE, TO_CHAR(M.DATETIME, 'DD/MM/YY')) TMP
ON (TMP.City = D_STATCITY AND TMP.CurDate = TO_CHAR(DAYID, 'DD/MM/YY') AND TMP.S_Type = D_STATTYPE)
WHEN NOT MATCHED THEN INSERT (DAYID, D_STATCITY, D_STATMIN, D_STATMAX, D_STATAVG, D_STATTYPE) VALUES (TO_DATE(TMP.CurDate, 'DD/MM/YY'), TMP.City, TMP.Minim, TMP.Maxim, TMP.Avrg, TMP.S_Type)
WHEN MATCHED THEN UPDATE SET D_STATMIN = TMP.Minim, D_STATMAX = TMP.Maxim, D_STATAVG = TMP.Avrg;

COMMIT;

INSERT INTO SENSOR (SerialNumber, CityPlaced, SensorModel, MinimValue, MaximValue, Unit, SensorType) VALUES (710511, 'Νάξος Γαλανάδον', 'ZGREG-850', -52.0, 64.9, '°C', 'Temperature');
INSERT INTO MEASUREMENT (DateTime, SensorID, MeasValue) VALUES (TO_DATE('09/05/18 16:00', 'DD/MM/YY HH24:MI'), 710511, 23.1);
INSERT INTO SENSOR (SerialNumber, CityPlaced, SensorModel, MinimValue, MaximValue, Unit, SensorType) VALUES (411601, 'Νάξος Γαλανάδον', 'ZKMZQ-2952', 0, 100, '%', 'Humidity');
INSERT INTO MEASUREMENT (DateTime, SensorID, MeasValue) VALUES (TO_DATE('09/05/18 16:00', 'DD/MM/YY HH24:MI'), 411601, 60);
INSERT INTO SENSOR (SerialNumber, CityPlaced, SensorModel, MinimValue, MaximValue, Unit, SensorType) VALUES (80155, 'Νάξος Γαλανάδον', 'OCIS-971', 745.0, 1080.9, 'hPa', 'Pressure');
INSERT INTO MEASUREMENT (DateTime, SensorID, MeasValue) VALUES (TO_DATE('09/05/18 16:00', 'DD/MM/YY HH24:MI'), 80155, 1008.3);
INSERT INTO SENSOR (SerialNumber, CityPlaced, SensorModel, MinimValue, MaximValue, Unit, SensorType) VALUES (62114, 'Νάξος Γαλανάδον', 'SHYS-7103', 0.0, 21.9, 'km/h', 'Wind');
INSERT INTO MEASUREMENT (DateTime, SensorID, MeasValue) VALUES (TO_DATE('09/05/18 16:00', 'DD/MM/YY HH24:MI'), 62114, 10.5);
INSERT INTO SENSOR (SerialNumber, CityPlaced, SensorModel, MinimValue, MaximValue, Unit, SensorType) VALUES (929470, 'Σύρος', 'XSGXY-957', -60.0, 66.9, '°C', 'Temperature');
INSERT INTO MEASUREMENT (DateTime, SensorID, MeasValue) VALUES (TO_DATE('09/05/18 16:00', 'DD/MM/YY HH24:MI'), 929470, 24.3);
INSERT INTO SENSOR (SerialNumber, CityPlaced, SensorModel, MinimValue, MaximValue, Unit, SensorType) VALUES (179979, 'Σύρος', 'SMWRO-5403', 0, 100, '%', 'Humidity');
INSERT INTO MEASUREMENT (DateTime, SensorID, MeasValue) VALUES (TO_DATE('09/05/18 16:00', 'DD/MM/YY HH24:MI'), 179979, 61);
INSERT INTO SENSOR (SerialNumber, CityPlaced, SensorModel, MinimValue, MaximValue, Unit, SensorType) VALUES (70855, 'Σύρος', 'BFXJ-213', 744.0, 1080.9, 'hPa', 'Pressure');
INSERT INTO MEASUREMENT (DateTime, SensorID, MeasValue) VALUES (TO_DATE('09/05/18 16:00', 'DD/MM/YY HH24:MI'), 70855, 1005.3);
INSERT INTO SENSOR (SerialNumber, CityPlaced, SensorModel, MinimValue, MaximValue, Unit, SensorType) VALUES (16294, 'Σύρος', 'QEEE-8383', 0.0, 23.9, 'km/h', 'Wind');
INSERT INTO MEASUREMENT (DateTime, SensorID, MeasValue) VALUES (TO_DATE('09/05/18 16:00', 'DD/MM/YY HH24:MI'), 16294, 8.0);
INSERT INTO SENSOR (SerialNumber, CityPlaced, SensorModel, MinimValue, MaximValue, Unit, SensorType) VALUES (410077, 'Θεοδώριανα', 'ATHWN-498', -55.0, 68.9, '°C', 'Temperature');
INSERT INTO MEASUREMENT (DateTime, SensorID, MeasValue) VALUES (TO_DATE('09/05/18 15:58', 'DD/MM/YY HH24:MI'), 410077, 12.1);
INSERT INTO SENSOR (SerialNumber, CityPlaced, SensorModel, MinimValue, MaximValue, Unit, SensorType) VALUES (935050, 'Θεοδώριανα', 'UKFNW-0363', 0, 100, '%', 'Humidity');
INSERT INTO MEASUREMENT (DateTime, SensorID, MeasValue) VALUES (TO_DATE('09/05/18 15:58', 'DD/MM/YY HH24:MI'), 935050, 84);
INSERT INTO SENSOR (SerialNumber, CityPlaced, SensorModel, MinimValue, MaximValue, Unit, SensorType) VALUES (90161, 'Θεοδώριανα', 'TBEQ-590', 707.0, 1076.9, 'hPa', 'Pressure');
INSERT INTO MEASUREMENT (DateTime, SensorID, MeasValue) VALUES (TO_DATE('09/05/18 15:58', 'DD/MM/YY HH24:MI'), 90161, 1005.3);
INSERT INTO SENSOR (SerialNumber, CityPlaced, SensorModel, MinimValue, MaximValue, Unit, SensorType) VALUES (43130, 'Θεοδώριανα', 'RXFB-3577', 0.0, 20.9, 'km/h', 'Wind');
INSERT INTO MEASUREMENT (DateTime, SensorID, MeasValue) VALUES (TO_DATE('09/05/18 15:58', 'DD/MM/YY HH24:MI'), 43130, 3.5);
INSERT INTO SENSOR (SerialNumber, CityPlaced, SensorModel, MinimValue, MaximValue, Unit, SensorType) VALUES (590741, 'Κομπότι', 'OFSCS-552', -58.0, 69.9, '°C', 'Temperature');
INSERT INTO MEASUREMENT (DateTime, SensorID, MeasValue) VALUES (TO_DATE('09/05/18 16:00', 'DD/MM/YY HH24:MI'), 590741, 23.0);
INSERT INTO SENSOR (SerialNumber, CityPlaced, SensorModel, MinimValue, MaximValue, Unit, SensorType) VALUES (132800, 'Κομπότι', 'AJOKT-6967', 0, 100, '%', 'Humidity');
INSERT INTO MEASUREMENT (DateTime, SensorID, MeasValue) VALUES (TO_DATE('09/05/18 16:00', 'DD/MM/YY HH24:MI'), 132800, 69);
INSERT INTO SENSOR (SerialNumber, CityPlaced, SensorModel, MinimValue, MaximValue, Unit, SensorType) VALUES (84467, 'Κομπότι', 'OIZD-605', 737.0, 1072.9, 'hPa', 'Pressure');
INSERT INTO MEASUREMENT (DateTime, SensorID, MeasValue) VALUES (TO_DATE('09/05/18 16:00', 'DD/MM/YY HH24:MI'), 84467, 1005.4);
INSERT INTO SENSOR (SerialNumber, CityPlaced, SensorModel, MinimValue, MaximValue, Unit, SensorType) VALUES (99901, 'Κομπότι', 'WMLH-5455', 0.0, 21.9, 'km/h', 'Wind');
INSERT INTO MEASUREMENT (DateTime, SensorID, MeasValue) VALUES (TO_DATE('09/05/18 16:00', 'DD/MM/YY HH24:MI'), 99901, 6.4);
INSERT INTO SENSOR (SerialNumber, CityPlaced, SensorModel, MinimValue, MaximValue, Unit, SensorType) VALUES (635788, 'Λεπιανά', 'VTZCX-201', -58.0, 67.9, '°C', 'Temperature');
INSERT INTO MEASUREMENT (DateTime, SensorID, MeasValue) VALUES (TO_DATE('09/05/18 16:01', 'DD/MM/YY HH24:MI'), 635788, 19.8);
INSERT INTO SENSOR (SerialNumber, CityPlaced, SensorModel, MinimValue, MaximValue, Unit, SensorType) VALUES (745099, 'Λεπιανά', 'MMAIN-9549', 0, 100, '%', 'Humidity');
INSERT INTO MEASUREMENT (DateTime, SensorID, MeasValue) VALUES (TO_DATE('09/05/18 16:01', 'DD/MM/YY HH24:MI'), 745099, 67);
INSERT INTO SENSOR (SerialNumber, CityPlaced, SensorModel, MinimValue, MaximValue, Unit, SensorType) VALUES (15799, 'Λεπιανά', 'LEAV-394', 716.0, 1100.9, 'hPa', 'Pressure');
INSERT INTO MEASUREMENT (DateTime, SensorID, MeasValue) VALUES (TO_DATE('09/05/18 16:01', 'DD/MM/YY HH24:MI'), 15799, 1004.2);
INSERT INTO SENSOR (SerialNumber, CityPlaced, SensorModel, MinimValue, MaximValue, Unit, SensorType) VALUES (53893, 'Λεπιανά', 'ISZT-6389', 0.0, 22.9, 'km/h', 'Wind');
INSERT INTO MEASUREMENT (DateTime, SensorID, MeasValue) VALUES (TO_DATE('09/05/18 16:01', 'DD/MM/YY HH24:MI'), 53893, 5.3);
INSERT INTO SENSOR (SerialNumber, CityPlaced, SensorModel, MinimValue, MaximValue, Unit, SensorType) VALUES (369835, 'Ηγουμενίτσα', 'CRAIP-951', -58.0, 63.9, '°C', 'Temperature');
INSERT INTO MEASUREMENT (DateTime, SensorID, MeasValue) VALUES (TO_DATE('09/05/18 15:58', 'DD/MM/YY HH24:MI'), 369835, 22.3);
INSERT INTO SENSOR (SerialNumber, CityPlaced, SensorModel, MinimValue, MaximValue, Unit, SensorType) VALUES (289816, 'Ηγουμενίτσα', 'MWOPK-1881', 0, 100, '%', 'Humidity');
INSERT INTO MEASUREMENT (DateTime, SensorID, MeasValue) VALUES (TO_DATE('09/05/18 15:58', 'DD/MM/YY HH24:MI'), 289816, 66);
INSERT INTO SENSOR (SerialNumber, CityPlaced, SensorModel, MinimValue, MaximValue, Unit, SensorType) VALUES (33140, 'Ηγουμενίτσα', 'QOQX-966', 735.0, 1093.9, 'hPa', 'Pressure');
INSERT INTO MEASUREMENT (DateTime, SensorID, MeasValue) VALUES (TO_DATE('09/05/18 15:58', 'DD/MM/YY HH24:MI'), 33140, 1006.0);
INSERT INTO SENSOR (SerialNumber, CityPlaced, SensorModel, MinimValue, MaximValue, Unit, SensorType) VALUES (45545, 'Ηγουμενίτσα', 'DOXU-3633', 0.0, 24.9, 'km/h', 'Wind');
INSERT INTO MEASUREMENT (DateTime, SensorID, MeasValue) VALUES (TO_DATE('09/05/18 15:58', 'DD/MM/YY HH24:MI'), 45545, 9.4);
INSERT INTO SENSOR (SerialNumber, CityPlaced, SensorModel, MinimValue, MaximValue, Unit, SensorType) VALUES (907932, 'Φιλοθέη', 'LTLME-704', -52.0, 77.9, '°C', 'Temperature');
INSERT INTO MEASUREMENT (DateTime, SensorID, MeasValue) VALUES (TO_DATE('09/05/18 16:03', 'DD/MM/YY HH24:MI'), 907932, 23.0);
INSERT INTO SENSOR (SerialNumber, CityPlaced, SensorModel, MinimValue, MaximValue, Unit, SensorType) VALUES (298673, 'Φιλοθέη', 'ZSGUY-1526', 0, 100, '%', 'Humidity');
INSERT INTO MEASUREMENT (DateTime, SensorID, MeasValue) VALUES (TO_DATE('09/05/18 16:03', 'DD/MM/YY HH24:MI'), 298673, 94);
INSERT INTO SENSOR (SerialNumber, CityPlaced, SensorModel, MinimValue, MaximValue, Unit, SensorType) VALUES (17927, 'Φιλοθέη', 'YXHM-919', 725.0, 1097.9, 'hPa', 'Pressure');
INSERT INTO MEASUREMENT (DateTime, SensorID, MeasValue) VALUES (TO_DATE('09/05/18 16:03', 'DD/MM/YY HH24:MI'), 17927, 1007.2);
INSERT INTO SENSOR (SerialNumber, CityPlaced, SensorModel, MinimValue, MaximValue, Unit, SensorType) VALUES (10434, 'Φιλοθέη', 'XBCS-9075', 0.0, 21.9, 'km/h', 'Wind');
INSERT INTO MEASUREMENT (DateTime, SensorID, MeasValue) VALUES (TO_DATE('09/05/18 16:03', 'DD/MM/YY HH24:MI'), 10434, 6.9);
INSERT INTO SENSOR (SerialNumber, CityPlaced, SensorModel, MinimValue, MaximValue, Unit, SensorType) VALUES (453172, 'Alexan', 'LZQRW-708', -54.0, 64.9, '°C', 'Temperature');
INSERT INTO MEASUREMENT (DateTime, SensorID, MeasValue) VALUES (TO_DATE('09/05/18 15:59', 'DD/MM/YY HH24:MI'), 453172, 21.7);
INSERT INTO SENSOR (SerialNumber, CityPlaced, SensorModel, MinimValue, MaximValue, Unit, SensorType) VALUES (757043, 'Alexan', 'DIZQY-3750', 0, 100, '%', 'Humidity');
INSERT INTO MEASUREMENT (DateTime, SensorID, MeasValue) VALUES (TO_DATE('09/05/18 15:59', 'DD/MM/YY HH24:MI'), 757043, 71);
INSERT INTO SENSOR (SerialNumber, CityPlaced, SensorModel, MinimValue, MaximValue, Unit, SensorType) VALUES (74713, 'Alexan', 'OPKU-614', 744.0, 1063.9, 'hPa', 'Pressure');
INSERT INTO MEASUREMENT (DateTime, SensorID, MeasValue) VALUES (TO_DATE('09/05/18 15:59', 'DD/MM/YY HH24:MI'), 74713, 1003.0);
INSERT INTO SENSOR (SerialNumber, CityPlaced, SensorModel, MinimValue, MaximValue, Unit, SensorType) VALUES (58635, 'Alexan', 'XDHZ-8513', 0.0, 21.9, 'km/h', 'Wind');
INSERT INTO MEASUREMENT (DateTime, SensorID, MeasValue) VALUES (TO_DATE('09/05/18 15:59', 'DD/MM/YY HH24:MI'), 58635, 4.8);
INSERT INTO SENSOR (SerialNumber, CityPlaced, SensorModel, MinimValue, MaximValue, Unit, SensorType) VALUES (955536, 'Αγία Κυριακή', 'GWYBW-034', -53.0, 60.9, '°C', 'Temperature');
INSERT INTO MEASUREMENT (DateTime, SensorID, MeasValue) VALUES (TO_DATE('09/05/18 16:01', 'DD/MM/YY HH24:MI'), 955536, 20.9);
INSERT INTO SENSOR (SerialNumber, CityPlaced, SensorModel, MinimValue, MaximValue, Unit, SensorType) VALUES (161040, 'Αγία Κυριακή', 'WPIFD-7244', 0, 100, '%', 'Humidity');
INSERT INTO MEASUREMENT (DateTime, SensorID, MeasValue) VALUES (TO_DATE('09/05/18 16:01', 'DD/MM/YY HH24:MI'), 161040, 68);
INSERT INTO SENSOR (SerialNumber, CityPlaced, SensorModel, MinimValue, MaximValue, Unit, SensorType) VALUES (77405, 'Αγία Κυριακή', 'PGTE-938', 706.0, 1087.9, 'hPa', 'Pressure');
INSERT INTO MEASUREMENT (DateTime, SensorID, MeasValue) VALUES (TO_DATE('09/05/18 16:01', 'DD/MM/YY HH24:MI'), 77405, 1005.5);
INSERT INTO SENSOR (SerialNumber, CityPlaced, SensorModel, MinimValue, MaximValue, Unit, SensorType) VALUES (79934, 'Αγία Κυριακή', 'CEFY-6542', 0.0, 23.9, 'km/h', 'Wind');
INSERT INTO MEASUREMENT (DateTime, SensorID, MeasValue) VALUES (TO_DATE('09/05/18 16:01', 'DD/MM/YY HH24:MI'), 79934, 11.8);
INSERT INTO SENSOR (SerialNumber, CityPlaced, SensorModel, MinimValue, MaximValue, Unit, SensorType) VALUES (493814, 'Αγία Παρασκευή Κεράσοβο', 'DUNPC-220', -58.0, 76.9, '°C', 'Temperature');
INSERT INTO MEASUREMENT (DateTime, SensorID, MeasValue) VALUES (TO_DATE('09/05/18 15:59', 'DD/MM/YY HH24:MI'), 493814, 13.4);
INSERT INTO SENSOR (SerialNumber, CityPlaced, SensorModel, MinimValue, MaximValue, Unit, SensorType) VALUES (703513, 'Αγία Παρασκευή Κεράσοβο', 'HQEUF-1072', 0, 100, '%', 'Humidity');
INSERT INTO MEASUREMENT (DateTime, SensorID, MeasValue) VALUES (TO_DATE('09/05/18 15:59', 'DD/MM/YY HH24:MI'), 703513, 91);
INSERT INTO SENSOR (SerialNumber, CityPlaced, SensorModel, MinimValue, MaximValue, Unit, SensorType) VALUES (65481, 'Αγία Παρασκευή Κεράσοβο', 'SVKY-229', 721.0, 1086.9, 'hPa', 'Pressure');
INSERT INTO MEASUREMENT (DateTime, SensorID, MeasValue) VALUES (TO_DATE('09/05/18 15:59', 'DD/MM/YY HH24:MI'), 65481, 1004.2);
INSERT INTO SENSOR (SerialNumber, CityPlaced, SensorModel, MinimValue, MaximValue, Unit, SensorType) VALUES (73154, 'Αγία Παρασκευή Κεράσοβο', 'PTOK-1650', 0.0, 24.9, 'km/h', 'Wind');
INSERT INTO MEASUREMENT (DateTime, SensorID, MeasValue) VALUES (TO_DATE('09/05/18 15:59', 'DD/MM/YY HH24:MI'), 73154, 1.1);
INSERT INTO SENSOR (SerialNumber, CityPlaced, SensorModel, MinimValue, MaximValue, Unit, SensorType) VALUES (452706, 'Ανατολή Κέντρο', 'NVNTZ-782', -53.0, 60.9, '°C', 'Temperature');
INSERT INTO MEASUREMENT (DateTime, SensorID, MeasValue) VALUES (TO_DATE('09/05/18 16:00', 'DD/MM/YY HH24:MI'), 452706, 19.6);
INSERT INTO SENSOR (SerialNumber, CityPlaced, SensorModel, MinimValue, MaximValue, Unit, SensorType) VALUES (739051, 'Ανατολή Κέντρο', 'CJBLA-6995', 0, 100, '%', 'Humidity');
INSERT INTO MEASUREMENT (DateTime, SensorID, MeasValue) VALUES (TO_DATE('09/05/18 16:00', 'DD/MM/YY HH24:MI'), 739051, 72);
INSERT INTO SENSOR (SerialNumber, CityPlaced, SensorModel, MinimValue, MaximValue, Unit, SensorType) VALUES (28950, 'Ανατολή Κέντρο', 'ZBCZ-586', 709.0, 1100.9, 'hPa', 'Pressure');
INSERT INTO MEASUREMENT (DateTime, SensorID, MeasValue) VALUES (TO_DATE('09/05/18 16:00', 'DD/MM/YY HH24:MI'), 28950, 1007.6);
INSERT INTO SENSOR (SerialNumber, CityPlaced, SensorModel, MinimValue, MaximValue, Unit, SensorType) VALUES (51352, 'Ανατολή Κέντρο', 'YONH-9334', 0.0, 23.9, 'km/h', 'Wind');
INSERT INTO MEASUREMENT (DateTime, SensorID, MeasValue) VALUES (TO_DATE('09/05/18 16:00', 'DD/MM/YY HH24:MI'), 51352, 10.9);
INSERT INTO SENSOR (SerialNumber, CityPlaced, SensorModel, MinimValue, MaximValue, Unit, SensorType) VALUES (453007, 'Δερβίζιανα', 'DDVKY-912', -54.0, 72.9, '°C', 'Temperature');
INSERT INTO MEASUREMENT (DateTime, SensorID, MeasValue) VALUES (TO_DATE('09/05/18 15:56', 'DD/MM/YY HH24:MI'), 453007, 19.9);
INSERT INTO SENSOR (SerialNumber, CityPlaced, SensorModel, MinimValue, MaximValue, Unit, SensorType) VALUES (676700, 'Δερβίζιανα', 'CMYXN-1575', 0, 100, '%', 'Humidity');
INSERT INTO MEASUREMENT (DateTime, SensorID, MeasValue) VALUES (TO_DATE('09/05/18 15:56', 'DD/MM/YY HH24:MI'), 676700, 73);
INSERT INTO SENSOR (SerialNumber, CityPlaced, SensorModel, MinimValue, MaximValue, Unit, SensorType) VALUES (39044, 'Δερβίζιανα', 'UTTI-542', 716.0, 1090.9, 'hPa', 'Pressure');
INSERT INTO MEASUREMENT (DateTime, SensorID, MeasValue) VALUES (TO_DATE('09/05/18 15:56', 'DD/MM/YY HH24:MI'), 39044, 1004.7);
INSERT INTO SENSOR (SerialNumber, CityPlaced, SensorModel, MinimValue, MaximValue, Unit, SensorType) VALUES (14150, 'Δερβίζιανα', 'LXTA-9569', 0.0, 24.9, 'km/h', 'Wind');
INSERT INTO MEASUREMENT (DateTime, SensorID, MeasValue) VALUES (TO_DATE('09/05/18 15:56', 'DD/MM/YY HH24:MI'), 14150, 4.8);
INSERT INTO SENSOR (SerialNumber, CityPlaced, SensorModel, MinimValue, MaximValue, Unit, SensorType) VALUES (182948, 'Δωδώνη', 'UGQKZ-872', -55.0, 65.9, '°C', 'Temperature');
INSERT INTO MEASUREMENT (DateTime, SensorID, MeasValue) VALUES (TO_DATE('09/05/18 15:59', 'DD/MM/YY HH24:MI'), 182948, 20.9);
INSERT INTO SENSOR (SerialNumber, CityPlaced, SensorModel, MinimValue, MaximValue, Unit, SensorType) VALUES (641271, 'Δωδώνη', 'KFUSU-8841', 0, 100, '%', 'Humidity');
INSERT INTO MEASUREMENT (DateTime, SensorID, MeasValue) VALUES (TO_DATE('09/05/18 15:59', 'DD/MM/YY HH24:MI'), 641271, 67);
INSERT INTO SENSOR (SerialNumber, CityPlaced, SensorModel, MinimValue, MaximValue, Unit, SensorType) VALUES (33757, 'Δωδώνη', 'EBEM-396', 737.0, 1065.9, 'hPa', 'Pressure');
INSERT INTO MEASUREMENT (DateTime, SensorID, MeasValue) VALUES (TO_DATE('09/05/18 15:59', 'DD/MM/YY HH24:MI'), 33757, 1003.8);
INSERT INTO SENSOR (SerialNumber, CityPlaced, SensorModel, MinimValue, MaximValue, Unit, SensorType) VALUES (62696, 'Δωδώνη', 'BKVL-4686', 0.0, 20.9, 'km/h', 'Wind');
INSERT INTO MEASUREMENT (DateTime, SensorID, MeasValue) VALUES (TO_DATE('09/05/18 15:59', 'DD/MM/YY HH24:MI'), 62696, 3.2);
INSERT INTO SENSOR (SerialNumber, CityPlaced, SensorModel, MinimValue, MaximValue, Unit, SensorType) VALUES (294214, 'Ελεούσα', 'YHIFA-899', -53.0, 60.9, '°C', 'Temperature');
INSERT INTO MEASUREMENT (DateTime, SensorID, MeasValue) VALUES (TO_DATE('09/05/18 16:03', 'DD/MM/YY HH24:MI'), 294214, 16.5);
INSERT INTO SENSOR (SerialNumber, CityPlaced, SensorModel, MinimValue, MaximValue, Unit, SensorType) VALUES (317838, 'Ελεούσα', 'LDOIB-3782', 0, 100, '%', 'Humidity');
INSERT INTO MEASUREMENT (DateTime, SensorID, MeasValue) VALUES (TO_DATE('09/05/18 16:03', 'DD/MM/YY HH24:MI'), 317838, 78);
INSERT INTO SENSOR (SerialNumber, CityPlaced, SensorModel, MinimValue, MaximValue, Unit, SensorType) VALUES (42125, 'Ελεούσα', 'CTXW-903', 720.0, 1099.9, 'hPa', 'Pressure');
INSERT INTO MEASUREMENT (DateTime, SensorID, MeasValue) VALUES (TO_DATE('09/05/18 16:03', 'DD/MM/YY HH24:MI'), 42125, 1013.2);
INSERT INTO SENSOR (SerialNumber, CityPlaced, SensorModel, MinimValue, MaximValue, Unit, SensorType) VALUES (19721, 'Ελεούσα', 'MUYT-2330', 0.0, 21.9, 'km/h', 'Wind');
INSERT INTO MEASUREMENT (DateTime, SensorID, MeasValue) VALUES (TO_DATE('09/05/18 16:03', 'DD/MM/YY HH24:MI'), 19721, 0.0);
INSERT INTO SENSOR (SerialNumber, CityPlaced, SensorModel, MinimValue, MaximValue, Unit, SensorType) VALUES (754436, 'Ζίτσα', 'ZSDUQ-055', -60.0, 71.9, '°C', 'Temperature');
INSERT INTO MEASUREMENT (DateTime, SensorID, MeasValue) VALUES (TO_DATE('09/05/18 16:01', 'DD/MM/YY HH24:MI'), 754436, 15.4);
INSERT INTO SENSOR (SerialNumber, CityPlaced, SensorModel, MinimValue, MaximValue, Unit, SensorType) VALUES (317425, 'Ζίτσα', 'KTFAU-6644', 0, 100, '%', 'Humidity');
INSERT INTO MEASUREMENT (DateTime, SensorID, MeasValue) VALUES (TO_DATE('09/05/18 16:01', 'DD/MM/YY HH24:MI'), 317425, 91);
INSERT INTO SENSOR (SerialNumber, CityPlaced, SensorModel, MinimValue, MaximValue, Unit, SensorType) VALUES (26329, 'Ζίτσα', 'COMA-218', 747.0, 1087.9, 'hPa', 'Pressure');
INSERT INTO MEASUREMENT (DateTime, SensorID, MeasValue) VALUES (TO_DATE('09/05/18 16:01', 'DD/MM/YY HH24:MI'), 26329, 1004.5);
INSERT INTO SENSOR (SerialNumber, CityPlaced, SensorModel, MinimValue, MaximValue, Unit, SensorType) VALUES (35730, 'Ζίτσα', 'OSGT-3545', 0.0, 25.9, 'km/h', 'Wind');
INSERT INTO MEASUREMENT (DateTime, SensorID, MeasValue) VALUES (TO_DATE('09/05/18 16:01', 'DD/MM/YY HH24:MI'), 35730, 4.5);
INSERT INTO SENSOR (SerialNumber, CityPlaced, SensorModel, MinimValue, MaximValue, Unit, SensorType) VALUES (495668, 'Ζαγοροχώρια Βωβούσα', 'XTHVD-270', -60.0, 64.9, '°C', 'Temperature');
INSERT INTO MEASUREMENT (DateTime, SensorID, MeasValue) VALUES (TO_DATE('09/05/18 15:56', 'DD/MM/YY HH24:MI'), 495668, 16.8);
INSERT INTO SENSOR (SerialNumber, CityPlaced, SensorModel, MinimValue, MaximValue, Unit, SensorType) VALUES (358080, 'Ζαγοροχώρια Βωβούσα', 'ZLBWH-3374', 0, 100, '%', 'Humidity');
INSERT INTO MEASUREMENT (DateTime, SensorID, MeasValue) VALUES (TO_DATE('09/05/18 15:56', 'DD/MM/YY HH24:MI'), 358080, 71);
INSERT INTO SENSOR (SerialNumber, CityPlaced, SensorModel, MinimValue, MaximValue, Unit, SensorType) VALUES (44505, 'Ζαγοροχώρια Βωβούσα', 'USME-347', 742.0, 1065.9, 'hPa', 'Pressure');
INSERT INTO MEASUREMENT (DateTime, SensorID, MeasValue) VALUES (TO_DATE('09/05/18 15:56', 'DD/MM/YY HH24:MI'), 44505, 1005.2);
INSERT INTO MEASUREMENT (DateTime, SensorID, MeasValue) VALUES (TO_DATE('09/05/18 15:56', 'DD/MM/YY HH24:MI'), 11632, 4.0);
INSERT INTO SENSOR (SerialNumber, CityPlaced, SensorModel, MinimValue, MaximValue, Unit, SensorType) VALUES (818650, 'Ιωάννινα Αμπελόκηποι', 'VYQMK-906', -54.0, 76.9, '°C', 'Temperature');
INSERT INTO MEASUREMENT (DateTime, SensorID, MeasValue) VALUES (TO_DATE('09/05/18 16:00', 'DD/MM/YY HH24:MI'), 818650, 18.1);
INSERT INTO SENSOR (SerialNumber, CityPlaced, SensorModel, MinimValue, MaximValue, Unit, SensorType) VALUES (498699, 'Ιωάννινα Αμπελόκηποι', 'EOJHL-9444', 0, 100, '%', 'Humidity');
INSERT INTO MEASUREMENT (DateTime, SensorID, MeasValue) VALUES (TO_DATE('09/05/18 16:00', 'DD/MM/YY HH24:MI'), 498699, 77);
INSERT INTO SENSOR (SerialNumber, CityPlaced, SensorModel, MinimValue, MaximValue, Unit, SensorType) VALUES (31637, 'Ιωάννινα Αμπελόκηποι', 'HEFX-351', 704.0, 1077.9, 'hPa', 'Pressure');
INSERT INTO MEASUREMENT (DateTime, SensorID, MeasValue) VALUES (TO_DATE('09/05/18 16:00', 'DD/MM/YY HH24:MI'), 31637, 1003.3);
INSERT INTO SENSOR (SerialNumber, CityPlaced, SensorModel, MinimValue, MaximValue, Unit, SensorType) VALUES (94394, 'Ιωάννινα Αμπελόκηποι', 'XRNZ-6716', 0.0, 23.9, 'km/h', 'Wind');
INSERT INTO MEASUREMENT (DateTime, SensorID, MeasValue) VALUES (TO_DATE('09/05/18 16:00', 'DD/MM/YY HH24:MI'), 94394, 7.8);
INSERT INTO SENSOR (SerialNumber, CityPlaced, SensorModel, MinimValue, MaximValue, Unit, SensorType) VALUES (664662, 'Ιωάννινα Κέντρο', 'PNLZN-613', -58.0, 61.9, '°C', 'Temperature');
INSERT INTO MEASUREMENT (DateTime, SensorID, MeasValue) VALUES (TO_DATE('09/05/18 16:00', 'DD/MM/YY HH24:MI'), 664662, 19.2);
INSERT INTO SENSOR (SerialNumber, CityPlaced, SensorModel, MinimValue, MaximValue, Unit, SensorType) VALUES (605453, 'Ιωάννινα Κέντρο', 'CZUFM-9030', 0, 100, '%', 'Humidity');
INSERT INTO MEASUREMENT (DateTime, SensorID, MeasValue) VALUES (TO_DATE('09/05/18 16:00', 'DD/MM/YY HH24:MI'), 605453, 76);
INSERT INTO SENSOR (SerialNumber, CityPlaced, SensorModel, MinimValue, MaximValue, Unit, SensorType) VALUES (81286, 'Ιωάννινα Κέντρο', 'KWQJ-8282', 0.0, 25.9, 'km/h', 'Wind');
INSERT INTO MEASUREMENT (DateTime, SensorID, MeasValue) VALUES (TO_DATE('09/05/18 16:00', 'DD/MM/YY HH24:MI'), 81286, 1.6);
INSERT INTO SENSOR (SerialNumber, CityPlaced, SensorModel, MinimValue, MaximValue, Unit, SensorType) VALUES (856729, 'Ιωάννινα', 'TJJRH-055', -50.0, 63.9, '°C', 'Temperature');
INSERT INTO MEASUREMENT (DateTime, SensorID, MeasValue) VALUES (TO_DATE('09/05/18 15:51', 'DD/MM/YY HH24:MI'), 856729, 20.3);
INSERT INTO SENSOR (SerialNumber, CityPlaced, SensorModel, MinimValue, MaximValue, Unit, SensorType) VALUES (821011, 'Ιωάννινα', 'MUIRH-1484', 0, 100, '%', 'Humidity');
INSERT INTO MEASUREMENT (DateTime, SensorID, MeasValue) VALUES (TO_DATE('09/05/18 15:51', 'DD/MM/YY HH24:MI'), 821011, 68);
INSERT INTO SENSOR (SerialNumber, CityPlaced, SensorModel, MinimValue, MaximValue, Unit, SensorType) VALUES (90667, 'Ιωάννινα', 'HNZP-827', 719.0, 1089.9, 'hPa', 'Pressure');
INSERT INTO MEASUREMENT (DateTime, SensorID, MeasValue) VALUES (TO_DATE('09/05/18 15:51', 'DD/MM/YY HH24:MI'), 90667, 1003.1);
INSERT INTO SENSOR (SerialNumber, CityPlaced, SensorModel, MinimValue, MaximValue, Unit, SensorType) VALUES (74721, 'Ιωάννινα', 'DJVT-3636', 0.0, 23.9, 'km/h', 'Wind');
INSERT INTO MEASUREMENT (DateTime, SensorID, MeasValue) VALUES (TO_DATE('09/05/18 15:51', 'DD/MM/YY HH24:MI'), 74721, 8.1);
INSERT INTO SENSOR (SerialNumber, CityPlaced, SensorModel, MinimValue, MaximValue, Unit, SensorType) VALUES (157411, 'Καρδαμίτσια', 'LGMGB-845', -50.0, 78.9, '°C', 'Temperature');
INSERT INTO MEASUREMENT (DateTime, SensorID, MeasValue) VALUES (TO_DATE('09/05/18 15:59', 'DD/MM/YY HH24:MI'), 157411, 18.1);
INSERT INTO SENSOR (SerialNumber, CityPlaced, SensorModel, MinimValue, MaximValue, Unit, SensorType) VALUES (134013, 'Καρδαμίτσια', 'AWCWZ-0314', 0, 100, '%', 'Humidity');
INSERT INTO MEASUREMENT (DateTime, SensorID, MeasValue) VALUES (TO_DATE('09/05/18 15:59', 'DD/MM/YY HH24:MI'), 134013, 79);
INSERT INTO SENSOR (SerialNumber, CityPlaced, SensorModel, MinimValue, MaximValue, Unit, SensorType) VALUES (21997, 'Καρδαμίτσια', 'OWQP-731', 725.0, 1055.9, 'hPa', 'Pressure');
INSERT INTO MEASUREMENT (DateTime, SensorID, MeasValue) VALUES (TO_DATE('09/05/18 15:59', 'DD/MM/YY HH24:MI'), 21997, 1001.8);
INSERT INTO SENSOR (SerialNumber, CityPlaced, SensorModel, MinimValue, MaximValue, Unit, SensorType) VALUES (58842, 'Καρδαμίτσια', 'XMEM-6954', 0.0, 24.9, 'km/h', 'Wind');
INSERT INTO MEASUREMENT (DateTime, SensorID, MeasValue) VALUES (TO_DATE('09/05/18 15:59', 'DD/MM/YY HH24:MI'), 58842, 0.0);
INSERT INTO SENSOR (SerialNumber, CityPlaced, SensorModel, MinimValue, MaximValue, Unit, SensorType) VALUES (884161, 'Κόνιτσα', 'KGZBI-514', -54.0, 72.9, '°C', 'Temperature');
INSERT INTO MEASUREMENT (DateTime, SensorID, MeasValue) VALUES (TO_DATE('09/05/18 16:03', 'DD/MM/YY HH24:MI'), 884161, 21.2);
INSERT INTO SENSOR (SerialNumber, CityPlaced, SensorModel, MinimValue, MaximValue, Unit, SensorType) VALUES (881491, 'Κόνιτσα', 'UAYZX-5383', 0, 100, '%', 'Humidity');
INSERT INTO MEASUREMENT (DateTime, SensorID, MeasValue) VALUES (TO_DATE('09/05/18 16:03', 'DD/MM/YY HH24:MI'), 881491, 62);
INSERT INTO SENSOR (SerialNumber, CityPlaced, SensorModel, MinimValue, MaximValue, Unit, SensorType) VALUES (62568, 'Κόνιτσα', 'SCRH-856', 720.0, 1094.9, 'hPa', 'Pressure');
INSERT INTO MEASUREMENT (DateTime, SensorID, MeasValue) VALUES (TO_DATE('09/05/18 16:03', 'DD/MM/YY HH24:MI'), 62568, 1004.6);
INSERT INTO SENSOR (SerialNumber, CityPlaced, SensorModel, MinimValue, MaximValue, Unit, SensorType) VALUES (44699, 'Κόνιτσα', 'PBZE-1597', 0.0, 21.9, 'km/h', 'Wind');
INSERT INTO MEASUREMENT (DateTime, SensorID, MeasValue) VALUES (TO_DATE('09/05/18 16:03', 'DD/MM/YY HH24:MI'), 44699, 4.3);
INSERT INTO SENSOR (SerialNumber, CityPlaced, SensorModel, MinimValue, MaximValue, Unit, SensorType) VALUES (825045, 'Μέτσοβο', 'DNGOD-780', -53.0, 63.9, '°C', 'Temperature');
INSERT INTO MEASUREMENT (DateTime, SensorID, MeasValue) VALUES (TO_DATE('09/05/18 15:59', 'DD/MM/YY HH24:MI'), 825045, 14.8);
INSERT INTO SENSOR (SerialNumber, CityPlaced, SensorModel, MinimValue, MaximValue, Unit, SensorType) VALUES (703309, 'Μέτσοβο', 'MWYHP-8045', 0, 100, '%', 'Humidity');
INSERT INTO MEASUREMENT (DateTime, SensorID, MeasValue) VALUES (TO_DATE('09/05/18 15:59', 'DD/MM/YY HH24:MI'), 703309, 78);
INSERT INTO SENSOR (SerialNumber, CityPlaced, SensorModel, MinimValue, MaximValue, Unit, SensorType) VALUES (52409, 'Μέτσοβο', 'JCKU-118', 723.0, 1079.9, 'hPa', 'Pressure');
INSERT INTO MEASUREMENT (DateTime, SensorID, MeasValue) VALUES (TO_DATE('09/05/18 15:59', 'DD/MM/YY HH24:MI'), 52409, 1003.8);
INSERT INTO SENSOR (SerialNumber, CityPlaced, SensorModel, MinimValue, MaximValue, Unit, SensorType) VALUES (22071, 'Μέτσοβο', 'SPVX-9559', 0.0, 24.9, 'km/h', 'Wind');
INSERT INTO MEASUREMENT (DateTime, SensorID, MeasValue) VALUES (TO_DATE('09/05/18 15:59', 'DD/MM/YY HH24:MI'), 22071, 5.9);
INSERT INTO SENSOR (SerialNumber, CityPlaced, SensorModel, MinimValue, MaximValue, Unit, SensorType) VALUES (922564, 'Πληκάτι', 'UAXOF-334', -55.0, 76.9, '°C', 'Temperature');
INSERT INTO MEASUREMENT (DateTime, SensorID, MeasValue) VALUES (TO_DATE('09/05/18 15:59', 'DD/MM/YY HH24:MI'), 922564, 13.2);
INSERT INTO SENSOR (SerialNumber, CityPlaced, SensorModel, MinimValue, MaximValue, Unit, SensorType) VALUES (833355, 'Πληκάτι', 'GPIBU-4151', 0, 100, '%', 'Humidity');
INSERT INTO MEASUREMENT (DateTime, SensorID, MeasValue) VALUES (TO_DATE('09/05/18 15:59', 'DD/MM/YY HH24:MI'), 833355, 86);
INSERT INTO SENSOR (SerialNumber, CityPlaced, SensorModel, MinimValue, MaximValue, Unit, SensorType) VALUES (14402, 'Πληκάτι', 'JRYO-976', 726.0, 1065.9, 'hPa', 'Pressure');
INSERT INTO MEASUREMENT (DateTime, SensorID, MeasValue) VALUES (TO_DATE('09/05/18 15:59', 'DD/MM/YY HH24:MI'), 14402, 1005.0);
INSERT INTO SENSOR (SerialNumber, CityPlaced, SensorModel, MinimValue, MaximValue, Unit, SensorType) VALUES (90139, 'Πληκάτι', 'OHYZ-6622', 0.0, 25.9, 'km/h', 'Wind');
INSERT INTO MEASUREMENT (DateTime, SensorID, MeasValue) VALUES (TO_DATE('09/05/18 15:59', 'DD/MM/YY HH24:MI'), 90139, 0.3);
INSERT INTO SENSOR (SerialNumber, CityPlaced, SensorModel, MinimValue, MaximValue, Unit, SensorType) VALUES (190218, 'Πράμαντα', 'MHUPO-496', -55.0, 69.9, '°C', 'Temperature');
INSERT INTO MEASUREMENT (DateTime, SensorID, MeasValue) VALUES (TO_DATE('09/05/18 15:32', 'DD/MM/YY HH24:MI'), 190218, 15.9);
INSERT INTO SENSOR (SerialNumber, CityPlaced, SensorModel, MinimValue, MaximValue, Unit, SensorType) VALUES (808607, 'Πράμαντα', 'MABAJ-6787', 0, 100, '%', 'Humidity');
INSERT INTO MEASUREMENT (DateTime, SensorID, MeasValue) VALUES (TO_DATE('09/05/18 15:32', 'DD/MM/YY HH24:MI'), 808607, 87);
INSERT INTO SENSOR (SerialNumber, CityPlaced, SensorModel, MinimValue, MaximValue, Unit, SensorType) VALUES (57796, 'Πράμαντα', 'PTWK-564', 709.0, 1099.9, 'hPa', 'Pressure');
INSERT INTO MEASUREMENT (DateTime, SensorID, MeasValue) VALUES (TO_DATE('09/05/18 15:32', 'DD/MM/YY HH24:MI'), 57796, 1005.8);
INSERT INTO SENSOR (SerialNumber, CityPlaced, SensorModel, MinimValue, MaximValue, Unit, SensorType) VALUES (35545, 'Πράμαντα', 'WNJV-7341', 0.0, 24.9, 'km/h', 'Wind');
INSERT INTO MEASUREMENT (DateTime, SensorID, MeasValue) VALUES (TO_DATE('09/05/18 15:32', 'DD/MM/YY HH24:MI'), 35545, 7.0);
INSERT INTO SENSOR (SerialNumber, CityPlaced, SensorModel, MinimValue, MaximValue, Unit, SensorType) VALUES (901292, 'Τύρια', 'ZVSGK-701', -60.0, 80.9, '°C', 'Temperature');
INSERT INTO MEASUREMENT (DateTime, SensorID, MeasValue) VALUES (TO_DATE('09/05/18 15:56', 'DD/MM/YY HH24:MI'), 901292, 22.9);
INSERT INTO SENSOR (SerialNumber, CityPlaced, SensorModel, MinimValue, MaximValue, Unit, SensorType) VALUES (624596, 'Τύρια', 'YZTBF-3407', 0, 100, '%', 'Humidity');
INSERT INTO MEASUREMENT (DateTime, SensorID, MeasValue) VALUES (TO_DATE('09/05/18 15:56', 'DD/MM/YY HH24:MI'), 624596, 59);
INSERT INTO SENSOR (SerialNumber, CityPlaced, SensorModel, MinimValue, MaximValue, Unit, SensorType) VALUES (56418, 'Τύρια', 'JWOA-411', 747.0, 1094.9, 'hPa', 'Pressure');
INSERT INTO MEASUREMENT (DateTime, SensorID, MeasValue) VALUES (TO_DATE('09/05/18 15:56', 'DD/MM/YY HH24:MI'), 56418, 1004.1);
INSERT INTO SENSOR (SerialNumber, CityPlaced, SensorModel, MinimValue, MaximValue, Unit, SensorType) VALUES (96740, 'Τύρια', 'XZCB-5588', 0.0, 21.9, 'km/h', 'Wind');
INSERT INTO MEASUREMENT (DateTime, SensorID, MeasValue) VALUES (TO_DATE('09/05/18 15:56', 'DD/MM/YY HH24:MI'), 96740, 5.6);
INSERT INTO SENSOR (SerialNumber, CityPlaced, SensorModel, MinimValue, MaximValue, Unit, SensorType) VALUES (477954, 'Καστροσυκιά', 'LHQNZ-766', -57.0, 61.9, '°C', 'Temperature');
INSERT INTO MEASUREMENT (DateTime, SensorID, MeasValue) VALUES (TO_DATE('09/05/18 16:02', 'DD/MM/YY HH24:MI'), 477954, 20.6);
INSERT INTO SENSOR (SerialNumber, CityPlaced, SensorModel, MinimValue, MaximValue, Unit, SensorType) VALUES (418942, 'Καστροσυκιά', 'OAQMR-8934', 0, 100, '%', 'Humidity');
INSERT INTO MEASUREMENT (DateTime, SensorID, MeasValue) VALUES (TO_DATE('09/05/18 16:02', 'DD/MM/YY HH24:MI'), 418942, 83);
INSERT INTO SENSOR (SerialNumber, CityPlaced, SensorModel, MinimValue, MaximValue, Unit, SensorType) VALUES (47288, 'Καστροσυκιά', 'RYEO-137', 725.0, 1095.9, 'hPa', 'Pressure');
INSERT INTO MEASUREMENT (DateTime, SensorID, MeasValue) VALUES (TO_DATE('09/05/18 16:02', 'DD/MM/YY HH24:MI'), 47288, 1005.0);
INSERT INTO SENSOR (SerialNumber, CityPlaced, SensorModel, MinimValue, MaximValue, Unit, SensorType) VALUES (50972, 'Καστροσυκιά', 'UBSM-3174', 0.0, 22.9, 'km/h', 'Wind');
INSERT INTO MEASUREMENT (DateTime, SensorID, MeasValue) VALUES (TO_DATE('09/05/18 16:02', 'DD/MM/YY HH24:MI'), 50972, 11.2);
INSERT INTO SENSOR (SerialNumber, CityPlaced, SensorModel, MinimValue, MaximValue, Unit, SensorType) VALUES (402643, 'Φυλακτή Λίμνη Πλαστήρα', 'HSKTQ-435', -54.0, 67.9, '°C', 'Temperature');
INSERT INTO MEASUREMENT (DateTime, SensorID, MeasValue) VALUES (TO_DATE('09/05/18 16:00', 'DD/MM/YY HH24:MI'), 402643, 19.8);
INSERT INTO SENSOR (SerialNumber, CityPlaced, SensorModel, MinimValue, MaximValue, Unit, SensorType) VALUES (394015, 'Φυλακτή Λίμνη Πλαστήρα', 'ZZCWP-7013', 0, 100, '%', 'Humidity');
INSERT INTO MEASUREMENT (DateTime, SensorID, MeasValue) VALUES (TO_DATE('09/05/18 16:00', 'DD/MM/YY HH24:MI'), 394015, 30);
INSERT INTO SENSOR (SerialNumber, CityPlaced, SensorModel, MinimValue, MaximValue, Unit, SensorType) VALUES (55523, 'Φυλακτή Λίμνη Πλαστήρα', 'HTXM-970', 733.0, 1073.9, 'hPa', 'Pressure');
INSERT INTO MEASUREMENT (DateTime, SensorID, MeasValue) VALUES (TO_DATE('09/05/18 16:00', 'DD/MM/YY HH24:MI'), 55523, 1004.4);
INSERT INTO SENSOR (SerialNumber, CityPlaced, SensorModel, MinimValue, MaximValue, Unit, SensorType) VALUES (86212, 'Φυλακτή Λίμνη Πλαστήρα', 'QOOR-0124', 0.0, 22.9, 'km/h', 'Wind');
INSERT INTO MEASUREMENT (DateTime, SensorID, MeasValue) VALUES (TO_DATE('09/05/18 16:00', 'DD/MM/YY HH24:MI'), 86212, 5.5);
INSERT INTO SENSOR (SerialNumber, CityPlaced, SensorModel, MinimValue, MaximValue, Unit, SensorType) VALUES (437281, 'Βελίκα', 'FTUIG-880', -54.0, 77.9, '°C', 'Temperature');
INSERT INTO MEASUREMENT (DateTime, SensorID, MeasValue) VALUES (TO_DATE('09/05/18 16:02', 'DD/MM/YY HH24:MI'), 437281, 22.4);
INSERT INTO SENSOR (SerialNumber, CityPlaced, SensorModel, MinimValue, MaximValue, Unit, SensorType) VALUES (809243, 'Βελίκα', 'KVVBT-9687', 0, 100, '%', 'Humidity');
INSERT INTO MEASUREMENT (DateTime, SensorID, MeasValue) VALUES (TO_DATE('09/05/18 16:02', 'DD/MM/YY HH24:MI'), 809243, 73);
INSERT INTO MEASUREMENT (DateTime, SensorID, MeasValue) VALUES (TO_DATE('09/05/18 16:02', 'DD/MM/YY HH24:MI'), 83264, 1005.4);
INSERT INTO SENSOR (SerialNumber, CityPlaced, SensorModel, MinimValue, MaximValue, Unit, SensorType) VALUES (58692, 'Βελίκα', 'TAOP-8554', 0.0, 24.9, 'km/h', 'Wind');
INSERT INTO MEASUREMENT (DateTime, SensorID, MeasValue) VALUES (TO_DATE('09/05/18 16:02', 'DD/MM/YY HH24:MI'), 58692, 4.0);
INSERT INTO SENSOR (SerialNumber, CityPlaced, SensorModel, MinimValue, MaximValue, Unit, SensorType) VALUES (248343, 'Λάρισα 6 Δρόμοι', 'DMARM-461', -50.0, 74.9, '°C', 'Temperature');
INSERT INTO MEASUREMENT (DateTime, SensorID, MeasValue) VALUES (TO_DATE('09/05/18 15:59', 'DD/MM/YY HH24:MI'), 248343, 29.3);
INSERT INTO SENSOR (SerialNumber, CityPlaced, SensorModel, MinimValue, MaximValue, Unit, SensorType) VALUES (957608, 'Λάρισα 6 Δρόμοι', 'XIMVU-7530', 0, 100, '%', 'Humidity');
INSERT INTO MEASUREMENT (DateTime, SensorID, MeasValue) VALUES (TO_DATE('09/05/18 15:59', 'DD/MM/YY HH24:MI'), 957608, 43);
INSERT INTO SENSOR (SerialNumber, CityPlaced, SensorModel, MinimValue, MaximValue, Unit, SensorType) VALUES (68003, 'Λάρισα 6 Δρόμοι', 'WGUD-785', 706.0, 1055.9, 'hPa', 'Pressure');
INSERT INTO MEASUREMENT (DateTime, SensorID, MeasValue) VALUES (TO_DATE('09/05/18 15:59', 'DD/MM/YY HH24:MI'), 68003, 1002.2);
INSERT INTO SENSOR (SerialNumber, CityPlaced, SensorModel, MinimValue, MaximValue, Unit, SensorType) VALUES (98540, 'Λάρισα 6 Δρόμοι', 'ANBR-3369', 0.0, 23.9, 'km/h', 'Wind');
INSERT INTO MEASUREMENT (DateTime, SensorID, MeasValue) VALUES (TO_DATE('09/05/18 15:59', 'DD/MM/YY HH24:MI'), 98540, 1.6);
INSERT INTO SENSOR (SerialNumber, CityPlaced, SensorModel, MinimValue, MaximValue, Unit, SensorType) VALUES (620355, 'Λάρισα ΑΤΑ', 'NIWOS-445', -50.0, 73.9, '°C', 'Temperature');
INSERT INTO MEASUREMENT (DateTime, SensorID, MeasValue) VALUES (TO_DATE('09/05/18 15:52', 'DD/MM/YY HH24:MI'), 620355, 27.5);
INSERT INTO SENSOR (SerialNumber, CityPlaced, SensorModel, MinimValue, MaximValue, Unit, SensorType) VALUES (722593, 'Λάρισα ΑΤΑ', 'ZCRFT-9026', 0, 100, '%', 'Humidity');
INSERT INTO MEASUREMENT (DateTime, SensorID, MeasValue) VALUES (TO_DATE('09/05/18 15:52', 'DD/MM/YY HH24:MI'), 722593, 41);
INSERT INTO SENSOR (SerialNumber, CityPlaced, SensorModel, MinimValue, MaximValue, Unit, SensorType) VALUES (45731, 'Λάρισα ΑΤΑ', 'ZXLO-588', 744.0, 1080.9, 'hPa', 'Pressure');
INSERT INTO MEASUREMENT (DateTime, SensorID, MeasValue) VALUES (TO_DATE('09/05/18 15:52', 'DD/MM/YY HH24:MI'), 45731, 1000.6);
INSERT INTO SENSOR (SerialNumber, CityPlaced, SensorModel, MinimValue, MaximValue, Unit, SensorType) VALUES (30788, 'Λάρισα ΑΤΑ', 'CKUP-1151', 0.0, 21.9, 'km/h', 'Wind');
INSERT INTO MEASUREMENT (DateTime, SensorID, MeasValue) VALUES (TO_DATE('09/05/18 15:52', 'DD/MM/YY HH24:MI'), 30788, 5.9);
INSERT INTO SENSOR (SerialNumber, CityPlaced, SensorModel, MinimValue, MaximValue, Unit, SensorType) VALUES (768349, 'Λάρισα Σίφνου', 'UMEAL-242', -56.0, 63.9, '°C', 'Temperature');
INSERT INTO MEASUREMENT (DateTime, SensorID, MeasValue) VALUES (TO_DATE('09/05/18 16:03', 'DD/MM/YY HH24:MI'), 768349, 26.8);
INSERT INTO SENSOR (SerialNumber, CityPlaced, SensorModel, MinimValue, MaximValue, Unit, SensorType) VALUES (628958, 'Λάρισα Σίφνου', 'AWGKE-6174', 0, 100, '%', 'Humidity');
INSERT INTO MEASUREMENT (DateTime, SensorID, MeasValue) VALUES (TO_DATE('09/05/18 16:03', 'DD/MM/YY HH24:MI'), 628958, 44);
INSERT INTO SENSOR (SerialNumber, CityPlaced, SensorModel, MinimValue, MaximValue, Unit, SensorType) VALUES (62361, 'Λάρισα Σίφνου', 'APSB-495', 700.0, 1058.9, 'hPa', 'Pressure');
INSERT INTO MEASUREMENT (DateTime, SensorID, MeasValue) VALUES (TO_DATE('09/05/18 16:03', 'DD/MM/YY HH24:MI'), 62361, 1002.7);
INSERT INTO SENSOR (SerialNumber, CityPlaced, SensorModel, MinimValue, MaximValue, Unit, SensorType) VALUES (30891, 'Λάρισα Σίφνου', 'RRQF-3865', 0.0, 21.9, 'km/h', 'Wind');
INSERT INTO MEASUREMENT (DateTime, SensorID, MeasValue) VALUES (TO_DATE('09/05/18 16:03', 'DD/MM/YY HH24:MI'), 30891, 10.2);
INSERT INTO SENSOR (SerialNumber, CityPlaced, SensorModel, MinimValue, MaximValue, Unit, SensorType) VALUES (118261, 'Συκούριο', 'FNUZA-100', -52.0, 65.9, '°C', 'Temperature');
INSERT INTO MEASUREMENT (DateTime, SensorID, MeasValue) VALUES (TO_DATE('09/05/18 16:02', 'DD/MM/YY HH24:MI'), 118261, 26.1);
INSERT INTO SENSOR (SerialNumber, CityPlaced, SensorModel, MinimValue, MaximValue, Unit, SensorType) VALUES (426617, 'Συκούριο', 'LCYUF-0429', 0, 100, '%', 'Humidity');
INSERT INTO MEASUREMENT (DateTime, SensorID, MeasValue) VALUES (TO_DATE('09/05/18 16:02', 'DD/MM/YY HH24:MI'), 426617, 44);
INSERT INTO SENSOR (SerialNumber, CityPlaced, SensorModel, MinimValue, MaximValue, Unit, SensorType) VALUES (68095, 'Συκούριο', 'QXSQ-231', 747.0, 1094.9, 'hPa', 'Pressure');
INSERT INTO MEASUREMENT (DateTime, SensorID, MeasValue) VALUES (TO_DATE('09/05/18 16:02', 'DD/MM/YY HH24:MI'), 68095, 1001.7);
INSERT INTO SENSOR (SerialNumber, CityPlaced, SensorModel, MinimValue, MaximValue, Unit, SensorType) VALUES (34619, 'Συκούριο', 'FRHY-6810', 0.0, 23.9, 'km/h', 'Wind');
INSERT INTO MEASUREMENT (DateTime, SensorID, MeasValue) VALUES (TO_DATE('09/05/18 16:02', 'DD/MM/YY HH24:MI'), 34619, 8.8);
INSERT INTO SENSOR (SerialNumber, CityPlaced, SensorModel, MinimValue, MaximValue, Unit, SensorType) VALUES (455220, 'Μπασίτσι', 'LZBPW-247', -57.0, 65.9, '°C', 'Temperature');
INSERT INTO MEASUREMENT (DateTime, SensorID, MeasValue) VALUES (TO_DATE('09/05/18 16:03', 'DD/MM/YY HH24:MI'), 455220, 21.7);
INSERT INTO SENSOR (SerialNumber, CityPlaced, SensorModel, MinimValue, MaximValue, Unit, SensorType) VALUES (132295, 'Μπασίτσι', 'ZTOHD-2685', 0, 100, '%', 'Humidity');
INSERT INTO MEASUREMENT (DateTime, SensorID, MeasValue) VALUES (TO_DATE('09/05/18 16:03', 'DD/MM/YY HH24:MI'), 132295, 63);
INSERT INTO SENSOR (SerialNumber, CityPlaced, SensorModel, MinimValue, MaximValue, Unit, SensorType) VALUES (86364, 'Μπασίτσι', 'NFAA-410', 749.0, 1055.9, 'hPa', 'Pressure');
INSERT INTO MEASUREMENT (DateTime, SensorID, MeasValue) VALUES (TO_DATE('09/05/18 16:03', 'DD/MM/YY HH24:MI'), 86364, 1002.9);
INSERT INTO SENSOR (SerialNumber, CityPlaced, SensorModel, MinimValue, MaximValue, Unit, SensorType) VALUES (44720, 'Μπασίτσι', 'RVEW-4121', 0.0, 24.9, 'km/h', 'Wind');
INSERT INTO MEASUREMENT (DateTime, SensorID, MeasValue) VALUES (TO_DATE('09/05/18 16:03', 'DD/MM/YY HH24:MI'), 44720, 7.2);
INSERT INTO SENSOR (SerialNumber, CityPlaced, SensorModel, MinimValue, MaximValue, Unit, SensorType) VALUES (242160, 'Πηγάδι', 'SKDDS-877', -60.0, 74.9, '°C', 'Temperature');
INSERT INTO MEASUREMENT (DateTime, SensorID, MeasValue) VALUES (TO_DATE('09/05/18 15:50', 'DD/MM/YY HH24:MI'), 242160, 23.6);
INSERT INTO SENSOR (SerialNumber, CityPlaced, SensorModel, MinimValue, MaximValue, Unit, SensorType) VALUES (368089, 'Πηγάδι', 'JCDQM-5995', 0, 100, '%', 'Humidity');
INSERT INTO MEASUREMENT (DateTime, SensorID, MeasValue) VALUES (TO_DATE('09/05/18 15:50', 'DD/MM/YY HH24:MI'), 368089, 69);
INSERT INTO SENSOR (SerialNumber, CityPlaced, SensorModel, MinimValue, MaximValue, Unit, SensorType) VALUES (92799, 'Πηγάδι', 'RAGA-365', 701.0, 1085.9, 'hPa', 'Pressure');
INSERT INTO MEASUREMENT (DateTime, SensorID, MeasValue) VALUES (TO_DATE('09/05/18 15:50', 'DD/MM/YY HH24:MI'), 92799, 1002.3);
INSERT INTO SENSOR (SerialNumber, CityPlaced, SensorModel, MinimValue, MaximValue, Unit, SensorType) VALUES (79633, 'Πηγάδι', 'QSNX-5189', 0.0, 21.9, 'km/h', 'Wind');
INSERT INTO MEASUREMENT (DateTime, SensorID, MeasValue) VALUES (TO_DATE('09/05/18 15:50', 'DD/MM/YY HH24:MI'), 79633, 0.8);
INSERT INTO SENSOR (SerialNumber, CityPlaced, SensorModel, MinimValue, MaximValue, Unit, SensorType) VALUES (689296, 'Πορταριά', 'KVSBT-485', -53.0, 62.9, '°C', 'Temperature');
INSERT INTO MEASUREMENT (DateTime, SensorID, MeasValue) VALUES (TO_DATE('09/05/18 16:00', 'DD/MM/YY HH24:MI'), 689296, 21.9);
INSERT INTO SENSOR (SerialNumber, CityPlaced, SensorModel, MinimValue, MaximValue, Unit, SensorType) VALUES (660473, 'Πορταριά', 'QMQVR-8175', 0, 100, '%', 'Humidity');
INSERT INTO MEASUREMENT (DateTime, SensorID, MeasValue) VALUES (TO_DATE('09/05/18 16:00', 'DD/MM/YY HH24:MI'), 660473, 55);
INSERT INTO SENSOR (SerialNumber, CityPlaced, SensorModel, MinimValue, MaximValue, Unit, SensorType) VALUES (97789, 'Πορταριά', 'WPZM-272', 743.0, 1084.9, 'hPa', 'Pressure');
INSERT INTO MEASUREMENT (DateTime, SensorID, MeasValue) VALUES (TO_DATE('09/05/18 16:00', 'DD/MM/YY HH24:MI'), 97789, 1001.3);
INSERT INTO SENSOR (SerialNumber, CityPlaced, SensorModel, MinimValue, MaximValue, Unit, SensorType) VALUES (55061, 'Πορταριά', 'LPFB-3268', 0.0, 21.9, 'km/h', 'Wind');
INSERT INTO MEASUREMENT (DateTime, SensorID, MeasValue) VALUES (TO_DATE('09/05/18 16:00', 'DD/MM/YY HH24:MI'), 55061, 3.5);
INSERT INTO SENSOR (SerialNumber, CityPlaced, SensorModel, MinimValue, MaximValue, Unit, SensorType) VALUES (939221, 'Σκόπελος', 'TONXL-427', -54.0, 66.9, '°C', 'Temperature');
INSERT INTO MEASUREMENT (DateTime, SensorID, MeasValue) VALUES (TO_DATE('09/05/18 15:56', 'DD/MM/YY HH24:MI'), 939221, 24.1);
INSERT INTO SENSOR (SerialNumber, CityPlaced, SensorModel, MinimValue, MaximValue, Unit, SensorType) VALUES (883236, 'Σκόπελος', 'LBJTE-3718', 0, 100, '%', 'Humidity');
INSERT INTO MEASUREMENT (DateTime, SensorID, MeasValue) VALUES (TO_DATE('09/05/18 15:56', 'DD/MM/YY HH24:MI'), 883236, 64);
INSERT INTO SENSOR (SerialNumber, CityPlaced, SensorModel, MinimValue, MaximValue, Unit, SensorType) VALUES (68109, 'Σκόπελος', 'EVMW-879', 723.0, 1079.9, 'hPa', 'Pressure');
INSERT INTO MEASUREMENT (DateTime, SensorID, MeasValue) VALUES (TO_DATE('09/05/18 15:56', 'DD/MM/YY HH24:MI'), 68109, 1006.4);
INSERT INTO SENSOR (SerialNumber, CityPlaced, SensorModel, MinimValue, MaximValue, Unit, SensorType) VALUES (57718, 'Σκόπελος', 'AYFA-0438', 0.0, 23.9, 'km/h', 'Wind');
INSERT INTO MEASUREMENT (DateTime, SensorID, MeasValue) VALUES (TO_DATE('09/05/18 15:56', 'DD/MM/YY HH24:MI'), 57718, 7.5);
INSERT INTO SENSOR (SerialNumber, CityPlaced, SensorModel, MinimValue, MaximValue, Unit, SensorType) VALUES (528848, 'Γέρακας', 'SLKZZ-164', -55.0, 75.9, '°C', 'Temperature');
INSERT INTO MEASUREMENT (DateTime, SensorID, MeasValue) VALUES (TO_DATE('09/05/18 16:03', 'DD/MM/YY HH24:MI'), 528848, 20.7);
INSERT INTO SENSOR (SerialNumber, CityPlaced, SensorModel, MinimValue, MaximValue, Unit, SensorType) VALUES (407985, 'Γέρακας', 'SOCPE-5255', 0, 100, '%', 'Humidity');
INSERT INTO MEASUREMENT (DateTime, SensorID, MeasValue) VALUES (TO_DATE('09/05/18 16:03', 'DD/MM/YY HH24:MI'), 407985, 69);
INSERT INTO SENSOR (SerialNumber, CityPlaced, SensorModel, MinimValue, MaximValue, Unit, SensorType) VALUES (20682, 'Γέρακας', 'IFHA-042', 702.0, 1071.9, 'hPa', 'Pressure');
INSERT INTO MEASUREMENT (DateTime, SensorID, MeasValue) VALUES (TO_DATE('09/05/18 16:03', 'DD/MM/YY HH24:MI'), 20682, 1006.7);
INSERT INTO SENSOR (SerialNumber, CityPlaced, SensorModel, MinimValue, MaximValue, Unit, SensorType) VALUES (66308, 'Γέρακας', 'SPWK-1240', 0.0, 25.9, 'km/h', 'Wind');
INSERT INTO MEASUREMENT (DateTime, SensorID, MeasValue) VALUES (TO_DATE('09/05/18 16:03', 'DD/MM/YY HH24:MI'), 66308, 4.3);
INSERT INTO SENSOR (SerialNumber, CityPlaced, SensorModel, MinimValue, MaximValue, Unit, SensorType) VALUES (565661, 'Αιολικό Πάρκο Μοναστήρι I', 'LDGYT-422', -60.0, 60.9, '°C', 'Temperature');
INSERT INTO MEASUREMENT (DateTime, SensorID, MeasValue) VALUES (TO_DATE('09/05/18 16:03', 'DD/MM/YY HH24:MI'), 565661, 17.3);
INSERT INTO SENSOR (SerialNumber, CityPlaced, SensorModel, MinimValue, MaximValue, Unit, SensorType) VALUES (226586, 'Αιολικό Πάρκο Μοναστήρι I', 'LACFD-3637', 0, 100, '%', 'Humidity');
INSERT INTO MEASUREMENT (DateTime, SensorID, MeasValue) VALUES (TO_DATE('09/05/18 16:03', 'DD/MM/YY HH24:MI'), 226586, 54);
INSERT INTO SENSOR (SerialNumber, CityPlaced, SensorModel, MinimValue, MaximValue, Unit, SensorType) VALUES (45967, 'Αιολικό Πάρκο Μοναστήρι I', 'THAN-578', 738.0, 1080.9, 'hPa', 'Pressure');
INSERT INTO MEASUREMENT (DateTime, SensorID, MeasValue) VALUES (TO_DATE('09/05/18 16:03', 'DD/MM/YY HH24:MI'), 45967, 999.1);
INSERT INTO SENSOR (SerialNumber, CityPlaced, SensorModel, MinimValue, MaximValue, Unit, SensorType) VALUES (20779, 'Αιολικό Πάρκο Μοναστήρι I', 'EIOR-3888', 0.0, 20.9, 'km/h', 'Wind');
INSERT INTO MEASUREMENT (DateTime, SensorID, MeasValue) VALUES (TO_DATE('09/05/18 16:03', 'DD/MM/YY HH24:MI'), 20779, 17.5);
INSERT INTO SENSOR (SerialNumber, CityPlaced, SensorModel, MinimValue, MaximValue, Unit, SensorType) VALUES (234126, 'Κομοτηνή', 'BEACZ-736', -52.0, 67.9, '°C', 'Temperature');
INSERT INTO MEASUREMENT (DateTime, SensorID, MeasValue) VALUES (TO_DATE('09/05/18 15:40', 'DD/MM/YY HH24:MI'), 234126, 24.5);
INSERT INTO SENSOR (SerialNumber, CityPlaced, SensorModel, MinimValue, MaximValue, Unit, SensorType) VALUES (758191, 'Κομοτηνή', 'HTYBV-9789', 0, 100, '%', 'Humidity');
INSERT INTO MEASUREMENT (DateTime, SensorID, MeasValue) VALUES (TO_DATE('09/05/18 15:40', 'DD/MM/YY HH24:MI'), 758191, 64);
INSERT INTO SENSOR (SerialNumber, CityPlaced, SensorModel, MinimValue, MaximValue, Unit, SensorType) VALUES (49816, 'Κομοτηνή', 'RVJI-891', 747.0, 1057.9, 'hPa', 'Pressure');
INSERT INTO MEASUREMENT (DateTime, SensorID, MeasValue) VALUES (TO_DATE('09/05/18 15:40', 'DD/MM/YY HH24:MI'), 49816, 1003.8);
INSERT INTO SENSOR (SerialNumber, CityPlaced, SensorModel, MinimValue, MaximValue, Unit, SensorType) VALUES (28588, 'Κομοτηνή', 'SMEQ-7671', 0.0, 20.9, 'km/h', 'Wind');
INSERT INTO MEASUREMENT (DateTime, SensorID, MeasValue) VALUES (TO_DATE('09/05/18 15:40', 'DD/MM/YY HH24:MI'), 28588, 9.3);
INSERT INTO SENSOR (SerialNumber, CityPlaced, SensorModel, MinimValue, MaximValue, Unit, SensorType) VALUES (144621, 'Βαλανειό', 'TNDMB-974', -53.0, 78.9, '°C', 'Temperature');
INSERT INTO MEASUREMENT (DateTime, SensorID, MeasValue) VALUES (TO_DATE('09/05/18 15:23', 'DD/MM/YY HH24:MI'), 144621, 21.4);
INSERT INTO SENSOR (SerialNumber, CityPlaced, SensorModel, MinimValue, MaximValue, Unit, SensorType) VALUES (336751, 'Βαλανειό', 'NTLCT-5066', 0, 100, '%', 'Humidity');
INSERT INTO MEASUREMENT (DateTime, SensorID, MeasValue) VALUES (TO_DATE('09/05/18 15:23', 'DD/MM/YY HH24:MI'), 336751, 70);
INSERT INTO MEASUREMENT (DateTime, SensorID, MeasValue) VALUES (TO_DATE('09/05/18 15:23', 'DD/MM/YY HH24:MI'), 78532, 1003.6);
INSERT INTO SENSOR (SerialNumber, CityPlaced, SensorModel, MinimValue, MaximValue, Unit, SensorType) VALUES (33730, 'Βαλανειό', 'FHIK-4620', 0.0, 25.9, 'km/h', 'Wind');
INSERT INTO MEASUREMENT (DateTime, SensorID, MeasValue) VALUES (TO_DATE('09/05/18 15:23', 'DD/MM/YY HH24:MI'), 33730, 4.0);
INSERT INTO SENSOR (SerialNumber, CityPlaced, SensorModel, MinimValue, MaximValue, Unit, SensorType) VALUES (464530, 'Παντοκράτορας', 'DOEJC-763', -60.0, 61.9, '°C', 'Temperature');
INSERT INTO MEASUREMENT (DateTime, SensorID, MeasValue) VALUES (TO_DATE('09/05/18 16:03', 'DD/MM/YY HH24:MI'), 464530, 18.2);
INSERT INTO SENSOR (SerialNumber, CityPlaced, SensorModel, MinimValue, MaximValue, Unit, SensorType) VALUES (761548, 'Παντοκράτορας', 'LZYJD-7205', 0, 100, '%', 'Humidity');
INSERT INTO MEASUREMENT (DateTime, SensorID, MeasValue) VALUES (TO_DATE('09/05/18 16:03', 'DD/MM/YY HH24:MI'), 761548, 79);
INSERT INTO SENSOR (SerialNumber, CityPlaced, SensorModel, MinimValue, MaximValue, Unit, SensorType) VALUES (32274, 'Παντοκράτορας', 'ZNNW-386', 732.0, 1055.9, 'hPa', 'Pressure');
INSERT INTO MEASUREMENT (DateTime, SensorID, MeasValue) VALUES (TO_DATE('09/05/18 16:03', 'DD/MM/YY HH24:MI'), 32274, 1008.2);
INSERT INTO SENSOR (SerialNumber, CityPlaced, SensorModel, MinimValue, MaximValue, Unit, SensorType) VALUES (39853, 'Παντοκράτορας', 'BBGZ-7238', 0.0, 24.9, 'km/h', 'Wind');
INSERT INTO MEASUREMENT (DateTime, SensorID, MeasValue) VALUES (TO_DATE('09/05/18 16:03', 'DD/MM/YY HH24:MI'), 39853, 2.4);
INSERT INTO SENSOR (SerialNumber, CityPlaced, SensorModel, MinimValue, MaximValue, Unit, SensorType) VALUES (684464, 'Ιθάκη', 'NHVGN-809', -59.0, 61.9, '°C', 'Temperature');
INSERT INTO MEASUREMENT (DateTime, SensorID, MeasValue) VALUES (TO_DATE('09/05/18 15:59', 'DD/MM/YY HH24:MI'), 684464, 23.1);
INSERT INTO SENSOR (SerialNumber, CityPlaced, SensorModel, MinimValue, MaximValue, Unit, SensorType) VALUES (567845, 'Ιθάκη', 'VMGQB-7343', 0, 100, '%', 'Humidity');
INSERT INTO MEASUREMENT (DateTime, SensorID, MeasValue) VALUES (TO_DATE('09/05/18 15:59', 'DD/MM/YY HH24:MI'), 567845, 64);
INSERT INTO SENSOR (SerialNumber, CityPlaced, SensorModel, MinimValue, MaximValue, Unit, SensorType) VALUES (76610, 'Ιθάκη', 'JWVA-883', 700.0, 1071.9, 'hPa', 'Pressure');
INSERT INTO MEASUREMENT (DateTime, SensorID, MeasValue) VALUES (TO_DATE('09/05/18 15:59', 'DD/MM/YY HH24:MI'), 76610, 1005.6);
INSERT INTO SENSOR (SerialNumber, CityPlaced, SensorModel, MinimValue, MaximValue, Unit, SensorType) VALUES (71385, 'Ιθάκη', 'BRBE-5013', 0.0, 23.9, 'km/h', 'Wind');
INSERT INTO MEASUREMENT (DateTime, SensorID, MeasValue) VALUES (TO_DATE('09/05/18 15:59', 'DD/MM/YY HH24:MI'), 71385, 1.1);
INSERT INTO SENSOR (SerialNumber, CityPlaced, SensorModel, MinimValue, MaximValue, Unit, SensorType) VALUES (595282, 'Λαχός Ιθάκη', 'UMIHX-228', -56.0, 77.9, '°C', 'Temperature');
INSERT INTO MEASUREMENT (DateTime, SensorID, MeasValue) VALUES (TO_DATE('09/05/18 15:58', 'DD/MM/YY HH24:MI'), 595282, 22.7);
INSERT INTO SENSOR (SerialNumber, CityPlaced, SensorModel, MinimValue, MaximValue, Unit, SensorType) VALUES (408503, 'Λαχός Ιθάκη', 'HOLCH-6439', 0, 100, '%', 'Humidity');
INSERT INTO MEASUREMENT (DateTime, SensorID, MeasValue) VALUES (TO_DATE('09/05/18 15:58', 'DD/MM/YY HH24:MI'), 408503, 73);
INSERT INTO SENSOR (SerialNumber, CityPlaced, SensorModel, MinimValue, MaximValue, Unit, SensorType) VALUES (77610, 'Λαχός Ιθάκη', 'CFMA-337', 745.0, 1055.9, 'hPa', 'Pressure');
INSERT INTO MEASUREMENT (DateTime, SensorID, MeasValue) VALUES (TO_DATE('09/05/18 15:58', 'DD/MM/YY HH24:MI'), 77610, 1004.4);
INSERT INTO SENSOR (SerialNumber, CityPlaced, SensorModel, MinimValue, MaximValue, Unit, SensorType) VALUES (62192, 'Λαχός Ιθάκη', 'CVGJ-3023', 0.0, 24.9, 'km/h', 'Wind');
INSERT INTO MEASUREMENT (DateTime, SensorID, MeasValue) VALUES (TO_DATE('09/05/18 15:58', 'DD/MM/YY HH24:MI'), 62192, 0.8);
INSERT INTO SENSOR (SerialNumber, CityPlaced, SensorModel, MinimValue, MaximValue, Unit, SensorType) VALUES (931679, 'Πλατρειθιάς Ιθάκη', 'CXKIE-124', -57.0, 65.9, '°C', 'Temperature');
INSERT INTO MEASUREMENT (DateTime, SensorID, MeasValue) VALUES (TO_DATE('09/05/18 16:00', 'DD/MM/YY HH24:MI'), 931679, 22.4);
INSERT INTO SENSOR (SerialNumber, CityPlaced, SensorModel, MinimValue, MaximValue, Unit, SensorType) VALUES (203998, 'Πλατρειθιάς Ιθάκη', 'ZPMOI-1315', 0, 100, '%', 'Humidity');
INSERT INTO MEASUREMENT (DateTime, SensorID, MeasValue) VALUES (TO_DATE('09/05/18 16:00', 'DD/MM/YY HH24:MI'), 203998, 75);
INSERT INTO SENSOR (SerialNumber, CityPlaced, SensorModel, MinimValue, MaximValue, Unit, SensorType) VALUES (79316, 'Πλατρειθιάς Ιθάκη', 'IYZL-215', 732.0, 1080.9, 'hPa', 'Pressure');
INSERT INTO MEASUREMENT (DateTime, SensorID, MeasValue) VALUES (TO_DATE('09/05/18 16:00', 'DD/MM/YY HH24:MI'), 79316, 1005.5);
INSERT INTO MEASUREMENT (DateTime, SensorID, MeasValue) VALUES (TO_DATE('09/05/18 16:00', 'DD/MM/YY HH24:MI'), 55952, 4.8);
INSERT INTO SENSOR (SerialNumber, CityPlaced, SensorModel, MinimValue, MaximValue, Unit, SensorType) VALUES (920758, 'Σπαρτιά', 'ILJNX-876', -55.0, 71.9, '°C', 'Temperature');
INSERT INTO MEASUREMENT (DateTime, SensorID, MeasValue) VALUES (TO_DATE('09/05/18 16:03', 'DD/MM/YY HH24:MI'), 920758, 21.2);
INSERT INTO SENSOR (SerialNumber, CityPlaced, SensorModel, MinimValue, MaximValue, Unit, SensorType) VALUES (706227, 'Σπαρτιά', 'PDCHH-2304', 0, 100, '%', 'Humidity');
INSERT INTO MEASUREMENT (DateTime, SensorID, MeasValue) VALUES (TO_DATE('09/05/18 16:03', 'DD/MM/YY HH24:MI'), 706227, 76);
INSERT INTO SENSOR (SerialNumber, CityPlaced, SensorModel, MinimValue, MaximValue, Unit, SensorType) VALUES (75098, 'Σπαρτιά', 'KAXG-033', 732.0, 1051.9, 'hPa', 'Pressure');
INSERT INTO MEASUREMENT (DateTime, SensorID, MeasValue) VALUES (TO_DATE('09/05/18 16:03', 'DD/MM/YY HH24:MI'), 75098, 1087.3);
INSERT INTO SENSOR (SerialNumber, CityPlaced, SensorModel, MinimValue, MaximValue, Unit, SensorType) VALUES (15441, 'Σπαρτιά', 'RHRT-5977', 0.0, 21.9, 'km/h', 'Wind');
INSERT INTO MEASUREMENT (DateTime, SensorID, MeasValue) VALUES (TO_DATE('09/05/18 16:03', 'DD/MM/YY HH24:MI'), 15441, 1.7);
INSERT INTO SENSOR (SerialNumber, CityPlaced, SensorModel, MinimValue, MaximValue, Unit, SensorType) VALUES (259310, 'Λευκάδα', 'SEZCR-807', -57.0, 63.9, '°C', 'Temperature');
INSERT INTO MEASUREMENT (DateTime, SensorID, MeasValue) VALUES (TO_DATE('09/05/18 15:59', 'DD/MM/YY HH24:MI'), 259310, 21.6);
INSERT INTO SENSOR (SerialNumber, CityPlaced, SensorModel, MinimValue, MaximValue, Unit, SensorType) VALUES (116644, 'Λευκάδα', 'EJWWO-0539', 0, 100, '%', 'Humidity');
INSERT INTO MEASUREMENT (DateTime, SensorID, MeasValue) VALUES (TO_DATE('09/05/18 15:59', 'DD/MM/YY HH24:MI'), 116644, 75);
INSERT INTO SENSOR (SerialNumber, CityPlaced, SensorModel, MinimValue, MaximValue, Unit, SensorType) VALUES (83749, 'Λευκάδα', 'HPRK-620', 728.0, 1091.9, 'hPa', 'Pressure');
INSERT INTO MEASUREMENT (DateTime, SensorID, MeasValue) VALUES (TO_DATE('09/05/18 15:59', 'DD/MM/YY HH24:MI'), 83749, 1005.5);
INSERT INTO SENSOR (SerialNumber, CityPlaced, SensorModel, MinimValue, MaximValue, Unit, SensorType) VALUES (36873, 'Λευκάδα', 'JMHM-5994', 0.0, 24.9, 'km/h', 'Wind');
INSERT INTO MEASUREMENT (DateTime, SensorID, MeasValue) VALUES (TO_DATE('09/05/18 15:59', 'DD/MM/YY HH24:MI'), 36873, 12.9);
INSERT INTO SENSOR (SerialNumber, CityPlaced, SensorModel, MinimValue, MaximValue, Unit, SensorType) VALUES (925242, 'Πλατύστομα', 'FZZII-446', -54.0, 69.9, '°C', 'Temperature');
INSERT INTO MEASUREMENT (DateTime, SensorID, MeasValue) VALUES (TO_DATE('09/05/18 15:58', 'DD/MM/YY HH24:MI'), 925242, 19.3);
INSERT INTO SENSOR (SerialNumber, CityPlaced, SensorModel, MinimValue, MaximValue, Unit, SensorType) VALUES (788178, 'Πλατύστομα', 'ZHOGJ-4753', 0, 100, '%', 'Humidity');
INSERT INTO MEASUREMENT (DateTime, SensorID, MeasValue) VALUES (TO_DATE('09/05/18 15:58', 'DD/MM/YY HH24:MI'), 788178, 81);
INSERT INTO SENSOR (SerialNumber, CityPlaced, SensorModel, MinimValue, MaximValue, Unit, SensorType) VALUES (92443, 'Πλατύστομα', 'HNAV-513', 725.0, 1060.9, 'hPa', 'Pressure');
INSERT INTO MEASUREMENT (DateTime, SensorID, MeasValue) VALUES (TO_DATE('09/05/18 15:58', 'DD/MM/YY HH24:MI'), 92443, 1005.3);
INSERT INTO SENSOR (SerialNumber, CityPlaced, SensorModel, MinimValue, MaximValue, Unit, SensorType) VALUES (46403, 'Πλατύστομα', 'BXBV-0065', 0.0, 21.9, 'km/h', 'Wind');
INSERT INTO MEASUREMENT (DateTime, SensorID, MeasValue) VALUES (TO_DATE('09/05/18 15:58', 'DD/MM/YY HH24:MI'), 46403, 5.8);
INSERT INTO SENSOR (SerialNumber, CityPlaced, SensorModel, MinimValue, MaximValue, Unit, SensorType) VALUES (248792, 'Παντάνασσα Γάζι', 'SFEWK-005', -51.0, 75.9, '°C', 'Temperature');
INSERT INTO MEASUREMENT (DateTime, SensorID, MeasValue) VALUES (TO_DATE('09/05/18 16:03', 'DD/MM/YY HH24:MI'), 248792, 22.7);
INSERT INTO SENSOR (SerialNumber, CityPlaced, SensorModel, MinimValue, MaximValue, Unit, SensorType) VALUES (711741, 'Παντάνασσα Γάζι', 'WZKGS-4993', 0, 100, '%', 'Humidity');
INSERT INTO MEASUREMENT (DateTime, SensorID, MeasValue) VALUES (TO_DATE('09/05/18 16:03', 'DD/MM/YY HH24:MI'), 711741, 78);
INSERT INTO SENSOR (SerialNumber, CityPlaced, SensorModel, MinimValue, MaximValue, Unit, SensorType) VALUES (95206, 'Παντάνασσα Γάζι', 'LQTS-324', 745.0, 1096.9, 'hPa', 'Pressure');
INSERT INTO MEASUREMENT (DateTime, SensorID, MeasValue) VALUES (TO_DATE('09/05/18 16:03', 'DD/MM/YY HH24:MI'), 95206, 1004.6);
INSERT INTO SENSOR (SerialNumber, CityPlaced, SensorModel, MinimValue, MaximValue, Unit, SensorType) VALUES (65141, 'Παντάνασσα Γάζι', 'BYML-8060', 0.0, 22.9, 'km/h', 'Wind');
INSERT INTO MEASUREMENT (DateTime, SensorID, MeasValue) VALUES (TO_DATE('09/05/18 16:03', 'DD/MM/YY HH24:MI'), 65141, 3.7);
INSERT INTO SENSOR (SerialNumber, CityPlaced, SensorModel, MinimValue, MaximValue, Unit, SensorType) VALUES (510798, 'Σταυράκια', 'YGGVD-739', -50.0, 72.9, '°C', 'Temperature');
INSERT INTO MEASUREMENT (DateTime, SensorID, MeasValue) VALUES (TO_DATE('09/05/18 16:00', 'DD/MM/YY HH24:MI'), 510798, 21.9);
INSERT INTO SENSOR (SerialNumber, CityPlaced, SensorModel, MinimValue, MaximValue, Unit, SensorType) VALUES (948041, 'Σταυράκια', 'ULGRJ-6885', 0, 100, '%', 'Humidity');
INSERT INTO MEASUREMENT (DateTime, SensorID, MeasValue) VALUES (TO_DATE('09/05/18 16:00', 'DD/MM/YY HH24:MI'), 948041, 69);
INSERT INTO SENSOR (SerialNumber, CityPlaced, SensorModel, MinimValue, MaximValue, Unit, SensorType) VALUES (83706, 'Σταυράκια', 'CPHG-015', 747.0, 1051.9, 'hPa', 'Pressure');
INSERT INTO MEASUREMENT (DateTime, SensorID, MeasValue) VALUES (TO_DATE('09/05/18 16:00', 'DD/MM/YY HH24:MI'), 83706, 1006.2);
INSERT INTO SENSOR (SerialNumber, CityPlaced, SensorModel, MinimValue, MaximValue, Unit, SensorType) VALUES (39468, 'Σταυράκια', 'ATWD-9108', 0.0, 22.9, 'km/h', 'Wind');
INSERT INTO MEASUREMENT (DateTime, SensorID, MeasValue) VALUES (TO_DATE('09/05/18 16:00', 'DD/MM/YY HH24:MI'), 39468, 10.8);
INSERT INTO SENSOR (SerialNumber, CityPlaced, SensorModel, MinimValue, MaximValue, Unit, SensorType) VALUES (635225, 'Ελούντα', 'WFEDF-133', -55.0, 69.9, '°C', 'Temperature');
INSERT INTO MEASUREMENT (DateTime, SensorID, MeasValue) VALUES (TO_DATE('09/05/18 16:03', 'DD/MM/YY HH24:MI'), 635225, 0.0);
INSERT INTO SENSOR (SerialNumber, CityPlaced, SensorModel, MinimValue, MaximValue, Unit, SensorType) VALUES (310766, 'Ελούντα', 'VHUAG-8834', 0, 100, '%', 'Humidity');
INSERT INTO MEASUREMENT (DateTime, SensorID, MeasValue) VALUES (TO_DATE('09/05/18 16:03', 'DD/MM/YY HH24:MI'), 310766, 0);
INSERT INTO SENSOR (SerialNumber, CityPlaced, SensorModel, MinimValue, MaximValue, Unit, SensorType) VALUES (10440, 'Ελούντα', 'AEXK-299', 713.0, 1072.9, 'hPa', 'Pressure');
INSERT INTO MEASUREMENT (DateTime, SensorID, MeasValue) VALUES (TO_DATE('09/05/18 16:03', 'DD/MM/YY HH24:MI'), 10440, 1007.0);
INSERT INTO SENSOR (SerialNumber, CityPlaced, SensorModel, MinimValue, MaximValue, Unit, SensorType) VALUES (51101, 'Ελούντα', 'XKNO-8698', 0.0, 24.9, 'km/h', 'Wind');
INSERT INTO MEASUREMENT (DateTime, SensorID, MeasValue) VALUES (TO_DATE('09/05/18 16:03', 'DD/MM/YY HH24:MI'), 51101, 7.0);
INSERT INTO SENSOR (SerialNumber, CityPlaced, SensorModel, MinimValue, MaximValue, Unit, SensorType) VALUES (961825, 'Ρούστικα', 'YEGIW-557', -59.0, 67.9, '°C', 'Temperature');
INSERT INTO MEASUREMENT (DateTime, SensorID, MeasValue) VALUES (TO_DATE('09/05/18 16:02', 'DD/MM/YY HH24:MI'), 961825, 22.6);
INSERT INTO SENSOR (SerialNumber, CityPlaced, SensorModel, MinimValue, MaximValue, Unit, SensorType) VALUES (938293, 'Ρούστικα', 'KJPVI-0826', 0, 100, '%', 'Humidity');
INSERT INTO MEASUREMENT (DateTime, SensorID, MeasValue) VALUES (TO_DATE('09/05/18 16:02', 'DD/MM/YY HH24:MI'), 938293, 72);
INSERT INTO SENSOR (SerialNumber, CityPlaced, SensorModel, MinimValue, MaximValue, Unit, SensorType) VALUES (57223, 'Ρούστικα', 'UOOG-519', 718.0, 1089.9, 'hPa', 'Pressure');
INSERT INTO MEASUREMENT (DateTime, SensorID, MeasValue) VALUES (TO_DATE('09/05/18 16:02', 'DD/MM/YY HH24:MI'), 57223, 1003.8);
INSERT INTO SENSOR (SerialNumber, CityPlaced, SensorModel, MinimValue, MaximValue, Unit, SensorType) VALUES (50365, 'Ρούστικα', 'JOYC-1378', 0.0, 21.9, 'km/h', 'Wind');
INSERT INTO MEASUREMENT (DateTime, SensorID, MeasValue) VALUES (TO_DATE('09/05/18 16:02', 'DD/MM/YY HH24:MI'), 50365, 6.7);
INSERT INTO SENSOR (SerialNumber, CityPlaced, SensorModel, MinimValue, MaximValue, Unit, SensorType) VALUES (872600, 'Κουντούρα', 'ZPPYJ-610', -54.0, 65.9, '°C', 'Temperature');
INSERT INTO MEASUREMENT (DateTime, SensorID, MeasValue) VALUES (TO_DATE('09/05/18 15:56', 'DD/MM/YY HH24:MI'), 872600, 22.3);
INSERT INTO SENSOR (SerialNumber, CityPlaced, SensorModel, MinimValue, MaximValue, Unit, SensorType) VALUES (949241, 'Κουντούρα', 'JXFOI-4767', 0, 100, '%', 'Humidity');
INSERT INTO MEASUREMENT (DateTime, SensorID, MeasValue) VALUES (TO_DATE('09/05/18 15:56', 'DD/MM/YY HH24:MI'), 949241, 73);
INSERT INTO SENSOR (SerialNumber, CityPlaced, SensorModel, MinimValue, MaximValue, Unit, SensorType) VALUES (89847, 'Κουντούρα', 'EYML-924', 708.0, 1089.9, 'hPa', 'Pressure');
INSERT INTO MEASUREMENT (DateTime, SensorID, MeasValue) VALUES (TO_DATE('09/05/18 15:56', 'DD/MM/YY HH24:MI'), 89847, 1007.8);
INSERT INTO SENSOR (SerialNumber, CityPlaced, SensorModel, MinimValue, MaximValue, Unit, SensorType) VALUES (63779, 'Κουντούρα', 'KUNZ-9418', 0.0, 22.9, 'km/h', 'Wind');
INSERT INTO MEASUREMENT (DateTime, SensorID, MeasValue) VALUES (TO_DATE('09/05/18 15:56', 'DD/MM/YY HH24:MI'), 63779, 5.9);
INSERT INTO SENSOR (SerialNumber, CityPlaced, SensorModel, MinimValue, MaximValue, Unit, SensorType) VALUES (789184, 'Δράμα Νέα Αμισός  Δράμα', 'KAMIL-788', -51.0, 72.9, '°C', 'Temperature');
INSERT INTO MEASUREMENT (DateTime, SensorID, MeasValue) VALUES (TO_DATE('09/05/18 16:00', 'DD/MM/YY HH24:MI'), 789184, 25.2);
INSERT INTO SENSOR (SerialNumber, CityPlaced, SensorModel, MinimValue, MaximValue, Unit, SensorType) VALUES (689458, 'Δράμα Νέα Αμισός  Δράμα', 'JWNJO-4961', 0, 100, '%', 'Humidity');
INSERT INTO MEASUREMENT (DateTime, SensorID, MeasValue) VALUES (TO_DATE('09/05/18 16:00', 'DD/MM/YY HH24:MI'), 689458, 58);
INSERT INTO SENSOR (SerialNumber, CityPlaced, SensorModel, MinimValue, MaximValue, Unit, SensorType) VALUES (21172, 'Δράμα Νέα Αμισός  Δράμα', 'QUFH-464', 736.0, 1070.9, 'hPa', 'Pressure');
INSERT INTO MEASUREMENT (DateTime, SensorID, MeasValue) VALUES (TO_DATE('09/05/18 16:00', 'DD/MM/YY HH24:MI'), 21172, 1003.4);
INSERT INTO SENSOR (SerialNumber, CityPlaced, SensorModel, MinimValue, MaximValue, Unit, SensorType) VALUES (50052, 'Δράμα Νέα Αμισός  Δράμα', 'RQJJ-0870', 0.0, 21.9, 'km/h', 'Wind');
INSERT INTO MEASUREMENT (DateTime, SensorID, MeasValue) VALUES (TO_DATE('09/05/18 16:00', 'DD/MM/YY HH24:MI'), 50052, 3.1);
INSERT INTO SENSOR (SerialNumber, CityPlaced, SensorModel, MinimValue, MaximValue, Unit, SensorType) VALUES (866849, 'Δράμα Αμπελόκηποι', 'HMURF-179', -54.0, 60.9, '°C', 'Temperature');
INSERT INTO MEASUREMENT (DateTime, SensorID, MeasValue) VALUES (TO_DATE('09/05/18 16:03', 'DD/MM/YY HH24:MI'), 866849, 25.4);
INSERT INTO SENSOR (SerialNumber, CityPlaced, SensorModel, MinimValue, MaximValue, Unit, SensorType) VALUES (777447, 'Δράμα Αμπελόκηποι', 'ZPOIF-6605', 0, 100, '%', 'Humidity');
INSERT INTO MEASUREMENT (DateTime, SensorID, MeasValue) VALUES (TO_DATE('09/05/18 16:03', 'DD/MM/YY HH24:MI'), 777447, 55);
INSERT INTO SENSOR (SerialNumber, CityPlaced, SensorModel, MinimValue, MaximValue, Unit, SensorType) VALUES (41792, 'Δράμα Αμπελόκηποι', 'JQCM-003', 733.0, 1055.9, 'hPa', 'Pressure');
INSERT INTO MEASUREMENT (DateTime, SensorID, MeasValue) VALUES (TO_DATE('09/05/18 16:03', 'DD/MM/YY HH24:MI'), 41792, 1003.1);
INSERT INTO SENSOR (SerialNumber, CityPlaced, SensorModel, MinimValue, MaximValue, Unit, SensorType) VALUES (97608, 'Δράμα Αμπελόκηποι', 'VAFQ-0268', 0.0, 23.9, 'km/h', 'Wind');
INSERT INTO MEASUREMENT (DateTime, SensorID, MeasValue) VALUES (TO_DATE('09/05/18 16:03', 'DD/MM/YY HH24:MI'), 97608, 10.3);
INSERT INTO SENSOR (SerialNumber, CityPlaced, SensorModel, MinimValue, MaximValue, Unit, SensorType) VALUES (728138, 'Δράμα Κέντρο', 'WZRHO-382', -57.0, 64.9, '°C', 'Temperature');
INSERT INTO MEASUREMENT (DateTime, SensorID, MeasValue) VALUES (TO_DATE('09/05/18 16:02', 'DD/MM/YY HH24:MI'), 728138, 25.2);
INSERT INTO SENSOR (SerialNumber, CityPlaced, SensorModel, MinimValue, MaximValue, Unit, SensorType) VALUES (780754, 'Δράμα Κέντρο', 'ALLJM-5123', 0, 100, '%', 'Humidity');
INSERT INTO MEASUREMENT (DateTime, SensorID, MeasValue) VALUES (TO_DATE('09/05/18 16:02', 'DD/MM/YY HH24:MI'), 780754, 56);
INSERT INTO SENSOR (SerialNumber, CityPlaced, SensorModel, MinimValue, MaximValue, Unit, SensorType) VALUES (30111, 'Δράμα Κέντρο', 'UJQL-041', 740.0, 1076.9, 'hPa', 'Pressure');
INSERT INTO MEASUREMENT (DateTime, SensorID, MeasValue) VALUES (TO_DATE('09/05/18 16:02', 'DD/MM/YY HH24:MI'), 30111, 1002.4);
INSERT INTO SENSOR (SerialNumber, CityPlaced, SensorModel, MinimValue, MaximValue, Unit, SensorType) VALUES (29249, 'Δράμα Κέντρο', 'YHFB-0918', 0.0, 22.9, 'km/h', 'Wind');
INSERT INTO MEASUREMENT (DateTime, SensorID, MeasValue) VALUES (TO_DATE('09/05/18 16:02', 'DD/MM/YY HH24:MI'), 29249, 14.5);
INSERT INTO SENSOR (SerialNumber, CityPlaced, SensorModel, MinimValue, MaximValue, Unit, SensorType) VALUES (520015, 'Καλαμώνας', 'KZWYJ-188', -55.0, 80.9, '°C', 'Temperature');
INSERT INTO MEASUREMENT (DateTime, SensorID, MeasValue) VALUES (TO_DATE('09/05/18 16:00', 'DD/MM/YY HH24:MI'), 520015, 26.6);
INSERT INTO SENSOR (SerialNumber, CityPlaced, SensorModel, MinimValue, MaximValue, Unit, SensorType) VALUES (105354, 'Καλαμώνας', 'CNINH-3236', 0, 100, '%', 'Humidity');
INSERT INTO MEASUREMENT (DateTime, SensorID, MeasValue) VALUES (TO_DATE('09/05/18 16:00', 'DD/MM/YY HH24:MI'), 105354, 61);
INSERT INTO SENSOR (SerialNumber, CityPlaced, SensorModel, MinimValue, MaximValue, Unit, SensorType) VALUES (28136, 'Καλαμώνας', 'UFUJ-591', 740.0, 1093.9, 'hPa', 'Pressure');
INSERT INTO MEASUREMENT (DateTime, SensorID, MeasValue) VALUES (TO_DATE('09/05/18 16:00', 'DD/MM/YY HH24:MI'), 28136, 999.6);
INSERT INTO SENSOR (SerialNumber, CityPlaced, SensorModel, MinimValue, MaximValue, Unit, SensorType) VALUES (28285, 'Καλαμώνας', 'EWXN-3318', 0.0, 22.9, 'km/h', 'Wind');
INSERT INTO MEASUREMENT (DateTime, SensorID, MeasValue) VALUES (TO_DATE('09/05/18 16:00', 'DD/MM/YY HH24:MI'), 28285, 0.9);
INSERT INTO SENSOR (SerialNumber, CityPlaced, SensorModel, MinimValue, MaximValue, Unit, SensorType) VALUES (516367, 'Βέροια', 'MNFIF-809', -53.0, 78.9, '°C', 'Temperature');
INSERT INTO MEASUREMENT (DateTime, SensorID, MeasValue) VALUES (TO_DATE('09/05/18 16:00', 'DD/MM/YY HH24:MI'), 516367, 21.2);
INSERT INTO SENSOR (SerialNumber, CityPlaced, SensorModel, MinimValue, MaximValue, Unit, SensorType) VALUES (281606, 'Βέροια', 'QRNKB-8484', 0, 100, '%', 'Humidity');
INSERT INTO MEASUREMENT (DateTime, SensorID, MeasValue) VALUES (TO_DATE('09/05/18 16:00', 'DD/MM/YY HH24:MI'), 281606, 65);
INSERT INTO SENSOR (SerialNumber, CityPlaced, SensorModel, MinimValue, MaximValue, Unit, SensorType) VALUES (86548, 'Βέροια', 'JVHB-634', 709.0, 1073.9, 'hPa', 'Pressure');
INSERT INTO MEASUREMENT (DateTime, SensorID, MeasValue) VALUES (TO_DATE('09/05/18 16:00', 'DD/MM/YY HH24:MI'), 86548, 1001.5);
INSERT INTO SENSOR (SerialNumber, CityPlaced, SensorModel, MinimValue, MaximValue, Unit, SensorType) VALUES (38700, 'Βέροια', 'FMDM-6665', 0.0, 21.9, 'km/h', 'Wind');
INSERT INTO MEASUREMENT (DateTime, SensorID, MeasValue) VALUES (TO_DATE('09/05/18 16:00', 'DD/MM/YY HH24:MI'), 38700, 10.2);
INSERT INTO SENSOR (SerialNumber, CityPlaced, SensorModel, MinimValue, MaximValue, Unit, SensorType) VALUES (711055, 'Στενήμαχος', 'JYFVI-341', -57.0, 80.9, '°C', 'Temperature');
INSERT INTO MEASUREMENT (DateTime, SensorID, MeasValue) VALUES (TO_DATE('09/05/18 16:00', 'DD/MM/YY HH24:MI'), 711055, 23.2);
INSERT INTO SENSOR (SerialNumber, CityPlaced, SensorModel, MinimValue, MaximValue, Unit, SensorType) VALUES (584654, 'Στενήμαχος', 'UKQCX-7639', 0, 100, '%', 'Humidity');
INSERT INTO MEASUREMENT (DateTime, SensorID, MeasValue) VALUES (TO_DATE('09/05/18 16:00', 'DD/MM/YY HH24:MI'), 584654, 52);
INSERT INTO SENSOR (SerialNumber, CityPlaced, SensorModel, MinimValue, MaximValue, Unit, SensorType) VALUES (20912, 'Στενήμαχος', 'NOBJ-316', 740.0, 1095.9, 'hPa', 'Pressure');
INSERT INTO MEASUREMENT (DateTime, SensorID, MeasValue) VALUES (TO_DATE('09/05/18 16:00', 'DD/MM/YY HH24:MI'), 20912, 1003.0);
INSERT INTO SENSOR (SerialNumber, CityPlaced, SensorModel, MinimValue, MaximValue, Unit, SensorType) VALUES (77595, 'Στενήμαχος', 'KHIL-6590', 0.0, 21.9, 'km/h', 'Wind');
INSERT INTO MEASUREMENT (DateTime, SensorID, MeasValue) VALUES (TO_DATE('09/05/18 16:00', 'DD/MM/YY HH24:MI'), 77595, 4.1);
INSERT INTO SENSOR (SerialNumber, CityPlaced, SensorModel, MinimValue, MaximValue, Unit, SensorType) VALUES (683290, 'Επταπύργιο', 'FQMUY-446', -52.0, 68.9, '°C', 'Temperature');
INSERT INTO MEASUREMENT (DateTime, SensorID, MeasValue) VALUES (TO_DATE('09/05/18 16:03', 'DD/MM/YY HH24:MI'), 683290, 24.8);
INSERT INTO SENSOR (SerialNumber, CityPlaced, SensorModel, MinimValue, MaximValue, Unit, SensorType) VALUES (899789, 'Επταπύργιο', 'HUZYF-3753', 0, 100, '%', 'Humidity');
INSERT INTO MEASUREMENT (DateTime, SensorID, MeasValue) VALUES (TO_DATE('09/05/18 16:03', 'DD/MM/YY HH24:MI'), 899789, 56);
INSERT INTO SENSOR (SerialNumber, CityPlaced, SensorModel, MinimValue, MaximValue, Unit, SensorType) VALUES (50389, 'Επταπύργιο', 'JAKJ-026', 728.0, 1059.9, 'hPa', 'Pressure');
INSERT INTO MEASUREMENT (DateTime, SensorID, MeasValue) VALUES (TO_DATE('09/05/18 16:03', 'DD/MM/YY HH24:MI'), 50389, 1005.3);
INSERT INTO SENSOR (SerialNumber, CityPlaced, SensorModel, MinimValue, MaximValue, Unit, SensorType) VALUES (45504, 'Επταπύργιο', 'XUMD-8776', 0.0, 23.9, 'km/h', 'Wind');
INSERT INTO MEASUREMENT (DateTime, SensorID, MeasValue) VALUES (TO_DATE('09/05/18 16:03', 'DD/MM/YY HH24:MI'), 45504, 2.4);
INSERT INTO SENSOR (SerialNumber, CityPlaced, SensorModel, MinimValue, MaximValue, Unit, SensorType) VALUES (247204, 'Θεσσαλονίκη Ευκαρπία', 'GRMLQ-696', -56.0, 71.9, '°C', 'Temperature');
INSERT INTO MEASUREMENT (DateTime, SensorID, MeasValue) VALUES (TO_DATE('09/05/18 16:03', 'DD/MM/YY HH24:MI'), 247204, 25.9);
INSERT INTO SENSOR (SerialNumber, CityPlaced, SensorModel, MinimValue, MaximValue, Unit, SensorType) VALUES (462407, 'Θεσσαλονίκη Ευκαρπία', 'ESWRQ-2519', 0, 100, '%', 'Humidity');
INSERT INTO MEASUREMENT (DateTime, SensorID, MeasValue) VALUES (TO_DATE('09/05/18 16:03', 'DD/MM/YY HH24:MI'), 462407, 52);
INSERT INTO SENSOR (SerialNumber, CityPlaced, SensorModel, MinimValue, MaximValue, Unit, SensorType) VALUES (63847, 'Θεσσαλονίκη Ευκαρπία', 'BMOC-121', 721.0, 1093.9, 'hPa', 'Pressure');
INSERT INTO MEASUREMENT (DateTime, SensorID, MeasValue) VALUES (TO_DATE('09/05/18 16:03', 'DD/MM/YY HH24:MI'), 63847, 1003.9);
INSERT INTO SENSOR (SerialNumber, CityPlaced, SensorModel, MinimValue, MaximValue, Unit, SensorType) VALUES (37803, 'Θεσσαλονίκη Ευκαρπία', 'KIOA-0604', 0.0, 25.9, 'km/h', 'Wind');
INSERT INTO MEASUREMENT (DateTime, SensorID, MeasValue) VALUES (TO_DATE('09/05/18 16:03', 'DD/MM/YY HH24:MI'), 37803, 1.5);
INSERT INTO SENSOR (SerialNumber, CityPlaced, SensorModel, MinimValue, MaximValue, Unit, SensorType) VALUES (591609, 'Θεσσαλονίκη Κέντρο', 'ZSLEP-563', -51.0, 80.9, '°C', 'Temperature');
INSERT INTO MEASUREMENT (DateTime, SensorID, MeasValue) VALUES (TO_DATE('09/05/18 16:00', 'DD/MM/YY HH24:MI'), 591609, 25.7);
INSERT INTO SENSOR (SerialNumber, CityPlaced, SensorModel, MinimValue, MaximValue, Unit, SensorType) VALUES (412540, 'Θεσσαλονίκη Κέντρο', 'BUAYR-8020', 0, 100, '%', 'Humidity');
INSERT INTO MEASUREMENT (DateTime, SensorID, MeasValue) VALUES (TO_DATE('09/05/18 16:00', 'DD/MM/YY HH24:MI'), 412540, 54);
INSERT INTO SENSOR (SerialNumber, CityPlaced, SensorModel, MinimValue, MaximValue, Unit, SensorType) VALUES (16277, 'Θεσσαλονίκη Κέντρο', 'IKZL-060', 739.0, 1073.9, 'hPa', 'Pressure');
INSERT INTO MEASUREMENT (DateTime, SensorID, MeasValue) VALUES (TO_DATE('09/05/18 16:00', 'DD/MM/YY HH24:MI'), 16277, 1003.7);
INSERT INTO MEASUREMENT (DateTime, SensorID, MeasValue) VALUES (TO_DATE('09/05/18 16:00', 'DD/MM/YY HH24:MI'), 46748, 6.7);
INSERT INTO SENSOR (SerialNumber, CityPlaced, SensorModel, MinimValue, MaximValue, Unit, SensorType) VALUES (116632, 'Ιωνία SV2BZQ', 'TWIRR-299', -56.0, 80.9, '°C', 'Temperature');
INSERT INTO MEASUREMENT (DateTime, SensorID, MeasValue) VALUES (TO_DATE('09/05/18 16:02', 'DD/MM/YY HH24:MI'), 116632, 25.7);
INSERT INTO SENSOR (SerialNumber, CityPlaced, SensorModel, MinimValue, MaximValue, Unit, SensorType) VALUES (801581, 'Ιωνία SV2BZQ', 'XTNNH-3429', 0, 100, '%', 'Humidity');
INSERT INTO MEASUREMENT (DateTime, SensorID, MeasValue) VALUES (TO_DATE('09/05/18 16:02', 'DD/MM/YY HH24:MI'), 801581, 63);
INSERT INTO SENSOR (SerialNumber, CityPlaced, SensorModel, MinimValue, MaximValue, Unit, SensorType) VALUES (32678, 'Ιωνία SV2BZQ', 'ZIXW-929', 718.0, 1051.9, 'hPa', 'Pressure');
INSERT INTO MEASUREMENT (DateTime, SensorID, MeasValue) VALUES (TO_DATE('09/05/18 16:02', 'DD/MM/YY HH24:MI'), 32678, 1002.9);
INSERT INTO SENSOR (SerialNumber, CityPlaced, SensorModel, MinimValue, MaximValue, Unit, SensorType) VALUES (97536, 'Ιωνία SV2BZQ', 'CUSM-0946', 0.0, 23.9, 'km/h', 'Wind');
INSERT INTO MEASUREMENT (DateTime, SensorID, MeasValue) VALUES (TO_DATE('09/05/18 16:02', 'DD/MM/YY HH24:MI'), 97536, 4.2);
INSERT INTO SENSOR (SerialNumber, CityPlaced, SensorModel, MinimValue, MaximValue, Unit, SensorType) VALUES (271352, 'Κάτω Πυλαία', 'JFFYQ-625', -55.0, 70.9, '°C', 'Temperature');
INSERT INTO MEASUREMENT (DateTime, SensorID, MeasValue) VALUES (TO_DATE('09/05/18 16:00', 'DD/MM/YY HH24:MI'), 271352, 26.9);
INSERT INTO SENSOR (SerialNumber, CityPlaced, SensorModel, MinimValue, MaximValue, Unit, SensorType) VALUES (282736, 'Κάτω Πυλαία', 'LJVRA-3536', 0, 100, '%', 'Humidity');
INSERT INTO MEASUREMENT (DateTime, SensorID, MeasValue) VALUES (TO_DATE('09/05/18 16:00', 'DD/MM/YY HH24:MI'), 282736, 56);
INSERT INTO SENSOR (SerialNumber, CityPlaced, SensorModel, MinimValue, MaximValue, Unit, SensorType) VALUES (56970, 'Κάτω Πυλαία', 'BYAM-412', 745.0, 1060.9, 'hPa', 'Pressure');
INSERT INTO MEASUREMENT (DateTime, SensorID, MeasValue) VALUES (TO_DATE('09/05/18 16:00', 'DD/MM/YY HH24:MI'), 56970, 1004.2);
INSERT INTO SENSOR (SerialNumber, CityPlaced, SensorModel, MinimValue, MaximValue, Unit, SensorType) VALUES (17198, 'Κάτω Πυλαία', 'EXQN-6113', 0.0, 20.9, 'km/h', 'Wind');
INSERT INTO MEASUREMENT (DateTime, SensorID, MeasValue) VALUES (TO_DATE('09/05/18 16:00', 'DD/MM/YY HH24:MI'), 17198, 6.3);
INSERT INTO SENSOR (SerialNumber, CityPlaced, SensorModel, MinimValue, MaximValue, Unit, SensorType) VALUES (557888, 'Καλαμαριά 2', 'ORQPZ-562', -58.0, 77.9, '°C', 'Temperature');
INSERT INTO MEASUREMENT (DateTime, SensorID, MeasValue) VALUES (TO_DATE('09/05/18 16:00', 'DD/MM/YY HH24:MI'), 557888, 26.7);
INSERT INTO SENSOR (SerialNumber, CityPlaced, SensorModel, MinimValue, MaximValue, Unit, SensorType) VALUES (703695, 'Καλαμαριά 2', 'VDPII-4082', 0, 100, '%', 'Humidity');
INSERT INTO MEASUREMENT (DateTime, SensorID, MeasValue) VALUES (TO_DATE('09/05/18 16:00', 'DD/MM/YY HH24:MI'), 703695, 53);
INSERT INTO SENSOR (SerialNumber, CityPlaced, SensorModel, MinimValue, MaximValue, Unit, SensorType) VALUES (98403, 'Καλαμαριά 2', 'EWVS-047', 704.0, 1095.9, 'hPa', 'Pressure');
INSERT INTO MEASUREMENT (DateTime, SensorID, MeasValue) VALUES (TO_DATE('09/05/18 16:00', 'DD/MM/YY HH24:MI'), 98403, 1003.9);
INSERT INTO SENSOR (SerialNumber, CityPlaced, SensorModel, MinimValue, MaximValue, Unit, SensorType) VALUES (83326, 'Καλαμαριά 2', 'OEWJ-9531', 0.0, 20.9, 'km/h', 'Wind');
INSERT INTO MEASUREMENT (DateTime, SensorID, MeasValue) VALUES (TO_DATE('09/05/18 16:00', 'DD/MM/YY HH24:MI'), 83326, 4.8);
INSERT INTO SENSOR (SerialNumber, CityPlaced, SensorModel, MinimValue, MaximValue, Unit, SensorType) VALUES (452428, 'Καλαμαριά SV2BNL 2', 'KBGJH-113', -50.0, 71.9, '°C', 'Temperature');
INSERT INTO MEASUREMENT (DateTime, SensorID, MeasValue) VALUES (TO_DATE('09/05/18 16:00', 'DD/MM/YY HH24:MI'), 452428, 26.2);
INSERT INTO SENSOR (SerialNumber, CityPlaced, SensorModel, MinimValue, MaximValue, Unit, SensorType) VALUES (327108, 'Καλαμαριά SV2BNL 2', 'CXVSC-0225', 0, 100, '%', 'Humidity');
INSERT INTO MEASUREMENT (DateTime, SensorID, MeasValue) VALUES (TO_DATE('09/05/18 16:00', 'DD/MM/YY HH24:MI'), 327108, 50);
INSERT INTO SENSOR (SerialNumber, CityPlaced, SensorModel, MinimValue, MaximValue, Unit, SensorType) VALUES (10635, 'Καλαμαριά SV2BNL 2', 'EWUN-979', 750.0, 1077.9, 'hPa', 'Pressure');
INSERT INTO MEASUREMENT (DateTime, SensorID, MeasValue) VALUES (TO_DATE('09/05/18 16:00', 'DD/MM/YY HH24:MI'), 10635, 1003.5);
INSERT INTO SENSOR (SerialNumber, CityPlaced, SensorModel, MinimValue, MaximValue, Unit, SensorType) VALUES (29732, 'Καλαμαριά SV2BNL 2', 'SOHN-8972', 0.0, 24.9, 'km/h', 'Wind');
INSERT INTO MEASUREMENT (DateTime, SensorID, MeasValue) VALUES (TO_DATE('09/05/18 16:00', 'DD/MM/YY HH24:MI'), 29732, 4.4);
INSERT INTO SENSOR (SerialNumber, CityPlaced, SensorModel, MinimValue, MaximValue, Unit, SensorType) VALUES (508869, 'Καρδία SV2HNE', 'NXZRZ-258', -51.0, 75.9, '°C', 'Temperature');
INSERT INTO MEASUREMENT (DateTime, SensorID, MeasValue) VALUES (TO_DATE('09/05/18 15:59', 'DD/MM/YY HH24:MI'), 508869, 25.9);
INSERT INTO SENSOR (SerialNumber, CityPlaced, SensorModel, MinimValue, MaximValue, Unit, SensorType) VALUES (219877, 'Καρδία SV2HNE', 'XBSRS-5921', 0, 100, '%', 'Humidity');
INSERT INTO MEASUREMENT (DateTime, SensorID, MeasValue) VALUES (TO_DATE('09/05/18 15:59', 'DD/MM/YY HH24:MI'), 219877, 50);
INSERT INTO SENSOR (SerialNumber, CityPlaced, SensorModel, MinimValue, MaximValue, Unit, SensorType) VALUES (69269, 'Καρδία SV2HNE', 'ETHN-110', 715.0, 1074.9, 'hPa', 'Pressure');
INSERT INTO MEASUREMENT (DateTime, SensorID, MeasValue) VALUES (TO_DATE('09/05/18 15:59', 'DD/MM/YY HH24:MI'), 69269, 1004.0);
INSERT INTO SENSOR (SerialNumber, CityPlaced, SensorModel, MinimValue, MaximValue, Unit, SensorType) VALUES (28643, 'Καρδία SV2HNE', 'ASBS-5798', 0.0, 22.9, 'km/h', 'Wind');
INSERT INTO MEASUREMENT (DateTime, SensorID, MeasValue) VALUES (TO_DATE('09/05/18 15:59', 'DD/MM/YY HH24:MI'), 28643, 0.0);
INSERT INTO SENSOR (SerialNumber, CityPlaced, SensorModel, MinimValue, MaximValue, Unit, SensorType) VALUES (851304, 'Νέα Κρήνη', 'MZENZ-551', -51.0, 79.9, '°C', 'Temperature');
INSERT INTO MEASUREMENT (DateTime, SensorID, MeasValue) VALUES (TO_DATE('09/05/18 16:03', 'DD/MM/YY HH24:MI'), 851304, 25.6);
INSERT INTO SENSOR (SerialNumber, CityPlaced, SensorModel, MinimValue, MaximValue, Unit, SensorType) VALUES (435152, 'Νέα Κρήνη', 'LSUHQ-6921', 0, 100, '%', 'Humidity');
INSERT INTO MEASUREMENT (DateTime, SensorID, MeasValue) VALUES (TO_DATE('09/05/18 16:03', 'DD/MM/YY HH24:MI'), 435152, 66);
INSERT INTO SENSOR (SerialNumber, CityPlaced, SensorModel, MinimValue, MaximValue, Unit, SensorType) VALUES (42501, 'Νέα Κρήνη', 'AKKJ-202', 749.0, 1089.9, 'hPa', 'Pressure');
INSERT INTO MEASUREMENT (DateTime, SensorID, MeasValue) VALUES (TO_DATE('09/05/18 16:03', 'DD/MM/YY HH24:MI'), 42501, 1004.5);
INSERT INTO SENSOR (SerialNumber, CityPlaced, SensorModel, MinimValue, MaximValue, Unit, SensorType) VALUES (72840, 'Νέα Κρήνη', 'IPGG-7300', 0.0, 23.9, 'km/h', 'Wind');
INSERT INTO MEASUREMENT (DateTime, SensorID, MeasValue) VALUES (TO_DATE('09/05/18 16:03', 'DD/MM/YY HH24:MI'), 72840, 2.7);
INSERT INTO SENSOR (SerialNumber, CityPlaced, SensorModel, MinimValue, MaximValue, Unit, SensorType) VALUES (466230, 'Πεντάλοφος SV2BZQ', 'BQDBU-781', -53.0, 80.9, '°C', 'Temperature');
INSERT INTO MEASUREMENT (DateTime, SensorID, MeasValue) VALUES (TO_DATE('09/05/18 16:02', 'DD/MM/YY HH24:MI'), 466230, 23.1);
INSERT INTO SENSOR (SerialNumber, CityPlaced, SensorModel, MinimValue, MaximValue, Unit, SensorType) VALUES (768610, 'Πεντάλοφος SV2BZQ', 'PFRKX-7068', 0, 100, '%', 'Humidity');
INSERT INTO MEASUREMENT (DateTime, SensorID, MeasValue) VALUES (TO_DATE('09/05/18 16:02', 'DD/MM/YY HH24:MI'), 768610, 68);
INSERT INTO SENSOR (SerialNumber, CityPlaced, SensorModel, MinimValue, MaximValue, Unit, SensorType) VALUES (21667, 'Πεντάλοφος SV2BZQ', 'TWHR-526', 731.0, 1075.9, 'hPa', 'Pressure');
INSERT INTO MEASUREMENT (DateTime, SensorID, MeasValue) VALUES (TO_DATE('09/05/18 16:02', 'DD/MM/YY HH24:MI'), 21667, 1003.9);
INSERT INTO SENSOR (SerialNumber, CityPlaced, SensorModel, MinimValue, MaximValue, Unit, SensorType) VALUES (48414, 'Πεντάλοφος SV2BZQ', 'ACFJ-4673', 0.0, 24.9, 'km/h', 'Wind');
INSERT INTO MEASUREMENT (DateTime, SensorID, MeasValue) VALUES (TO_DATE('09/05/18 16:02', 'DD/MM/YY HH24:MI'), 48414, 5.0);
INSERT INTO SENSOR (SerialNumber, CityPlaced, SensorModel, MinimValue, MaximValue, Unit, SensorType) VALUES (905268, 'Πυλαία SV2HUI', 'DVSQR-685', -51.0, 77.9, '°C', 'Temperature');
INSERT INTO MEASUREMENT (DateTime, SensorID, MeasValue) VALUES (TO_DATE('09/05/18 16:03', 'DD/MM/YY HH24:MI'), 905268, 27.2);
INSERT INTO SENSOR (SerialNumber, CityPlaced, SensorModel, MinimValue, MaximValue, Unit, SensorType) VALUES (738839, 'Πυλαία SV2HUI', 'LSEER-5947', 0, 100, '%', 'Humidity');
INSERT INTO MEASUREMENT (DateTime, SensorID, MeasValue) VALUES (TO_DATE('09/05/18 16:03', 'DD/MM/YY HH24:MI'), 738839, 51);
INSERT INTO SENSOR (SerialNumber, CityPlaced, SensorModel, MinimValue, MaximValue, Unit, SensorType) VALUES (71569, 'Πυλαία SV2HUI', 'MQGY-350', 743.0, 1059.9, 'hPa', 'Pressure');
INSERT INTO MEASUREMENT (DateTime, SensorID, MeasValue) VALUES (TO_DATE('09/05/18 16:03', 'DD/MM/YY HH24:MI'), 71569, 1019.7);
INSERT INTO SENSOR (SerialNumber, CityPlaced, SensorModel, MinimValue, MaximValue, Unit, SensorType) VALUES (48521, 'Πυλαία SV2HUI', 'AWIU-9871', 0.0, 20.9, 'km/h', 'Wind');
INSERT INTO MEASUREMENT (DateTime, SensorID, MeasValue) VALUES (TO_DATE('09/05/18 16:03', 'DD/MM/YY HH24:MI'), 48521, 2.0);
INSERT INTO SENSOR (SerialNumber, CityPlaced, SensorModel, MinimValue, MaximValue, Unit, SensorType) VALUES (706971, 'Φίλυρο (Οικοισμος Γερακίνα)', 'SJWBF-542', -59.0, 63.9, '°C', 'Temperature');
INSERT INTO MEASUREMENT (DateTime, SensorID, MeasValue) VALUES (TO_DATE('09/05/18 16:00', 'DD/MM/YY HH24:MI'), 706971, 20.6);
INSERT INTO SENSOR (SerialNumber, CityPlaced, SensorModel, MinimValue, MaximValue, Unit, SensorType) VALUES (984283, 'Φίλυρο (Οικοισμος Γερακίνα)', 'UARSJ-2281', 0, 100, '%', 'Humidity');
INSERT INTO MEASUREMENT (DateTime, SensorID, MeasValue) VALUES (TO_DATE('09/05/18 16:00', 'DD/MM/YY HH24:MI'), 984283, 70);
INSERT INTO SENSOR (SerialNumber, CityPlaced, SensorModel, MinimValue, MaximValue, Unit, SensorType) VALUES (14074, 'Φίλυρο (Οικοισμος Γερακίνα)', 'SAQO-362', 734.0, 1096.9, 'hPa', 'Pressure');
INSERT INTO MEASUREMENT (DateTime, SensorID, MeasValue) VALUES (TO_DATE('09/05/18 16:00', 'DD/MM/YY HH24:MI'), 14074, 1004.1);
INSERT INTO SENSOR (SerialNumber, CityPlaced, SensorModel, MinimValue, MaximValue, Unit, SensorType) VALUES (52909, 'Φίλυρο (Οικοισμος Γερακίνα)', 'DKDJ-8317', 0.0, 25.9, 'km/h', 'Wind');
INSERT INTO MEASUREMENT (DateTime, SensorID, MeasValue) VALUES (TO_DATE('09/05/18 16:00', 'DD/MM/YY HH24:MI'), 52909, 2.6);
INSERT INTO SENSOR (SerialNumber, CityPlaced, SensorModel, MinimValue, MaximValue, Unit, SensorType) VALUES (338816, 'Ωραιόκαστρο', 'URXRN-397', -51.0, 74.9, '°C', 'Temperature');
INSERT INTO MEASUREMENT (DateTime, SensorID, MeasValue) VALUES (TO_DATE('09/05/18 16:03', 'DD/MM/YY HH24:MI'), 338816, 21.6);
INSERT INTO SENSOR (SerialNumber, CityPlaced, SensorModel, MinimValue, MaximValue, Unit, SensorType) VALUES (926487, 'Ωραιόκαστρο', 'DCQQY-1819', 0, 100, '%', 'Humidity');
INSERT INTO MEASUREMENT (DateTime, SensorID, MeasValue) VALUES (TO_DATE('09/05/18 16:03', 'DD/MM/YY HH24:MI'), 926487, 71);
INSERT INTO SENSOR (SerialNumber, CityPlaced, SensorModel, MinimValue, MaximValue, Unit, SensorType) VALUES (98321, 'Ωραιόκαστρο', 'WONH-687', 733.0, 1065.9, 'hPa', 'Pressure');
INSERT INTO MEASUREMENT (DateTime, SensorID, MeasValue) VALUES (TO_DATE('09/05/18 16:03', 'DD/MM/YY HH24:MI'), 98321, 1004.5);
INSERT INTO SENSOR (SerialNumber, CityPlaced, SensorModel, MinimValue, MaximValue, Unit, SensorType) VALUES (25831, 'Ωραιόκαστρο', 'EYNJ-7640', 0.0, 25.9, 'km/h', 'Wind');
INSERT INTO MEASUREMENT (DateTime, SensorID, MeasValue) VALUES (TO_DATE('09/05/18 16:03', 'DD/MM/YY HH24:MI'), 25831, 1.1);
INSERT INTO SENSOR (SerialNumber, CityPlaced, SensorModel, MinimValue, MaximValue, Unit, SensorType) VALUES (453896, 'Βουνοχώρι', 'LHXTH-728', -55.0, 67.9, '°C', 'Temperature');
INSERT INTO MEASUREMENT (DateTime, SensorID, MeasValue) VALUES (TO_DATE('09/05/18 16:00', 'DD/MM/YY HH24:MI'), 453896, 21.2);
INSERT INTO SENSOR (SerialNumber, CityPlaced, SensorModel, MinimValue, MaximValue, Unit, SensorType) VALUES (640966, 'Βουνοχώρι', 'XCRQV-8198', 0, 100, '%', 'Humidity');
INSERT INTO MEASUREMENT (DateTime, SensorID, MeasValue) VALUES (TO_DATE('09/05/18 16:00', 'DD/MM/YY HH24:MI'), 640966, 62);
INSERT INTO SENSOR (SerialNumber, CityPlaced, SensorModel, MinimValue, MaximValue, Unit, SensorType) VALUES (59938, 'Βουνοχώρι', 'PYNS-293', 725.0, 1072.9, 'hPa', 'Pressure');
INSERT INTO MEASUREMENT (DateTime, SensorID, MeasValue) VALUES (TO_DATE('09/05/18 16:00', 'DD/MM/YY HH24:MI'), 59938, 1005.8);
INSERT INTO SENSOR (SerialNumber, CityPlaced, SensorModel, MinimValue, MaximValue, Unit, SensorType) VALUES (15485, 'Βουνοχώρι', 'OJPJ-3523', 0.0, 23.9, 'km/h', 'Wind');
INSERT INTO MEASUREMENT (DateTime, SensorID, MeasValue) VALUES (TO_DATE('09/05/18 16:00', 'DD/MM/YY HH24:MI'), 15485, 2.8);
INSERT INTO SENSOR (SerialNumber, CityPlaced, SensorModel, MinimValue, MaximValue, Unit, SensorType) VALUES (710252, 'Ελευθερούπολη', 'RDHTC-993', -60.0, 78.9, '°C', 'Temperature');
INSERT INTO MEASUREMENT (DateTime, SensorID, MeasValue) VALUES (TO_DATE('09/05/18 16:03', 'DD/MM/YY HH24:MI'), 710252, 23.5);
INSERT INTO SENSOR (SerialNumber, CityPlaced, SensorModel, MinimValue, MaximValue, Unit, SensorType) VALUES (226885, 'Ελευθερούπολη', 'MFHFT-2039', 0, 100, '%', 'Humidity');
INSERT INTO MEASUREMENT (DateTime, SensorID, MeasValue) VALUES (TO_DATE('09/05/18 16:03', 'DD/MM/YY HH24:MI'), 226885, 71);
INSERT INTO SENSOR (SerialNumber, CityPlaced, SensorModel, MinimValue, MaximValue, Unit, SensorType) VALUES (59955, 'Ελευθερούπολη', 'KZIG-139', 734.0, 1059.9, 'hPa', 'Pressure');
INSERT INTO MEASUREMENT (DateTime, SensorID, MeasValue) VALUES (TO_DATE('09/05/18 16:03', 'DD/MM/YY HH24:MI'), 59955, 1004.2);
INSERT INTO SENSOR (SerialNumber, CityPlaced, SensorModel, MinimValue, MaximValue, Unit, SensorType) VALUES (74160, 'Ελευθερούπολη', 'ROFX-6220', 0.0, 23.9, 'km/h', 'Wind');
INSERT INTO MEASUREMENT (DateTime, SensorID, MeasValue) VALUES (TO_DATE('09/05/18 16:03', 'DD/MM/YY HH24:MI'), 74160, 6.2);
INSERT INTO SENSOR (SerialNumber, CityPlaced, SensorModel, MinimValue, MaximValue, Unit, SensorType) VALUES (761332, 'Θάσος Λιμένας', 'DIDWD-614', -54.0, 62.9, '°C', 'Temperature');
INSERT INTO MEASUREMENT (DateTime, SensorID, MeasValue) VALUES (TO_DATE('09/05/18 16:00', 'DD/MM/YY HH24:MI'), 761332, 22.7);
INSERT INTO SENSOR (SerialNumber, CityPlaced, SensorModel, MinimValue, MaximValue, Unit, SensorType) VALUES (434091, 'Θάσος Λιμένας', 'EYJXJ-8924', 0, 100, '%', 'Humidity');
INSERT INTO MEASUREMENT (DateTime, SensorID, MeasValue) VALUES (TO_DATE('09/05/18 16:00', 'DD/MM/YY HH24:MI'), 434091, 70);
INSERT INTO SENSOR (SerialNumber, CityPlaced, SensorModel, MinimValue, MaximValue, Unit, SensorType) VALUES (21863, 'Θάσος Λιμένας', 'WBUR-134', 713.0, 1099.9, 'hPa', 'Pressure');
INSERT INTO MEASUREMENT (DateTime, SensorID, MeasValue) VALUES (TO_DATE('09/05/18 16:00', 'DD/MM/YY HH24:MI'), 21863, 998.4);
INSERT INTO SENSOR (SerialNumber, CityPlaced, SensorModel, MinimValue, MaximValue, Unit, SensorType) VALUES (42594, 'Θάσος Λιμένας', 'YQFL-7295', 0.0, 21.9, 'km/h', 'Wind');
INSERT INTO MEASUREMENT (DateTime, SensorID, MeasValue) VALUES (TO_DATE('09/05/18 16:00', 'DD/MM/YY HH24:MI'), 42594, 4.3);
INSERT INTO SENSOR (SerialNumber, CityPlaced, SensorModel, MinimValue, MaximValue, Unit, SensorType) VALUES (983377, 'Καβάλα', 'SWIOH-671', -55.0, 64.9, '°C', 'Temperature');
INSERT INTO MEASUREMENT (DateTime, SensorID, MeasValue) VALUES (TO_DATE('09/05/18 16:00', 'DD/MM/YY HH24:MI'), 983377, 22.1);
INSERT INTO SENSOR (SerialNumber, CityPlaced, SensorModel, MinimValue, MaximValue, Unit, SensorType) VALUES (760642, 'Καβάλα', 'VYJNQ-1455', 0, 100, '%', 'Humidity');
INSERT INTO MEASUREMENT (DateTime, SensorID, MeasValue) VALUES (TO_DATE('09/05/18 16:00', 'DD/MM/YY HH24:MI'), 760642, 79);
INSERT INTO SENSOR (SerialNumber, CityPlaced, SensorModel, MinimValue, MaximValue, Unit, SensorType) VALUES (15895, 'Καβάλα', 'OLPM-728', 727.0, 1054.9, 'hPa', 'Pressure');
INSERT INTO MEASUREMENT (DateTime, SensorID, MeasValue) VALUES (TO_DATE('09/05/18 16:00', 'DD/MM/YY HH24:MI'), 15895, 1005.7);
INSERT INTO SENSOR (SerialNumber, CityPlaced, SensorModel, MinimValue, MaximValue, Unit, SensorType) VALUES (63442, 'Καβάλα', 'EOSI-1888', 0.0, 25.9, 'km/h', 'Wind');
INSERT INTO MEASUREMENT (DateTime, SensorID, MeasValue) VALUES (TO_DATE('09/05/18 16:00', 'DD/MM/YY HH24:MI'), 63442, 10.4);
INSERT INTO SENSOR (SerialNumber, CityPlaced, SensorModel, MinimValue, MaximValue, Unit, SensorType) VALUES (599074, 'Παλαιοχώρι Παγγαίο', 'TCINK-417', -52.0, 67.9, '°C', 'Temperature');
INSERT INTO MEASUREMENT (DateTime, SensorID, MeasValue) VALUES (TO_DATE('09/05/18 16:00', 'DD/MM/YY HH24:MI'), 599074, 25.4);
INSERT INTO SENSOR (SerialNumber, CityPlaced, SensorModel, MinimValue, MaximValue, Unit, SensorType) VALUES (852112, 'Παλαιοχώρι Παγγαίο', 'JVGIK-3397', 0, 100, '%', 'Humidity');
INSERT INTO MEASUREMENT (DateTime, SensorID, MeasValue) VALUES (TO_DATE('09/05/18 16:00', 'DD/MM/YY HH24:MI'), 852112, 52);
INSERT INTO SENSOR (SerialNumber, CityPlaced, SensorModel, MinimValue, MaximValue, Unit, SensorType) VALUES (64919, 'Παλαιοχώρι Παγγαίο', 'RKYS-901', 746.0, 1073.9, 'hPa', 'Pressure');
INSERT INTO MEASUREMENT (DateTime, SensorID, MeasValue) VALUES (TO_DATE('09/05/18 16:00', 'DD/MM/YY HH24:MI'), 64919, 1002.5);
INSERT INTO SENSOR (SerialNumber, CityPlaced, SensorModel, MinimValue, MaximValue, Unit, SensorType) VALUES (67493, 'Παλαιοχώρι Παγγαίο', 'YHQE-0626', 0.0, 23.9, 'km/h', 'Wind');
INSERT INTO MEASUREMENT (DateTime, SensorID, MeasValue) VALUES (TO_DATE('09/05/18 16:00', 'DD/MM/YY HH24:MI'), 67493, 0.0);
INSERT INTO SENSOR (SerialNumber, CityPlaced, SensorModel, MinimValue, MaximValue, Unit, SensorType) VALUES (932754, 'Βεγορίτιδα', 'JLKYY-236', -57.0, 64.9, '°C', 'Temperature');
INSERT INTO MEASUREMENT (DateTime, SensorID, MeasValue) VALUES (TO_DATE('09/05/18 15:57', 'DD/MM/YY HH24:MI'), 932754, 18.3);
INSERT INTO SENSOR (SerialNumber, CityPlaced, SensorModel, MinimValue, MaximValue, Unit, SensorType) VALUES (729334, 'Βεγορίτιδα', 'BQNXG-7076', 0, 100, '%', 'Humidity');
INSERT INTO MEASUREMENT (DateTime, SensorID, MeasValue) VALUES (TO_DATE('09/05/18 15:57', 'DD/MM/YY HH24:MI'), 729334, 78);
INSERT INTO SENSOR (SerialNumber, CityPlaced, SensorModel, MinimValue, MaximValue, Unit, SensorType) VALUES (81860, 'Βεγορίτιδα', 'GHJZ-011', 743.0, 1061.9, 'hPa', 'Pressure');
INSERT INTO MEASUREMENT (DateTime, SensorID, MeasValue) VALUES (TO_DATE('09/05/18 15:57', 'DD/MM/YY HH24:MI'), 81860, 1005.7);
INSERT INTO SENSOR (SerialNumber, CityPlaced, SensorModel, MinimValue, MaximValue, Unit, SensorType) VALUES (90848, 'Βεγορίτιδα', 'YNTQ-6041', 0.0, 25.9, 'km/h', 'Wind');
INSERT INTO MEASUREMENT (DateTime, SensorID, MeasValue) VALUES (TO_DATE('09/05/18 15:57', 'DD/MM/YY HH24:MI'), 90848, 0.3);
INSERT INTO SENSOR (SerialNumber, CityPlaced, SensorModel, MinimValue, MaximValue, Unit, SensorType) VALUES (675505, 'Μακρύγιαλος SV2BZQ', 'CQRRV-735', -56.0, 65.9, '°C', 'Temperature');
INSERT INTO MEASUREMENT (DateTime, SensorID, MeasValue) VALUES (TO_DATE('09/05/18 15:59', 'DD/MM/YY HH24:MI'), 675505, 24.9);
INSERT INTO SENSOR (SerialNumber, CityPlaced, SensorModel, MinimValue, MaximValue, Unit, SensorType) VALUES (719509, 'Μακρύγιαλος SV2BZQ', 'WSMAN-2273', 0, 100, '%', 'Humidity');
INSERT INTO MEASUREMENT (DateTime, SensorID, MeasValue) VALUES (TO_DATE('09/05/18 15:59', 'DD/MM/YY HH24:MI'), 719509, 57);
INSERT INTO SENSOR (SerialNumber, CityPlaced, SensorModel, MinimValue, MaximValue, Unit, SensorType) VALUES (14818, 'Μακρύγιαλος SV2BZQ', 'XGEQ-638', 748.0, 1065.9, 'hPa', 'Pressure');
INSERT INTO MEASUREMENT (DateTime, SensorID, MeasValue) VALUES (TO_DATE('09/05/18 15:59', 'DD/MM/YY HH24:MI'), 14818, 1003.3);
INSERT INTO SENSOR (SerialNumber, CityPlaced, SensorModel, MinimValue, MaximValue, Unit, SensorType) VALUES (19306, 'Μακρύγιαλος SV2BZQ', 'HLSG-1871', 0.0, 22.9, 'km/h', 'Wind');
INSERT INTO MEASUREMENT (DateTime, SensorID, MeasValue) VALUES (TO_DATE('09/05/18 15:59', 'DD/MM/YY HH24:MI'), 19306, 5.9);
INSERT INTO SENSOR (SerialNumber, CityPlaced, SensorModel, MinimValue, MaximValue, Unit, SensorType) VALUES (989450, 'Ηράκλεια Σέρρες', 'KKMQL-206', -59.0, 61.9, '°C', 'Temperature');
INSERT INTO MEASUREMENT (DateTime, SensorID, MeasValue) VALUES (TO_DATE('09/05/18 15:15', 'DD/MM/YY HH24:MI'), 989450, 25.6);
INSERT INTO SENSOR (SerialNumber, CityPlaced, SensorModel, MinimValue, MaximValue, Unit, SensorType) VALUES (654942, 'Ηράκλεια Σέρρες', 'LVQCH-7358', 0, 100, '%', 'Humidity');
INSERT INTO MEASUREMENT (DateTime, SensorID, MeasValue) VALUES (TO_DATE('09/05/18 15:15', 'DD/MM/YY HH24:MI'), 654942, 54);
INSERT INTO SENSOR (SerialNumber, CityPlaced, SensorModel, MinimValue, MaximValue, Unit, SensorType) VALUES (94884, 'Ηράκλεια Σέρρες', 'IGLF-334', 719.0, 1098.9, 'hPa', 'Pressure');
INSERT INTO MEASUREMENT (DateTime, SensorID, MeasValue) VALUES (TO_DATE('09/05/18 15:15', 'DD/MM/YY HH24:MI'), 94884, 1002.5);
INSERT INTO SENSOR (SerialNumber, CityPlaced, SensorModel, MinimValue, MaximValue, Unit, SensorType) VALUES (39146, 'Ηράκλεια Σέρρες', 'HNIJ-9948', 0.0, 25.9, 'km/h', 'Wind');
INSERT INTO MEASUREMENT (DateTime, SensorID, MeasValue) VALUES (TO_DATE('09/05/18 15:15', 'DD/MM/YY HH24:MI'), 39146, 6.5);
INSERT INTO SENSOR (SerialNumber, CityPlaced, SensorModel, MinimValue, MaximValue, Unit, SensorType) VALUES (265458, 'Πρώτη', 'WTQCC-321', -60.0, 69.9, '°C', 'Temperature');
INSERT INTO MEASUREMENT (DateTime, SensorID, MeasValue) VALUES (TO_DATE('09/05/18 16:00', 'DD/MM/YY HH24:MI'), 265458, 23.9);
INSERT INTO SENSOR (SerialNumber, CityPlaced, SensorModel, MinimValue, MaximValue, Unit, SensorType) VALUES (879966, 'Πρώτη', 'OVMMM-8686', 0, 100, '%', 'Humidity');
INSERT INTO MEASUREMENT (DateTime, SensorID, MeasValue) VALUES (TO_DATE('09/05/18 16:00', 'DD/MM/YY HH24:MI'), 879966, 50);
INSERT INTO SENSOR (SerialNumber, CityPlaced, SensorModel, MinimValue, MaximValue, Unit, SensorType) VALUES (41706, 'Πρώτη', 'ZEIJ-467', 703.0, 1097.9, 'hPa', 'Pressure');
INSERT INTO MEASUREMENT (DateTime, SensorID, MeasValue) VALUES (TO_DATE('09/05/18 16:00', 'DD/MM/YY HH24:MI'), 41706, 1002.1);
INSERT INTO SENSOR (SerialNumber, CityPlaced, SensorModel, MinimValue, MaximValue, Unit, SensorType) VALUES (41571, 'Πρώτη', 'FAWF-0304', 0.0, 24.9, 'km/h', 'Wind');
INSERT INTO MEASUREMENT (DateTime, SensorID, MeasValue) VALUES (TO_DATE('09/05/18 16:00', 'DD/MM/YY HH24:MI'), 41571, 2.9);
INSERT INTO SENSOR (SerialNumber, CityPlaced, SensorModel, MinimValue, MaximValue, Unit, SensorType) VALUES (949690, 'Ροδολίβος', 'MYNGA-286', -53.0, 74.9, '°C', 'Temperature');
INSERT INTO MEASUREMENT (DateTime, SensorID, MeasValue) VALUES (TO_DATE('09/05/18 16:00', 'DD/MM/YY HH24:MI'), 949690, 24.6);
INSERT INTO SENSOR (SerialNumber, CityPlaced, SensorModel, MinimValue, MaximValue, Unit, SensorType) VALUES (860455, 'Ροδολίβος', 'QGWIC-3365', 0, 100, '%', 'Humidity');
INSERT INTO MEASUREMENT (DateTime, SensorID, MeasValue) VALUES (TO_DATE('09/05/18 16:00', 'DD/MM/YY HH24:MI'), 860455, 58);
INSERT INTO SENSOR (SerialNumber, CityPlaced, SensorModel, MinimValue, MaximValue, Unit, SensorType) VALUES (21354, 'Ροδολίβος', 'FUCS-051', 732.0, 1057.9, 'hPa', 'Pressure');
INSERT INTO MEASUREMENT (DateTime, SensorID, MeasValue) VALUES (TO_DATE('09/05/18 16:00', 'DD/MM/YY HH24:MI'), 21354, 1004.5);
INSERT INTO SENSOR (SerialNumber, CityPlaced, SensorModel, MinimValue, MaximValue, Unit, SensorType) VALUES (56667, 'Ροδολίβος', 'DTGX-2947', 0.0, 23.9, 'km/h', 'Wind');
INSERT INTO MEASUREMENT (DateTime, SensorID, MeasValue) VALUES (TO_DATE('09/05/18 16:00', 'DD/MM/YY HH24:MI'), 56667, 5.3);
INSERT INTO SENSOR (SerialNumber, CityPlaced, SensorModel, MinimValue, MaximValue, Unit, SensorType) VALUES (144585, 'Χρυσοχώραφα Σέρρες', 'UALWJ-855', -55.0, 73.9, '°C', 'Temperature');
INSERT INTO MEASUREMENT (DateTime, SensorID, MeasValue) VALUES (TO_DATE('09/05/18 16:00', 'DD/MM/YY HH24:MI'), 144585, 25.6);
INSERT INTO SENSOR (SerialNumber, CityPlaced, SensorModel, MinimValue, MaximValue, Unit, SensorType) VALUES (680852, 'Χρυσοχώραφα Σέρρες', 'OMYCE-6280', 0, 100, '%', 'Humidity');
INSERT INTO MEASUREMENT (DateTime, SensorID, MeasValue) VALUES (TO_DATE('09/05/18 16:00', 'DD/MM/YY HH24:MI'), 680852, 53);
INSERT INTO SENSOR (SerialNumber, CityPlaced, SensorModel, MinimValue, MaximValue, Unit, SensorType) VALUES (42111, 'Χρυσοχώραφα Σέρρες', 'WQLD-991', 740.0, 1063.9, 'hPa', 'Pressure');
INSERT INTO MEASUREMENT (DateTime, SensorID, MeasValue) VALUES (TO_DATE('09/05/18 16:00', 'DD/MM/YY HH24:MI'), 42111, 1002.6);
INSERT INTO SENSOR (SerialNumber, CityPlaced, SensorModel, MinimValue, MaximValue, Unit, SensorType) VALUES (86463, 'Χρυσοχώραφα Σέρρες', 'KVNR-8237', 0.0, 22.9, 'km/h', 'Wind');
INSERT INTO MEASUREMENT (DateTime, SensorID, MeasValue) VALUES (TO_DATE('09/05/18 16:00', 'DD/MM/YY HH24:MI'), 86463, 2.5);
INSERT INTO SENSOR (SerialNumber, CityPlaced, SensorModel, MinimValue, MaximValue, Unit, SensorType) VALUES (335382, 'Nέα Μουδανιά', 'QUXTN-170', -57.0, 79.9, '°C', 'Temperature');
INSERT INTO MEASUREMENT (DateTime, SensorID, MeasValue) VALUES (TO_DATE('09/05/18 16:03', 'DD/MM/YY HH24:MI'), 335382, 21.8);
INSERT INTO SENSOR (SerialNumber, CityPlaced, SensorModel, MinimValue, MaximValue, Unit, SensorType) VALUES (758472, 'Nέα Μουδανιά', 'XSQZF-4509', 0, 100, '%', 'Humidity');
INSERT INTO MEASUREMENT (DateTime, SensorID, MeasValue) VALUES (TO_DATE('09/05/18 16:03', 'DD/MM/YY HH24:MI'), 758472, 77);
INSERT INTO SENSOR (SerialNumber, CityPlaced, SensorModel, MinimValue, MaximValue, Unit, SensorType) VALUES (56079, 'Nέα Μουδανιά', 'VPXX-069', 730.0, 1058.9, 'hPa', 'Pressure');
INSERT INTO MEASUREMENT (DateTime, SensorID, MeasValue) VALUES (TO_DATE('09/05/18 16:03', 'DD/MM/YY HH24:MI'), 56079, 1003.9);
INSERT INTO SENSOR (SerialNumber, CityPlaced, SensorModel, MinimValue, MaximValue, Unit, SensorType) VALUES (20533, 'Nέα Μουδανιά', 'EGUF-3810', 0.0, 23.9, 'km/h', 'Wind');
INSERT INTO MEASUREMENT (DateTime, SensorID, MeasValue) VALUES (TO_DATE('09/05/18 16:03', 'DD/MM/YY HH24:MI'), 20533, 3.5);
INSERT INTO SENSOR (SerialNumber, CityPlaced, SensorModel, MinimValue, MaximValue, Unit, SensorType) VALUES (746405, 'Άγιος Νικόλαος', 'FPJXG-519', -60.0, 73.9, '°C', 'Temperature');
INSERT INTO MEASUREMENT (DateTime, SensorID, MeasValue) VALUES (TO_DATE('09/05/18 15:55', 'DD/MM/YY HH24:MI'), 746405, 23.9);
INSERT INTO SENSOR (SerialNumber, CityPlaced, SensorModel, MinimValue, MaximValue, Unit, SensorType) VALUES (445778, 'Άγιος Νικόλαος', 'YWPXT-9219', 0, 100, '%', 'Humidity');
INSERT INTO MEASUREMENT (DateTime, SensorID, MeasValue) VALUES (TO_DATE('09/05/18 15:55', 'DD/MM/YY HH24:MI'), 445778, 55);
INSERT INTO SENSOR (SerialNumber, CityPlaced, SensorModel, MinimValue, MaximValue, Unit, SensorType) VALUES (16149, 'Άγιος Νικόλαος', 'QRTW-045', 703.0, 1052.9, 'hPa', 'Pressure');
INSERT INTO MEASUREMENT (DateTime, SensorID, MeasValue) VALUES (TO_DATE('09/05/18 15:55', 'DD/MM/YY HH24:MI'), 16149, 1005.0);
INSERT INTO MEASUREMENT (DateTime, SensorID, MeasValue) VALUES (TO_DATE('09/05/18 15:55', 'DD/MM/YY HH24:MI'), 43013, 9.0);
INSERT INTO SENSOR (SerialNumber, CityPlaced, SensorModel, MinimValue, MaximValue, Unit, SensorType) VALUES (731345, 'Νέα Ηράκλεια', 'RIQYU-882', -58.0, 78.9, '°C', 'Temperature');
INSERT INTO MEASUREMENT (DateTime, SensorID, MeasValue) VALUES (TO_DATE('09/05/18 16:00', 'DD/MM/YY HH24:MI'), 731345, 24.7);
INSERT INTO SENSOR (SerialNumber, CityPlaced, SensorModel, MinimValue, MaximValue, Unit, SensorType) VALUES (433698, 'Νέα Ηράκλεια', 'AHQNK-6098', 0, 100, '%', 'Humidity');
INSERT INTO MEASUREMENT (DateTime, SensorID, MeasValue) VALUES (TO_DATE('09/05/18 16:00', 'DD/MM/YY HH24:MI'), 433698, 67);
INSERT INTO SENSOR (SerialNumber, CityPlaced, SensorModel, MinimValue, MaximValue, Unit, SensorType) VALUES (11587, 'Νέα Ηράκλεια', 'OETV-614', 706.0, 1091.9, 'hPa', 'Pressure');
INSERT INTO MEASUREMENT (DateTime, SensorID, MeasValue) VALUES (TO_DATE('09/05/18 16:00', 'DD/MM/YY HH24:MI'), 11587, 1002.3);
INSERT INTO SENSOR (SerialNumber, CityPlaced, SensorModel, MinimValue, MaximValue, Unit, SensorType) VALUES (97017, 'Νέα Ηράκλεια', 'WPJB-3660', 0.0, 24.9, 'km/h', 'Wind');
INSERT INTO MEASUREMENT (DateTime, SensorID, MeasValue) VALUES (TO_DATE('09/05/18 16:00', 'DD/MM/YY HH24:MI'), 97017, 4.3);
INSERT INTO SENSOR (SerialNumber, CityPlaced, SensorModel, MinimValue, MaximValue, Unit, SensorType) VALUES (823547, 'Ναύπλιο', 'RTWOY-637', -57.0, 61.9, '°C', 'Temperature');
INSERT INTO MEASUREMENT (DateTime, SensorID, MeasValue) VALUES (TO_DATE('09/05/18 16:00', 'DD/MM/YY HH24:MI'), 823547, 23.7);
INSERT INTO SENSOR (SerialNumber, CityPlaced, SensorModel, MinimValue, MaximValue, Unit, SensorType) VALUES (149511, 'Ναύπλιο', 'LZQZS-2490', 0, 100, '%', 'Humidity');
INSERT INTO MEASUREMENT (DateTime, SensorID, MeasValue) VALUES (TO_DATE('09/05/18 16:00', 'DD/MM/YY HH24:MI'), 149511, 61);
INSERT INTO SENSOR (SerialNumber, CityPlaced, SensorModel, MinimValue, MaximValue, Unit, SensorType) VALUES (73898, 'Ναύπλιο', 'LOEM-174', 720.0, 1093.9, 'hPa', 'Pressure');
INSERT INTO MEASUREMENT (DateTime, SensorID, MeasValue) VALUES (TO_DATE('09/05/18 16:00', 'DD/MM/YY HH24:MI'), 73898, 1004.5);
INSERT INTO SENSOR (SerialNumber, CityPlaced, SensorModel, MinimValue, MaximValue, Unit, SensorType) VALUES (51852, 'Ναύπλιο', 'YOOV-2688', 0.0, 23.9, 'km/h', 'Wind');
INSERT INTO MEASUREMENT (DateTime, SensorID, MeasValue) VALUES (TO_DATE('09/05/18 16:00', 'DD/MM/YY HH24:MI'), 51852, 12.3);
INSERT INTO SENSOR (SerialNumber, CityPlaced, SensorModel, MinimValue, MaximValue, Unit, SensorType) VALUES (602468, 'Νεοχώρι Φαλαισία Β. Ταΰγετος', 'LJMAR-664', -52.0, 66.9, '°C', 'Temperature');
INSERT INTO MEASUREMENT (DateTime, SensorID, MeasValue) VALUES (TO_DATE('09/05/18 15:55', 'DD/MM/YY HH24:MI'), 602468, 18.9);
INSERT INTO SENSOR (SerialNumber, CityPlaced, SensorModel, MinimValue, MaximValue, Unit, SensorType) VALUES (691553, 'Νεοχώρι Φαλαισία Β. Ταΰγετος', 'EODDQ-7464', 0, 100, '%', 'Humidity');
INSERT INTO MEASUREMENT (DateTime, SensorID, MeasValue) VALUES (TO_DATE('09/05/18 15:55', 'DD/MM/YY HH24:MI'), 691553, 52);
INSERT INTO SENSOR (SerialNumber, CityPlaced, SensorModel, MinimValue, MaximValue, Unit, SensorType) VALUES (24448, 'Νεοχώρι Φαλαισία Β. Ταΰγετος', 'OYGR-523', 710.0, 1090.9, 'hPa', 'Pressure');
INSERT INTO MEASUREMENT (DateTime, SensorID, MeasValue) VALUES (TO_DATE('09/05/18 15:55', 'DD/MM/YY HH24:MI'), 24448, 1005.7);
INSERT INTO SENSOR (SerialNumber, CityPlaced, SensorModel, MinimValue, MaximValue, Unit, SensorType) VALUES (55665, 'Νεοχώρι Φαλαισία Β. Ταΰγετος', 'YZTI-9534', 0.0, 23.9, 'km/h', 'Wind');
INSERT INTO MEASUREMENT (DateTime, SensorID, MeasValue) VALUES (TO_DATE('09/05/18 15:55', 'DD/MM/YY HH24:MI'), 55665, 2.1);
INSERT INTO SENSOR (SerialNumber, CityPlaced, SensorModel, MinimValue, MaximValue, Unit, SensorType) VALUES (521715, 'Ακράτα Συλιβαινιώτικα', 'RNFNI-397', -56.0, 70.9, '°C', 'Temperature');
INSERT INTO MEASUREMENT (DateTime, SensorID, MeasValue) VALUES (TO_DATE('09/05/18 16:00', 'DD/MM/YY HH24:MI'), 521715, 22.4);
INSERT INTO SENSOR (SerialNumber, CityPlaced, SensorModel, MinimValue, MaximValue, Unit, SensorType) VALUES (482032, 'Ακράτα Συλιβαινιώτικα', 'JEVGX-0099', 0, 100, '%', 'Humidity');
INSERT INTO MEASUREMENT (DateTime, SensorID, MeasValue) VALUES (TO_DATE('09/05/18 16:00', 'DD/MM/YY HH24:MI'), 482032, 65);
INSERT INTO SENSOR (SerialNumber, CityPlaced, SensorModel, MinimValue, MaximValue, Unit, SensorType) VALUES (97891, 'Ακράτα Συλιβαινιώτικα', 'FLMA-532', 726.0, 1076.9, 'hPa', 'Pressure');
INSERT INTO MEASUREMENT (DateTime, SensorID, MeasValue) VALUES (TO_DATE('09/05/18 16:00', 'DD/MM/YY HH24:MI'), 97891, 1004.5);
INSERT INTO SENSOR (SerialNumber, CityPlaced, SensorModel, MinimValue, MaximValue, Unit, SensorType) VALUES (88639, 'Ακράτα Συλιβαινιώτικα', 'XYPN-6849', 0.0, 20.9, 'km/h', 'Wind');
INSERT INTO MEASUREMENT (DateTime, SensorID, MeasValue) VALUES (TO_DATE('09/05/18 16:00', 'DD/MM/YY HH24:MI'), 88639, 11.8);
INSERT INTO SENSOR (SerialNumber, CityPlaced, SensorModel, MinimValue, MaximValue, Unit, SensorType) VALUES (937976, 'Κάτω Βλασία', 'TFWDA-762', -58.0, 80.9, '°C', 'Temperature');
INSERT INTO MEASUREMENT (DateTime, SensorID, MeasValue) VALUES (TO_DATE('09/05/18 15:58', 'DD/MM/YY HH24:MI'), 937976, 18.2);
INSERT INTO SENSOR (SerialNumber, CityPlaced, SensorModel, MinimValue, MaximValue, Unit, SensorType) VALUES (439259, 'Κάτω Βλασία', 'YLFBM-5735', 0, 100, '%', 'Humidity');
INSERT INTO MEASUREMENT (DateTime, SensorID, MeasValue) VALUES (TO_DATE('09/05/18 15:58', 'DD/MM/YY HH24:MI'), 439259, 82);
INSERT INTO SENSOR (SerialNumber, CityPlaced, SensorModel, MinimValue, MaximValue, Unit, SensorType) VALUES (58511, 'Κάτω Βλασία', 'TXOL-850', 721.0, 1073.9, 'hPa', 'Pressure');
INSERT INTO MEASUREMENT (DateTime, SensorID, MeasValue) VALUES (TO_DATE('09/05/18 15:58', 'DD/MM/YY HH24:MI'), 58511, 1006.0);
INSERT INTO SENSOR (SerialNumber, CityPlaced, SensorModel, MinimValue, MaximValue, Unit, SensorType) VALUES (27470, 'Κάτω Βλασία', 'OVGU-9137', 0.0, 22.9, 'km/h', 'Wind');
INSERT INTO MEASUREMENT (DateTime, SensorID, MeasValue) VALUES (TO_DATE('09/05/18 15:58', 'DD/MM/YY HH24:MI'), 27470, 7.0);
INSERT INTO SENSOR (SerialNumber, CityPlaced, SensorModel, MinimValue, MaximValue, Unit, SensorType) VALUES (974613, 'Πάτρα Αγιά', 'KTAAY-071', -54.0, 61.9, '°C', 'Temperature');
INSERT INTO MEASUREMENT (DateTime, SensorID, MeasValue) VALUES (TO_DATE('09/05/18 16:00', 'DD/MM/YY HH24:MI'), 974613, 22.6);
INSERT INTO SENSOR (SerialNumber, CityPlaced, SensorModel, MinimValue, MaximValue, Unit, SensorType) VALUES (170465, 'Πάτρα Αγιά', 'FABCE-9984', 0, 100, '%', 'Humidity');
INSERT INTO MEASUREMENT (DateTime, SensorID, MeasValue) VALUES (TO_DATE('09/05/18 16:00', 'DD/MM/YY HH24:MI'), 170465, 76);
INSERT INTO SENSOR (SerialNumber, CityPlaced, SensorModel, MinimValue, MaximValue, Unit, SensorType) VALUES (57691, 'Πάτρα Αγιά', 'MFYM-374', 747.0, 1069.9, 'hPa', 'Pressure');
INSERT INTO MEASUREMENT (DateTime, SensorID, MeasValue) VALUES (TO_DATE('09/05/18 16:00', 'DD/MM/YY HH24:MI'), 57691, 1005.6);
INSERT INTO SENSOR (SerialNumber, CityPlaced, SensorModel, MinimValue, MaximValue, Unit, SensorType) VALUES (61824, 'Πάτρα Αγιά', 'MLVL-5935', 0.0, 21.9, 'km/h', 'Wind');
INSERT INTO MEASUREMENT (DateTime, SensorID, MeasValue) VALUES (TO_DATE('09/05/18 16:00', 'DD/MM/YY HH24:MI'), 61824, 9.4);
INSERT INTO SENSOR (SerialNumber, CityPlaced, SensorModel, MinimValue, MaximValue, Unit, SensorType) VALUES (867111, 'Πάτρα Κετχ', 'NDNLV-384', -59.0, 78.9, '°C', 'Temperature');
INSERT INTO MEASUREMENT (DateTime, SensorID, MeasValue) VALUES (TO_DATE('09/05/18 16:00', 'DD/MM/YY HH24:MI'), 867111, 21.9);
INSERT INTO SENSOR (SerialNumber, CityPlaced, SensorModel, MinimValue, MaximValue, Unit, SensorType) VALUES (917669, 'Πάτρα Κετχ', 'TGWEE-0013', 0, 100, '%', 'Humidity');
INSERT INTO MEASUREMENT (DateTime, SensorID, MeasValue) VALUES (TO_DATE('09/05/18 16:00', 'DD/MM/YY HH24:MI'), 917669, 69);
INSERT INTO SENSOR (SerialNumber, CityPlaced, SensorModel, MinimValue, MaximValue, Unit, SensorType) VALUES (79377, 'Πάτρα Κετχ', 'YHTJ-093', 728.0, 1094.9, 'hPa', 'Pressure');
INSERT INTO MEASUREMENT (DateTime, SensorID, MeasValue) VALUES (TO_DATE('09/05/18 16:00', 'DD/MM/YY HH24:MI'), 79377, 1005.8);
INSERT INTO SENSOR (SerialNumber, CityPlaced, SensorModel, MinimValue, MaximValue, Unit, SensorType) VALUES (22609, 'Πάτρα Κετχ', 'JSEG-2152', 0.0, 23.9, 'km/h', 'Wind');
INSERT INTO MEASUREMENT (DateTime, SensorID, MeasValue) VALUES (TO_DATE('09/05/18 16:00', 'DD/MM/YY HH24:MI'), 22609, 4.4);
INSERT INTO SENSOR (SerialNumber, CityPlaced, SensorModel, MinimValue, MaximValue, Unit, SensorType) VALUES (140016, 'Ρίο Καστελόκαμπος', 'WUCEV-323', -59.0, 70.9, '°C', 'Temperature');
INSERT INTO MEASUREMENT (DateTime, SensorID, MeasValue) VALUES (TO_DATE('09/05/18 16:00', 'DD/MM/YY HH24:MI'), 140016, 23.3);
INSERT INTO SENSOR (SerialNumber, CityPlaced, SensorModel, MinimValue, MaximValue, Unit, SensorType) VALUES (382581, 'Ρίο Καστελόκαμπος', 'QWAHE-0398', 0, 100, '%', 'Humidity');
INSERT INTO MEASUREMENT (DateTime, SensorID, MeasValue) VALUES (TO_DATE('09/05/18 16:00', 'DD/MM/YY HH24:MI'), 382581, 69);
INSERT INTO SENSOR (SerialNumber, CityPlaced, SensorModel, MinimValue, MaximValue, Unit, SensorType) VALUES (84038, 'Ρίο Καστελόκαμπος', 'ZQEP-882', 737.0, 1090.9, 'hPa', 'Pressure');
INSERT INTO MEASUREMENT (DateTime, SensorID, MeasValue) VALUES (TO_DATE('09/05/18 16:00', 'DD/MM/YY HH24:MI'), 84038, 1006.4);
INSERT INTO SENSOR (SerialNumber, CityPlaced, SensorModel, MinimValue, MaximValue, Unit, SensorType) VALUES (13919, 'Ρίο Καστελόκαμπος', 'MOGQ-2758', 0.0, 20.9, 'km/h', 'Wind');
INSERT INTO MEASUREMENT (DateTime, SensorID, MeasValue) VALUES (TO_DATE('09/05/18 16:00', 'DD/MM/YY HH24:MI'), 13919, 6.7);
INSERT INTO SENSOR (SerialNumber, CityPlaced, SensorModel, MinimValue, MaximValue, Unit, SensorType) VALUES (165956, 'Καπελέτο Βάρδας', 'BFMAF-100', -54.0, 73.9, '°C', 'Temperature');
INSERT INTO MEASUREMENT (DateTime, SensorID, MeasValue) VALUES (TO_DATE('09/05/18 16:00', 'DD/MM/YY HH24:MI'), 165956, 22.9);
INSERT INTO SENSOR (SerialNumber, CityPlaced, SensorModel, MinimValue, MaximValue, Unit, SensorType) VALUES (368961, 'Καπελέτο Βάρδας', 'BCFEM-6947', 0, 100, '%', 'Humidity');
INSERT INTO MEASUREMENT (DateTime, SensorID, MeasValue) VALUES (TO_DATE('09/05/18 16:00', 'DD/MM/YY HH24:MI'), 368961, 66);
INSERT INTO SENSOR (SerialNumber, CityPlaced, SensorModel, MinimValue, MaximValue, Unit, SensorType) VALUES (20229, 'Καπελέτο Βάρδας', 'KUZD-422', 718.0, 1054.9, 'hPa', 'Pressure');
INSERT INTO MEASUREMENT (DateTime, SensorID, MeasValue) VALUES (TO_DATE('09/05/18 16:00', 'DD/MM/YY HH24:MI'), 20229, 1005.2);
INSERT INTO SENSOR (SerialNumber, CityPlaced, SensorModel, MinimValue, MaximValue, Unit, SensorType) VALUES (66424, 'Καπελέτο Βάρδας', 'FHCY-0057', 0.0, 21.9, 'km/h', 'Wind');
INSERT INTO MEASUREMENT (DateTime, SensorID, MeasValue) VALUES (TO_DATE('09/05/18 16:00', 'DD/MM/YY HH24:MI'), 66424, 8.1);
INSERT INTO SENSOR (SerialNumber, CityPlaced, SensorModel, MinimValue, MaximValue, Unit, SensorType) VALUES (613344, 'Πύργος Νεάπολη', 'ZFDOM-894', -58.0, 74.9, '°C', 'Temperature');
INSERT INTO MEASUREMENT (DateTime, SensorID, MeasValue) VALUES (TO_DATE('09/05/18 16:03', 'DD/MM/YY HH24:MI'), 613344, 22.7);
INSERT INTO SENSOR (SerialNumber, CityPlaced, SensorModel, MinimValue, MaximValue, Unit, SensorType) VALUES (224246, 'Πύργος Νεάπολη', 'MDPHV-1167', 0, 100, '%', 'Humidity');
INSERT INTO MEASUREMENT (DateTime, SensorID, MeasValue) VALUES (TO_DATE('09/05/18 16:03', 'DD/MM/YY HH24:MI'), 224246, 68);
INSERT INTO SENSOR (SerialNumber, CityPlaced, SensorModel, MinimValue, MaximValue, Unit, SensorType) VALUES (60345, 'Πύργος Νεάπολη', 'VCOP-914', 743.0, 1057.9, 'hPa', 'Pressure');
INSERT INTO MEASUREMENT (DateTime, SensorID, MeasValue) VALUES (TO_DATE('09/05/18 16:03', 'DD/MM/YY HH24:MI'), 60345, 1006.1);
INSERT INTO SENSOR (SerialNumber, CityPlaced, SensorModel, MinimValue, MaximValue, Unit, SensorType) VALUES (29558, 'Πύργος Νεάπολη', 'CNIO-4380', 0.0, 25.9, 'km/h', 'Wind');
INSERT INTO MEASUREMENT (DateTime, SensorID, MeasValue) VALUES (TO_DATE('09/05/18 16:03', 'DD/MM/YY HH24:MI'), 29558, 7.2);
INSERT INTO SENSOR (SerialNumber, CityPlaced, SensorModel, MinimValue, MaximValue, Unit, SensorType) VALUES (843930, 'Πύργος', 'QQFAE-649', -51.0, 76.9, '°C', 'Temperature');
INSERT INTO MEASUREMENT (DateTime, SensorID, MeasValue) VALUES (TO_DATE('09/05/18 16:01', 'DD/MM/YY HH24:MI'), 843930, 22.1);
INSERT INTO SENSOR (SerialNumber, CityPlaced, SensorModel, MinimValue, MaximValue, Unit, SensorType) VALUES (702262, 'Πύργος', 'PTKGA-5709', 0, 100, '%', 'Humidity');
INSERT INTO MEASUREMENT (DateTime, SensorID, MeasValue) VALUES (TO_DATE('09/05/18 16:01', 'DD/MM/YY HH24:MI'), 702262, 70);
INSERT INTO SENSOR (SerialNumber, CityPlaced, SensorModel, MinimValue, MaximValue, Unit, SensorType) VALUES (17171, 'Πύργος', 'HCNH-370', 734.0, 1061.9, 'hPa', 'Pressure');
INSERT INTO MEASUREMENT (DateTime, SensorID, MeasValue) VALUES (TO_DATE('09/05/18 16:01', 'DD/MM/YY HH24:MI'), 17171, 1005.5);
INSERT INTO SENSOR (SerialNumber, CityPlaced, SensorModel, MinimValue, MaximValue, Unit, SensorType) VALUES (47791, 'Πύργος', 'FQQF-9067', 0.0, 21.9, 'km/h', 'Wind');
INSERT INTO MEASUREMENT (DateTime, SensorID, MeasValue) VALUES (TO_DATE('09/05/18 16:01', 'DD/MM/YY HH24:MI'), 47791, 8.0);
INSERT INTO SENSOR (SerialNumber, CityPlaced, SensorModel, MinimValue, MaximValue, Unit, SensorType) VALUES (254683, 'Δερβένι', 'AKWGN-685', -51.0, 68.9, '°C', 'Temperature');
INSERT INTO MEASUREMENT (DateTime, SensorID, MeasValue) VALUES (TO_DATE('09/05/18 15:55', 'DD/MM/YY HH24:MI'), 254683, 23.4);
INSERT INTO SENSOR (SerialNumber, CityPlaced, SensorModel, MinimValue, MaximValue, Unit, SensorType) VALUES (802664, 'Δερβένι', 'PILYD-2015', 0, 100, '%', 'Humidity');
INSERT INTO MEASUREMENT (DateTime, SensorID, MeasValue) VALUES (TO_DATE('09/05/18 15:55', 'DD/MM/YY HH24:MI'), 802664, 62);
INSERT INTO SENSOR (SerialNumber, CityPlaced, SensorModel, MinimValue, MaximValue, Unit, SensorType) VALUES (87205, 'Δερβένι', 'MHIS-928', 703.0, 1096.9, 'hPa', 'Pressure');
INSERT INTO MEASUREMENT (DateTime, SensorID, MeasValue) VALUES (TO_DATE('09/05/18 15:55', 'DD/MM/YY HH24:MI'), 87205, 1003.8);
INSERT INTO SENSOR (SerialNumber, CityPlaced, SensorModel, MinimValue, MaximValue, Unit, SensorType) VALUES (10598, 'Δερβένι', 'IBZV-9002', 0.0, 24.9, 'km/h', 'Wind');
INSERT INTO MEASUREMENT (DateTime, SensorID, MeasValue) VALUES (TO_DATE('09/05/18 15:55', 'DD/MM/YY HH24:MI'), 10598, 1.9);
INSERT INTO SENSOR (SerialNumber, CityPlaced, SensorModel, MinimValue, MaximValue, Unit, SensorType) VALUES (923517, 'Καίσαρι - Ζήρια', 'PXELP-466', -57.0, 79.9, '°C', 'Temperature');
INSERT INTO MEASUREMENT (DateTime, SensorID, MeasValue) VALUES (TO_DATE('09/05/18 16:03', 'DD/MM/YY HH24:MI'), 923517, 20.3);
INSERT INTO SENSOR (SerialNumber, CityPlaced, SensorModel, MinimValue, MaximValue, Unit, SensorType) VALUES (470630, 'Καίσαρι - Ζήρια', 'VJDBN-4931', 0, 100, '%', 'Humidity');
INSERT INTO MEASUREMENT (DateTime, SensorID, MeasValue) VALUES (TO_DATE('09/05/18 16:03', 'DD/MM/YY HH24:MI'), 470630, 70);
INSERT INTO MEASUREMENT (DateTime, SensorID, MeasValue) VALUES (TO_DATE('09/05/18 16:03', 'DD/MM/YY HH24:MI'), 94083, 1007.8);
INSERT INTO SENSOR (SerialNumber, CityPlaced, SensorModel, MinimValue, MaximValue, Unit, SensorType) VALUES (69486, 'Καίσαρι - Ζήρια', 'TAKK-7347', 0.0, 23.9, 'km/h', 'Wind');
INSERT INTO MEASUREMENT (DateTime, SensorID, MeasValue) VALUES (TO_DATE('09/05/18 16:03', 'DD/MM/YY HH24:MI'), 69486, 2.5);
INSERT INTO SENSOR (SerialNumber, CityPlaced, SensorModel, MinimValue, MaximValue, Unit, SensorType) VALUES (256881, 'Κόρινθος', 'CFBAP-668', -57.0, 73.9, '°C', 'Temperature');
INSERT INTO MEASUREMENT (DateTime, SensorID, MeasValue) VALUES (TO_DATE('09/05/18 15:59', 'DD/MM/YY HH24:MI'), 256881, 22.9);
INSERT INTO SENSOR (SerialNumber, CityPlaced, SensorModel, MinimValue, MaximValue, Unit, SensorType) VALUES (228986, 'Κόρινθος', 'CPTAK-7629', 0, 100, '%', 'Humidity');
INSERT INTO MEASUREMENT (DateTime, SensorID, MeasValue) VALUES (TO_DATE('09/05/18 15:59', 'DD/MM/YY HH24:MI'), 228986, 69);
INSERT INTO SENSOR (SerialNumber, CityPlaced, SensorModel, MinimValue, MaximValue, Unit, SensorType) VALUES (10958, 'Κόρινθος', 'GWSC-958', 708.0, 1077.9, 'hPa', 'Pressure');
INSERT INTO MEASUREMENT (DateTime, SensorID, MeasValue) VALUES (TO_DATE('09/05/18 15:59', 'DD/MM/YY HH24:MI'), 10958, 1001.7);
INSERT INTO SENSOR (SerialNumber, CityPlaced, SensorModel, MinimValue, MaximValue, Unit, SensorType) VALUES (74066, 'Κόρινθος', 'PNYE-2774', 0.0, 21.9, 'km/h', 'Wind');
INSERT INTO MEASUREMENT (DateTime, SensorID, MeasValue) VALUES (TO_DATE('09/05/18 15:59', 'DD/MM/YY HH24:MI'), 74066, 0.0);
INSERT INTO SENSOR (SerialNumber, CityPlaced, SensorModel, MinimValue, MaximValue, Unit, SensorType) VALUES (109605, 'Λαλιώτη', 'FDBKE-315', -50.0, 73.9, '°C', 'Temperature');
INSERT INTO MEASUREMENT (DateTime, SensorID, MeasValue) VALUES (TO_DATE('09/05/18 16:03', 'DD/MM/YY HH24:MI'), 109605, 20.8);
INSERT INTO SENSOR (SerialNumber, CityPlaced, SensorModel, MinimValue, MaximValue, Unit, SensorType) VALUES (308916, 'Λαλιώτη', 'GAEKK-6076', 0, 100, '%', 'Humidity');
INSERT INTO MEASUREMENT (DateTime, SensorID, MeasValue) VALUES (TO_DATE('09/05/18 16:03', 'DD/MM/YY HH24:MI'), 308916, 78);
INSERT INTO SENSOR (SerialNumber, CityPlaced, SensorModel, MinimValue, MaximValue, Unit, SensorType) VALUES (12888, 'Λαλιώτη', 'WLKW-987', 743.0, 1065.9, 'hPa', 'Pressure');
INSERT INTO MEASUREMENT (DateTime, SensorID, MeasValue) VALUES (TO_DATE('09/05/18 16:03', 'DD/MM/YY HH24:MI'), 12888, 1004.4);
INSERT INTO SENSOR (SerialNumber, CityPlaced, SensorModel, MinimValue, MaximValue, Unit, SensorType) VALUES (43574, 'Λαλιώτη', 'DHWD-7980', 0.0, 20.9, 'km/h', 'Wind');
INSERT INTO MEASUREMENT (DateTime, SensorID, MeasValue) VALUES (TO_DATE('09/05/18 16:03', 'DD/MM/YY HH24:MI'), 43574, 1.7);
INSERT INTO SENSOR (SerialNumber, CityPlaced, SensorModel, MinimValue, MaximValue, Unit, SensorType) VALUES (790966, 'Συκιά', 'PFTPK-500', -56.0, 61.9, '°C', 'Temperature');
INSERT INTO MEASUREMENT (DateTime, SensorID, MeasValue) VALUES (TO_DATE('09/05/18 16:00', 'DD/MM/YY HH24:MI'), 790966, 20.4);
INSERT INTO SENSOR (SerialNumber, CityPlaced, SensorModel, MinimValue, MaximValue, Unit, SensorType) VALUES (793445, 'Συκιά', 'WHXXJ-7782', 0, 100, '%', 'Humidity');
INSERT INTO MEASUREMENT (DateTime, SensorID, MeasValue) VALUES (TO_DATE('09/05/18 16:00', 'DD/MM/YY HH24:MI'), 793445, 87);
INSERT INTO SENSOR (SerialNumber, CityPlaced, SensorModel, MinimValue, MaximValue, Unit, SensorType) VALUES (14281, 'Συκιά', 'IDBO-454', 710.0, 1059.9, 'hPa', 'Pressure');
INSERT INTO MEASUREMENT (DateTime, SensorID, MeasValue) VALUES (TO_DATE('09/05/18 16:00', 'DD/MM/YY HH24:MI'), 14281, 1004.0);
INSERT INTO SENSOR (SerialNumber, CityPlaced, SensorModel, MinimValue, MaximValue, Unit, SensorType) VALUES (81442, 'Συκιά', 'KTAP-1430', 0.0, 23.9, 'km/h', 'Wind');
INSERT INTO MEASUREMENT (DateTime, SensorID, MeasValue) VALUES (TO_DATE('09/05/18 16:00', 'DD/MM/YY HH24:MI'), 81442, 2.1);
INSERT INTO SENSOR (SerialNumber, CityPlaced, SensorModel, MinimValue, MaximValue, Unit, SensorType) VALUES (225765, 'Γεράκι', 'CTFHW-579', -52.0, 78.9, '°C', 'Temperature');
INSERT INTO MEASUREMENT (DateTime, SensorID, MeasValue) VALUES (TO_DATE('09/05/18 15:58', 'DD/MM/YY HH24:MI'), 225765, 23.2);
INSERT INTO SENSOR (SerialNumber, CityPlaced, SensorModel, MinimValue, MaximValue, Unit, SensorType) VALUES (685914, 'Γεράκι', 'DLBLX-8566', 0, 100, '%', 'Humidity');
INSERT INTO MEASUREMENT (DateTime, SensorID, MeasValue) VALUES (TO_DATE('09/05/18 15:58', 'DD/MM/YY HH24:MI'), 685914, 57);
INSERT INTO SENSOR (SerialNumber, CityPlaced, SensorModel, MinimValue, MaximValue, Unit, SensorType) VALUES (81687, 'Γεράκι', 'MFBV-492', 747.0, 1097.9, 'hPa', 'Pressure');
INSERT INTO MEASUREMENT (DateTime, SensorID, MeasValue) VALUES (TO_DATE('09/05/18 15:58', 'DD/MM/YY HH24:MI'), 81687, 1006.8);
INSERT INTO SENSOR (SerialNumber, CityPlaced, SensorModel, MinimValue, MaximValue, Unit, SensorType) VALUES (42194, 'Γεράκι', 'OKXO-5897', 0.0, 20.9, 'km/h', 'Wind');
INSERT INTO MEASUREMENT (DateTime, SensorID, MeasValue) VALUES (TO_DATE('09/05/18 15:58', 'DD/MM/YY HH24:MI'), 42194, 11.8);
INSERT INTO SENSOR (SerialNumber, CityPlaced, SensorModel, MinimValue, MaximValue, Unit, SensorType) VALUES (148599, 'Βελανιδιά Κρεμμύδια', 'JPNQX-432', -57.0, 62.9, '°C', 'Temperature');
INSERT INTO MEASUREMENT (DateTime, SensorID, MeasValue) VALUES (TO_DATE('09/05/18 15:59', 'DD/MM/YY HH24:MI'), 148599, 21.2);
INSERT INTO SENSOR (SerialNumber, CityPlaced, SensorModel, MinimValue, MaximValue, Unit, SensorType) VALUES (980071, 'Βελανιδιά Κρεμμύδια', 'VKDMX-3669', 0, 100, '%', 'Humidity');
INSERT INTO MEASUREMENT (DateTime, SensorID, MeasValue) VALUES (TO_DATE('09/05/18 15:59', 'DD/MM/YY HH24:MI'), 980071, 72);
INSERT INTO SENSOR (SerialNumber, CityPlaced, SensorModel, MinimValue, MaximValue, Unit, SensorType) VALUES (92328, 'Βελανιδιά Κρεμμύδια', 'QWXV-824', 744.0, 1051.9, 'hPa', 'Pressure');
INSERT INTO MEASUREMENT (DateTime, SensorID, MeasValue) VALUES (TO_DATE('09/05/18 15:59', 'DD/MM/YY HH24:MI'), 92328, 1004.1);
INSERT INTO SENSOR (SerialNumber, CityPlaced, SensorModel, MinimValue, MaximValue, Unit, SensorType) VALUES (70020, 'Βελανιδιά Κρεμμύδια', 'PUBI-6322', 0.0, 21.9, 'km/h', 'Wind');
INSERT INTO MEASUREMENT (DateTime, SensorID, MeasValue) VALUES (TO_DATE('09/05/18 15:59', 'DD/MM/YY HH24:MI'), 70020, 2.1);
INSERT INTO SENSOR (SerialNumber, CityPlaced, SensorModel, MinimValue, MaximValue, Unit, SensorType) VALUES (585908, 'Καλαμάτα Κέντρο', 'DILFH-044', -56.0, 80.9, '°C', 'Temperature');
INSERT INTO MEASUREMENT (DateTime, SensorID, MeasValue) VALUES (TO_DATE('09/05/18 15:56', 'DD/MM/YY HH24:MI'), 585908, 22.3);
INSERT INTO SENSOR (SerialNumber, CityPlaced, SensorModel, MinimValue, MaximValue, Unit, SensorType) VALUES (978143, 'Καλαμάτα Κέντρο', 'JBOKR-9364', 0, 100, '%', 'Humidity');
INSERT INTO MEASUREMENT (DateTime, SensorID, MeasValue) VALUES (TO_DATE('09/05/18 15:56', 'DD/MM/YY HH24:MI'), 978143, 67);
INSERT INTO SENSOR (SerialNumber, CityPlaced, SensorModel, MinimValue, MaximValue, Unit, SensorType) VALUES (66563, 'Καλαμάτα Κέντρο', 'QWLS-631', 720.0, 1070.9, 'hPa', 'Pressure');
INSERT INTO MEASUREMENT (DateTime, SensorID, MeasValue) VALUES (TO_DATE('09/05/18 15:56', 'DD/MM/YY HH24:MI'), 66563, 1004.8);
INSERT INTO SENSOR (SerialNumber, CityPlaced, SensorModel, MinimValue, MaximValue, Unit, SensorType) VALUES (47819, 'Καλαμάτα Κέντρο', 'DNEV-6266', 0.0, 21.9, 'km/h', 'Wind');
INSERT INTO MEASUREMENT (DateTime, SensorID, MeasValue) VALUES (TO_DATE('09/05/18 15:56', 'DD/MM/YY HH24:MI'), 47819, 5.6);
INSERT INTO SENSOR (SerialNumber, CityPlaced, SensorModel, MinimValue, MaximValue, Unit, SensorType) VALUES (243674, 'Καλαμάτα Νησάκι', 'LXCIC-429', -54.0, 61.9, '°C', 'Temperature');
INSERT INTO MEASUREMENT (DateTime, SensorID, MeasValue) VALUES (TO_DATE('09/05/18 16:00', 'DD/MM/YY HH24:MI'), 243674, 25.1);
INSERT INTO SENSOR (SerialNumber, CityPlaced, SensorModel, MinimValue, MaximValue, Unit, SensorType) VALUES (657311, 'Καλαμάτα Νησάκι', 'OQYMO-1622', 0, 100, '%', 'Humidity');
INSERT INTO MEASUREMENT (DateTime, SensorID, MeasValue) VALUES (TO_DATE('09/05/18 16:00', 'DD/MM/YY HH24:MI'), 657311, 70);
INSERT INTO SENSOR (SerialNumber, CityPlaced, SensorModel, MinimValue, MaximValue, Unit, SensorType) VALUES (92815, 'Καλαμάτα Νησάκι', 'LCGV-924', 704.0, 1065.9, 'hPa', 'Pressure');
INSERT INTO MEASUREMENT (DateTime, SensorID, MeasValue) VALUES (TO_DATE('09/05/18 16:00', 'DD/MM/YY HH24:MI'), 92815, 1004.4);
INSERT INTO SENSOR (SerialNumber, CityPlaced, SensorModel, MinimValue, MaximValue, Unit, SensorType) VALUES (54089, 'Καλαμάτα Νησάκι', 'XKPZ-5165', 0.0, 20.9, 'km/h', 'Wind');
INSERT INTO MEASUREMENT (DateTime, SensorID, MeasValue) VALUES (TO_DATE('09/05/18 16:00', 'DD/MM/YY HH24:MI'), 54089, 10.5);
INSERT INTO SENSOR (SerialNumber, CityPlaced, SensorModel, MinimValue, MaximValue, Unit, SensorType) VALUES (702199, 'Κορομηλιά', 'HIZGN-095', -50.0, 77.9, '°C', 'Temperature');
INSERT INTO MEASUREMENT (DateTime, SensorID, MeasValue) VALUES (TO_DATE('09/05/18 16:00', 'DD/MM/YY HH24:MI'), 702199, 21.8);
INSERT INTO SENSOR (SerialNumber, CityPlaced, SensorModel, MinimValue, MaximValue, Unit, SensorType) VALUES (558839, 'Κορομηλιά', 'TVVBB-4546', 0, 100, '%', 'Humidity');
INSERT INTO MEASUREMENT (DateTime, SensorID, MeasValue) VALUES (TO_DATE('09/05/18 16:00', 'DD/MM/YY HH24:MI'), 558839, 58);
INSERT INTO SENSOR (SerialNumber, CityPlaced, SensorModel, MinimValue, MaximValue, Unit, SensorType) VALUES (35530, 'Κορομηλιά', 'CZCU-433', 709.0, 1051.9, 'hPa', 'Pressure');
INSERT INTO MEASUREMENT (DateTime, SensorID, MeasValue) VALUES (TO_DATE('09/05/18 16:00', 'DD/MM/YY HH24:MI'), 35530, 1006.3);
INSERT INTO SENSOR (SerialNumber, CityPlaced, SensorModel, MinimValue, MaximValue, Unit, SensorType) VALUES (49113, 'Κορομηλιά', 'AXPO-0935', 0.0, 25.9, 'km/h', 'Wind');
INSERT INTO MEASUREMENT (DateTime, SensorID, MeasValue) VALUES (TO_DATE('09/05/18 16:00', 'DD/MM/YY HH24:MI'), 49113, 4.8);
INSERT INTO SENSOR (SerialNumber, CityPlaced, SensorModel, MinimValue, MaximValue, Unit, SensorType) VALUES (472627, 'Μάνεσης', 'MOXFP-706', -56.0, 79.9, '°C', 'Temperature');
INSERT INTO MEASUREMENT (DateTime, SensorID, MeasValue) VALUES (TO_DATE('09/05/18 15:55', 'DD/MM/YY HH24:MI'), 472627, 22.9);
INSERT INTO SENSOR (SerialNumber, CityPlaced, SensorModel, MinimValue, MaximValue, Unit, SensorType) VALUES (142820, 'Μάνεσης', 'PKOTK-4641', 0, 100, '%', 'Humidity');
INSERT INTO MEASUREMENT (DateTime, SensorID, MeasValue) VALUES (TO_DATE('09/05/18 15:55', 'DD/MM/YY HH24:MI'), 142820, 69);
INSERT INTO SENSOR (SerialNumber, CityPlaced, SensorModel, MinimValue, MaximValue, Unit, SensorType) VALUES (17615, 'Μάνεσης', 'WWSX-955', 750.0, 1061.9, 'hPa', 'Pressure');
INSERT INTO MEASUREMENT (DateTime, SensorID, MeasValue) VALUES (TO_DATE('09/05/18 15:55', 'DD/MM/YY HH24:MI'), 17615, 1006.0);
INSERT INTO SENSOR (SerialNumber, CityPlaced, SensorModel, MinimValue, MaximValue, Unit, SensorType) VALUES (42141, 'Μάνεσης', 'GLIC-4799', 0.0, 25.9, 'km/h', 'Wind');
INSERT INTO MEASUREMENT (DateTime, SensorID, MeasValue) VALUES (TO_DATE('09/05/18 15:55', 'DD/MM/YY HH24:MI'), 42141, 8.3);
INSERT INTO SENSOR (SerialNumber, CityPlaced, SensorModel, MinimValue, MaximValue, Unit, SensorType) VALUES (781396, 'Νέδουσα Ταϋγέτου', 'TTXKM-908', -57.0, 60.9, '°C', 'Temperature');
INSERT INTO MEASUREMENT (DateTime, SensorID, MeasValue) VALUES (TO_DATE('09/05/18 15:59', 'DD/MM/YY HH24:MI'), 781396, 21.2);
INSERT INTO SENSOR (SerialNumber, CityPlaced, SensorModel, MinimValue, MaximValue, Unit, SensorType) VALUES (105567, 'Νέδουσα Ταϋγέτου', 'HYDLR-8097', 0, 100, '%', 'Humidity');
INSERT INTO MEASUREMENT (DateTime, SensorID, MeasValue) VALUES (TO_DATE('09/05/18 15:59', 'DD/MM/YY HH24:MI'), 105567, 48);
INSERT INTO SENSOR (SerialNumber, CityPlaced, SensorModel, MinimValue, MaximValue, Unit, SensorType) VALUES (86026, 'Νέδουσα Ταϋγέτου', 'RCAU-322', 746.0, 1067.9, 'hPa', 'Pressure');
INSERT INTO MEASUREMENT (DateTime, SensorID, MeasValue) VALUES (TO_DATE('09/05/18 15:59', 'DD/MM/YY HH24:MI'), 86026, 1006.8);
INSERT INTO SENSOR (SerialNumber, CityPlaced, SensorModel, MinimValue, MaximValue, Unit, SensorType) VALUES (34330, 'Νέδουσα Ταϋγέτου', 'OEYI-9566', 0.0, 24.9, 'km/h', 'Wind');
INSERT INTO MEASUREMENT (DateTime, SensorID, MeasValue) VALUES (TO_DATE('09/05/18 15:59', 'DD/MM/YY HH24:MI'), 34330, 3.8);
INSERT INTO SENSOR (SerialNumber, CityPlaced, SensorModel, MinimValue, MaximValue, Unit, SensorType) VALUES (296997, 'Φοινικούντα', 'MPUMG-937', -56.0, 76.9, '°C', 'Temperature');
INSERT INTO MEASUREMENT (DateTime, SensorID, MeasValue) VALUES (TO_DATE('09/05/18 16:02', 'DD/MM/YY HH24:MI'), 296997, 22.7);
INSERT INTO SENSOR (SerialNumber, CityPlaced, SensorModel, MinimValue, MaximValue, Unit, SensorType) VALUES (112347, 'Φοινικούντα', 'OSOSQ-0109', 0, 100, '%', 'Humidity');
INSERT INTO MEASUREMENT (DateTime, SensorID, MeasValue) VALUES (TO_DATE('09/05/18 16:02', 'DD/MM/YY HH24:MI'), 112347, 67);
INSERT INTO SENSOR (SerialNumber, CityPlaced, SensorModel, MinimValue, MaximValue, Unit, SensorType) VALUES (40036, 'Φοινικούντα', 'JILY-991', 731.0, 1083.9, 'hPa', 'Pressure');
INSERT INTO MEASUREMENT (DateTime, SensorID, MeasValue) VALUES (TO_DATE('09/05/18 16:02', 'DD/MM/YY HH24:MI'), 40036, 1007.1);
INSERT INTO SENSOR (SerialNumber, CityPlaced, SensorModel, MinimValue, MaximValue, Unit, SensorType) VALUES (49911, 'Φοινικούντα', 'GILX-3321', 0.0, 20.9, 'km/h', 'Wind');
INSERT INTO MEASUREMENT (DateTime, SensorID, MeasValue) VALUES (TO_DATE('09/05/18 16:02', 'DD/MM/YY HH24:MI'), 49911, 7.3);
INSERT INTO SENSOR (SerialNumber, CityPlaced, SensorModel, MinimValue, MaximValue, Unit, SensorType) VALUES (784944, 'Αμφιλοχία', 'YKOQP-792', -56.0, 76.9, '°C', 'Temperature');
INSERT INTO MEASUREMENT (DateTime, SensorID, MeasValue) VALUES (TO_DATE('09/05/18 15:58', 'DD/MM/YY HH24:MI'), 784944, 21.3);
INSERT INTO SENSOR (SerialNumber, CityPlaced, SensorModel, MinimValue, MaximValue, Unit, SensorType) VALUES (269657, 'Αμφιλοχία', 'JGBFP-3878', 0, 100, '%', 'Humidity');
INSERT INTO MEASUREMENT (DateTime, SensorID, MeasValue) VALUES (TO_DATE('09/05/18 15:58', 'DD/MM/YY HH24:MI'), 269657, 83);
INSERT INTO SENSOR (SerialNumber, CityPlaced, SensorModel, MinimValue, MaximValue, Unit, SensorType) VALUES (63775, 'Αμφιλοχία', 'WNPK-124', 750.0, 1084.9, 'hPa', 'Pressure');
INSERT INTO MEASUREMENT (DateTime, SensorID, MeasValue) VALUES (TO_DATE('09/05/18 15:58', 'DD/MM/YY HH24:MI'), 63775, 1005.4);
INSERT INTO SENSOR (SerialNumber, CityPlaced, SensorModel, MinimValue, MaximValue, Unit, SensorType) VALUES (26900, 'Αμφιλοχία', 'OOQP-2614', 0.0, 24.9, 'km/h', 'Wind');
INSERT INTO MEASUREMENT (DateTime, SensorID, MeasValue) VALUES (TO_DATE('09/05/18 15:58', 'DD/MM/YY HH24:MI'), 26900, 11.8);
INSERT INTO SENSOR (SerialNumber, CityPlaced, SensorModel, MinimValue, MaximValue, Unit, SensorType) VALUES (238132, 'Ναύπακτος', 'CIXUX-111', -50.0, 60.9, '°C', 'Temperature');
INSERT INTO MEASUREMENT (DateTime, SensorID, MeasValue) VALUES (TO_DATE('09/05/18 15:59', 'DD/MM/YY HH24:MI'), 238132, 25.6);
INSERT INTO SENSOR (SerialNumber, CityPlaced, SensorModel, MinimValue, MaximValue, Unit, SensorType) VALUES (351263, 'Ναύπακτος', 'YFDLE-5174', 0, 100, '%', 'Humidity');
INSERT INTO MEASUREMENT (DateTime, SensorID, MeasValue) VALUES (TO_DATE('09/05/18 15:59', 'DD/MM/YY HH24:MI'), 351263, 51);
INSERT INTO SENSOR (SerialNumber, CityPlaced, SensorModel, MinimValue, MaximValue, Unit, SensorType) VALUES (13724, 'Ναύπακτος', 'XFZA-616', 743.0, 1060.9, 'hPa', 'Pressure');
INSERT INTO MEASUREMENT (DateTime, SensorID, MeasValue) VALUES (TO_DATE('09/05/18 15:59', 'DD/MM/YY HH24:MI'), 13724, 1004.4);
INSERT INTO SENSOR (SerialNumber, CityPlaced, SensorModel, MinimValue, MaximValue, Unit, SensorType) VALUES (54263, 'Ναύπακτος', 'GAWB-1208', 0.0, 24.9, 'km/h', 'Wind');
INSERT INTO MEASUREMENT (DateTime, SensorID, MeasValue) VALUES (TO_DATE('09/05/18 15:59', 'DD/MM/YY HH24:MI'), 54263, 19.3);
INSERT INTO SENSOR (SerialNumber, CityPlaced, SensorModel, MinimValue, MaximValue, Unit, SensorType) VALUES (774253, 'Παναιτώλιο', 'XJAQP-666', -53.0, 65.9, '°C', 'Temperature');
INSERT INTO MEASUREMENT (DateTime, SensorID, MeasValue) VALUES (TO_DATE('09/05/18 16:00', 'DD/MM/YY HH24:MI'), 774253, 23.8);
INSERT INTO SENSOR (SerialNumber, CityPlaced, SensorModel, MinimValue, MaximValue, Unit, SensorType) VALUES (725656, 'Παναιτώλιο', 'MAFZK-5555', 0, 100, '%', 'Humidity');
INSERT INTO MEASUREMENT (DateTime, SensorID, MeasValue) VALUES (TO_DATE('09/05/18 16:00', 'DD/MM/YY HH24:MI'), 725656, 54);
INSERT INTO SENSOR (SerialNumber, CityPlaced, SensorModel, MinimValue, MaximValue, Unit, SensorType) VALUES (82015, 'Παναιτώλιο', 'EURY-396', 737.0, 1071.9, 'hPa', 'Pressure');
INSERT INTO MEASUREMENT (DateTime, SensorID, MeasValue) VALUES (TO_DATE('09/05/18 16:00', 'DD/MM/YY HH24:MI'), 82015, 1003.7);
INSERT INTO SENSOR (SerialNumber, CityPlaced, SensorModel, MinimValue, MaximValue, Unit, SensorType) VALUES (59593, 'Παναιτώλιο', 'XEDM-6207', 0.0, 24.9, 'km/h', 'Wind');
INSERT INTO MEASUREMENT (DateTime, SensorID, MeasValue) VALUES (TO_DATE('09/05/18 16:00', 'DD/MM/YY HH24:MI'), 59593, 15.3);
INSERT INTO SENSOR (SerialNumber, CityPlaced, SensorModel, MinimValue, MaximValue, Unit, SensorType) VALUES (154296, 'Άγιος Δημήτριος', 'TXDPS-517', -55.0, 77.9, '°C', 'Temperature');
INSERT INTO MEASUREMENT (DateTime, SensorID, MeasValue) VALUES (TO_DATE('09/05/18 16:03', 'DD/MM/YY HH24:MI'), 154296, 25.5);
INSERT INTO SENSOR (SerialNumber, CityPlaced, SensorModel, MinimValue, MaximValue, Unit, SensorType) VALUES (512904, 'Άγιος Δημήτριος', 'MEWVJ-5229', 0, 100, '%', 'Humidity');
INSERT INTO MEASUREMENT (DateTime, SensorID, MeasValue) VALUES (TO_DATE('09/05/18 16:03', 'DD/MM/YY HH24:MI'), 512904, 51);
INSERT INTO SENSOR (SerialNumber, CityPlaced, SensorModel, MinimValue, MaximValue, Unit, SensorType) VALUES (71308, 'Άγιος Δημήτριος', 'HAWV-257', 717.0, 1091.9, 'hPa', 'Pressure');
INSERT INTO MEASUREMENT (DateTime, SensorID, MeasValue) VALUES (TO_DATE('09/05/18 16:03', 'DD/MM/YY HH24:MI'), 71308, 1004.7);
INSERT INTO SENSOR (SerialNumber, CityPlaced, SensorModel, MinimValue, MaximValue, Unit, SensorType) VALUES (77650, 'Άγιος Δημήτριος', 'FNCF-9216', 0.0, 22.9, 'km/h', 'Wind');
INSERT INTO MEASUREMENT (DateTime, SensorID, MeasValue) VALUES (TO_DATE('09/05/18 16:03', 'DD/MM/YY HH24:MI'), 77650, 15.6);
INSERT INTO SENSOR (SerialNumber, CityPlaced, SensorModel, MinimValue, MaximValue, Unit, SensorType) VALUES (559983, 'Άνω Μελίσσια', 'XDTYX-522', -50.0, 74.9, '°C', 'Temperature');
INSERT INTO MEASUREMENT (DateTime, SensorID, MeasValue) VALUES (TO_DATE('09/05/18 16:03', 'DD/MM/YY HH24:MI'), 559983, 23.9);
INSERT INTO SENSOR (SerialNumber, CityPlaced, SensorModel, MinimValue, MaximValue, Unit, SensorType) VALUES (789503, 'Άνω Μελίσσια', 'YNGTR-0059', 0, 100, '%', 'Humidity');
INSERT INTO MEASUREMENT (DateTime, SensorID, MeasValue) VALUES (TO_DATE('09/05/18 16:03', 'DD/MM/YY HH24:MI'), 789503, 50);
INSERT INTO SENSOR (SerialNumber, CityPlaced, SensorModel, MinimValue, MaximValue, Unit, SensorType) VALUES (58654, 'Άνω Μελίσσια', 'RIIR-938', 741.0, 1079.9, 'hPa', 'Pressure');
INSERT INTO MEASUREMENT (DateTime, SensorID, MeasValue) VALUES (TO_DATE('09/05/18 16:03', 'DD/MM/YY HH24:MI'), 58654, 1004.7);
INSERT INTO SENSOR (SerialNumber, CityPlaced, SensorModel, MinimValue, MaximValue, Unit, SensorType) VALUES (27819, 'Άνω Μελίσσια', 'FMGE-5018', 0.0, 24.9, 'km/h', 'Wind');
INSERT INTO MEASUREMENT (DateTime, SensorID, MeasValue) VALUES (TO_DATE('09/05/18 16:03', 'DD/MM/YY HH24:MI'), 27819, 8.3);
INSERT INTO SENSOR (SerialNumber, CityPlaced, SensorModel, MinimValue, MaximValue, Unit, SensorType) VALUES (371083, 'Ύδρα', 'GMZIP-766', -54.0, 76.9, '°C', 'Temperature');
INSERT INTO MEASUREMENT (DateTime, SensorID, MeasValue) VALUES (TO_DATE('09/05/18 16:02', 'DD/MM/YY HH24:MI'), 371083, 24.9);
INSERT INTO SENSOR (SerialNumber, CityPlaced, SensorModel, MinimValue, MaximValue, Unit, SensorType) VALUES (151379, 'Ύδρα', 'FQNTG-4490', 0, 100, '%', 'Humidity');
INSERT INTO MEASUREMENT (DateTime, SensorID, MeasValue) VALUES (TO_DATE('09/05/18 16:02', 'DD/MM/YY HH24:MI'), 151379, 57);
INSERT INTO SENSOR (SerialNumber, CityPlaced, SensorModel, MinimValue, MaximValue, Unit, SensorType) VALUES (39892, 'Ύδρα', 'MWJP-488', 703.0, 1081.9, 'hPa', 'Pressure');
INSERT INTO MEASUREMENT (DateTime, SensorID, MeasValue) VALUES (TO_DATE('09/05/18 16:02', 'DD/MM/YY HH24:MI'), 39892, 1004.6);
INSERT INTO SENSOR (SerialNumber, CityPlaced, SensorModel, MinimValue, MaximValue, Unit, SensorType) VALUES (46026, 'Ύδρα', 'WVFJ-4078', 0.0, 21.9, 'km/h', 'Wind');
INSERT INTO MEASUREMENT (DateTime, SensorID, MeasValue) VALUES (TO_DATE('09/05/18 16:02', 'DD/MM/YY HH24:MI'), 46026, 2.1);
INSERT INTO SENSOR (SerialNumber, CityPlaced, SensorModel, MinimValue, MaximValue, Unit, SensorType) VALUES (158665, 'Αγιος Στέφανος 2', 'ZNEHO-056', -53.0, 76.9, '°C', 'Temperature');
INSERT INTO MEASUREMENT (DateTime, SensorID, MeasValue) VALUES (TO_DATE('09/05/18 16:03', 'DD/MM/YY HH24:MI'), 158665, 25.6);
INSERT INTO SENSOR (SerialNumber, CityPlaced, SensorModel, MinimValue, MaximValue, Unit, SensorType) VALUES (420855, 'Αγιος Στέφανος 2', 'FPPFA-4388', 0, 100, '%', 'Humidity');
INSERT INTO MEASUREMENT (DateTime, SensorID, MeasValue) VALUES (TO_DATE('09/05/18 16:03', 'DD/MM/YY HH24:MI'), 420855, 52);
INSERT INTO SENSOR (SerialNumber, CityPlaced, SensorModel, MinimValue, MaximValue, Unit, SensorType) VALUES (26522, 'Αγιος Στέφανος 2', 'VMDN-555', 706.0, 1078.9, 'hPa', 'Pressure');
INSERT INTO MEASUREMENT (DateTime, SensorID, MeasValue) VALUES (TO_DATE('09/05/18 16:03', 'DD/MM/YY HH24:MI'), 26522, 1006.1);
INSERT INTO SENSOR (SerialNumber, CityPlaced, SensorModel, MinimValue, MaximValue, Unit, SensorType) VALUES (19743, 'Αγιος Στέφανος 2', 'GBCQ-7152', 0.0, 21.9, 'km/h', 'Wind');
INSERT INTO MEASUREMENT (DateTime, SensorID, MeasValue) VALUES (TO_DATE('09/05/18 16:03', 'DD/MM/YY HH24:MI'), 19743, 0.0);
INSERT INTO SENSOR (SerialNumber, CityPlaced, SensorModel, MinimValue, MaximValue, Unit, SensorType) VALUES (308037, 'Αθήνα Άνω Κυψέλη', 'TQLSS-790', -57.0, 62.9, '°C', 'Temperature');
INSERT INTO MEASUREMENT (DateTime, SensorID, MeasValue) VALUES (TO_DATE('09/05/18 16:00', 'DD/MM/YY HH24:MI'), 308037, 25.9);
INSERT INTO SENSOR (SerialNumber, CityPlaced, SensorModel, MinimValue, MaximValue, Unit, SensorType) VALUES (977269, 'Αθήνα Άνω Κυψέλη', 'SRTWZ-1602', 0, 100, '%', 'Humidity');
INSERT INTO MEASUREMENT (DateTime, SensorID, MeasValue) VALUES (TO_DATE('09/05/18 16:00', 'DD/MM/YY HH24:MI'), 977269, 46);
INSERT INTO SENSOR (SerialNumber, CityPlaced, SensorModel, MinimValue, MaximValue, Unit, SensorType) VALUES (36205, 'Αθήνα Άνω Κυψέλη', 'QVXN-398', 704.0, 1050.9, 'hPa', 'Pressure');
INSERT INTO MEASUREMENT (DateTime, SensorID, MeasValue) VALUES (TO_DATE('09/05/18 16:00', 'DD/MM/YY HH24:MI'), 36205, 1004.0);
INSERT INTO SENSOR (SerialNumber, CityPlaced, SensorModel, MinimValue, MaximValue, Unit, SensorType) VALUES (63688, 'Αθήνα Άνω Κυψέλη', 'SLCT-9429', 0.0, 23.9, 'km/h', 'Wind');
INSERT INTO MEASUREMENT (DateTime, SensorID, MeasValue) VALUES (TO_DATE('09/05/18 16:00', 'DD/MM/YY HH24:MI'), 63688, 0.0);
INSERT INTO SENSOR (SerialNumber, CityPlaced, SensorModel, MinimValue, MaximValue, Unit, SensorType) VALUES (834707, 'Αθήνα Χαροκόπειο Πανεπιστήμιο', 'LJMOE-172', -53.0, 61.9, '°C', 'Temperature');
INSERT INTO MEASUREMENT (DateTime, SensorID, MeasValue) VALUES (TO_DATE('09/05/18 16:02', 'DD/MM/YY HH24:MI'), 834707, 25.8);
INSERT INTO SENSOR (SerialNumber, CityPlaced, SensorModel, MinimValue, MaximValue, Unit, SensorType) VALUES (462653, 'Αθήνα Χαροκόπειο Πανεπιστήμιο', 'JNGXV-3369', 0, 100, '%', 'Humidity');
INSERT INTO MEASUREMENT (DateTime, SensorID, MeasValue) VALUES (TO_DATE('09/05/18 16:02', 'DD/MM/YY HH24:MI'), 462653, 48);
INSERT INTO SENSOR (SerialNumber, CityPlaced, SensorModel, MinimValue, MaximValue, Unit, SensorType) VALUES (24682, 'Αθήνα Χαροκόπειο Πανεπιστήμιο', 'RCXF-363', 709.0, 1073.9, 'hPa', 'Pressure');
INSERT INTO MEASUREMENT (DateTime, SensorID, MeasValue) VALUES (TO_DATE('09/05/18 16:02', 'DD/MM/YY HH24:MI'), 24682, 1004.4);
INSERT INTO MEASUREMENT (DateTime, SensorID, MeasValue) VALUES (TO_DATE('09/05/18 16:02', 'DD/MM/YY HH24:MI'), 53781, 5.9);
INSERT INTO SENSOR (SerialNumber, CityPlaced, SensorModel, MinimValue, MaximValue, Unit, SensorType) VALUES (107195, 'Αιγάλεω 2', 'TPHFM-402', -56.0, 68.9, '°C', 'Temperature');
INSERT INTO MEASUREMENT (DateTime, SensorID, MeasValue) VALUES (TO_DATE('09/05/18 16:03', 'DD/MM/YY HH24:MI'), 107195, 24.4);
INSERT INTO SENSOR (SerialNumber, CityPlaced, SensorModel, MinimValue, MaximValue, Unit, SensorType) VALUES (477805, 'Αιγάλεω 2', 'XSXBL-0661', 0, 100, '%', 'Humidity');
INSERT INTO MEASUREMENT (DateTime, SensorID, MeasValue) VALUES (TO_DATE('09/05/18 16:03', 'DD/MM/YY HH24:MI'), 477805, 51);
INSERT INTO SENSOR (SerialNumber, CityPlaced, SensorModel, MinimValue, MaximValue, Unit, SensorType) VALUES (40603, 'Αιγάλεω 2', 'JONN-358', 741.0, 1076.9, 'hPa', 'Pressure');
INSERT INTO MEASUREMENT (DateTime, SensorID, MeasValue) VALUES (TO_DATE('09/05/18 16:03', 'DD/MM/YY HH24:MI'), 40603, 1005.7);
INSERT INTO SENSOR (SerialNumber, CityPlaced, SensorModel, MinimValue, MaximValue, Unit, SensorType) VALUES (83569, 'Αιγάλεω 2', 'SPZV-7007', 0.0, 24.9, 'km/h', 'Wind');
INSERT INTO MEASUREMENT (DateTime, SensorID, MeasValue) VALUES (TO_DATE('09/05/18 16:03', 'DD/MM/YY HH24:MI'), 83569, 6.4);
INSERT INTO SENSOR (SerialNumber, CityPlaced, SensorModel, MinimValue, MaximValue, Unit, SensorType) VALUES (611383, 'Αιγάλεω', 'XHLSS-105', -53.0, 79.9, '°C', 'Temperature');
INSERT INTO MEASUREMENT (DateTime, SensorID, MeasValue) VALUES (TO_DATE('09/05/18 15:58', 'DD/MM/YY HH24:MI'), 611383, 24.9);
INSERT INTO SENSOR (SerialNumber, CityPlaced, SensorModel, MinimValue, MaximValue, Unit, SensorType) VALUES (761934, 'Αιγάλεω', 'FUIGF-5284', 0, 100, '%', 'Humidity');
INSERT INTO MEASUREMENT (DateTime, SensorID, MeasValue) VALUES (TO_DATE('09/05/18 15:58', 'DD/MM/YY HH24:MI'), 761934, 51);
INSERT INTO SENSOR (SerialNumber, CityPlaced, SensorModel, MinimValue, MaximValue, Unit, SensorType) VALUES (44452, 'Αιγάλεω', 'DPFZ-745', 730.0, 1082.9, 'hPa', 'Pressure');
INSERT INTO MEASUREMENT (DateTime, SensorID, MeasValue) VALUES (TO_DATE('09/05/18 15:58', 'DD/MM/YY HH24:MI'), 44452, 1005.8);
INSERT INTO SENSOR (SerialNumber, CityPlaced, SensorModel, MinimValue, MaximValue, Unit, SensorType) VALUES (65641, 'Αιγάλεω', 'HZAU-6062', 0.0, 24.9, 'km/h', 'Wind');
INSERT INTO MEASUREMENT (DateTime, SensorID, MeasValue) VALUES (TO_DATE('09/05/18 15:58', 'DD/MM/YY HH24:MI'), 65641, 9.6);
INSERT INTO SENSOR (SerialNumber, CityPlaced, SensorModel, MinimValue, MaximValue, Unit, SensorType) VALUES (164474, 'Ανάβυσσος', 'NYTSG-700', -60.0, 71.9, '°C', 'Temperature');
INSERT INTO MEASUREMENT (DateTime, SensorID, MeasValue) VALUES (TO_DATE('09/05/18 15:59', 'DD/MM/YY HH24:MI'), 164474, 25.3);
INSERT INTO SENSOR (SerialNumber, CityPlaced, SensorModel, MinimValue, MaximValue, Unit, SensorType) VALUES (634707, 'Ανάβυσσος', 'BOKDJ-1249', 0, 100, '%', 'Humidity');
INSERT INTO MEASUREMENT (DateTime, SensorID, MeasValue) VALUES (TO_DATE('09/05/18 15:59', 'DD/MM/YY HH24:MI'), 634707, 65);
INSERT INTO SENSOR (SerialNumber, CityPlaced, SensorModel, MinimValue, MaximValue, Unit, SensorType) VALUES (90895, 'Ανάβυσσος', 'MWYA-028', 714.0, 1073.9, 'hPa', 'Pressure');
INSERT INTO MEASUREMENT (DateTime, SensorID, MeasValue) VALUES (TO_DATE('09/05/18 15:59', 'DD/MM/YY HH24:MI'), 90895, 1003.5);
INSERT INTO SENSOR (SerialNumber, CityPlaced, SensorModel, MinimValue, MaximValue, Unit, SensorType) VALUES (28057, 'Ανάβυσσος', 'LVEZ-4453', 0.0, 22.9, 'km/h', 'Wind');
INSERT INTO MEASUREMENT (DateTime, SensorID, MeasValue) VALUES (TO_DATE('09/05/18 15:59', 'DD/MM/YY HH24:MI'), 28057, 2.1);
INSERT INTO SENSOR (SerialNumber, CityPlaced, SensorModel, MinimValue, MaximValue, Unit, SensorType) VALUES (666707, 'Ασπρόπυργος SV1EJD', 'ZQDYN-152', -58.0, 63.9, '°C', 'Temperature');
INSERT INTO MEASUREMENT (DateTime, SensorID, MeasValue) VALUES (TO_DATE('09/05/18 15:50', 'DD/MM/YY HH24:MI'), 666707, 25.3);
INSERT INTO SENSOR (SerialNumber, CityPlaced, SensorModel, MinimValue, MaximValue, Unit, SensorType) VALUES (837583, 'Ασπρόπυργος SV1EJD', 'KZNOP-1940', 0, 100, '%', 'Humidity');
INSERT INTO MEASUREMENT (DateTime, SensorID, MeasValue) VALUES (TO_DATE('09/05/18 15:50', 'DD/MM/YY HH24:MI'), 837583, 51);
INSERT INTO SENSOR (SerialNumber, CityPlaced, SensorModel, MinimValue, MaximValue, Unit, SensorType) VALUES (41035, 'Ασπρόπυργος SV1EJD', 'AAGX-786', 710.0, 1083.9, 'hPa', 'Pressure');
INSERT INTO MEASUREMENT (DateTime, SensorID, MeasValue) VALUES (TO_DATE('09/05/18 15:50', 'DD/MM/YY HH24:MI'), 41035, 1004.2);
INSERT INTO SENSOR (SerialNumber, CityPlaced, SensorModel, MinimValue, MaximValue, Unit, SensorType) VALUES (65799, 'Ασπρόπυργος SV1EJD', 'QOBF-7114', 0.0, 21.9, 'km/h', 'Wind');
INSERT INTO MEASUREMENT (DateTime, SensorID, MeasValue) VALUES (TO_DATE('09/05/18 15:50', 'DD/MM/YY HH24:MI'), 65799, 13.7);
INSERT INTO SENSOR (SerialNumber, CityPlaced, SensorModel, MinimValue, MaximValue, Unit, SensorType) VALUES (162706, 'Αυλώνας', 'IEMTV-512', -60.0, 72.9, '°C', 'Temperature');
INSERT INTO MEASUREMENT (DateTime, SensorID, MeasValue) VALUES (TO_DATE('09/05/18 16:02', 'DD/MM/YY HH24:MI'), 162706, 27.6);
INSERT INTO SENSOR (SerialNumber, CityPlaced, SensorModel, MinimValue, MaximValue, Unit, SensorType) VALUES (207905, 'Αυλώνας', 'CMUQG-4594', 0, 100, '%', 'Humidity');
INSERT INTO MEASUREMENT (DateTime, SensorID, MeasValue) VALUES (TO_DATE('09/05/18 16:02', 'DD/MM/YY HH24:MI'), 207905, 42);
INSERT INTO SENSOR (SerialNumber, CityPlaced, SensorModel, MinimValue, MaximValue, Unit, SensorType) VALUES (85728, 'Αυλώνας', 'WOOY-765', 729.0, 1083.9, 'hPa', 'Pressure');
INSERT INTO MEASUREMENT (DateTime, SensorID, MeasValue) VALUES (TO_DATE('09/05/18 16:02', 'DD/MM/YY HH24:MI'), 85728, 1003.5);
INSERT INTO SENSOR (SerialNumber, CityPlaced, SensorModel, MinimValue, MaximValue, Unit, SensorType) VALUES (64934, 'Αυλώνας', 'XTFV-1197', 0.0, 22.9, 'km/h', 'Wind');
INSERT INTO MEASUREMENT (DateTime, SensorID, MeasValue) VALUES (TO_DATE('09/05/18 16:02', 'DD/MM/YY HH24:MI'), 64934, 10.5);
INSERT INTO SENSOR (SerialNumber, CityPlaced, SensorModel, MinimValue, MaximValue, Unit, SensorType) VALUES (858472, 'Αχαρναί Άγιος Πέτρος', 'KXLQF-630', -52.0, 76.9, '°C', 'Temperature');
INSERT INTO MEASUREMENT (DateTime, SensorID, MeasValue) VALUES (TO_DATE('09/05/18 16:03', 'DD/MM/YY HH24:MI'), 858472, 24.9);
INSERT INTO SENSOR (SerialNumber, CityPlaced, SensorModel, MinimValue, MaximValue, Unit, SensorType) VALUES (793028, 'Αχαρναί Άγιος Πέτρος', 'YREPU-8078', 0, 100, '%', 'Humidity');
INSERT INTO MEASUREMENT (DateTime, SensorID, MeasValue) VALUES (TO_DATE('09/05/18 16:03', 'DD/MM/YY HH24:MI'), 793028, 53);
INSERT INTO SENSOR (SerialNumber, CityPlaced, SensorModel, MinimValue, MaximValue, Unit, SensorType) VALUES (28248, 'Αχαρναί Άγιος Πέτρος', 'SRFK-709', 744.0, 1098.9, 'hPa', 'Pressure');
INSERT INTO MEASUREMENT (DateTime, SensorID, MeasValue) VALUES (TO_DATE('09/05/18 16:03', 'DD/MM/YY HH24:MI'), 28248, 1004.6);
INSERT INTO SENSOR (SerialNumber, CityPlaced, SensorModel, MinimValue, MaximValue, Unit, SensorType) VALUES (57448, 'Αχαρναί Άγιος Πέτρος', 'MVIB-9842', 0.0, 21.9, 'km/h', 'Wind');
INSERT INTO MEASUREMENT (DateTime, SensorID, MeasValue) VALUES (TO_DATE('09/05/18 16:03', 'DD/MM/YY HH24:MI'), 57448, 10.2);
INSERT INTO SENSOR (SerialNumber, CityPlaced, SensorModel, MinimValue, MaximValue, Unit, SensorType) VALUES (418443, 'Αχαρναί 2', 'OIDDM-816', -57.0, 72.9, '°C', 'Temperature');
INSERT INTO MEASUREMENT (DateTime, SensorID, MeasValue) VALUES (TO_DATE('09/05/18 16:00', 'DD/MM/YY HH24:MI'), 418443, 24.9);
INSERT INTO SENSOR (SerialNumber, CityPlaced, SensorModel, MinimValue, MaximValue, Unit, SensorType) VALUES (516506, 'Αχαρναί 2', 'PZHNZ-9829', 0, 100, '%', 'Humidity');
INSERT INTO MEASUREMENT (DateTime, SensorID, MeasValue) VALUES (TO_DATE('09/05/18 16:00', 'DD/MM/YY HH24:MI'), 516506, 60);
INSERT INTO SENSOR (SerialNumber, CityPlaced, SensorModel, MinimValue, MaximValue, Unit, SensorType) VALUES (12814, 'Αχαρναί 2', 'CMZQ-517', 730.0, 1091.9, 'hPa', 'Pressure');
INSERT INTO MEASUREMENT (DateTime, SensorID, MeasValue) VALUES (TO_DATE('09/05/18 16:00', 'DD/MM/YY HH24:MI'), 12814, 1004.9);
INSERT INTO SENSOR (SerialNumber, CityPlaced, SensorModel, MinimValue, MaximValue, Unit, SensorType) VALUES (73815, 'Αχαρναί 2', 'DXWT-2911', 0.0, 21.9, 'km/h', 'Wind');
INSERT INTO MEASUREMENT (DateTime, SensorID, MeasValue) VALUES (TO_DATE('09/05/18 16:00', 'DD/MM/YY HH24:MI'), 73815, 6.8);
INSERT INTO SENSOR (SerialNumber, CityPlaced, SensorModel, MinimValue, MaximValue, Unit, SensorType) VALUES (206135, 'Αχαρναί', 'ELVSD-920', -50.0, 72.9, '°C', 'Temperature');
INSERT INTO MEASUREMENT (DateTime, SensorID, MeasValue) VALUES (TO_DATE('09/05/18 16:03', 'DD/MM/YY HH24:MI'), 206135, 24.8);
INSERT INTO SENSOR (SerialNumber, CityPlaced, SensorModel, MinimValue, MaximValue, Unit, SensorType) VALUES (937696, 'Αχαρναί', 'MNKTX-7684', 0, 100, '%', 'Humidity');
INSERT INTO MEASUREMENT (DateTime, SensorID, MeasValue) VALUES (TO_DATE('09/05/18 16:03', 'DD/MM/YY HH24:MI'), 937696, 53);
INSERT INTO SENSOR (SerialNumber, CityPlaced, SensorModel, MinimValue, MaximValue, Unit, SensorType) VALUES (46518, 'Αχαρναί', 'LVKX-623', 727.0, 1054.9, 'hPa', 'Pressure');
INSERT INTO MEASUREMENT (DateTime, SensorID, MeasValue) VALUES (TO_DATE('09/05/18 16:03', 'DD/MM/YY HH24:MI'), 46518, 1004.4);
INSERT INTO SENSOR (SerialNumber, CityPlaced, SensorModel, MinimValue, MaximValue, Unit, SensorType) VALUES (49024, 'Αχαρναί', 'QFLA-2799', 0.0, 23.9, 'km/h', 'Wind');
INSERT INTO MEASUREMENT (DateTime, SensorID, MeasValue) VALUES (TO_DATE('09/05/18 16:03', 'DD/MM/YY HH24:MI'), 49024, 1.9);
INSERT INTO SENSOR (SerialNumber, CityPlaced, SensorModel, MinimValue, MaximValue, Unit, SensorType) VALUES (539046, 'Βάρκιζα', 'OYBNN-625', -59.0, 80.9, '°C', 'Temperature');
INSERT INTO MEASUREMENT (DateTime, SensorID, MeasValue) VALUES (TO_DATE('09/05/18 16:01', 'DD/MM/YY HH24:MI'), 539046, 22.1);
INSERT INTO SENSOR (SerialNumber, CityPlaced, SensorModel, MinimValue, MaximValue, Unit, SensorType) VALUES (707162, 'Βάρκιζα', 'FBNNF-5632', 0, 100, '%', 'Humidity');
INSERT INTO MEASUREMENT (DateTime, SensorID, MeasValue) VALUES (TO_DATE('09/05/18 16:01', 'DD/MM/YY HH24:MI'), 707162, 75);
INSERT INTO SENSOR (SerialNumber, CityPlaced, SensorModel, MinimValue, MaximValue, Unit, SensorType) VALUES (59272, 'Βάρκιζα', 'SWLQ-081', 706.0, 1063.9, 'hPa', 'Pressure');
INSERT INTO MEASUREMENT (DateTime, SensorID, MeasValue) VALUES (TO_DATE('09/05/18 16:01', 'DD/MM/YY HH24:MI'), 59272, 1005.4);
INSERT INTO SENSOR (SerialNumber, CityPlaced, SensorModel, MinimValue, MaximValue, Unit, SensorType) VALUES (94807, 'Βάρκιζα', 'ZDGL-0310', 0.0, 24.9, 'km/h', 'Wind');
INSERT INTO MEASUREMENT (DateTime, SensorID, MeasValue) VALUES (TO_DATE('09/05/18 16:01', 'DD/MM/YY HH24:MI'), 94807, 10.5);
INSERT INTO SENSOR (SerialNumber, CityPlaced, SensorModel, MinimValue, MaximValue, Unit, SensorType) VALUES (640774, 'Βύρωνας', 'CUEXN-287', -52.0, 63.9, '°C', 'Temperature');
INSERT INTO MEASUREMENT (DateTime, SensorID, MeasValue) VALUES (TO_DATE('09/05/18 16:03', 'DD/MM/YY HH24:MI'), 640774, 25.7);
INSERT INTO SENSOR (SerialNumber, CityPlaced, SensorModel, MinimValue, MaximValue, Unit, SensorType) VALUES (270052, 'Βύρωνας', 'KXGTH-5030', 0, 100, '%', 'Humidity');
INSERT INTO MEASUREMENT (DateTime, SensorID, MeasValue) VALUES (TO_DATE('09/05/18 16:03', 'DD/MM/YY HH24:MI'), 270052, 33);
INSERT INTO SENSOR (SerialNumber, CityPlaced, SensorModel, MinimValue, MaximValue, Unit, SensorType) VALUES (18311, 'Βύρωνας', 'DZRK-382', 735.0, 1079.9, 'hPa', 'Pressure');
INSERT INTO MEASUREMENT (DateTime, SensorID, MeasValue) VALUES (TO_DATE('09/05/18 16:03', 'DD/MM/YY HH24:MI'), 18311, 1006.0);
INSERT INTO SENSOR (SerialNumber, CityPlaced, SensorModel, MinimValue, MaximValue, Unit, SensorType) VALUES (46738, 'Βύρωνας', 'CRCE-5901', 0.0, 24.9, 'km/h', 'Wind');
INSERT INTO MEASUREMENT (DateTime, SensorID, MeasValue) VALUES (TO_DATE('09/05/18 16:03', 'DD/MM/YY HH24:MI'), 46738, 5.2);
INSERT INTO SENSOR (SerialNumber, CityPlaced, SensorModel, MinimValue, MaximValue, Unit, SensorType) VALUES (576429, 'Γαλάτσι 2', 'ICDIJ-946', -53.0, 60.9, '°C', 'Temperature');
INSERT INTO MEASUREMENT (DateTime, SensorID, MeasValue) VALUES (TO_DATE('09/05/18 16:00', 'DD/MM/YY HH24:MI'), 576429, 24.8);
INSERT INTO SENSOR (SerialNumber, CityPlaced, SensorModel, MinimValue, MaximValue, Unit, SensorType) VALUES (257327, 'Γαλάτσι 2', 'IHDXT-2280', 0, 100, '%', 'Humidity');
INSERT INTO MEASUREMENT (DateTime, SensorID, MeasValue) VALUES (TO_DATE('09/05/18 16:00', 'DD/MM/YY HH24:MI'), 257327, 50);
INSERT INTO SENSOR (SerialNumber, CityPlaced, SensorModel, MinimValue, MaximValue, Unit, SensorType) VALUES (32556, 'Γαλάτσι 2', 'VWDI-244', 726.0, 1097.9, 'hPa', 'Pressure');
INSERT INTO MEASUREMENT (DateTime, SensorID, MeasValue) VALUES (TO_DATE('09/05/18 16:00', 'DD/MM/YY HH24:MI'), 32556, 1005.1);
INSERT INTO SENSOR (SerialNumber, CityPlaced, SensorModel, MinimValue, MaximValue, Unit, SensorType) VALUES (96373, 'Γαλάτσι 2', 'KPMX-9344', 0.0, 22.9, 'km/h', 'Wind');
INSERT INTO MEASUREMENT (DateTime, SensorID, MeasValue) VALUES (TO_DATE('09/05/18 16:00', 'DD/MM/YY HH24:MI'), 96373, 2.4);
INSERT INTO SENSOR (SerialNumber, CityPlaced, SensorModel, MinimValue, MaximValue, Unit, SensorType) VALUES (506092, 'Διόνυσσος 2', 'PHWBY-463', -55.0, 78.9, '°C', 'Temperature');
INSERT INTO MEASUREMENT (DateTime, SensorID, MeasValue) VALUES (TO_DATE('09/05/18 15:54', 'DD/MM/YY HH24:MI'), 506092, 24.1);
INSERT INTO SENSOR (SerialNumber, CityPlaced, SensorModel, MinimValue, MaximValue, Unit, SensorType) VALUES (400243, 'Διόνυσσος 2', 'PEPNZ-6336', 0, 100, '%', 'Humidity');
INSERT INTO MEASUREMENT (DateTime, SensorID, MeasValue) VALUES (TO_DATE('09/05/18 15:54', 'DD/MM/YY HH24:MI'), 400243, 53);
INSERT INTO SENSOR (SerialNumber, CityPlaced, SensorModel, MinimValue, MaximValue, Unit, SensorType) VALUES (56474, 'Διόνυσσος 2', 'TVBF-339', 709.0, 1100.9, 'hPa', 'Pressure');
INSERT INTO MEASUREMENT (DateTime, SensorID, MeasValue) VALUES (TO_DATE('09/05/18 15:54', 'DD/MM/YY HH24:MI'), 56474, 1004.9);
INSERT INTO SENSOR (SerialNumber, CityPlaced, SensorModel, MinimValue, MaximValue, Unit, SensorType) VALUES (53635, 'Διόνυσσος 2', 'HAGO-4309', 0.0, 22.9, 'km/h', 'Wind');
INSERT INTO MEASUREMENT (DateTime, SensorID, MeasValue) VALUES (TO_DATE('09/05/18 15:54', 'DD/MM/YY HH24:MI'), 53635, 4.0);
INSERT INTO SENSOR (SerialNumber, CityPlaced, SensorModel, MinimValue, MaximValue, Unit, SensorType) VALUES (258420, 'Διόνυσσος', 'TAOPQ-662', -54.0, 70.9, '°C', 'Temperature');
INSERT INTO MEASUREMENT (DateTime, SensorID, MeasValue) VALUES (TO_DATE('09/05/18 15:56', 'DD/MM/YY HH24:MI'), 258420, 23.6);
INSERT INTO SENSOR (SerialNumber, CityPlaced, SensorModel, MinimValue, MaximValue, Unit, SensorType) VALUES (418770, 'Διόνυσσος', 'CCGLB-4111', 0, 100, '%', 'Humidity');
INSERT INTO MEASUREMENT (DateTime, SensorID, MeasValue) VALUES (TO_DATE('09/05/18 15:56', 'DD/MM/YY HH24:MI'), 418770, 52);
INSERT INTO SENSOR (SerialNumber, CityPlaced, SensorModel, MinimValue, MaximValue, Unit, SensorType) VALUES (67703, 'Διόνυσσος', 'EEAH-753', 743.0, 1084.9, 'hPa', 'Pressure');
INSERT INTO MEASUREMENT (DateTime, SensorID, MeasValue) VALUES (TO_DATE('09/05/18 15:56', 'DD/MM/YY HH24:MI'), 67703, 1006.6);
INSERT INTO SENSOR (SerialNumber, CityPlaced, SensorModel, MinimValue, MaximValue, Unit, SensorType) VALUES (69274, 'Διόνυσσος', 'CGIB-2817', 0.0, 21.9, 'km/h', 'Wind');
INSERT INTO MEASUREMENT (DateTime, SensorID, MeasValue) VALUES (TO_DATE('09/05/18 15:56', 'DD/MM/YY HH24:MI'), 69274, 7.0);
INSERT INTO SENSOR (SerialNumber, CityPlaced, SensorModel, MinimValue, MaximValue, Unit, SensorType) VALUES (638409, 'Εκάλη', 'JFQYQ-794', -58.0, 79.9, '°C', 'Temperature');
INSERT INTO MEASUREMENT (DateTime, SensorID, MeasValue) VALUES (TO_DATE('09/05/18 16:00', 'DD/MM/YY HH24:MI'), 638409, 23.9);
INSERT INTO SENSOR (SerialNumber, CityPlaced, SensorModel, MinimValue, MaximValue, Unit, SensorType) VALUES (372038, 'Εκάλη', 'KCLZD-3018', 0, 100, '%', 'Humidity');
INSERT INTO MEASUREMENT (DateTime, SensorID, MeasValue) VALUES (TO_DATE('09/05/18 16:00', 'DD/MM/YY HH24:MI'), 372038, 55);
INSERT INTO SENSOR (SerialNumber, CityPlaced, SensorModel, MinimValue, MaximValue, Unit, SensorType) VALUES (21898, 'Εκάλη', 'CBGR-732', 741.0, 1075.9, 'hPa', 'Pressure');
INSERT INTO MEASUREMENT (DateTime, SensorID, MeasValue) VALUES (TO_DATE('09/05/18 16:00', 'DD/MM/YY HH24:MI'), 21898, 1005.3);
INSERT INTO SENSOR (SerialNumber, CityPlaced, SensorModel, MinimValue, MaximValue, Unit, SensorType) VALUES (11288, 'Εκάλη', 'VJMT-4035', 0.0, 22.9, 'km/h', 'Wind');
INSERT INTO MEASUREMENT (DateTime, SensorID, MeasValue) VALUES (TO_DATE('09/05/18 16:00', 'DD/MM/YY HH24:MI'), 11288, 3.5);
INSERT INTO SENSOR (SerialNumber, CityPlaced, SensorModel, MinimValue, MaximValue, Unit, SensorType) VALUES (651468, 'Ζωγράφου - Ε.Μ.Π. - Σχολή Τοπογράφων', 'OOXPB-754', -53.0, 64.9, '°C', 'Temperature');
INSERT INTO MEASUREMENT (DateTime, SensorID, MeasValue) VALUES (TO_DATE('09/05/18 16:00', 'DD/MM/YY HH24:MI'), 651468, 24.8);
INSERT INTO SENSOR (SerialNumber, CityPlaced, SensorModel, MinimValue, MaximValue, Unit, SensorType) VALUES (153991, 'Ζωγράφου - Ε.Μ.Π. - Σχολή Τοπογράφων', 'YIFIU-0021', 0, 100, '%', 'Humidity');
INSERT INTO MEASUREMENT (DateTime, SensorID, MeasValue) VALUES (TO_DATE('09/05/18 16:00', 'DD/MM/YY HH24:MI'), 153991, 49);
INSERT INTO SENSOR (SerialNumber, CityPlaced, SensorModel, MinimValue, MaximValue, Unit, SensorType) VALUES (35385, 'Ζωγράφου - Ε.Μ.Π. - Σχολή Τοπογράφων', 'EFKQ-441', 727.0, 1088.9, 'hPa', 'Pressure');
INSERT INTO MEASUREMENT (DateTime, SensorID, MeasValue) VALUES (TO_DATE('09/05/18 16:00', 'DD/MM/YY HH24:MI'), 35385, 1005.4);
INSERT INTO SENSOR (SerialNumber, CityPlaced, SensorModel, MinimValue, MaximValue, Unit, SensorType) VALUES (67668, 'Ζωγράφου - Ε.Μ.Π. - Σχολή Τοπογράφων', 'WUNI-5771', 0.0, 20.9, 'km/h', 'Wind');
INSERT INTO MEASUREMENT (DateTime, SensorID, MeasValue) VALUES (TO_DATE('09/05/18 16:00', 'DD/MM/YY HH24:MI'), 67668, 6.8);
INSERT INTO SENSOR (SerialNumber, CityPlaced, SensorModel, MinimValue, MaximValue, Unit, SensorType) VALUES (771371, 'Ηλιούπολη', 'GEHJO-868', -56.0, 62.9, '°C', 'Temperature');
INSERT INTO MEASUREMENT (DateTime, SensorID, MeasValue) VALUES (TO_DATE('09/05/18 16:03', 'DD/MM/YY HH24:MI'), 771371, 24.2);
INSERT INTO SENSOR (SerialNumber, CityPlaced, SensorModel, MinimValue, MaximValue, Unit, SensorType) VALUES (409765, 'Ηλιούπολη', 'AVYGA-7018', 0, 100, '%', 'Humidity');
INSERT INTO MEASUREMENT (DateTime, SensorID, MeasValue) VALUES (TO_DATE('09/05/18 16:03', 'DD/MM/YY HH24:MI'), 409765, 53);
INSERT INTO SENSOR (SerialNumber, CityPlaced, SensorModel, MinimValue, MaximValue, Unit, SensorType) VALUES (66367, 'Ηλιούπολη', 'SMFQ-629', 730.0, 1099.9, 'hPa', 'Pressure');
INSERT INTO MEASUREMENT (DateTime, SensorID, MeasValue) VALUES (TO_DATE('09/05/18 16:03', 'DD/MM/YY HH24:MI'), 66367, 1005.8);
INSERT INTO SENSOR (SerialNumber, CityPlaced, SensorModel, MinimValue, MaximValue, Unit, SensorType) VALUES (16676, 'Ηλιούπολη', 'TMON-9151', 0.0, 23.9, 'km/h', 'Wind');
INSERT INTO MEASUREMENT (DateTime, SensorID, MeasValue) VALUES (TO_DATE('09/05/18 16:03', 'DD/MM/YY HH24:MI'), 16676, 6.5);
INSERT INTO SENSOR (SerialNumber, CityPlaced, SensorModel, MinimValue, MaximValue, Unit, SensorType) VALUES (645569, 'Ιπποκράτειος Πολιτεία', 'PAWWA-022', -52.0, 63.9, '°C', 'Temperature');
INSERT INTO MEASUREMENT (DateTime, SensorID, MeasValue) VALUES (TO_DATE('09/05/18 16:00', 'DD/MM/YY HH24:MI'), 645569, 24.5);
INSERT INTO SENSOR (SerialNumber, CityPlaced, SensorModel, MinimValue, MaximValue, Unit, SensorType) VALUES (842404, 'Ιπποκράτειος Πολιτεία', 'MYQLZ-7503', 0, 100, '%', 'Humidity');
INSERT INTO MEASUREMENT (DateTime, SensorID, MeasValue) VALUES (TO_DATE('09/05/18 16:00', 'DD/MM/YY HH24:MI'), 842404, 49);
INSERT INTO SENSOR (SerialNumber, CityPlaced, SensorModel, MinimValue, MaximValue, Unit, SensorType) VALUES (76194, 'Ιπποκράτειος Πολιτεία', 'BBNT-757', 712.0, 1068.9, 'hPa', 'Pressure');
INSERT INTO MEASUREMENT (DateTime, SensorID, MeasValue) VALUES (TO_DATE('09/05/18 16:00', 'DD/MM/YY HH24:MI'), 76194, 1010.7);
INSERT INTO SENSOR (SerialNumber, CityPlaced, SensorModel, MinimValue, MaximValue, Unit, SensorType) VALUES (24686, 'Ιπποκράτειος Πολιτεία', 'TLJU-1686', 0.0, 20.9, 'km/h', 'Wind');
INSERT INTO MEASUREMENT (DateTime, SensorID, MeasValue) VALUES (TO_DATE('09/05/18 16:00', 'DD/MM/YY HH24:MI'), 24686, 5.1);
INSERT INTO SENSOR (SerialNumber, CityPlaced, SensorModel, MinimValue, MaximValue, Unit, SensorType) VALUES (392981, 'Καλαμάκι - AirMar', 'TOCBV-964', -51.0, 66.9, '°C', 'Temperature');
INSERT INTO MEASUREMENT (DateTime, SensorID, MeasValue) VALUES (TO_DATE('09/05/18 16:02', 'DD/MM/YY HH24:MI'), 392981, 22.9);
INSERT INTO SENSOR (SerialNumber, CityPlaced, SensorModel, MinimValue, MaximValue, Unit, SensorType) VALUES (384266, 'Καλαμάκι - AirMar', 'FJMRP-9649', 0, 100, '%', 'Humidity');
INSERT INTO MEASUREMENT (DateTime, SensorID, MeasValue) VALUES (TO_DATE('09/05/18 16:02', 'DD/MM/YY HH24:MI'), 384266, 65);
INSERT INTO SENSOR (SerialNumber, CityPlaced, SensorModel, MinimValue, MaximValue, Unit, SensorType) VALUES (60880, 'Καλαμάκι - AirMar', 'PSUU-668', 725.0, 1061.9, 'hPa', 'Pressure');
INSERT INTO MEASUREMENT (DateTime, SensorID, MeasValue) VALUES (TO_DATE('09/05/18 16:02', 'DD/MM/YY HH24:MI'), 60880, 1004.6);
INSERT INTO SENSOR (SerialNumber, CityPlaced, SensorModel, MinimValue, MaximValue, Unit, SensorType) VALUES (12961, 'Καλαμάκι - AirMar', 'OCWG-4209', 0.0, 21.9, 'km/h', 'Wind');
INSERT INTO MEASUREMENT (DateTime, SensorID, MeasValue) VALUES (TO_DATE('09/05/18 16:02', 'DD/MM/YY HH24:MI'), 12961, 8.7);
INSERT INTO SENSOR (SerialNumber, CityPlaced, SensorModel, MinimValue, MaximValue, Unit, SensorType) VALUES (467460, 'Καλύβια Θορικού', 'IQBCD-340', -55.0, 64.9, '°C', 'Temperature');
INSERT INTO MEASUREMENT (DateTime, SensorID, MeasValue) VALUES (TO_DATE('09/05/18 16:01', 'DD/MM/YY HH24:MI'), 467460, 25.9);
INSERT INTO SENSOR (SerialNumber, CityPlaced, SensorModel, MinimValue, MaximValue, Unit, SensorType) VALUES (736507, 'Καλύβια Θορικού', 'ZLIBY-8942', 0, 100, '%', 'Humidity');
INSERT INTO MEASUREMENT (DateTime, SensorID, MeasValue) VALUES (TO_DATE('09/05/18 16:01', 'DD/MM/YY HH24:MI'), 736507, 46);
INSERT INTO SENSOR (SerialNumber, CityPlaced, SensorModel, MinimValue, MaximValue, Unit, SensorType) VALUES (80163, 'Καλύβια Θορικού', 'NYGK-616', 735.0, 1051.9, 'hPa', 'Pressure');
INSERT INTO MEASUREMENT (DateTime, SensorID, MeasValue) VALUES (TO_DATE('09/05/18 16:01', 'DD/MM/YY HH24:MI'), 80163, 1005.9);
INSERT INTO SENSOR (SerialNumber, CityPlaced, SensorModel, MinimValue, MaximValue, Unit, SensorType) VALUES (48643, 'Καλύβια Θορικού', 'PTLC-4223', 0.0, 20.9, 'km/h', 'Wind');
INSERT INTO MEASUREMENT (DateTime, SensorID, MeasValue) VALUES (TO_DATE('09/05/18 16:01', 'DD/MM/YY HH24:MI'), 48643, 6.7);
INSERT INTO SENSOR (SerialNumber, CityPlaced, SensorModel, MinimValue, MaximValue, Unit, SensorType) VALUES (177249, 'Κορυδαλλός', 'OGZSG-569', -59.0, 78.9, '°C', 'Temperature');
INSERT INTO MEASUREMENT (DateTime, SensorID, MeasValue) VALUES (TO_DATE('09/05/18 16:03', 'DD/MM/YY HH24:MI'), 177249, 23.1);
INSERT INTO SENSOR (SerialNumber, CityPlaced, SensorModel, MinimValue, MaximValue, Unit, SensorType) VALUES (560420, 'Κορυδαλλός', 'FXMFH-7181', 0, 100, '%', 'Humidity');
INSERT INTO MEASUREMENT (DateTime, SensorID, MeasValue) VALUES (TO_DATE('09/05/18 16:03', 'DD/MM/YY HH24:MI'), 560420, 61);
INSERT INTO SENSOR (SerialNumber, CityPlaced, SensorModel, MinimValue, MaximValue, Unit, SensorType) VALUES (42595, 'Κορυδαλλός', 'BWBD-975', 718.0, 1056.9, 'hPa', 'Pressure');
INSERT INTO MEASUREMENT (DateTime, SensorID, MeasValue) VALUES (TO_DATE('09/05/18 16:03', 'DD/MM/YY HH24:MI'), 42595, 1006.4);
INSERT INTO SENSOR (SerialNumber, CityPlaced, SensorModel, MinimValue, MaximValue, Unit, SensorType) VALUES (78304, 'Κορυδαλλός', 'XSJI-6423', 0.0, 23.9, 'km/h', 'Wind');
INSERT INTO MEASUREMENT (DateTime, SensorID, MeasValue) VALUES (TO_DATE('09/05/18 16:03', 'DD/MM/YY HH24:MI'), 78304, 4.5);
INSERT INTO SENSOR (SerialNumber, CityPlaced, SensorModel, MinimValue, MaximValue, Unit, SensorType) VALUES (881016, 'Λαύριο 2', 'FFMNU-734', -56.0, 61.9, '°C', 'Temperature');
INSERT INTO MEASUREMENT (DateTime, SensorID, MeasValue) VALUES (TO_DATE('09/05/18 16:01', 'DD/MM/YY HH24:MI'), 881016, 23.6);
INSERT INTO SENSOR (SerialNumber, CityPlaced, SensorModel, MinimValue, MaximValue, Unit, SensorType) VALUES (101257, 'Λαύριο 2', 'DHMWC-6602', 0, 100, '%', 'Humidity');
INSERT INTO MEASUREMENT (DateTime, SensorID, MeasValue) VALUES (TO_DATE('09/05/18 16:01', 'DD/MM/YY HH24:MI'), 101257, 63);
INSERT INTO SENSOR (SerialNumber, CityPlaced, SensorModel, MinimValue, MaximValue, Unit, SensorType) VALUES (81752, 'Λαύριο 2', 'QUNE-891', 720.0, 1084.9, 'hPa', 'Pressure');
INSERT INTO MEASUREMENT (DateTime, SensorID, MeasValue) VALUES (TO_DATE('09/05/18 16:01', 'DD/MM/YY HH24:MI'), 81752, 1004.7);
INSERT INTO SENSOR (SerialNumber, CityPlaced, SensorModel, MinimValue, MaximValue, Unit, SensorType) VALUES (87373, 'Λαύριο 2', 'MZEV-0254', 0.0, 21.9, 'km/h', 'Wind');
INSERT INTO MEASUREMENT (DateTime, SensorID, MeasValue) VALUES (TO_DATE('09/05/18 16:01', 'DD/MM/YY HH24:MI'), 87373, 14.2);
INSERT INTO SENSOR (SerialNumber, CityPlaced, SensorModel, MinimValue, MaximValue, Unit, SensorType) VALUES (151775, 'Λαύριο', 'XRUMS-009', -57.0, 67.9, '°C', 'Temperature');
INSERT INTO MEASUREMENT (DateTime, SensorID, MeasValue) VALUES (TO_DATE('09/05/18 15:59', 'DD/MM/YY HH24:MI'), 151775, 23.5);
INSERT INTO SENSOR (SerialNumber, CityPlaced, SensorModel, MinimValue, MaximValue, Unit, SensorType) VALUES (757988, 'Λαύριο', 'SLTHX-5742', 0, 100, '%', 'Humidity');
INSERT INTO MEASUREMENT (DateTime, SensorID, MeasValue) VALUES (TO_DATE('09/05/18 15:59', 'DD/MM/YY HH24:MI'), 757988, 68);
INSERT INTO SENSOR (SerialNumber, CityPlaced, SensorModel, MinimValue, MaximValue, Unit, SensorType) VALUES (78903, 'Λαύριο', 'VSUZ-279', 723.0, 1050.9, 'hPa', 'Pressure');
INSERT INTO MEASUREMENT (DateTime, SensorID, MeasValue) VALUES (TO_DATE('09/05/18 15:59', 'DD/MM/YY HH24:MI'), 78903, 1003.1);
INSERT INTO SENSOR (SerialNumber, CityPlaced, SensorModel, MinimValue, MaximValue, Unit, SensorType) VALUES (56727, 'Λαύριο', 'HIPD-4498', 0.0, 24.9, 'km/h', 'Wind');
INSERT INTO MEASUREMENT (DateTime, SensorID, MeasValue) VALUES (TO_DATE('09/05/18 15:59', 'DD/MM/YY HH24:MI'), 56727, 13.7);
INSERT INTO SENSOR (SerialNumber, CityPlaced, SensorModel, MinimValue, MaximValue, Unit, SensorType) VALUES (710811, 'Λυκόβρυση', 'HSHCT-131', -54.0, 64.9, '°C', 'Temperature');
INSERT INTO MEASUREMENT (DateTime, SensorID, MeasValue) VALUES (TO_DATE('09/05/18 16:01', 'DD/MM/YY HH24:MI'), 710811, 24.1);
INSERT INTO SENSOR (SerialNumber, CityPlaced, SensorModel, MinimValue, MaximValue, Unit, SensorType) VALUES (343918, 'Λυκόβρυση', 'NTQXV-5343', 0, 100, '%', 'Humidity');
INSERT INTO MEASUREMENT (DateTime, SensorID, MeasValue) VALUES (TO_DATE('09/05/18 16:01', 'DD/MM/YY HH24:MI'), 343918, 58);
INSERT INTO SENSOR (SerialNumber, CityPlaced, SensorModel, MinimValue, MaximValue, Unit, SensorType) VALUES (76190, 'Λυκόβρυση', 'ZKKN-227', 745.0, 1083.9, 'hPa', 'Pressure');
INSERT INTO MEASUREMENT (DateTime, SensorID, MeasValue) VALUES (TO_DATE('09/05/18 16:01', 'DD/MM/YY HH24:MI'), 76190, 1005.5);
INSERT INTO SENSOR (SerialNumber, CityPlaced, SensorModel, MinimValue, MaximValue, Unit, SensorType) VALUES (13359, 'Λυκόβρυση', 'DKZU-8768', 0.0, 20.9, 'km/h', 'Wind');
INSERT INTO MEASUREMENT (DateTime, SensorID, MeasValue) VALUES (TO_DATE('09/05/18 16:01', 'DD/MM/YY HH24:MI'), 13359, 6.2);
INSERT INTO SENSOR (SerialNumber, CityPlaced, SensorModel, MinimValue, MaximValue, Unit, SensorType) VALUES (769903, 'Μαραθώνας Παραλία', 'PEOOG-361', -53.0, 73.9, '°C', 'Temperature');
INSERT INTO MEASUREMENT (DateTime, SensorID, MeasValue) VALUES (TO_DATE('09/05/18 16:02', 'DD/MM/YY HH24:MI'), 769903, 21.8);
INSERT INTO SENSOR (SerialNumber, CityPlaced, SensorModel, MinimValue, MaximValue, Unit, SensorType) VALUES (481627, 'Μαραθώνας Παραλία', 'EFZWK-6183', 0, 100, '%', 'Humidity');
INSERT INTO MEASUREMENT (DateTime, SensorID, MeasValue) VALUES (TO_DATE('09/05/18 16:02', 'DD/MM/YY HH24:MI'), 481627, 83);
INSERT INTO SENSOR (SerialNumber, CityPlaced, SensorModel, MinimValue, MaximValue, Unit, SensorType) VALUES (40609, 'Μαραθώνας Παραλία', 'ZPOM-753', 740.0, 1055.9, 'hPa', 'Pressure');
INSERT INTO MEASUREMENT (DateTime, SensorID, MeasValue) VALUES (TO_DATE('09/05/18 16:02', 'DD/MM/YY HH24:MI'), 40609, 1005.1);
INSERT INTO SENSOR (SerialNumber, CityPlaced, SensorModel, MinimValue, MaximValue, Unit, SensorType) VALUES (94817, 'Μαραθώνας Παραλία', 'PKWC-3213', 0.0, 22.9, 'km/h', 'Wind');
INSERT INTO MEASUREMENT (DateTime, SensorID, MeasValue) VALUES (TO_DATE('09/05/18 16:02', 'DD/MM/YY HH24:MI'), 94817, 16.1);
INSERT INTO SENSOR (SerialNumber, CityPlaced, SensorModel, MinimValue, MaximValue, Unit, SensorType) VALUES (888917, 'Μαρούσι Κοκκινιά', 'GKNRE-823', -56.0, 61.9, '°C', 'Temperature');
INSERT INTO MEASUREMENT (DateTime, SensorID, MeasValue) VALUES (TO_DATE('09/05/18 16:00', 'DD/MM/YY HH24:MI'), 888917, 25.7);
INSERT INTO SENSOR (SerialNumber, CityPlaced, SensorModel, MinimValue, MaximValue, Unit, SensorType) VALUES (817020, 'Μαρούσι Κοκκινιά', 'KKHNT-4343', 0, 100, '%', 'Humidity');
INSERT INTO MEASUREMENT (DateTime, SensorID, MeasValue) VALUES (TO_DATE('09/05/18 16:00', 'DD/MM/YY HH24:MI'), 817020, 48);
INSERT INTO SENSOR (SerialNumber, CityPlaced, SensorModel, MinimValue, MaximValue, Unit, SensorType) VALUES (93816, 'Μαρούσι Κοκκινιά', 'RUVB-597', 700.0, 1057.9, 'hPa', 'Pressure');
INSERT INTO MEASUREMENT (DateTime, SensorID, MeasValue) VALUES (TO_DATE('09/05/18 16:00', 'DD/MM/YY HH24:MI'), 93816, 1006.4);
INSERT INTO SENSOR (SerialNumber, CityPlaced, SensorModel, MinimValue, MaximValue, Unit, SensorType) VALUES (25761, 'Μαρούσι Κοκκινιά', 'SAEX-3077', 0.0, 21.9, 'km/h', 'Wind');
INSERT INTO MEASUREMENT (DateTime, SensorID, MeasValue) VALUES (TO_DATE('09/05/18 16:00', 'DD/MM/YY HH24:MI'), 25761, 5.4);
INSERT INTO SENSOR (SerialNumber, CityPlaced, SensorModel, MinimValue, MaximValue, Unit, SensorType) VALUES (636254, 'Μενίδι', 'AKFBO-266', -55.0, 73.9, '°C', 'Temperature');
INSERT INTO MEASUREMENT (DateTime, SensorID, MeasValue) VALUES (TO_DATE('09/05/18 15:59', 'DD/MM/YY HH24:MI'), 636254, 27.2);
INSERT INTO SENSOR (SerialNumber, CityPlaced, SensorModel, MinimValue, MaximValue, Unit, SensorType) VALUES (413564, 'Μενίδι', 'SJJIC-0510', 0, 100, '%', 'Humidity');
INSERT INTO MEASUREMENT (DateTime, SensorID, MeasValue) VALUES (TO_DATE('09/05/18 15:59', 'DD/MM/YY HH24:MI'), 413564, 48);
INSERT INTO SENSOR (SerialNumber, CityPlaced, SensorModel, MinimValue, MaximValue, Unit, SensorType) VALUES (14848, 'Μενίδι', 'BFRT-403', 719.0, 1065.9, 'hPa', 'Pressure');
INSERT INTO MEASUREMENT (DateTime, SensorID, MeasValue) VALUES (TO_DATE('09/05/18 15:59', 'DD/MM/YY HH24:MI'), 14848, 1004.0);
INSERT INTO SENSOR (SerialNumber, CityPlaced, SensorModel, MinimValue, MaximValue, Unit, SensorType) VALUES (52316, 'Μενίδι', 'OEDB-7136', 0.0, 23.9, 'km/h', 'Wind');
INSERT INTO MEASUREMENT (DateTime, SensorID, MeasValue) VALUES (TO_DATE('09/05/18 15:59', 'DD/MM/YY HH24:MI'), 52316, 9.1);
INSERT INTO SENSOR (SerialNumber, CityPlaced, SensorModel, MinimValue, MaximValue, Unit, SensorType) VALUES (417965, 'Νέα Κηφισιά', 'IFOJU-858', -60.0, 66.9, '°C', 'Temperature');
INSERT INTO MEASUREMENT (DateTime, SensorID, MeasValue) VALUES (TO_DATE('09/05/18 16:02', 'DD/MM/YY HH24:MI'), 417965, 24.7);
INSERT INTO SENSOR (SerialNumber, CityPlaced, SensorModel, MinimValue, MaximValue, Unit, SensorType) VALUES (365565, 'Νέα Κηφισιά', 'FZGIV-2958', 0, 100, '%', 'Humidity');
INSERT INTO MEASUREMENT (DateTime, SensorID, MeasValue) VALUES (TO_DATE('09/05/18 16:02', 'DD/MM/YY HH24:MI'), 365565, 56);
INSERT INTO SENSOR (SerialNumber, CityPlaced, SensorModel, MinimValue, MaximValue, Unit, SensorType) VALUES (15213, 'Νέα Κηφισιά', 'YAVN-223', 743.0, 1092.9, 'hPa', 'Pressure');
INSERT INTO MEASUREMENT (DateTime, SensorID, MeasValue) VALUES (TO_DATE('09/05/18 16:02', 'DD/MM/YY HH24:MI'), 15213, 1003.8);
INSERT INTO SENSOR (SerialNumber, CityPlaced, SensorModel, MinimValue, MaximValue, Unit, SensorType) VALUES (47122, 'Νέα Κηφισιά', 'FYQY-6300', 0.0, 23.9, 'km/h', 'Wind');
INSERT INTO MEASUREMENT (DateTime, SensorID, MeasValue) VALUES (TO_DATE('09/05/18 16:02', 'DD/MM/YY HH24:MI'), 47122, 9.5);
INSERT INTO SENSOR (SerialNumber, CityPlaced, SensorModel, MinimValue, MaximValue, Unit, SensorType) VALUES (193255, 'Νέο Φάληρο 2', 'LVKEY-353', -56.0, 74.9, '°C', 'Temperature');
INSERT INTO MEASUREMENT (DateTime, SensorID, MeasValue) VALUES (TO_DATE('09/05/18 16:00', 'DD/MM/YY HH24:MI'), 193255, 25.3);
INSERT INTO SENSOR (SerialNumber, CityPlaced, SensorModel, MinimValue, MaximValue, Unit, SensorType) VALUES (502820, 'Νέο Φάληρο 2', 'GQTIM-8426', 0, 100, '%', 'Humidity');
INSERT INTO MEASUREMENT (DateTime, SensorID, MeasValue) VALUES (TO_DATE('09/05/18 16:00', 'DD/MM/YY HH24:MI'), 502820, 55);
INSERT INTO SENSOR (SerialNumber, CityPlaced, SensorModel, MinimValue, MaximValue, Unit, SensorType) VALUES (18917, 'Νέο Φάληρο 2', 'IYAE-562', 748.0, 1084.9, 'hPa', 'Pressure');
INSERT INTO MEASUREMENT (DateTime, SensorID, MeasValue) VALUES (TO_DATE('09/05/18 16:00', 'DD/MM/YY HH24:MI'), 18917, 1002.0);
INSERT INTO SENSOR (SerialNumber, CityPlaced, SensorModel, MinimValue, MaximValue, Unit, SensorType) VALUES (95081, 'Νέο Φάληρο 2', 'EWAS-6602', 0.0, 23.9, 'km/h', 'Wind');
INSERT INTO MEASUREMENT (DateTime, SensorID, MeasValue) VALUES (TO_DATE('09/05/18 16:00', 'DD/MM/YY HH24:MI'), 95081, 9.3);
INSERT INTO SENSOR (SerialNumber, CityPlaced, SensorModel, MinimValue, MaximValue, Unit, SensorType) VALUES (469154, 'Νίκαια Περιβολάκι', 'SQLYH-719', -55.0, 72.9, '°C', 'Temperature');
INSERT INTO MEASUREMENT (DateTime, SensorID, MeasValue) VALUES (TO_DATE('09/05/18 16:02', 'DD/MM/YY HH24:MI'), 469154, 24.3);
INSERT INTO SENSOR (SerialNumber, CityPlaced, SensorModel, MinimValue, MaximValue, Unit, SensorType) VALUES (944865, 'Νίκαια Περιβολάκι', 'LYSUL-6722', 0, 100, '%', 'Humidity');
INSERT INTO MEASUREMENT (DateTime, SensorID, MeasValue) VALUES (TO_DATE('09/05/18 16:02', 'DD/MM/YY HH24:MI'), 944865, 76);
INSERT INTO SENSOR (SerialNumber, CityPlaced, SensorModel, MinimValue, MaximValue, Unit, SensorType) VALUES (89321, 'Νίκαια Περιβολάκι', 'VXPL-647', 725.0, 1099.9, 'hPa', 'Pressure');
INSERT INTO MEASUREMENT (DateTime, SensorID, MeasValue) VALUES (TO_DATE('09/05/18 16:02', 'DD/MM/YY HH24:MI'), 89321, 1004.0);
INSERT INTO SENSOR (SerialNumber, CityPlaced, SensorModel, MinimValue, MaximValue, Unit, SensorType) VALUES (48140, 'Νίκαια Περιβολάκι', 'FMLS-6475', 0.0, 20.9, 'km/h', 'Wind');
INSERT INTO MEASUREMENT (DateTime, SensorID, MeasValue) VALUES (TO_DATE('09/05/18 16:02', 'DD/MM/YY HH24:MI'), 48140, 14.4);
INSERT INTO SENSOR (SerialNumber, CityPlaced, SensorModel, MinimValue, MaximValue, Unit, SensorType) VALUES (544396, 'Παλαιό Φάληρο 2', 'YGQJG-943', -56.0, 79.9, '°C', 'Temperature');
INSERT INTO MEASUREMENT (DateTime, SensorID, MeasValue) VALUES (TO_DATE('09/05/18 15:45', 'DD/MM/YY HH24:MI'), 544396, 23.3);
INSERT INTO SENSOR (SerialNumber, CityPlaced, SensorModel, MinimValue, MaximValue, Unit, SensorType) VALUES (641809, 'Παλαιό Φάληρο 2', 'RRTMD-8346', 0, 100, '%', 'Humidity');
INSERT INTO MEASUREMENT (DateTime, SensorID, MeasValue) VALUES (TO_DATE('09/05/18 15:45', 'DD/MM/YY HH24:MI'), 641809, 64);
INSERT INTO SENSOR (SerialNumber, CityPlaced, SensorModel, MinimValue, MaximValue, Unit, SensorType) VALUES (47282, 'Παλαιό Φάληρο 2', 'NZSV-379', 747.0, 1079.9, 'hPa', 'Pressure');
INSERT INTO MEASUREMENT (DateTime, SensorID, MeasValue) VALUES (TO_DATE('09/05/18 15:45', 'DD/MM/YY HH24:MI'), 47282, 1003.6);
INSERT INTO SENSOR (SerialNumber, CityPlaced, SensorModel, MinimValue, MaximValue, Unit, SensorType) VALUES (47446, 'Παλαιό Φάληρο 2', 'FUPJ-2284', 0.0, 24.9, 'km/h', 'Wind');
INSERT INTO MEASUREMENT (DateTime, SensorID, MeasValue) VALUES (TO_DATE('09/05/18 15:45', 'DD/MM/YY HH24:MI'), 47446, 6.2);
INSERT INTO SENSOR (SerialNumber, CityPlaced, SensorModel, MinimValue, MaximValue, Unit, SensorType) VALUES (886310, 'Παλλήνη Κάντζα', 'FPWAE-202', -52.0, 79.9, '°C', 'Temperature');
INSERT INTO MEASUREMENT (DateTime, SensorID, MeasValue) VALUES (TO_DATE('09/05/18 15:53', 'DD/MM/YY HH24:MI'), 886310, 25.7);
INSERT INTO SENSOR (SerialNumber, CityPlaced, SensorModel, MinimValue, MaximValue, Unit, SensorType) VALUES (338035, 'Παλλήνη Κάντζα', 'RZRJM-3481', 0, 100, '%', 'Humidity');
INSERT INTO MEASUREMENT (DateTime, SensorID, MeasValue) VALUES (TO_DATE('09/05/18 15:53', 'DD/MM/YY HH24:MI'), 338035, 46);
INSERT INTO SENSOR (SerialNumber, CityPlaced, SensorModel, MinimValue, MaximValue, Unit, SensorType) VALUES (94818, 'Παλλήνη Κάντζα', 'PZJY-159', 745.0, 1073.9, 'hPa', 'Pressure');
INSERT INTO MEASUREMENT (DateTime, SensorID, MeasValue) VALUES (TO_DATE('09/05/18 15:53', 'DD/MM/YY HH24:MI'), 94818, 1004.1);
INSERT INTO SENSOR (SerialNumber, CityPlaced, SensorModel, MinimValue, MaximValue, Unit, SensorType) VALUES (41427, 'Παλλήνη Κάντζα', 'SLXL-6592', 0.0, 20.9, 'km/h', 'Wind');
INSERT INTO MEASUREMENT (DateTime, SensorID, MeasValue) VALUES (TO_DATE('09/05/18 15:53', 'DD/MM/YY HH24:MI'), 41427, 8.9);
INSERT INTO SENSOR (SerialNumber, CityPlaced, SensorModel, MinimValue, MaximValue, Unit, SensorType) VALUES (292111, 'Πειραιάς Λόφος Βώκου', 'LWHFJ-927', -52.0, 75.9, '°C', 'Temperature');
INSERT INTO MEASUREMENT (DateTime, SensorID, MeasValue) VALUES (TO_DATE('09/05/18 15:58', 'DD/MM/YY HH24:MI'), 292111, 23.2);
INSERT INTO SENSOR (SerialNumber, CityPlaced, SensorModel, MinimValue, MaximValue, Unit, SensorType) VALUES (968771, 'Πειραιάς Λόφος Βώκου', 'SJHZW-9135', 0, 100, '%', 'Humidity');
INSERT INTO MEASUREMENT (DateTime, SensorID, MeasValue) VALUES (TO_DATE('09/05/18 15:58', 'DD/MM/YY HH24:MI'), 968771, 65);
INSERT INTO SENSOR (SerialNumber, CityPlaced, SensorModel, MinimValue, MaximValue, Unit, SensorType) VALUES (77894, 'Πειραιάς Λόφος Βώκου', 'FJVX-800', 734.0, 1055.9, 'hPa', 'Pressure');
INSERT INTO MEASUREMENT (DateTime, SensorID, MeasValue) VALUES (TO_DATE('09/05/18 15:58', 'DD/MM/YY HH24:MI'), 77894, 1005.9);
INSERT INTO SENSOR (SerialNumber, CityPlaced, SensorModel, MinimValue, MaximValue, Unit, SensorType) VALUES (90712, 'Πειραιάς Λόφος Βώκου', 'GXKB-1064', 0.0, 24.9, 'km/h', 'Wind');
INSERT INTO MEASUREMENT (DateTime, SensorID, MeasValue) VALUES (TO_DATE('09/05/18 15:58', 'DD/MM/YY HH24:MI'), 90712, 5.1);
INSERT INTO SENSOR (SerialNumber, CityPlaced, SensorModel, MinimValue, MaximValue, Unit, SensorType) VALUES (260076, 'Πειραιάς', 'APOBI-955', -60.0, 73.9, '°C', 'Temperature');
INSERT INTO MEASUREMENT (DateTime, SensorID, MeasValue) VALUES (TO_DATE('09/05/18 16:03', 'DD/MM/YY HH24:MI'), 260076, 23.7);
INSERT INTO SENSOR (SerialNumber, CityPlaced, SensorModel, MinimValue, MaximValue, Unit, SensorType) VALUES (404984, 'Πειραιάς', 'SSOTZ-6783', 0, 100, '%', 'Humidity');
INSERT INTO MEASUREMENT (DateTime, SensorID, MeasValue) VALUES (TO_DATE('09/05/18 16:03', 'DD/MM/YY HH24:MI'), 404984, 66);
INSERT INTO SENSOR (SerialNumber, CityPlaced, SensorModel, MinimValue, MaximValue, Unit, SensorType) VALUES (45654, 'Πειραιάς', 'HBQW-626', 732.0, 1069.9, 'hPa', 'Pressure');
INSERT INTO MEASUREMENT (DateTime, SensorID, MeasValue) VALUES (TO_DATE('09/05/18 16:03', 'DD/MM/YY HH24:MI'), 45654, 1005.1);
INSERT INTO SENSOR (SerialNumber, CityPlaced, SensorModel, MinimValue, MaximValue, Unit, SensorType) VALUES (35970, 'Πειραιάς', 'KDED-5009', 0.0, 21.9, 'km/h', 'Wind');
INSERT INTO MEASUREMENT (DateTime, SensorID, MeasValue) VALUES (TO_DATE('09/05/18 16:03', 'DD/MM/YY HH24:MI'), 35970, 6.4);
INSERT INTO SENSOR (SerialNumber, CityPlaced, SensorModel, MinimValue, MaximValue, Unit, SensorType) VALUES (106588, 'Περαμα', 'AQCZN-554', -58.0, 72.9, '°C', 'Temperature');
INSERT INTO MEASUREMENT (DateTime, SensorID, MeasValue) VALUES (TO_DATE('09/05/18 16:00', 'DD/MM/YY HH24:MI'), 106588, 23.6);
INSERT INTO SENSOR (SerialNumber, CityPlaced, SensorModel, MinimValue, MaximValue, Unit, SensorType) VALUES (680362, 'Περαμα', 'WFEEM-2015', 0, 100, '%', 'Humidity');
INSERT INTO MEASUREMENT (DateTime, SensorID, MeasValue) VALUES (TO_DATE('09/05/18 16:00', 'DD/MM/YY HH24:MI'), 680362, 62);
INSERT INTO SENSOR (SerialNumber, CityPlaced, SensorModel, MinimValue, MaximValue, Unit, SensorType) VALUES (36850, 'Περαμα', 'LSGN-057', 705.0, 1053.9, 'hPa', 'Pressure');
INSERT INTO MEASUREMENT (DateTime, SensorID, MeasValue) VALUES (TO_DATE('09/05/18 16:00', 'DD/MM/YY HH24:MI'), 36850, 1006.0);
INSERT INTO SENSOR (SerialNumber, CityPlaced, SensorModel, MinimValue, MaximValue, Unit, SensorType) VALUES (48222, 'Περαμα', 'UQIG-3802', 0.0, 23.9, 'km/h', 'Wind');
INSERT INTO MEASUREMENT (DateTime, SensorID, MeasValue) VALUES (TO_DATE('09/05/18 16:00', 'DD/MM/YY HH24:MI'), 48222, 10.2);
INSERT INTO SENSOR (SerialNumber, CityPlaced, SensorModel, MinimValue, MaximValue, Unit, SensorType) VALUES (902316, 'Πόρτο Ράφτη Λιμικό', 'LWEYP-287', -50.0, 65.9, '°C', 'Temperature');
INSERT INTO MEASUREMENT (DateTime, SensorID, MeasValue) VALUES (TO_DATE('09/05/18 16:03', 'DD/MM/YY HH24:MI'), 902316, 26.1);
INSERT INTO SENSOR (SerialNumber, CityPlaced, SensorModel, MinimValue, MaximValue, Unit, SensorType) VALUES (311294, 'Πόρτο Ράφτη Λιμικό', 'CJSSX-3772', 0, 100, '%', 'Humidity');
INSERT INTO MEASUREMENT (DateTime, SensorID, MeasValue) VALUES (TO_DATE('09/05/18 16:03', 'DD/MM/YY HH24:MI'), 311294, 44);
INSERT INTO SENSOR (SerialNumber, CityPlaced, SensorModel, MinimValue, MaximValue, Unit, SensorType) VALUES (95355, 'Πόρτο Ράφτη Λιμικό', 'OEXB-849', 709.0, 1091.9, 'hPa', 'Pressure');
INSERT INTO MEASUREMENT (DateTime, SensorID, MeasValue) VALUES (TO_DATE('09/05/18 16:03', 'DD/MM/YY HH24:MI'), 95355, 1001.6);
INSERT INTO SENSOR (SerialNumber, CityPlaced, SensorModel, MinimValue, MaximValue, Unit, SensorType) VALUES (33574, 'Πόρτο Ράφτη Λιμικό', 'YDDE-1632', 0.0, 23.9, 'km/h', 'Wind');
INSERT INTO MEASUREMENT (DateTime, SensorID, MeasValue) VALUES (TO_DATE('09/05/18 16:03', 'DD/MM/YY HH24:MI'), 33574, 11.3);
INSERT INTO SENSOR (SerialNumber, CityPlaced, SensorModel, MinimValue, MaximValue, Unit, SensorType) VALUES (305367, 'Ρέα', 'MPQXR-514', -53.0, 67.9, '°C', 'Temperature');
INSERT INTO MEASUREMENT (DateTime, SensorID, MeasValue) VALUES (TO_DATE('09/05/18 16:00', 'DD/MM/YY HH24:MI'), 305367, 23.2);
INSERT INTO SENSOR (SerialNumber, CityPlaced, SensorModel, MinimValue, MaximValue, Unit, SensorType) VALUES (340090, 'Ρέα', 'BXHUB-2573', 0, 100, '%', 'Humidity');
INSERT INTO MEASUREMENT (DateTime, SensorID, MeasValue) VALUES (TO_DATE('09/05/18 16:00', 'DD/MM/YY HH24:MI'), 340090, 58);
INSERT INTO SENSOR (SerialNumber, CityPlaced, SensorModel, MinimValue, MaximValue, Unit, SensorType) VALUES (34993, 'Ρέα', 'JDQI-901', 734.0, 1089.9, 'hPa', 'Pressure');
INSERT INTO MEASUREMENT (DateTime, SensorID, MeasValue) VALUES (TO_DATE('09/05/18 16:00', 'DD/MM/YY HH24:MI'), 34993, 1003.5);
INSERT INTO SENSOR (SerialNumber, CityPlaced, SensorModel, MinimValue, MaximValue, Unit, SensorType) VALUES (19054, 'Ρέα', 'AJTL-6231', 0.0, 21.9, 'km/h', 'Wind');
INSERT INTO MEASUREMENT (DateTime, SensorID, MeasValue) VALUES (TO_DATE('09/05/18 16:00', 'DD/MM/YY HH24:MI'), 19054, 0.5);
INSERT INTO SENSOR (SerialNumber, CityPlaced, SensorModel, MinimValue, MaximValue, Unit, SensorType) VALUES (723835, 'Σαλαμίνα', 'XCFGQ-930', -57.0, 64.9, '°C', 'Temperature');
INSERT INTO MEASUREMENT (DateTime, SensorID, MeasValue) VALUES (TO_DATE('09/05/18 16:00', 'DD/MM/YY HH24:MI'), 723835, 25.1);
INSERT INTO SENSOR (SerialNumber, CityPlaced, SensorModel, MinimValue, MaximValue, Unit, SensorType) VALUES (116545, 'Σαλαμίνα', 'CRRKR-6287', 0, 100, '%', 'Humidity');
INSERT INTO MEASUREMENT (DateTime, SensorID, MeasValue) VALUES (TO_DATE('09/05/18 16:00', 'DD/MM/YY HH24:MI'), 116545, 57);
INSERT INTO SENSOR (SerialNumber, CityPlaced, SensorModel, MinimValue, MaximValue, Unit, SensorType) VALUES (33284, 'Σαλαμίνα', 'CSWJ-427', 726.0, 1078.9, 'hPa', 'Pressure');
INSERT INTO MEASUREMENT (DateTime, SensorID, MeasValue) VALUES (TO_DATE('09/05/18 16:00', 'DD/MM/YY HH24:MI'), 33284, 1003.8);
INSERT INTO SENSOR (SerialNumber, CityPlaced, SensorModel, MinimValue, MaximValue, Unit, SensorType) VALUES (88513, 'Σαλαμίνα', 'ZHSE-1167', 0.0, 22.9, 'km/h', 'Wind');
INSERT INTO MEASUREMENT (DateTime, SensorID, MeasValue) VALUES (TO_DATE('09/05/18 16:00', 'DD/MM/YY HH24:MI'), 88513, 11.5);
INSERT INTO SENSOR (SerialNumber, CityPlaced, SensorModel, MinimValue, MaximValue, Unit, SensorType) VALUES (222062, 'Σχινιάς', 'TPWML-276', -55.0, 74.9, '°C', 'Temperature');
INSERT INTO MEASUREMENT (DateTime, SensorID, MeasValue) VALUES (TO_DATE('09/05/18 16:00', 'DD/MM/YY HH24:MI'), 222062, 21.3);
INSERT INTO SENSOR (SerialNumber, CityPlaced, SensorModel, MinimValue, MaximValue, Unit, SensorType) VALUES (585739, 'Σχινιάς', 'YNPLT-3566', 0, 100, '%', 'Humidity');
INSERT INTO MEASUREMENT (DateTime, SensorID, MeasValue) VALUES (TO_DATE('09/05/18 16:00', 'DD/MM/YY HH24:MI'), 585739, 0);
INSERT INTO SENSOR (SerialNumber, CityPlaced, SensorModel, MinimValue, MaximValue, Unit, SensorType) VALUES (60561, 'Σχινιάς', 'XHNV-933', 744.0, 1058.9, 'hPa', 'Pressure');
INSERT INTO MEASUREMENT (DateTime, SensorID, MeasValue) VALUES (TO_DATE('09/05/18 16:00', 'DD/MM/YY HH24:MI'), 60561, 1003.8);
INSERT INTO SENSOR (SerialNumber, CityPlaced, SensorModel, MinimValue, MaximValue, Unit, SensorType) VALUES (28774, 'Σχινιάς', 'IPBV-6610', 0.0, 20.9, 'km/h', 'Wind');
INSERT INTO MEASUREMENT (DateTime, SensorID, MeasValue) VALUES (TO_DATE('09/05/18 16:00', 'DD/MM/YY HH24:MI'), 28774, 16.9);
INSERT INTO SENSOR (SerialNumber, CityPlaced, SensorModel, MinimValue, MaximValue, Unit, SensorType) VALUES (672619, 'Φυλή', 'KRITN-811', -60.0, 63.9, '°C', 'Temperature');
INSERT INTO MEASUREMENT (DateTime, SensorID, MeasValue) VALUES (TO_DATE('09/05/18 15:58', 'DD/MM/YY HH24:MI'), 672619, 24.2);
INSERT INTO SENSOR (SerialNumber, CityPlaced, SensorModel, MinimValue, MaximValue, Unit, SensorType) VALUES (705940, 'Φυλή', 'VUOQJ-8339', 0, 100, '%', 'Humidity');
INSERT INTO MEASUREMENT (DateTime, SensorID, MeasValue) VALUES (TO_DATE('09/05/18 15:58', 'DD/MM/YY HH24:MI'), 705940, 53);
INSERT INTO SENSOR (SerialNumber, CityPlaced, SensorModel, MinimValue, MaximValue, Unit, SensorType) VALUES (40909, 'Φυλή', 'MJPH-901', 750.0, 1095.9, 'hPa', 'Pressure');
INSERT INTO MEASUREMENT (DateTime, SensorID, MeasValue) VALUES (TO_DATE('09/05/18 15:58', 'DD/MM/YY HH24:MI'), 40909, 1005.0);
INSERT INTO SENSOR (SerialNumber, CityPlaced, SensorModel, MinimValue, MaximValue, Unit, SensorType) VALUES (38188, 'Φυλή', 'IWSM-5327', 0.0, 23.9, 'km/h', 'Wind');
INSERT INTO MEASUREMENT (DateTime, SensorID, MeasValue) VALUES (TO_DATE('09/05/18 15:58', 'DD/MM/YY HH24:MI'), 38188, 2.7);
INSERT INTO SENSOR (SerialNumber, CityPlaced, SensorModel, MinimValue, MaximValue, Unit, SensorType) VALUES (298026, 'Χαλάνδρι 2', 'ISFPP-342', -57.0, 75.9, '°C', 'Temperature');
INSERT INTO MEASUREMENT (DateTime, SensorID, MeasValue) VALUES (TO_DATE('09/05/18 16:00', 'DD/MM/YY HH24:MI'), 298026, 24.9);
INSERT INTO SENSOR (SerialNumber, CityPlaced, SensorModel, MinimValue, MaximValue, Unit, SensorType) VALUES (767217, 'Χαλάνδρι 2', 'XYLBV-2952', 0, 100, '%', 'Humidity');
INSERT INTO MEASUREMENT (DateTime, SensorID, MeasValue) VALUES (TO_DATE('09/05/18 16:00', 'DD/MM/YY HH24:MI'), 767217, 50);
INSERT INTO SENSOR (SerialNumber, CityPlaced, SensorModel, MinimValue, MaximValue, Unit, SensorType) VALUES (50963, 'Χαλάνδρι 2', 'GDOC-769', 730.0, 1069.9, 'hPa', 'Pressure');
INSERT INTO MEASUREMENT (DateTime, SensorID, MeasValue) VALUES (TO_DATE('09/05/18 16:00', 'DD/MM/YY HH24:MI'), 50963, 1004.3);
INSERT INTO SENSOR (SerialNumber, CityPlaced, SensorModel, MinimValue, MaximValue, Unit, SensorType) VALUES (62417, 'Χαλάνδρι 2', 'FZFK-4589', 0.0, 21.9, 'km/h', 'Wind');
INSERT INTO MEASUREMENT (DateTime, SensorID, MeasValue) VALUES (TO_DATE('09/05/18 16:00', 'DD/MM/YY HH24:MI'), 62417, 7.0);
INSERT INTO SENSOR (SerialNumber, CityPlaced, SensorModel, MinimValue, MaximValue, Unit, SensorType) VALUES (281889, 'Αράχωβα', 'RGIIN-591', -58.0, 77.9, '°C', 'Temperature');
INSERT INTO MEASUREMENT (DateTime, SensorID, MeasValue) VALUES (TO_DATE('09/05/18 16:00', 'DD/MM/YY HH24:MI'), 281889, 20.4);
INSERT INTO SENSOR (SerialNumber, CityPlaced, SensorModel, MinimValue, MaximValue, Unit, SensorType) VALUES (749996, 'Αράχωβα', 'YHIQR-0233', 0, 100, '%', 'Humidity');
INSERT INTO MEASUREMENT (DateTime, SensorID, MeasValue) VALUES (TO_DATE('09/05/18 16:00', 'DD/MM/YY HH24:MI'), 749996, 54);
INSERT INTO SENSOR (SerialNumber, CityPlaced, SensorModel, MinimValue, MaximValue, Unit, SensorType) VALUES (92870, 'Αράχωβα', 'SGXF-875', 738.0, 1075.9, 'hPa', 'Pressure');
INSERT INTO MEASUREMENT (DateTime, SensorID, MeasValue) VALUES (TO_DATE('09/05/18 16:00', 'DD/MM/YY HH24:MI'), 92870, 1004.4);
INSERT INTO SENSOR (SerialNumber, CityPlaced, SensorModel, MinimValue, MaximValue, Unit, SensorType) VALUES (32429, 'Αράχωβα', 'TAZR-2722', 0.0, 22.9, 'km/h', 'Wind');
INSERT INTO MEASUREMENT (DateTime, SensorID, MeasValue) VALUES (TO_DATE('09/05/18 16:00', 'DD/MM/YY HH24:MI'), 32429, 2.3);
INSERT INTO SENSOR (SerialNumber, CityPlaced, SensorModel, MinimValue, MaximValue, Unit, SensorType) VALUES (447405, 'Λιβαδειά', 'YLVUG-117', -52.0, 66.9, '°C', 'Temperature');
INSERT INTO MEASUREMENT (DateTime, SensorID, MeasValue) VALUES (TO_DATE('09/05/18 15:50', 'DD/MM/YY HH24:MI'), 447405, 27.0);
INSERT INTO SENSOR (SerialNumber, CityPlaced, SensorModel, MinimValue, MaximValue, Unit, SensorType) VALUES (714910, 'Λιβαδειά', 'PFHVF-9814', 0, 100, '%', 'Humidity');
INSERT INTO MEASUREMENT (DateTime, SensorID, MeasValue) VALUES (TO_DATE('09/05/18 15:50', 'DD/MM/YY HH24:MI'), 714910, 42);
INSERT INTO SENSOR (SerialNumber, CityPlaced, SensorModel, MinimValue, MaximValue, Unit, SensorType) VALUES (79304, 'Λιβαδειά', 'YVYX-553', 716.0, 1063.9, 'hPa', 'Pressure');
INSERT INTO MEASUREMENT (DateTime, SensorID, MeasValue) VALUES (TO_DATE('09/05/18 15:50', 'DD/MM/YY HH24:MI'), 79304, 1004.5);
INSERT INTO SENSOR (SerialNumber, CityPlaced, SensorModel, MinimValue, MaximValue, Unit, SensorType) VALUES (23516, 'Λιβαδειά', 'AZMY-4649', 0.0, 21.9, 'km/h', 'Wind');
INSERT INTO MEASUREMENT (DateTime, SensorID, MeasValue) VALUES (TO_DATE('09/05/18 15:50', 'DD/MM/YY HH24:MI'), 23516, 3.0);
INSERT INTO SENSOR (SerialNumber, CityPlaced, SensorModel, MinimValue, MaximValue, Unit, SensorType) VALUES (377125, 'Οινόφυτα', 'JAGUV-257', -60.0, 69.9, '°C', 'Temperature');
INSERT INTO MEASUREMENT (DateTime, SensorID, MeasValue) VALUES (TO_DATE('09/05/18 16:03', 'DD/MM/YY HH24:MI'), 377125, 28.5);
INSERT INTO SENSOR (SerialNumber, CityPlaced, SensorModel, MinimValue, MaximValue, Unit, SensorType) VALUES (491117, 'Οινόφυτα', 'DZLMB-8347', 0, 100, '%', 'Humidity');
INSERT INTO MEASUREMENT (DateTime, SensorID, MeasValue) VALUES (TO_DATE('09/05/18 16:03', 'DD/MM/YY HH24:MI'), 491117, 40);
INSERT INTO SENSOR (SerialNumber, CityPlaced, SensorModel, MinimValue, MaximValue, Unit, SensorType) VALUES (78531, 'Οινόφυτα', 'DAPY-066', 710.0, 1064.9, 'hPa', 'Pressure');
INSERT INTO MEASUREMENT (DateTime, SensorID, MeasValue) VALUES (TO_DATE('09/05/18 16:03', 'DD/MM/YY HH24:MI'), 78531, 1004.0);
INSERT INTO SENSOR (SerialNumber, CityPlaced, SensorModel, MinimValue, MaximValue, Unit, SensorType) VALUES (92624, 'Οινόφυτα', 'VVYQ-7944', 0.0, 21.9, 'km/h', 'Wind');
INSERT INTO MEASUREMENT (DateTime, SensorID, MeasValue) VALUES (TO_DATE('09/05/18 16:03', 'DD/MM/YY HH24:MI'), 92624, 5.8);
INSERT INTO SENSOR (SerialNumber, CityPlaced, SensorModel, MinimValue, MaximValue, Unit, SensorType) VALUES (949548, 'Παρνασσός Σκαμνός', 'DQCXW-241', -57.0, 77.9, '°C', 'Temperature');
INSERT INTO MEASUREMENT (DateTime, SensorID, MeasValue) VALUES (TO_DATE('09/05/18 15:55', 'DD/MM/YY HH24:MI'), 949548, 20.9);
INSERT INTO SENSOR (SerialNumber, CityPlaced, SensorModel, MinimValue, MaximValue, Unit, SensorType) VALUES (135826, 'Παρνασσός Σκαμνός', 'KECRB-5572', 0, 100, '%', 'Humidity');
INSERT INTO MEASUREMENT (DateTime, SensorID, MeasValue) VALUES (TO_DATE('09/05/18 15:55', 'DD/MM/YY HH24:MI'), 135826, 37);
INSERT INTO SENSOR (SerialNumber, CityPlaced, SensorModel, MinimValue, MaximValue, Unit, SensorType) VALUES (77250, 'Παρνασσός Σκαμνός', 'MWOC-711', 744.0, 1083.9, 'hPa', 'Pressure');
INSERT INTO MEASUREMENT (DateTime, SensorID, MeasValue) VALUES (TO_DATE('09/05/18 15:55', 'DD/MM/YY HH24:MI'), 77250, 1016.9);
INSERT INTO SENSOR (SerialNumber, CityPlaced, SensorModel, MinimValue, MaximValue, Unit, SensorType) VALUES (70663, 'Παρνασσός Σκαμνός', 'UPRF-0205', 0.0, 25.9, 'km/h', 'Wind');
INSERT INTO MEASUREMENT (DateTime, SensorID, MeasValue) VALUES (TO_DATE('09/05/18 15:55', 'DD/MM/YY HH24:MI'), 70663, 0.0);
INSERT INTO SENSOR (SerialNumber, CityPlaced, SensorModel, MinimValue, MaximValue, Unit, SensorType) VALUES (844343, 'Ιστιαία', 'RJMCM-926', -50.0, 71.9, '°C', 'Temperature');
INSERT INTO MEASUREMENT (DateTime, SensorID, MeasValue) VALUES (TO_DATE('09/05/18 16:00', 'DD/MM/YY HH24:MI'), 844343, 24.7);
INSERT INTO SENSOR (SerialNumber, CityPlaced, SensorModel, MinimValue, MaximValue, Unit, SensorType) VALUES (531811, 'Ιστιαία', 'BHJST-4637', 0, 100, '%', 'Humidity');
INSERT INTO MEASUREMENT (DateTime, SensorID, MeasValue) VALUES (TO_DATE('09/05/18 16:00', 'DD/MM/YY HH24:MI'), 531811, 67);
INSERT INTO SENSOR (SerialNumber, CityPlaced, SensorModel, MinimValue, MaximValue, Unit, SensorType) VALUES (66524, 'Ιστιαία', 'REFU-208', 713.0, 1082.9, 'hPa', 'Pressure');
INSERT INTO MEASUREMENT (DateTime, SensorID, MeasValue) VALUES (TO_DATE('09/05/18 16:00', 'DD/MM/YY HH24:MI'), 66524, 1004.6);
INSERT INTO SENSOR (SerialNumber, CityPlaced, SensorModel, MinimValue, MaximValue, Unit, SensorType) VALUES (49151, 'Ιστιαία', 'TAUH-0515', 0.0, 25.9, 'km/h', 'Wind');
INSERT INTO MEASUREMENT (DateTime, SensorID, MeasValue) VALUES (TO_DATE('09/05/18 16:00', 'DD/MM/YY HH24:MI'), 49151, 10.2);
INSERT INTO SENSOR (SerialNumber, CityPlaced, SensorModel, MinimValue, MaximValue, Unit, SensorType) VALUES (965302, 'Κάρυστος', 'CQGNA-784', -59.0, 67.9, '°C', 'Temperature');
INSERT INTO MEASUREMENT (DateTime, SensorID, MeasValue) VALUES (TO_DATE('09/05/18 16:00', 'DD/MM/YY HH24:MI'), 965302, 22.0);
INSERT INTO SENSOR (SerialNumber, CityPlaced, SensorModel, MinimValue, MaximValue, Unit, SensorType) VALUES (626257, 'Κάρυστος', 'SEOMS-7913', 0, 100, '%', 'Humidity');
INSERT INTO MEASUREMENT (DateTime, SensorID, MeasValue) VALUES (TO_DATE('09/05/18 16:00', 'DD/MM/YY HH24:MI'), 626257, 82);
INSERT INTO SENSOR (SerialNumber, CityPlaced, SensorModel, MinimValue, MaximValue, Unit, SensorType) VALUES (16784, 'Κάρυστος', 'IZJB-581', 708.0, 1080.9, 'hPa', 'Pressure');
INSERT INTO MEASUREMENT (DateTime, SensorID, MeasValue) VALUES (TO_DATE('09/05/18 16:00', 'DD/MM/YY HH24:MI'), 16784, 1006.1);
INSERT INTO SENSOR (SerialNumber, CityPlaced, SensorModel, MinimValue, MaximValue, Unit, SensorType) VALUES (36473, 'Κάρυστος', 'RWKF-9427', 0.0, 22.9, 'km/h', 'Wind');
INSERT INTO MEASUREMENT (DateTime, SensorID, MeasValue) VALUES (TO_DATE('09/05/18 16:00', 'DD/MM/YY HH24:MI'), 36473, 13.4);
INSERT INTO SENSOR (SerialNumber, CityPlaced, SensorModel, MinimValue, MaximValue, Unit, SensorType) VALUES (396583, 'Καβοντόρος Πρινιά', 'SZQZZ-055', -50.0, 73.9, '°C', 'Temperature');
INSERT INTO MEASUREMENT (DateTime, SensorID, MeasValue) VALUES (TO_DATE('09/05/18 16:00', 'DD/MM/YY HH24:MI'), 396583, 19.2);
INSERT INTO SENSOR (SerialNumber, CityPlaced, SensorModel, MinimValue, MaximValue, Unit, SensorType) VALUES (243754, 'Καβοντόρος Πρινιά', 'IWUZS-9655', 0, 100, '%', 'Humidity');
INSERT INTO MEASUREMENT (DateTime, SensorID, MeasValue) VALUES (TO_DATE('09/05/18 16:00', 'DD/MM/YY HH24:MI'), 243754, 85);
INSERT INTO SENSOR (SerialNumber, CityPlaced, SensorModel, MinimValue, MaximValue, Unit, SensorType) VALUES (94402, 'Καβοντόρος Πρινιά', 'IJYY-310', 737.0, 1053.9, 'hPa', 'Pressure');
INSERT INTO MEASUREMENT (DateTime, SensorID, MeasValue) VALUES (TO_DATE('09/05/18 16:00', 'DD/MM/YY HH24:MI'), 94402, 1003.9);
INSERT INTO SENSOR (SerialNumber, CityPlaced, SensorModel, MinimValue, MaximValue, Unit, SensorType) VALUES (15746, 'Καβοντόρος Πρινιά', 'KVWR-2092', 0.0, 23.9, 'km/h', 'Wind');
INSERT INTO MEASUREMENT (DateTime, SensorID, MeasValue) VALUES (TO_DATE('09/05/18 16:00', 'DD/MM/YY HH24:MI'), 15746, 18.5);
INSERT INTO SENSOR (SerialNumber, CityPlaced, SensorModel, MinimValue, MaximValue, Unit, SensorType) VALUES (729404, 'Σέττα', 'LRULR-644', -55.0, 62.9, '°C', 'Temperature');
INSERT INTO MEASUREMENT (DateTime, SensorID, MeasValue) VALUES (TO_DATE('09/05/18 15:59', 'DD/MM/YY HH24:MI'), 729404, 17.7);
INSERT INTO SENSOR (SerialNumber, CityPlaced, SensorModel, MinimValue, MaximValue, Unit, SensorType) VALUES (495796, 'Σέττα', 'SHEHR-8641', 0, 100, '%', 'Humidity');
INSERT INTO MEASUREMENT (DateTime, SensorID, MeasValue) VALUES (TO_DATE('09/05/18 15:59', 'DD/MM/YY HH24:MI'), 495796, 74);
INSERT INTO SENSOR (SerialNumber, CityPlaced, SensorModel, MinimValue, MaximValue, Unit, SensorType) VALUES (62870, 'Σέττα', 'ERJR-640', 728.0, 1094.9, 'hPa', 'Pressure');
INSERT INTO MEASUREMENT (DateTime, SensorID, MeasValue) VALUES (TO_DATE('09/05/18 15:59', 'DD/MM/YY HH24:MI'), 62870, 1004.8);
INSERT INTO SENSOR (SerialNumber, CityPlaced, SensorModel, MinimValue, MaximValue, Unit, SensorType) VALUES (85311, 'Σέττα', 'BYGL-2706', 0.0, 21.9, 'km/h', 'Wind');
INSERT INTO MEASUREMENT (DateTime, SensorID, MeasValue) VALUES (TO_DATE('09/05/18 15:59', 'DD/MM/YY HH24:MI'), 85311, 1.3);
INSERT INTO SENSOR (SerialNumber, CityPlaced, SensorModel, MinimValue, MaximValue, Unit, SensorType) VALUES (724558, 'Χαλκίδα, Δροσιά Ανθηδώνος', 'XJHSY-903', -60.0, 63.9, '°C', 'Temperature');
INSERT INTO MEASUREMENT (DateTime, SensorID, MeasValue) VALUES (TO_DATE('09/05/18 15:56', 'DD/MM/YY HH24:MI'), 724558, 22.7);
INSERT INTO SENSOR (SerialNumber, CityPlaced, SensorModel, MinimValue, MaximValue, Unit, SensorType) VALUES (412430, 'Χαλκίδα, Δροσιά Ανθηδώνος', 'VCSIO-7052', 0, 100, '%', 'Humidity');
INSERT INTO MEASUREMENT (DateTime, SensorID, MeasValue) VALUES (TO_DATE('09/05/18 15:56', 'DD/MM/YY HH24:MI'), 412430, 72);
INSERT INTO SENSOR (SerialNumber, CityPlaced, SensorModel, MinimValue, MaximValue, Unit, SensorType) VALUES (81011, 'Χαλκίδα, Δροσιά Ανθηδώνος', 'LYZY-822', 747.0, 1093.9, 'hPa', 'Pressure');
INSERT INTO MEASUREMENT (DateTime, SensorID, MeasValue) VALUES (TO_DATE('09/05/18 15:56', 'DD/MM/YY HH24:MI'), 81011, 1002.5);
INSERT INTO SENSOR (SerialNumber, CityPlaced, SensorModel, MinimValue, MaximValue, Unit, SensorType) VALUES (96232, 'Χαλκίδα, Δροσιά Ανθηδώνος', 'FLSK-3473', 0.0, 22.9, 'km/h', 'Wind');
INSERT INTO MEASUREMENT (DateTime, SensorID, MeasValue) VALUES (TO_DATE('09/05/18 15:56', 'DD/MM/YY HH24:MI'), 96232, 6.4);
INSERT INTO SENSOR (SerialNumber, CityPlaced, SensorModel, MinimValue, MaximValue, Unit, SensorType) VALUES (624478, 'Χαλκίδα', 'BHDTL-740', -57.0, 70.9, '°C', 'Temperature');
INSERT INTO MEASUREMENT (DateTime, SensorID, MeasValue) VALUES (TO_DATE('09/05/18 16:00', 'DD/MM/YY HH24:MI'), 624478, 21.6);
INSERT INTO SENSOR (SerialNumber, CityPlaced, SensorModel, MinimValue, MaximValue, Unit, SensorType) VALUES (560950, 'Χαλκίδα', 'ZWIGL-6819', 0, 100, '%', 'Humidity');
INSERT INTO MEASUREMENT (DateTime, SensorID, MeasValue) VALUES (TO_DATE('09/05/18 16:00', 'DD/MM/YY HH24:MI'), 560950, 73);
INSERT INTO SENSOR (SerialNumber, CityPlaced, SensorModel, MinimValue, MaximValue, Unit, SensorType) VALUES (38863, 'Χαλκίδα', 'FJBL-800', 718.0, 1070.9, 'hPa', 'Pressure');
INSERT INTO MEASUREMENT (DateTime, SensorID, MeasValue) VALUES (TO_DATE('09/05/18 16:00', 'DD/MM/YY HH24:MI'), 38863, 1004.1);
INSERT INTO SENSOR (SerialNumber, CityPlaced, SensorModel, MinimValue, MaximValue, Unit, SensorType) VALUES (57815, 'Χαλκίδα', 'CZFA-6607', 0.0, 22.9, 'km/h', 'Wind');
INSERT INTO MEASUREMENT (DateTime, SensorID, MeasValue) VALUES (TO_DATE('09/05/18 16:00', 'DD/MM/YY HH24:MI'), 57815, 7.5);
INSERT INTO SENSOR (SerialNumber, CityPlaced, SensorModel, MinimValue, MaximValue, Unit, SensorType) VALUES (332129, 'Ωρεοί', 'PJSEZ-135', -57.0, 63.9, '°C', 'Temperature');
INSERT INTO MEASUREMENT (DateTime, SensorID, MeasValue) VALUES (TO_DATE('09/05/18 16:00', 'DD/MM/YY HH24:MI'), 332129, 24.8);
INSERT INTO SENSOR (SerialNumber, CityPlaced, SensorModel, MinimValue, MaximValue, Unit, SensorType) VALUES (162779, 'Ωρεοί', 'ODBCQ-6630', 0, 100, '%', 'Humidity');
INSERT INTO MEASUREMENT (DateTime, SensorID, MeasValue) VALUES (TO_DATE('09/05/18 16:00', 'DD/MM/YY HH24:MI'), 162779, 60);
INSERT INTO SENSOR (SerialNumber, CityPlaced, SensorModel, MinimValue, MaximValue, Unit, SensorType) VALUES (47756, 'Ωρεοί', 'PTEU-619', 709.0, 1090.9, 'hPa', 'Pressure');
INSERT INTO MEASUREMENT (DateTime, SensorID, MeasValue) VALUES (TO_DATE('09/05/18 16:00', 'DD/MM/YY HH24:MI'), 47756, 1001.7);
INSERT INTO SENSOR (SerialNumber, CityPlaced, SensorModel, MinimValue, MaximValue, Unit, SensorType) VALUES (43709, 'Ωρεοί', 'KDUU-2635', 0.0, 24.9, 'km/h', 'Wind');
INSERT INTO MEASUREMENT (DateTime, SensorID, MeasValue) VALUES (TO_DATE('09/05/18 16:00', 'DD/MM/YY HH24:MI'), 43709, 9.9);
INSERT INTO SENSOR (SerialNumber, CityPlaced, SensorModel, MinimValue, MaximValue, Unit, SensorType) VALUES (201549, 'Καμμένα Βούρλα, Καινούργιο', 'HZVRQ-708', -56.0, 79.9, '°C', 'Temperature');
INSERT INTO MEASUREMENT (DateTime, SensorID, MeasValue) VALUES (TO_DATE('09/05/18 15:58', 'DD/MM/YY HH24:MI'), 201549, 24.4);
INSERT INTO SENSOR (SerialNumber, CityPlaced, SensorModel, MinimValue, MaximValue, Unit, SensorType) VALUES (470544, 'Καμμένα Βούρλα, Καινούργιο', 'QMGZX-8746', 0, 100, '%', 'Humidity');
INSERT INTO MEASUREMENT (DateTime, SensorID, MeasValue) VALUES (TO_DATE('09/05/18 15:58', 'DD/MM/YY HH24:MI'), 470544, 57);
INSERT INTO SENSOR (SerialNumber, CityPlaced, SensorModel, MinimValue, MaximValue, Unit, SensorType) VALUES (95371, 'Καμμένα Βούρλα, Καινούργιο', 'UCXT-920', 736.0, 1067.9, 'hPa', 'Pressure');
INSERT INTO MEASUREMENT (DateTime, SensorID, MeasValue) VALUES (TO_DATE('09/05/18 15:58', 'DD/MM/YY HH24:MI'), 95371, 1003.5);
INSERT INTO SENSOR (SerialNumber, CityPlaced, SensorModel, MinimValue, MaximValue, Unit, SensorType) VALUES (85014, 'Καμμένα Βούρλα, Καινούργιο', 'QORT-3573', 0.0, 25.9, 'km/h', 'Wind');
INSERT INTO MEASUREMENT (DateTime, SensorID, MeasValue) VALUES (TO_DATE('09/05/18 15:58', 'DD/MM/YY HH24:MI'), 85014, 8.9);
INSERT INTO SENSOR (SerialNumber, CityPlaced, SensorModel, MinimValue, MaximValue, Unit, SensorType) VALUES (123874, 'Λαμία Άμπλιανη', 'ZOGRI-281', -51.0, 80.9, '°C', 'Temperature');
INSERT INTO MEASUREMENT (DateTime, SensorID, MeasValue) VALUES (TO_DATE('09/05/18 16:00', 'DD/MM/YY HH24:MI'), 123874, 25.0);
INSERT INTO SENSOR (SerialNumber, CityPlaced, SensorModel, MinimValue, MaximValue, Unit, SensorType) VALUES (257189, 'Λαμία Άμπλιανη', 'WIZRE-2790', 0, 100, '%', 'Humidity');
INSERT INTO MEASUREMENT (DateTime, SensorID, MeasValue) VALUES (TO_DATE('09/05/18 16:00', 'DD/MM/YY HH24:MI'), 257189, 50);
INSERT INTO SENSOR (SerialNumber, CityPlaced, SensorModel, MinimValue, MaximValue, Unit, SensorType) VALUES (73811, 'Λαμία Άμπλιανη', 'BQAH-303', 745.0, 1081.9, 'hPa', 'Pressure');
INSERT INTO MEASUREMENT (DateTime, SensorID, MeasValue) VALUES (TO_DATE('09/05/18 16:00', 'DD/MM/YY HH24:MI'), 73811, 1002.6);
INSERT INTO SENSOR (SerialNumber, CityPlaced, SensorModel, MinimValue, MaximValue, Unit, SensorType) VALUES (23108, 'Λαμία Άμπλιανη', 'UIUC-9850', 0.0, 23.9, 'km/h', 'Wind');
INSERT INTO MEASUREMENT (DateTime, SensorID, MeasValue) VALUES (TO_DATE('09/05/18 16:00', 'DD/MM/YY HH24:MI'), 23108, 6.4);
INSERT INTO SENSOR (SerialNumber, CityPlaced, SensorModel, MinimValue, MaximValue, Unit, SensorType) VALUES (490419, 'Ράχες', 'VGTLI-783', -58.0, 60.9, '°C', 'Temperature');
INSERT INTO MEASUREMENT (DateTime, SensorID, MeasValue) VALUES (TO_DATE('09/05/18 16:00', 'DD/MM/YY HH24:MI'), 490419, 26.6);
INSERT INTO SENSOR (SerialNumber, CityPlaced, SensorModel, MinimValue, MaximValue, Unit, SensorType) VALUES (187652, 'Ράχες', 'MUSZM-5577', 0, 100, '%', 'Humidity');
INSERT INTO MEASUREMENT (DateTime, SensorID, MeasValue) VALUES (TO_DATE('09/05/18 16:00', 'DD/MM/YY HH24:MI'), 187652, 51);
INSERT INTO SENSOR (SerialNumber, CityPlaced, SensorModel, MinimValue, MaximValue, Unit, SensorType) VALUES (12704, 'Ράχες', 'OIBH-453', 713.0, 1095.9, 'hPa', 'Pressure');
INSERT INTO MEASUREMENT (DateTime, SensorID, MeasValue) VALUES (TO_DATE('09/05/18 16:00', 'DD/MM/YY HH24:MI'), 12704, 1003.4);
INSERT INTO SENSOR (SerialNumber, CityPlaced, SensorModel, MinimValue, MaximValue, Unit, SensorType) VALUES (51279, 'Ράχες', 'NOAC-3488', 0.0, 21.9, 'km/h', 'Wind');
INSERT INTO MEASUREMENT (DateTime, SensorID, MeasValue) VALUES (TO_DATE('09/05/18 16:00', 'DD/MM/YY HH24:MI'), 51279, 11.9);
INSERT INTO SENSOR (SerialNumber, CityPlaced, SensorModel, MinimValue, MaximValue, Unit, SensorType) VALUES (771774, 'Aγόριανη Επτάλοφος', 'ZPHZK-638', -54.0, 68.9, '°C', 'Temperature');
INSERT INTO MEASUREMENT (DateTime, SensorID, MeasValue) VALUES (TO_DATE('09/05/18 15:08', 'DD/MM/YY HH24:MI'), 771774, 21.6);
INSERT INTO SENSOR (SerialNumber, CityPlaced, SensorModel, MinimValue, MaximValue, Unit, SensorType) VALUES (134292, 'Aγόριανη Επτάλοφος', 'MPJWZ-3205', 0, 100, '%', 'Humidity');
INSERT INTO MEASUREMENT (DateTime, SensorID, MeasValue) VALUES (TO_DATE('09/05/18 15:08', 'DD/MM/YY HH24:MI'), 134292, 41);
INSERT INTO SENSOR (SerialNumber, CityPlaced, SensorModel, MinimValue, MaximValue, Unit, SensorType) VALUES (67625, 'Aγόριανη Επτάλοφος', 'ZZPZ-441', 750.0, 1092.9, 'hPa', 'Pressure');
INSERT INTO MEASUREMENT (DateTime, SensorID, MeasValue) VALUES (TO_DATE('09/05/18 15:08', 'DD/MM/YY HH24:MI'), 67625, 1009.4);
INSERT INTO SENSOR (SerialNumber, CityPlaced, SensorModel, MinimValue, MaximValue, Unit, SensorType) VALUES (54883, 'Aγόριανη Επτάλοφος', 'WPTK-4194', 0.0, 25.9, 'km/h', 'Wind');
INSERT INTO MEASUREMENT (DateTime, SensorID, MeasValue) VALUES (TO_DATE('09/05/18 15:08', 'DD/MM/YY HH24:MI'), 54883, 4.0);

COMMIT;

MERGE INTO MONTHLY_STATISTICS
USING (SELECT S.CITYPLACED AS City, MIN(M.MEASVALUE) AS Minim, MAX(M.MEASVALUE) AS Maxim, ROUND(AVG(M.MEASVALUE),1) AS Avrg, S.SENSORTYPE AS S_Type, TO_CHAR(M.DATETIME, 'MM/YY') AS CurDate
FROM MEASUREMENT M INNER JOIN SENSOR S ON M.SENSORID = S.SERIALNUMBER
WHERE TO_CHAR(M.DATETIME, 'MM/YY') = '05/18'
GROUP BY S.CITYPLACED, S.SENSORTYPE, TO_CHAR(M.DATETIME, 'MM/YY')) TMP
ON (TMP.City = M_STATCITY AND TMP.CurDate = TO_CHAR(MONTHID, 'MM/YY') AND TMP.S_Type = M_STATTYPE)
WHEN NOT MATCHED THEN INSERT (MONTHID, M_STATCITY, M_STATMIN, M_STATMAX, M_STATAVG, M_STATTYPE) VALUES (TO_DATE(TMP.CurDate, 'MM/YY'), TMP.City, TMP.Minim, TMP.Maxim, TMP.Avrg, TMP.S_Type)
WHEN MATCHED THEN UPDATE SET M_STATMIN = TMP.Minim, M_STATMAX = TMP.Maxim, M_STATAVG = TMP.Avrg;

MERGE INTO DAILY_STATISTICS
USING (SELECT S.CITYPLACED AS City, MIN(M.MEASVALUE) AS Minim, MAX(M.MEASVALUE) AS Maxim, ROUND(AVG(M.MEASVALUE),1) AS Avrg, S.SENSORTYPE AS S_Type, TO_CHAR(M.DATETIME, 'DD/MM/YY') AS CurDate
FROM MEASUREMENT M INNER JOIN SENSOR S ON M.SENSORID = S.SERIALNUMBER
WHERE TO_CHAR(M.DATETIME, 'DD/MM/YY') = '09/05/18'
GROUP BY S.CITYPLACED, S.SENSORTYPE, TO_CHAR(M.DATETIME, 'DD/MM/YY')) TMP
ON (TMP.City = D_STATCITY AND TMP.CurDate = TO_CHAR(DAYID, 'DD/MM/YY') AND TMP.S_Type = D_STATTYPE)
WHEN NOT MATCHED THEN INSERT (DAYID, D_STATCITY, D_STATMIN, D_STATMAX, D_STATAVG, D_STATTYPE) VALUES (TO_DATE(TMP.CurDate, 'DD/MM/YY'), TMP.City, TMP.Minim, TMP.Maxim, TMP.Avrg, TMP.S_Type)
WHEN MATCHED THEN UPDATE SET D_STATMIN = TMP.Minim, D_STATMAX = TMP.Maxim, D_STATAVG = TMP.Avrg;

COMMIT;

INSERT INTO WEATHER_STATION (City, Prefecture, StationOP, Altitude, Latitude, Longitude) VALUES('Πάργα', 'Πρέβεζα', 'N.O.A.', '8', '39.285334', '20.400500');
INSERT INTO WEATHER_STATION (City, Prefecture, StationOP, Altitude, Latitude, Longitude) VALUES('Καλαμπάκα', 'Τρίκαλα', 'P.W.S.', '215', '39.706618', '21.628872');
INSERT INTO WEATHER_STATION (City, Prefecture, StationOP, Altitude, Latitude, Longitude) VALUES('Πρόποδες Παγγαίου Πρώτη', 'Σέρρες', 'P.W.S.', '325', '40.942821', '24.000326');
INSERT INTO WEATHER_STATION (City, Prefecture, StationOP, Altitude, Latitude, Longitude) VALUES('Πάτρα Δροσιά', 'Αχαΐα', 'P.W.S.', '31', '37.918147', '21.745191');
INSERT INTO WEATHER_STATION (City, Prefecture, StationOP, Altitude, Latitude, Longitude) VALUES('Αμφίκλεια Δαδί', 'Φθιώτιδα', 'P.W.S.', '440', '38.640698', '22.583338');
INSERT INTO SENSOR (SerialNumber, CityPlaced, SensorModel, MinimValue, MaximValue, Unit, SensorType) VALUES (535099, 'Νάξος Γαλανάδον', 'XRAID-104', -58.0, 69.9, '°C', 'Temperature');
INSERT INTO MEASUREMENT (DateTime, SensorID, MeasValue) VALUES (TO_DATE('10/05/18 12:45', 'DD/MM/YY HH24:MI'), 535099, 22.2);
INSERT INTO SENSOR (SerialNumber, CityPlaced, SensorModel, MinimValue, MaximValue, Unit, SensorType) VALUES (260815, 'Νάξος Γαλανάδον', 'BOENZ-1146', 0, 100, '%', 'Humidity');
INSERT INTO MEASUREMENT (DateTime, SensorID, MeasValue) VALUES (TO_DATE('10/05/18 12:45', 'DD/MM/YY HH24:MI'), 260815, 69);
INSERT INTO SENSOR (SerialNumber, CityPlaced, SensorModel, MinimValue, MaximValue, Unit, SensorType) VALUES (60505, 'Νάξος Γαλανάδον', 'GEQR-981', 732.0, 1081.9, 'hPa', 'Pressure');
INSERT INTO MEASUREMENT (DateTime, SensorID, MeasValue) VALUES (TO_DATE('10/05/18 12:45', 'DD/MM/YY HH24:MI'), 60505, 1008.3);
INSERT INTO SENSOR (SerialNumber, CityPlaced, SensorModel, MinimValue, MaximValue, Unit, SensorType) VALUES (49615, 'Νάξος Γαλανάδον', 'SBYP-4828', 0.0, 20.9, 'km/h', 'Wind');
INSERT INTO MEASUREMENT (DateTime, SensorID, MeasValue) VALUES (TO_DATE('10/05/18 12:45', 'DD/MM/YY HH24:MI'), 49615, 12.6);
INSERT INTO SENSOR (SerialNumber, CityPlaced, SensorModel, MinimValue, MaximValue, Unit, SensorType) VALUES (618769, 'Αρτα', 'BCXMV-738', -57.0, 62.9, '°C', 'Temperature');
INSERT INTO MEASUREMENT (DateTime, SensorID, MeasValue) VALUES (TO_DATE('10/05/18 12:29', 'DD/MM/YY HH24:MI'), 618769, 23.1);
INSERT INTO SENSOR (SerialNumber, CityPlaced, SensorModel, MinimValue, MaximValue, Unit, SensorType) VALUES (610507, 'Αρτα', 'ILHBX-5650', 0, 100, '%', 'Humidity');
INSERT INTO MEASUREMENT (DateTime, SensorID, MeasValue) VALUES (TO_DATE('10/05/18 12:29', 'DD/MM/YY HH24:MI'), 610507, 63);
INSERT INTO SENSOR (SerialNumber, CityPlaced, SensorModel, MinimValue, MaximValue, Unit, SensorType) VALUES (83743, 'Αρτα', 'JQGX-273', 702.0, 1090.9, 'hPa', 'Pressure');
INSERT INTO MEASUREMENT (DateTime, SensorID, MeasValue) VALUES (TO_DATE('10/05/18 12:29', 'DD/MM/YY HH24:MI'), 83743, 1007.8);
INSERT INTO SENSOR (SerialNumber, CityPlaced, SensorModel, MinimValue, MaximValue, Unit, SensorType) VALUES (65304, 'Αρτα', 'PWID-7139', 0.0, 25.9, 'km/h', 'Wind');
INSERT INTO MEASUREMENT (DateTime, SensorID, MeasValue) VALUES (TO_DATE('10/05/18 12:29', 'DD/MM/YY HH24:MI'), 65304, 0.0);
INSERT INTO SENSOR (SerialNumber, CityPlaced, SensorModel, MinimValue, MaximValue, Unit, SensorType) VALUES (532978, 'Θεοδώριανα', 'CWFSH-890', -51.0, 70.9, '°C', 'Temperature');
INSERT INTO MEASUREMENT (DateTime, SensorID, MeasValue) VALUES (TO_DATE('10/05/18 12:43', 'DD/MM/YY HH24:MI'), 532978, 15.1);
INSERT INTO SENSOR (SerialNumber, CityPlaced, SensorModel, MinimValue, MaximValue, Unit, SensorType) VALUES (160004, 'Θεοδώριανα', 'VNLJG-6608', 0, 100, '%', 'Humidity');
INSERT INTO MEASUREMENT (DateTime, SensorID, MeasValue) VALUES (TO_DATE('10/05/18 12:43', 'DD/MM/YY HH24:MI'), 160004, 79);
INSERT INTO SENSOR (SerialNumber, CityPlaced, SensorModel, MinimValue, MaximValue, Unit, SensorType) VALUES (77693, 'Θεοδώριανα', 'LTWP-254', 720.0, 1052.9, 'hPa', 'Pressure');
INSERT INTO MEASUREMENT (DateTime, SensorID, MeasValue) VALUES (TO_DATE('10/05/18 12:43', 'DD/MM/YY HH24:MI'), 77693, 1006.3);
INSERT INTO SENSOR (SerialNumber, CityPlaced, SensorModel, MinimValue, MaximValue, Unit, SensorType) VALUES (34370, 'Θεοδώριανα', 'MXQM-6910', 0.0, 24.9, 'km/h', 'Wind');
INSERT INTO MEASUREMENT (DateTime, SensorID, MeasValue) VALUES (TO_DATE('10/05/18 12:43', 'DD/MM/YY HH24:MI'), 34370, 5.1);
INSERT INTO SENSOR (SerialNumber, CityPlaced, SensorModel, MinimValue, MaximValue, Unit, SensorType) VALUES (217800, 'Κομπότι', 'QPJRF-114', -59.0, 79.9, '°C', 'Temperature');
INSERT INTO MEASUREMENT (DateTime, SensorID, MeasValue) VALUES (TO_DATE('10/05/18 12:45', 'DD/MM/YY HH24:MI'), 217800, 21.4);
INSERT INTO SENSOR (SerialNumber, CityPlaced, SensorModel, MinimValue, MaximValue, Unit, SensorType) VALUES (736598, 'Κομπότι', 'YZYFD-1476', 0, 100, '%', 'Humidity');
INSERT INTO MEASUREMENT (DateTime, SensorID, MeasValue) VALUES (TO_DATE('10/05/18 12:45', 'DD/MM/YY HH24:MI'), 736598, 69);
INSERT INTO SENSOR (SerialNumber, CityPlaced, SensorModel, MinimValue, MaximValue, Unit, SensorType) VALUES (76881, 'Κομπότι', 'LPKV-228', 724.0, 1058.9, 'hPa', 'Pressure');
INSERT INTO MEASUREMENT (DateTime, SensorID, MeasValue) VALUES (TO_DATE('10/05/18 12:45', 'DD/MM/YY HH24:MI'), 76881, 1006.9);
INSERT INTO SENSOR (SerialNumber, CityPlaced, SensorModel, MinimValue, MaximValue, Unit, SensorType) VALUES (14015, 'Κομπότι', 'AUVZ-5207', 0.0, 24.9, 'km/h', 'Wind');
INSERT INTO MEASUREMENT (DateTime, SensorID, MeasValue) VALUES (TO_DATE('10/05/18 12:45', 'DD/MM/YY HH24:MI'), 14015, 5.9);
INSERT INTO SENSOR (SerialNumber, CityPlaced, SensorModel, MinimValue, MaximValue, Unit, SensorType) VALUES (288398, 'Ηγουμενίτσα', 'BJGAN-126', -59.0, 70.9, '°C', 'Temperature');
INSERT INTO MEASUREMENT (DateTime, SensorID, MeasValue) VALUES (TO_DATE('10/05/18 12:43', 'DD/MM/YY HH24:MI'), 288398, 22.3);
INSERT INTO SENSOR (SerialNumber, CityPlaced, SensorModel, MinimValue, MaximValue, Unit, SensorType) VALUES (974025, 'Ηγουμενίτσα', 'AHFLQ-5324', 0, 100, '%', 'Humidity');
INSERT INTO MEASUREMENT (DateTime, SensorID, MeasValue) VALUES (TO_DATE('10/05/18 12:43', 'DD/MM/YY HH24:MI'), 974025, 61);
INSERT INTO SENSOR (SerialNumber, CityPlaced, SensorModel, MinimValue, MaximValue, Unit, SensorType) VALUES (63283, 'Ηγουμενίτσα', 'HCQS-292', 732.0, 1055.9, 'hPa', 'Pressure');
INSERT INTO MEASUREMENT (DateTime, SensorID, MeasValue) VALUES (TO_DATE('10/05/18 12:43', 'DD/MM/YY HH24:MI'), 63283, 1007.7);
INSERT INTO SENSOR (SerialNumber, CityPlaced, SensorModel, MinimValue, MaximValue, Unit, SensorType) VALUES (68188, 'Ηγουμενίτσα', 'KSSP-5990', 0.0, 25.9, 'km/h', 'Wind');
INSERT INTO MEASUREMENT (DateTime, SensorID, MeasValue) VALUES (TO_DATE('10/05/18 12:43', 'DD/MM/YY HH24:MI'), 68188, 8.6);
INSERT INTO SENSOR (SerialNumber, CityPlaced, SensorModel, MinimValue, MaximValue, Unit, SensorType) VALUES (211635, 'Φιλοθέη', 'XJHDW-065', -52.0, 61.9, '°C', 'Temperature');
INSERT INTO MEASUREMENT (DateTime, SensorID, MeasValue) VALUES (TO_DATE('10/05/18 12:48', 'DD/MM/YY HH24:MI'), 211635, 22.3);
INSERT INTO SENSOR (SerialNumber, CityPlaced, SensorModel, MinimValue, MaximValue, Unit, SensorType) VALUES (548697, 'Φιλοθέη', 'UHZCR-6530', 0, 100, '%', 'Humidity');
INSERT INTO MEASUREMENT (DateTime, SensorID, MeasValue) VALUES (TO_DATE('10/05/18 12:48', 'DD/MM/YY HH24:MI'), 548697, 86);
INSERT INTO SENSOR (SerialNumber, CityPlaced, SensorModel, MinimValue, MaximValue, Unit, SensorType) VALUES (42789, 'Φιλοθέη', 'LPNJ-576', 729.0, 1079.9, 'hPa', 'Pressure');
INSERT INTO MEASUREMENT (DateTime, SensorID, MeasValue) VALUES (TO_DATE('10/05/18 12:48', 'DD/MM/YY HH24:MI'), 42789, 1009.0);
INSERT INTO SENSOR (SerialNumber, CityPlaced, SensorModel, MinimValue, MaximValue, Unit, SensorType) VALUES (57430, 'Φιλοθέη', 'VNZE-7408', 0.0, 22.9, 'km/h', 'Wind');
INSERT INTO MEASUREMENT (DateTime, SensorID, MeasValue) VALUES (TO_DATE('10/05/18 12:48', 'DD/MM/YY HH24:MI'), 57430, 8.0);
INSERT INTO SENSOR (SerialNumber, CityPlaced, SensorModel, MinimValue, MaximValue, Unit, SensorType) VALUES (349403, 'Αγία Κυριακή', 'SBFPM-486', -59.0, 77.9, '°C', 'Temperature');
INSERT INTO MEASUREMENT (DateTime, SensorID, MeasValue) VALUES (TO_DATE('10/05/18 12:46', 'DD/MM/YY HH24:MI'), 349403, 19.2);
INSERT INTO SENSOR (SerialNumber, CityPlaced, SensorModel, MinimValue, MaximValue, Unit, SensorType) VALUES (716548, 'Αγία Κυριακή', 'ASPIP-9504', 0, 100, '%', 'Humidity');
INSERT INTO MEASUREMENT (DateTime, SensorID, MeasValue) VALUES (TO_DATE('10/05/18 12:46', 'DD/MM/YY HH24:MI'), 716548, 79);
INSERT INTO SENSOR (SerialNumber, CityPlaced, SensorModel, MinimValue, MaximValue, Unit, SensorType) VALUES (97575, 'Αγία Κυριακή', 'OSGK-728', 702.0, 1050.9, 'hPa', 'Pressure');
INSERT INTO MEASUREMENT (DateTime, SensorID, MeasValue) VALUES (TO_DATE('10/05/18 12:46', 'DD/MM/YY HH24:MI'), 97575, 1008.4);
INSERT INTO SENSOR (SerialNumber, CityPlaced, SensorModel, MinimValue, MaximValue, Unit, SensorType) VALUES (56003, 'Αγία Κυριακή', 'PGVF-6359', 0.0, 21.9, 'km/h', 'Wind');
INSERT INTO MEASUREMENT (DateTime, SensorID, MeasValue) VALUES (TO_DATE('10/05/18 12:46', 'DD/MM/YY HH24:MI'), 56003, 1.9);
INSERT INTO SENSOR (SerialNumber, CityPlaced, SensorModel, MinimValue, MaximValue, Unit, SensorType) VALUES (319408, 'Ανατολή Κέντρο', 'AXGKG-669', -55.0, 70.9, '°C', 'Temperature');
INSERT INTO MEASUREMENT (DateTime, SensorID, MeasValue) VALUES (TO_DATE('10/05/18 12:45', 'DD/MM/YY HH24:MI'), 319408, 17.4);
INSERT INTO SENSOR (SerialNumber, CityPlaced, SensorModel, MinimValue, MaximValue, Unit, SensorType) VALUES (351581, 'Ανατολή Κέντρο', 'NNHMA-6915', 0, 100, '%', 'Humidity');
INSERT INTO MEASUREMENT (DateTime, SensorID, MeasValue) VALUES (TO_DATE('10/05/18 12:45', 'DD/MM/YY HH24:MI'), 351581, 85);
INSERT INTO SENSOR (SerialNumber, CityPlaced, SensorModel, MinimValue, MaximValue, Unit, SensorType) VALUES (72932, 'Ανατολή Κέντρο', 'EQRX-097', 706.0, 1056.9, 'hPa', 'Pressure');
INSERT INTO MEASUREMENT (DateTime, SensorID, MeasValue) VALUES (TO_DATE('10/05/18 12:45', 'DD/MM/YY HH24:MI'), 72932, 1010.0);
INSERT INTO SENSOR (SerialNumber, CityPlaced, SensorModel, MinimValue, MaximValue, Unit, SensorType) VALUES (16795, 'Ανατολή Κέντρο', 'GUFL-3529', 0.0, 23.9, 'km/h', 'Wind');
INSERT INTO MEASUREMENT (DateTime, SensorID, MeasValue) VALUES (TO_DATE('10/05/18 12:45', 'DD/MM/YY HH24:MI'), 16795, 8.2);
INSERT INTO SENSOR (SerialNumber, CityPlaced, SensorModel, MinimValue, MaximValue, Unit, SensorType) VALUES (695016, 'Δερβίζιανα', 'ZXTVY-511', -54.0, 72.9, '°C', 'Temperature');
INSERT INTO MEASUREMENT (DateTime, SensorID, MeasValue) VALUES (TO_DATE('10/05/18 12:41', 'DD/MM/YY HH24:MI'), 695016, 19.3);
INSERT INTO SENSOR (SerialNumber, CityPlaced, SensorModel, MinimValue, MaximValue, Unit, SensorType) VALUES (670979, 'Δερβίζιανα', 'IAQNX-1790', 0, 100, '%', 'Humidity');
INSERT INTO MEASUREMENT (DateTime, SensorID, MeasValue) VALUES (TO_DATE('10/05/18 12:41', 'DD/MM/YY HH24:MI'), 670979, 61);
INSERT INTO SENSOR (SerialNumber, CityPlaced, SensorModel, MinimValue, MaximValue, Unit, SensorType) VALUES (86034, 'Δερβίζιανα', 'AHUP-073', 724.0, 1089.9, 'hPa', 'Pressure');
INSERT INTO MEASUREMENT (DateTime, SensorID, MeasValue) VALUES (TO_DATE('10/05/18 12:41', 'DD/MM/YY HH24:MI'), 86034, 1006.8);
INSERT INTO SENSOR (SerialNumber, CityPlaced, SensorModel, MinimValue, MaximValue, Unit, SensorType) VALUES (44867, 'Δερβίζιανα', 'RYKM-0714', 0.0, 23.9, 'km/h', 'Wind');
INSERT INTO MEASUREMENT (DateTime, SensorID, MeasValue) VALUES (TO_DATE('10/05/18 12:41', 'DD/MM/YY HH24:MI'), 44867, 1.3);
INSERT INTO SENSOR (SerialNumber, CityPlaced, SensorModel, MinimValue, MaximValue, Unit, SensorType) VALUES (347050, 'Δωδώνη', 'QWVVZ-665', -56.0, 65.9, '°C', 'Temperature');
INSERT INTO MEASUREMENT (DateTime, SensorID, MeasValue) VALUES (TO_DATE('10/05/18 12:44', 'DD/MM/YY HH24:MI'), 347050, 19.0);
INSERT INTO SENSOR (SerialNumber, CityPlaced, SensorModel, MinimValue, MaximValue, Unit, SensorType) VALUES (157283, 'Δωδώνη', 'IHHWX-8489', 0, 100, '%', 'Humidity');
INSERT INTO MEASUREMENT (DateTime, SensorID, MeasValue) VALUES (TO_DATE('10/05/18 12:44', 'DD/MM/YY HH24:MI'), 157283, 67);
INSERT INTO SENSOR (SerialNumber, CityPlaced, SensorModel, MinimValue, MaximValue, Unit, SensorType) VALUES (68239, 'Δωδώνη', 'VYOK-282', 713.0, 1076.9, 'hPa', 'Pressure');
INSERT INTO MEASUREMENT (DateTime, SensorID, MeasValue) VALUES (TO_DATE('10/05/18 12:44', 'DD/MM/YY HH24:MI'), 68239, 1006.7);
INSERT INTO SENSOR (SerialNumber, CityPlaced, SensorModel, MinimValue, MaximValue, Unit, SensorType) VALUES (81853, 'Δωδώνη', 'QCIG-9172', 0.0, 22.9, 'km/h', 'Wind');
INSERT INTO MEASUREMENT (DateTime, SensorID, MeasValue) VALUES (TO_DATE('10/05/18 12:44', 'DD/MM/YY HH24:MI'), 81853, 6.4);
INSERT INTO SENSOR (SerialNumber, CityPlaced, SensorModel, MinimValue, MaximValue, Unit, SensorType) VALUES (866687, 'Ελεούσα', 'BBHTM-601', -58.0, 64.9, '°C', 'Temperature');
INSERT INTO MEASUREMENT (DateTime, SensorID, MeasValue) VALUES (TO_DATE('10/05/18 12:48', 'DD/MM/YY HH24:MI'), 866687, 18.9);
INSERT INTO SENSOR (SerialNumber, CityPlaced, SensorModel, MinimValue, MaximValue, Unit, SensorType) VALUES (319548, 'Ελεούσα', 'BXSGV-5053', 0, 100, '%', 'Humidity');
INSERT INTO MEASUREMENT (DateTime, SensorID, MeasValue) VALUES (TO_DATE('10/05/18 12:48', 'DD/MM/YY HH24:MI'), 319548, 72);
INSERT INTO SENSOR (SerialNumber, CityPlaced, SensorModel, MinimValue, MaximValue, Unit, SensorType) VALUES (37653, 'Ελεούσα', 'YPCP-524', 709.0, 1056.9, 'hPa', 'Pressure');
INSERT INTO MEASUREMENT (DateTime, SensorID, MeasValue) VALUES (TO_DATE('10/05/18 12:48', 'DD/MM/YY HH24:MI'), 37653, 1013.2);
INSERT INTO SENSOR (SerialNumber, CityPlaced, SensorModel, MinimValue, MaximValue, Unit, SensorType) VALUES (99664, 'Ελεούσα', 'LYBD-0151', 0.0, 25.9, 'km/h', 'Wind');
INSERT INTO MEASUREMENT (DateTime, SensorID, MeasValue) VALUES (TO_DATE('10/05/18 12:48', 'DD/MM/YY HH24:MI'), 99664, 0.0);
INSERT INTO SENSOR (SerialNumber, CityPlaced, SensorModel, MinimValue, MaximValue, Unit, SensorType) VALUES (127590, 'Ζίτσα', 'SXFVK-774', -55.0, 72.9, '°C', 'Temperature');
INSERT INTO MEASUREMENT (DateTime, SensorID, MeasValue) VALUES (TO_DATE('10/05/18 12:46', 'DD/MM/YY HH24:MI'), 127590, 20.1);
INSERT INTO SENSOR (SerialNumber, CityPlaced, SensorModel, MinimValue, MaximValue, Unit, SensorType) VALUES (603354, 'Ζίτσα', 'FUWTN-7808', 0, 100, '%', 'Humidity');
INSERT INTO MEASUREMENT (DateTime, SensorID, MeasValue) VALUES (TO_DATE('10/05/18 12:46', 'DD/MM/YY HH24:MI'), 603354, 80);
INSERT INTO SENSOR (SerialNumber, CityPlaced, SensorModel, MinimValue, MaximValue, Unit, SensorType) VALUES (86323, 'Ζίτσα', 'YXRN-546', 723.0, 1094.9, 'hPa', 'Pressure');
INSERT INTO MEASUREMENT (DateTime, SensorID, MeasValue) VALUES (TO_DATE('10/05/18 12:46', 'DD/MM/YY HH24:MI'), 86323, 1007.0);
INSERT INTO SENSOR (SerialNumber, CityPlaced, SensorModel, MinimValue, MaximValue, Unit, SensorType) VALUES (46169, 'Ζίτσα', 'KLBT-0354', 0.0, 23.9, 'km/h', 'Wind');
INSERT INTO MEASUREMENT (DateTime, SensorID, MeasValue) VALUES (TO_DATE('10/05/18 12:46', 'DD/MM/YY HH24:MI'), 46169, 1.3);
INSERT INTO SENSOR (SerialNumber, CityPlaced, SensorModel, MinimValue, MaximValue, Unit, SensorType) VALUES (654320, 'Ζαγοροχώρια Βωβούσα', 'PHKLO-825', -54.0, 80.9, '°C', 'Temperature');
INSERT INTO MEASUREMENT (DateTime, SensorID, MeasValue) VALUES (TO_DATE('10/05/18 12:41', 'DD/MM/YY HH24:MI'), 654320, 15.3);
INSERT INTO SENSOR (SerialNumber, CityPlaced, SensorModel, MinimValue, MaximValue, Unit, SensorType) VALUES (392242, 'Ζαγοροχώρια Βωβούσα', 'UNDVK-9306', 0, 100, '%', 'Humidity');
INSERT INTO MEASUREMENT (DateTime, SensorID, MeasValue) VALUES (TO_DATE('10/05/18 12:41', 'DD/MM/YY HH24:MI'), 392242, 83);
INSERT INTO SENSOR (SerialNumber, CityPlaced, SensorModel, MinimValue, MaximValue, Unit, SensorType) VALUES (69646, 'Ζαγοροχώρια Βωβούσα', 'DYWO-078', 720.0, 1076.9, 'hPa', 'Pressure');
INSERT INTO MEASUREMENT (DateTime, SensorID, MeasValue) VALUES (TO_DATE('10/05/18 12:41', 'DD/MM/YY HH24:MI'), 69646, 1007.6);
INSERT INTO SENSOR (SerialNumber, CityPlaced, SensorModel, MinimValue, MaximValue, Unit, SensorType) VALUES (10805, 'Ζαγοροχώρια Βωβούσα', 'JBXD-0525', 0.0, 21.9, 'km/h', 'Wind');
INSERT INTO MEASUREMENT (DateTime, SensorID, MeasValue) VALUES (TO_DATE('10/05/18 12:41', 'DD/MM/YY HH24:MI'), 10805, 0.8);
INSERT INTO SENSOR (SerialNumber, CityPlaced, SensorModel, MinimValue, MaximValue, Unit, SensorType) VALUES (648643, 'Ζαγοροχώρια Πέτρα', 'SEMZF-837', -58.0, 61.9, '°C', 'Temperature');
INSERT INTO MEASUREMENT (DateTime, SensorID, MeasValue) VALUES (TO_DATE('10/05/18 12:48', 'DD/MM/YY HH24:MI'), 648643, 15.0);
INSERT INTO SENSOR (SerialNumber, CityPlaced, SensorModel, MinimValue, MaximValue, Unit, SensorType) VALUES (472754, 'Ζαγοροχώρια Πέτρα', 'DRAJX-7053', 0, 100, '%', 'Humidity');
INSERT INTO MEASUREMENT (DateTime, SensorID, MeasValue) VALUES (TO_DATE('10/05/18 12:48', 'DD/MM/YY HH24:MI'), 472754, 81);
INSERT INTO SENSOR (SerialNumber, CityPlaced, SensorModel, MinimValue, MaximValue, Unit, SensorType) VALUES (54615, 'Ζαγοροχώρια Πέτρα', 'ZQVO-002', 711.0, 1071.9, 'hPa', 'Pressure');
INSERT INTO MEASUREMENT (DateTime, SensorID, MeasValue) VALUES (TO_DATE('10/05/18 12:48', 'DD/MM/YY HH24:MI'), 54615, 1003.7);
INSERT INTO SENSOR (SerialNumber, CityPlaced, SensorModel, MinimValue, MaximValue, Unit, SensorType) VALUES (43705, 'Ζαγοροχώρια Πέτρα', 'QITM-6940', 0.0, 24.9, 'km/h', 'Wind');
INSERT INTO MEASUREMENT (DateTime, SensorID, MeasValue) VALUES (TO_DATE('10/05/18 12:48', 'DD/MM/YY HH24:MI'), 43705, 0.8);
INSERT INTO SENSOR (SerialNumber, CityPlaced, SensorModel, MinimValue, MaximValue, Unit, SensorType) VALUES (744891, 'Ζαγοροχώρια Τρίστενο', 'DTVIF-351', -54.0, 71.9, '°C', 'Temperature');
INSERT INTO MEASUREMENT (DateTime, SensorID, MeasValue) VALUES (TO_DATE('10/05/18 12:42', 'DD/MM/YY HH24:MI'), 744891, 14.3);
INSERT INTO SENSOR (SerialNumber, CityPlaced, SensorModel, MinimValue, MaximValue, Unit, SensorType) VALUES (738804, 'Ζαγοροχώρια Τρίστενο', 'VAXZJ-7441', 0, 100, '%', 'Humidity');
INSERT INTO MEASUREMENT (DateTime, SensorID, MeasValue) VALUES (TO_DATE('10/05/18 12:42', 'DD/MM/YY HH24:MI'), 738804, 85);
INSERT INTO SENSOR (SerialNumber, CityPlaced, SensorModel, MinimValue, MaximValue, Unit, SensorType) VALUES (30723, 'Ζαγοροχώρια Τρίστενο', 'IRIS-072', 741.0, 1087.9, 'hPa', 'Pressure');
INSERT INTO MEASUREMENT (DateTime, SensorID, MeasValue) VALUES (TO_DATE('10/05/18 12:42', 'DD/MM/YY HH24:MI'), 30723, 1006.0);
INSERT INTO SENSOR (SerialNumber, CityPlaced, SensorModel, MinimValue, MaximValue, Unit, SensorType) VALUES (40976, 'Ζαγοροχώρια Τρίστενο', 'LDHZ-3814', 0.0, 20.9, 'km/h', 'Wind');
INSERT INTO MEASUREMENT (DateTime, SensorID, MeasValue) VALUES (TO_DATE('10/05/18 12:42', 'DD/MM/YY HH24:MI'), 40976, 1.6);
INSERT INTO SENSOR (SerialNumber, CityPlaced, SensorModel, MinimValue, MaximValue, Unit, SensorType) VALUES (742476, 'Ιωάννινα Αμπελόκηποι', 'IYXLR-348', -56.0, 72.9, '°C', 'Temperature');
INSERT INTO MEASUREMENT (DateTime, SensorID, MeasValue) VALUES (TO_DATE('10/05/18 12:45', 'DD/MM/YY HH24:MI'), 742476, 18.3);
INSERT INTO SENSOR (SerialNumber, CityPlaced, SensorModel, MinimValue, MaximValue, Unit, SensorType) VALUES (529336, 'Ιωάννινα Αμπελόκηποι', 'GMOUD-0803', 0, 100, '%', 'Humidity');
INSERT INTO MEASUREMENT (DateTime, SensorID, MeasValue) VALUES (TO_DATE('10/05/18 12:45', 'DD/MM/YY HH24:MI'), 529336, 69);
INSERT INTO SENSOR (SerialNumber, CityPlaced, SensorModel, MinimValue, MaximValue, Unit, SensorType) VALUES (76110, 'Ιωάννινα Αμπελόκηποι', 'PGUX-307', 744.0, 1084.9, 'hPa', 'Pressure');
INSERT INTO MEASUREMENT (DateTime, SensorID, MeasValue) VALUES (TO_DATE('10/05/18 12:45', 'DD/MM/YY HH24:MI'), 76110, 1005.6);
INSERT INTO SENSOR (SerialNumber, CityPlaced, SensorModel, MinimValue, MaximValue, Unit, SensorType) VALUES (80714, 'Ιωάννινα Αμπελόκηποι', 'HYBS-9189', 0.0, 21.9, 'km/h', 'Wind');
INSERT INTO MEASUREMENT (DateTime, SensorID, MeasValue) VALUES (TO_DATE('10/05/18 12:45', 'DD/MM/YY HH24:MI'), 80714, 1.6);
INSERT INTO SENSOR (SerialNumber, CityPlaced, SensorModel, MinimValue, MaximValue, Unit, SensorType) VALUES (630431, 'Ιωάννινα Κέντρο', 'SFBFE-165', -57.0, 60.9, '°C', 'Temperature');
INSERT INTO MEASUREMENT (DateTime, SensorID, MeasValue) VALUES (TO_DATE('10/05/18 12:45', 'DD/MM/YY HH24:MI'), 630431, 18.3);
INSERT INTO SENSOR (SerialNumber, CityPlaced, SensorModel, MinimValue, MaximValue, Unit, SensorType) VALUES (742525, 'Ιωάννινα Κέντρο', 'OANLZ-2087', 0, 100, '%', 'Humidity');
INSERT INTO MEASUREMENT (DateTime, SensorID, MeasValue) VALUES (TO_DATE('10/05/18 12:45', 'DD/MM/YY HH24:MI'), 742525, 75);
INSERT INTO SENSOR (SerialNumber, CityPlaced, SensorModel, MinimValue, MaximValue, Unit, SensorType) VALUES (51971, 'Ιωάννινα Κέντρο', 'ZQSL-1169', 0.0, 25.9, 'km/h', 'Wind');
INSERT INTO MEASUREMENT (DateTime, SensorID, MeasValue) VALUES (TO_DATE('10/05/18 12:45', 'DD/MM/YY HH24:MI'), 51971, 1.1);
INSERT INTO SENSOR (SerialNumber, CityPlaced, SensorModel, MinimValue, MaximValue, Unit, SensorType) VALUES (612409, 'Καρδαμίτσια', 'KNVKJ-445', -56.0, 78.9, '°C', 'Temperature');
INSERT INTO MEASUREMENT (DateTime, SensorID, MeasValue) VALUES (TO_DATE('10/05/18 12:44', 'DD/MM/YY HH24:MI'), 612409, 16.4);
INSERT INTO SENSOR (SerialNumber, CityPlaced, SensorModel, MinimValue, MaximValue, Unit, SensorType) VALUES (207445, 'Καρδαμίτσια', 'DIDKY-7696', 0, 100, '%', 'Humidity');
INSERT INTO MEASUREMENT (DateTime, SensorID, MeasValue) VALUES (TO_DATE('10/05/18 12:44', 'DD/MM/YY HH24:MI'), 207445, 98);
INSERT INTO SENSOR (SerialNumber, CityPlaced, SensorModel, MinimValue, MaximValue, Unit, SensorType) VALUES (22341, 'Καρδαμίτσια', 'VTZY-997', 749.0, 1087.9, 'hPa', 'Pressure');
INSERT INTO MEASUREMENT (DateTime, SensorID, MeasValue) VALUES (TO_DATE('10/05/18 12:44', 'DD/MM/YY HH24:MI'), 22341, 1004.6);
INSERT INTO SENSOR (SerialNumber, CityPlaced, SensorModel, MinimValue, MaximValue, Unit, SensorType) VALUES (36776, 'Καρδαμίτσια', 'DGWS-5459', 0.0, 20.9, 'km/h', 'Wind');
INSERT INTO MEASUREMENT (DateTime, SensorID, MeasValue) VALUES (TO_DATE('10/05/18 12:44', 'DD/MM/YY HH24:MI'), 36776, 0.0);
INSERT INTO SENSOR (SerialNumber, CityPlaced, SensorModel, MinimValue, MaximValue, Unit, SensorType) VALUES (694208, 'Κόνιτσα', 'YFAIH-158', -58.0, 63.9, '°C', 'Temperature');
INSERT INTO MEASUREMENT (DateTime, SensorID, MeasValue) VALUES (TO_DATE('10/05/18 12:47', 'DD/MM/YY HH24:MI'), 694208, 16.8);
INSERT INTO SENSOR (SerialNumber, CityPlaced, SensorModel, MinimValue, MaximValue, Unit, SensorType) VALUES (836902, 'Κόνιτσα', 'SBSDU-1790', 0, 100, '%', 'Humidity');
INSERT INTO MEASUREMENT (DateTime, SensorID, MeasValue) VALUES (TO_DATE('10/05/18 12:47', 'DD/MM/YY HH24:MI'), 836902, 73);
INSERT INTO SENSOR (SerialNumber, CityPlaced, SensorModel, MinimValue, MaximValue, Unit, SensorType) VALUES (32914, 'Κόνιτσα', 'TYNN-056', 705.0, 1089.9, 'hPa', 'Pressure');
INSERT INTO MEASUREMENT (DateTime, SensorID, MeasValue) VALUES (TO_DATE('10/05/18 12:47', 'DD/MM/YY HH24:MI'), 32914, 1008.4);
INSERT INTO SENSOR (SerialNumber, CityPlaced, SensorModel, MinimValue, MaximValue, Unit, SensorType) VALUES (40725, 'Κόνιτσα', 'TGSN-5364', 0.0, 24.9, 'km/h', 'Wind');
INSERT INTO MEASUREMENT (DateTime, SensorID, MeasValue) VALUES (TO_DATE('10/05/18 12:47', 'DD/MM/YY HH24:MI'), 40725, 1.9);
INSERT INTO SENSOR (SerialNumber, CityPlaced, SensorModel, MinimValue, MaximValue, Unit, SensorType) VALUES (288753, 'Μέτσοβο', 'MJQVI-231', -52.0, 76.9, '°C', 'Temperature');
INSERT INTO MEASUREMENT (DateTime, SensorID, MeasValue) VALUES (TO_DATE('10/05/18 12:44', 'DD/MM/YY HH24:MI'), 288753, 13.5);
INSERT INTO SENSOR (SerialNumber, CityPlaced, SensorModel, MinimValue, MaximValue, Unit, SensorType) VALUES (746589, 'Μέτσοβο', 'PIJEG-8387', 0, 100, '%', 'Humidity');
INSERT INTO MEASUREMENT (DateTime, SensorID, MeasValue) VALUES (TO_DATE('10/05/18 12:44', 'DD/MM/YY HH24:MI'), 746589, 76);
INSERT INTO SENSOR (SerialNumber, CityPlaced, SensorModel, MinimValue, MaximValue, Unit, SensorType) VALUES (69502, 'Μέτσοβο', 'TCOL-559', 741.0, 1092.9, 'hPa', 'Pressure');
INSERT INTO MEASUREMENT (DateTime, SensorID, MeasValue) VALUES (TO_DATE('10/05/18 12:44', 'DD/MM/YY HH24:MI'), 69502, 1007.1);
INSERT INTO SENSOR (SerialNumber, CityPlaced, SensorModel, MinimValue, MaximValue, Unit, SensorType) VALUES (60495, 'Μέτσοβο', 'BFUK-0640', 0.0, 23.9, 'km/h', 'Wind');
INSERT INTO MEASUREMENT (DateTime, SensorID, MeasValue) VALUES (TO_DATE('10/05/18 12:44', 'DD/MM/YY HH24:MI'), 60495, 4.6);
INSERT INTO SENSOR (SerialNumber, CityPlaced, SensorModel, MinimValue, MaximValue, Unit, SensorType) VALUES (566150, 'Πληκάτι', 'LWAGM-136', -54.0, 77.9, '°C', 'Temperature');
INSERT INTO MEASUREMENT (DateTime, SensorID, MeasValue) VALUES (TO_DATE('10/05/18 12:44', 'DD/MM/YY HH24:MI'), 566150, 14.0);
INSERT INTO SENSOR (SerialNumber, CityPlaced, SensorModel, MinimValue, MaximValue, Unit, SensorType) VALUES (964739, 'Πληκάτι', 'IXDOF-2579', 0, 100, '%', 'Humidity');
INSERT INTO MEASUREMENT (DateTime, SensorID, MeasValue) VALUES (TO_DATE('10/05/18 12:44', 'DD/MM/YY HH24:MI'), 964739, 82);
INSERT INTO SENSOR (SerialNumber, CityPlaced, SensorModel, MinimValue, MaximValue, Unit, SensorType) VALUES (53129, 'Πληκάτι', 'ZAVV-206', 747.0, 1095.9, 'hPa', 'Pressure');
INSERT INTO MEASUREMENT (DateTime, SensorID, MeasValue) VALUES (TO_DATE('10/05/18 12:44', 'DD/MM/YY HH24:MI'), 53129, 1007.9);
INSERT INTO SENSOR (SerialNumber, CityPlaced, SensorModel, MinimValue, MaximValue, Unit, SensorType) VALUES (78944, 'Πληκάτι', 'ZAQN-8581', 0.0, 20.9, 'km/h', 'Wind');
INSERT INTO MEASUREMENT (DateTime, SensorID, MeasValue) VALUES (TO_DATE('10/05/18 12:44', 'DD/MM/YY HH24:MI'), 78944, 0.5);
INSERT INTO SENSOR (SerialNumber, CityPlaced, SensorModel, MinimValue, MaximValue, Unit, SensorType) VALUES (518618, 'Πράμαντα', 'NTBSJ-203', -59.0, 72.9, '°C', 'Temperature');
INSERT INTO MEASUREMENT (DateTime, SensorID, MeasValue) VALUES (TO_DATE('10/05/18 12:32', 'DD/MM/YY HH24:MI'), 518618, 16.8);
INSERT INTO SENSOR (SerialNumber, CityPlaced, SensorModel, MinimValue, MaximValue, Unit, SensorType) VALUES (935445, 'Πράμαντα', 'ZRBYB-6514', 0, 100, '%', 'Humidity');
INSERT INTO MEASUREMENT (DateTime, SensorID, MeasValue) VALUES (TO_DATE('10/05/18 12:32', 'DD/MM/YY HH24:MI'), 935445, 76);
INSERT INTO SENSOR (SerialNumber, CityPlaced, SensorModel, MinimValue, MaximValue, Unit, SensorType) VALUES (43452, 'Πράμαντα', 'VQFE-160', 737.0, 1094.9, 'hPa', 'Pressure');
INSERT INTO MEASUREMENT (DateTime, SensorID, MeasValue) VALUES (TO_DATE('10/05/18 12:32', 'DD/MM/YY HH24:MI'), 43452, 1008.5);
INSERT INTO SENSOR (SerialNumber, CityPlaced, SensorModel, MinimValue, MaximValue, Unit, SensorType) VALUES (81088, 'Πράμαντα', 'LNWM-1733', 0.0, 21.9, 'km/h', 'Wind');
INSERT INTO MEASUREMENT (DateTime, SensorID, MeasValue) VALUES (TO_DATE('10/05/18 12:32', 'DD/MM/YY HH24:MI'), 81088, 4.6);
INSERT INTO SENSOR (SerialNumber, CityPlaced, SensorModel, MinimValue, MaximValue, Unit, SensorType) VALUES (725720, 'Τύρια', 'AAFZC-005', -60.0, 64.9, '°C', 'Temperature');
INSERT INTO MEASUREMENT (DateTime, SensorID, MeasValue) VALUES (TO_DATE('10/05/18 12:41', 'DD/MM/YY HH24:MI'), 725720, 22.3);
INSERT INTO SENSOR (SerialNumber, CityPlaced, SensorModel, MinimValue, MaximValue, Unit, SensorType) VALUES (167119, 'Τύρια', 'ECSBU-3582', 0, 100, '%', 'Humidity');
INSERT INTO MEASUREMENT (DateTime, SensorID, MeasValue) VALUES (TO_DATE('10/05/18 12:41', 'DD/MM/YY HH24:MI'), 167119, 56);
INSERT INTO SENSOR (SerialNumber, CityPlaced, SensorModel, MinimValue, MaximValue, Unit, SensorType) VALUES (11614, 'Τύρια', 'LJKE-286', 703.0, 1073.9, 'hPa', 'Pressure');
INSERT INTO MEASUREMENT (DateTime, SensorID, MeasValue) VALUES (TO_DATE('10/05/18 12:41', 'DD/MM/YY HH24:MI'), 11614, 1006.8);
INSERT INTO SENSOR (SerialNumber, CityPlaced, SensorModel, MinimValue, MaximValue, Unit, SensorType) VALUES (50192, 'Τύρια', 'YIDC-7933', 0.0, 25.9, 'km/h', 'Wind');
INSERT INTO MEASUREMENT (DateTime, SensorID, MeasValue) VALUES (TO_DATE('10/05/18 12:41', 'DD/MM/YY HH24:MI'), 50192, 2.7);
INSERT INTO SENSOR (SerialNumber, CityPlaced, SensorModel, MinimValue, MaximValue, Unit, SensorType) VALUES (233702, 'Καστροσυκιά', 'PIOLL-776', -57.0, 77.9, '°C', 'Temperature');
INSERT INTO MEASUREMENT (DateTime, SensorID, MeasValue) VALUES (TO_DATE('10/05/18 12:47', 'DD/MM/YY HH24:MI'), 233702, 20.3);
INSERT INTO SENSOR (SerialNumber, CityPlaced, SensorModel, MinimValue, MaximValue, Unit, SensorType) VALUES (953760, 'Καστροσυκιά', 'ZXOJT-0561', 0, 100, '%', 'Humidity');
INSERT INTO MEASUREMENT (DateTime, SensorID, MeasValue) VALUES (TO_DATE('10/05/18 12:47', 'DD/MM/YY HH24:MI'), 953760, 82);
INSERT INTO SENSOR (SerialNumber, CityPlaced, SensorModel, MinimValue, MaximValue, Unit, SensorType) VALUES (41781, 'Καστροσυκιά', 'VUXN-073', 737.0, 1075.9, 'hPa', 'Pressure');
INSERT INTO MEASUREMENT (DateTime, SensorID, MeasValue) VALUES (TO_DATE('10/05/18 12:47', 'DD/MM/YY HH24:MI'), 41781, 1006.6);
INSERT INTO SENSOR (SerialNumber, CityPlaced, SensorModel, MinimValue, MaximValue, Unit, SensorType) VALUES (59280, 'Καστροσυκιά', 'ENCT-5979', 0.0, 22.9, 'km/h', 'Wind');
INSERT INTO MEASUREMENT (DateTime, SensorID, MeasValue) VALUES (TO_DATE('10/05/18 12:47', 'DD/MM/YY HH24:MI'), 59280, 12.2);
INSERT INTO SENSOR (SerialNumber, CityPlaced, SensorModel, MinimValue, MaximValue, Unit, SensorType) VALUES (544833, 'Πάργα', 'LGBDT-108', -56.0, 62.9, '°C', 'Temperature');
INSERT INTO MEASUREMENT (DateTime, SensorID, MeasValue) VALUES (TO_DATE('10/05/18 12:46', 'DD/MM/YY HH24:MI'), 544833, 22.1);
INSERT INTO SENSOR (SerialNumber, CityPlaced, SensorModel, MinimValue, MaximValue, Unit, SensorType) VALUES (502108, 'Πάργα', 'FAUMW-7725', 0, 100, '%', 'Humidity');
INSERT INTO MEASUREMENT (DateTime, SensorID, MeasValue) VALUES (TO_DATE('10/05/18 12:46', 'DD/MM/YY HH24:MI'), 502108, 69);
INSERT INTO SENSOR (SerialNumber, CityPlaced, SensorModel, MinimValue, MaximValue, Unit, SensorType) VALUES (90346, 'Πάργα', 'ECAI-968', 743.0, 1088.9, 'hPa', 'Pressure');
INSERT INTO MEASUREMENT (DateTime, SensorID, MeasValue) VALUES (TO_DATE('10/05/18 12:46', 'DD/MM/YY HH24:MI'), 90346, 1009.1);
INSERT INTO SENSOR (SerialNumber, CityPlaced, SensorModel, MinimValue, MaximValue, Unit, SensorType) VALUES (52471, 'Πάργα', 'OEPE-5604', 0.0, 20.9, 'km/h', 'Wind');
INSERT INTO MEASUREMENT (DateTime, SensorID, MeasValue) VALUES (TO_DATE('10/05/18 12:46', 'DD/MM/YY HH24:MI'), 52471, 5.6);
INSERT INTO SENSOR (SerialNumber, CityPlaced, SensorModel, MinimValue, MaximValue, Unit, SensorType) VALUES (294332, 'Φυλακτή Λίμνη Πλαστήρα', 'TUBSA-618', -54.0, 75.9, '°C', 'Temperature');
INSERT INTO MEASUREMENT (DateTime, SensorID, MeasValue) VALUES (TO_DATE('10/05/18 12:45', 'DD/MM/YY HH24:MI'), 294332, 17.0);
INSERT INTO SENSOR (SerialNumber, CityPlaced, SensorModel, MinimValue, MaximValue, Unit, SensorType) VALUES (356765, 'Φυλακτή Λίμνη Πλαστήρα', 'PJIND-8571', 0, 100, '%', 'Humidity');
INSERT INTO MEASUREMENT (DateTime, SensorID, MeasValue) VALUES (TO_DATE('10/05/18 12:45', 'DD/MM/YY HH24:MI'), 356765, 25);
INSERT INTO SENSOR (SerialNumber, CityPlaced, SensorModel, MinimValue, MaximValue, Unit, SensorType) VALUES (41355, 'Φυλακτή Λίμνη Πλαστήρα', 'VGIY-379', 700.0, 1078.9, 'hPa', 'Pressure');
INSERT INTO MEASUREMENT (DateTime, SensorID, MeasValue) VALUES (TO_DATE('10/05/18 12:45', 'DD/MM/YY HH24:MI'), 41355, 1006.7);
INSERT INTO SENSOR (SerialNumber, CityPlaced, SensorModel, MinimValue, MaximValue, Unit, SensorType) VALUES (42758, 'Φυλακτή Λίμνη Πλαστήρα', 'JNBH-1397', 0.0, 24.9, 'km/h', 'Wind');
INSERT INTO MEASUREMENT (DateTime, SensorID, MeasValue) VALUES (TO_DATE('10/05/18 12:45', 'DD/MM/YY HH24:MI'), 42758, 6.7);
INSERT INTO SENSOR (SerialNumber, CityPlaced, SensorModel, MinimValue, MaximValue, Unit, SensorType) VALUES (564624, 'Βελίκα', 'WPDAM-453', -53.0, 61.9, '°C', 'Temperature');
INSERT INTO MEASUREMENT (DateTime, SensorID, MeasValue) VALUES (TO_DATE('10/05/18 12:48', 'DD/MM/YY HH24:MI'), 564624, 22.6);
INSERT INTO SENSOR (SerialNumber, CityPlaced, SensorModel, MinimValue, MaximValue, Unit, SensorType) VALUES (224749, 'Βελίκα', 'JXQMX-7992', 0, 100, '%', 'Humidity');
INSERT INTO MEASUREMENT (DateTime, SensorID, MeasValue) VALUES (TO_DATE('10/05/18 12:48', 'DD/MM/YY HH24:MI'), 224749, 75);
INSERT INTO SENSOR (SerialNumber, CityPlaced, SensorModel, MinimValue, MaximValue, Unit, SensorType) VALUES (47299, 'Βελίκα', 'EKGL-310', 734.0, 1050.9, 'hPa', 'Pressure');
INSERT INTO MEASUREMENT (DateTime, SensorID, MeasValue) VALUES (TO_DATE('10/05/18 12:48', 'DD/MM/YY HH24:MI'), 47299, 1007.2);
INSERT INTO SENSOR (SerialNumber, CityPlaced, SensorModel, MinimValue, MaximValue, Unit, SensorType) VALUES (74855, 'Βελίκα', 'DISB-9405', 0.0, 23.9, 'km/h', 'Wind');
INSERT INTO MEASUREMENT (DateTime, SensorID, MeasValue) VALUES (TO_DATE('10/05/18 12:48', 'DD/MM/YY HH24:MI'), 74855, 3.0);
INSERT INTO SENSOR (SerialNumber, CityPlaced, SensorModel, MinimValue, MaximValue, Unit, SensorType) VALUES (634101, 'Λάρισα 6 Δρόμοι', 'JEZUO-358', -55.0, 77.9, '°C', 'Temperature');
INSERT INTO MEASUREMENT (DateTime, SensorID, MeasValue) VALUES (TO_DATE('10/05/18 12:44', 'DD/MM/YY HH24:MI'), 634101, 17.6);
INSERT INTO SENSOR (SerialNumber, CityPlaced, SensorModel, MinimValue, MaximValue, Unit, SensorType) VALUES (301596, 'Λάρισα 6 Δρόμοι', 'JVZGU-9957', 0, 100, '%', 'Humidity');
INSERT INTO MEASUREMENT (DateTime, SensorID, MeasValue) VALUES (TO_DATE('10/05/18 12:44', 'DD/MM/YY HH24:MI'), 301596, 86);
INSERT INTO MEASUREMENT (DateTime, SensorID, MeasValue) VALUES (TO_DATE('10/05/18 12:44', 'DD/MM/YY HH24:MI'), 72665, 1006.2);
INSERT INTO SENSOR (SerialNumber, CityPlaced, SensorModel, MinimValue, MaximValue, Unit, SensorType) VALUES (40593, 'Λάρισα 6 Δρόμοι', 'CMLI-1166', 0.0, 25.9, 'km/h', 'Wind');
INSERT INTO MEASUREMENT (DateTime, SensorID, MeasValue) VALUES (TO_DATE('10/05/18 12:44', 'DD/MM/YY HH24:MI'), 40593, 1.3);
INSERT INTO SENSOR (SerialNumber, CityPlaced, SensorModel, MinimValue, MaximValue, Unit, SensorType) VALUES (986171, 'Λάρισα ΑΤΑ', 'BAKMN-617', -52.0, 76.9, '°C', 'Temperature');
INSERT INTO MEASUREMENT (DateTime, SensorID, MeasValue) VALUES (TO_DATE('10/05/18 12:42', 'DD/MM/YY HH24:MI'), 986171, 18.2);
INSERT INTO SENSOR (SerialNumber, CityPlaced, SensorModel, MinimValue, MaximValue, Unit, SensorType) VALUES (505582, 'Λάρισα ΑΤΑ', 'YXXGI-0256', 0, 100, '%', 'Humidity');
INSERT INTO MEASUREMENT (DateTime, SensorID, MeasValue) VALUES (TO_DATE('10/05/18 12:42', 'DD/MM/YY HH24:MI'), 505582, 85);
INSERT INTO SENSOR (SerialNumber, CityPlaced, SensorModel, MinimValue, MaximValue, Unit, SensorType) VALUES (71540, 'Λάρισα ΑΤΑ', 'ALRR-174', 710.0, 1066.9, 'hPa', 'Pressure');
INSERT INTO MEASUREMENT (DateTime, SensorID, MeasValue) VALUES (TO_DATE('10/05/18 12:42', 'DD/MM/YY HH24:MI'), 71540, 1004.7);
INSERT INTO SENSOR (SerialNumber, CityPlaced, SensorModel, MinimValue, MaximValue, Unit, SensorType) VALUES (13389, 'Λάρισα ΑΤΑ', 'IKPO-1556', 0.0, 24.9, 'km/h', 'Wind');
INSERT INTO MEASUREMENT (DateTime, SensorID, MeasValue) VALUES (TO_DATE('10/05/18 12:42', 'DD/MM/YY HH24:MI'), 13389, 2.4);
INSERT INTO SENSOR (SerialNumber, CityPlaced, SensorModel, MinimValue, MaximValue, Unit, SensorType) VALUES (488868, 'Λάρισα Σίφνου', 'LQJPY-244', -50.0, 70.9, '°C', 'Temperature');
INSERT INTO MEASUREMENT (DateTime, SensorID, MeasValue) VALUES (TO_DATE('10/05/18 12:48', 'DD/MM/YY HH24:MI'), 488868, 17.8);
INSERT INTO SENSOR (SerialNumber, CityPlaced, SensorModel, MinimValue, MaximValue, Unit, SensorType) VALUES (806266, 'Λάρισα Σίφνου', 'UYIXT-7065', 0, 100, '%', 'Humidity');
INSERT INTO MEASUREMENT (DateTime, SensorID, MeasValue) VALUES (TO_DATE('10/05/18 12:48', 'DD/MM/YY HH24:MI'), 806266, 81);
INSERT INTO SENSOR (SerialNumber, CityPlaced, SensorModel, MinimValue, MaximValue, Unit, SensorType) VALUES (56893, 'Λάρισα Σίφνου', 'JDEC-809', 732.0, 1072.9, 'hPa', 'Pressure');
INSERT INTO MEASUREMENT (DateTime, SensorID, MeasValue) VALUES (TO_DATE('10/05/18 12:48', 'DD/MM/YY HH24:MI'), 56893, 1006.6);
INSERT INTO SENSOR (SerialNumber, CityPlaced, SensorModel, MinimValue, MaximValue, Unit, SensorType) VALUES (14308, 'Λάρισα Σίφνου', 'KQIJ-8239', 0.0, 20.9, 'km/h', 'Wind');
INSERT INTO MEASUREMENT (DateTime, SensorID, MeasValue) VALUES (TO_DATE('10/05/18 12:48', 'DD/MM/YY HH24:MI'), 14308, 5.3);
INSERT INTO SENSOR (SerialNumber, CityPlaced, SensorModel, MinimValue, MaximValue, Unit, SensorType) VALUES (955514, 'Συκούριο', 'SOUFR-025', -55.0, 70.9, '°C', 'Temperature');
INSERT INTO MEASUREMENT (DateTime, SensorID, MeasValue) VALUES (TO_DATE('10/05/18 12:48', 'DD/MM/YY HH24:MI'), 955514, 19.1);
INSERT INTO SENSOR (SerialNumber, CityPlaced, SensorModel, MinimValue, MaximValue, Unit, SensorType) VALUES (403092, 'Συκούριο', 'GZCCW-2587', 0, 100, '%', 'Humidity');
INSERT INTO MEASUREMENT (DateTime, SensorID, MeasValue) VALUES (TO_DATE('10/05/18 12:48', 'DD/MM/YY HH24:MI'), 403092, 80);
INSERT INTO SENSOR (SerialNumber, CityPlaced, SensorModel, MinimValue, MaximValue, Unit, SensorType) VALUES (55964, 'Συκούριο', 'CHJT-134', 702.0, 1098.9, 'hPa', 'Pressure');
INSERT INTO MEASUREMENT (DateTime, SensorID, MeasValue) VALUES (TO_DATE('10/05/18 12:48', 'DD/MM/YY HH24:MI'), 55964, 1005.4);
INSERT INTO SENSOR (SerialNumber, CityPlaced, SensorModel, MinimValue, MaximValue, Unit, SensorType) VALUES (75846, 'Συκούριο', 'VXFS-4147', 0.0, 20.9, 'km/h', 'Wind');
INSERT INTO MEASUREMENT (DateTime, SensorID, MeasValue) VALUES (TO_DATE('10/05/18 12:48', 'DD/MM/YY HH24:MI'), 75846, 6.2);
INSERT INTO SENSOR (SerialNumber, CityPlaced, SensorModel, MinimValue, MaximValue, Unit, SensorType) VALUES (710652, 'Μπασίτσι', 'RQEMV-437', -51.0, 65.9, '°C', 'Temperature');
INSERT INTO MEASUREMENT (DateTime, SensorID, MeasValue) VALUES (TO_DATE('10/05/18 12:48', 'DD/MM/YY HH24:MI'), 710652, 23.9);
INSERT INTO SENSOR (SerialNumber, CityPlaced, SensorModel, MinimValue, MaximValue, Unit, SensorType) VALUES (491378, 'Μπασίτσι', 'MSEDY-5068', 0, 100, '%', 'Humidity');
INSERT INTO MEASUREMENT (DateTime, SensorID, MeasValue) VALUES (TO_DATE('10/05/18 12:48', 'DD/MM/YY HH24:MI'), 491378, 54);
INSERT INTO SENSOR (SerialNumber, CityPlaced, SensorModel, MinimValue, MaximValue, Unit, SensorType) VALUES (41238, 'Μπασίτσι', 'VHJW-106', 708.0, 1055.9, 'hPa', 'Pressure');
INSERT INTO MEASUREMENT (DateTime, SensorID, MeasValue) VALUES (TO_DATE('10/05/18 12:48', 'DD/MM/YY HH24:MI'), 41238, 1004.9);
INSERT INTO SENSOR (SerialNumber, CityPlaced, SensorModel, MinimValue, MaximValue, Unit, SensorType) VALUES (39790, 'Μπασίτσι', 'MNKX-4034', 0.0, 22.9, 'km/h', 'Wind');
INSERT INTO MEASUREMENT (DateTime, SensorID, MeasValue) VALUES (TO_DATE('10/05/18 12:48', 'DD/MM/YY HH24:MI'), 39790, 4.8);
INSERT INTO SENSOR (SerialNumber, CityPlaced, SensorModel, MinimValue, MaximValue, Unit, SensorType) VALUES (472818, 'Πηγάδι', 'ZHHTU-375', -60.0, 73.9, '°C', 'Temperature');
INSERT INTO MEASUREMENT (DateTime, SensorID, MeasValue) VALUES (TO_DATE('10/05/18 12:35', 'DD/MM/YY HH24:MI'), 472818, 22.8);
INSERT INTO SENSOR (SerialNumber, CityPlaced, SensorModel, MinimValue, MaximValue, Unit, SensorType) VALUES (322927, 'Πηγάδι', 'PFMRG-8526', 0, 100, '%', 'Humidity');
INSERT INTO MEASUREMENT (DateTime, SensorID, MeasValue) VALUES (TO_DATE('10/05/18 12:35', 'DD/MM/YY HH24:MI'), 322927, 67);
INSERT INTO SENSOR (SerialNumber, CityPlaced, SensorModel, MinimValue, MaximValue, Unit, SensorType) VALUES (61177, 'Πηγάδι', 'SZCF-996', 707.0, 1100.9, 'hPa', 'Pressure');
INSERT INTO MEASUREMENT (DateTime, SensorID, MeasValue) VALUES (TO_DATE('10/05/18 12:35', 'DD/MM/YY HH24:MI'), 61177, 1004.5);
INSERT INTO SENSOR (SerialNumber, CityPlaced, SensorModel, MinimValue, MaximValue, Unit, SensorType) VALUES (28373, 'Πηγάδι', 'BXFJ-9405', 0.0, 21.9, 'km/h', 'Wind');
INSERT INTO MEASUREMENT (DateTime, SensorID, MeasValue) VALUES (TO_DATE('10/05/18 12:35', 'DD/MM/YY HH24:MI'), 28373, 0.0);
INSERT INTO SENSOR (SerialNumber, CityPlaced, SensorModel, MinimValue, MaximValue, Unit, SensorType) VALUES (402976, 'Πορταριά', 'LIDUM-184', -51.0, 74.9, '°C', 'Temperature');
INSERT INTO MEASUREMENT (DateTime, SensorID, MeasValue) VALUES (TO_DATE('10/05/18 12:45', 'DD/MM/YY HH24:MI'), 402976, 16.6);
INSERT INTO SENSOR (SerialNumber, CityPlaced, SensorModel, MinimValue, MaximValue, Unit, SensorType) VALUES (425263, 'Πορταριά', 'SJJOI-9703', 0, 100, '%', 'Humidity');
INSERT INTO MEASUREMENT (DateTime, SensorID, MeasValue) VALUES (TO_DATE('10/05/18 12:45', 'DD/MM/YY HH24:MI'), 425263, 23);
INSERT INTO SENSOR (SerialNumber, CityPlaced, SensorModel, MinimValue, MaximValue, Unit, SensorType) VALUES (16193, 'Πορταριά', 'MOBE-829', 708.0, 1074.9, 'hPa', 'Pressure');
INSERT INTO MEASUREMENT (DateTime, SensorID, MeasValue) VALUES (TO_DATE('10/05/18 12:45', 'DD/MM/YY HH24:MI'), 16193, 1003.3);
INSERT INTO SENSOR (SerialNumber, CityPlaced, SensorModel, MinimValue, MaximValue, Unit, SensorType) VALUES (98011, 'Πορταριά', 'CUIY-4656', 0.0, 21.9, 'km/h', 'Wind');
INSERT INTO MEASUREMENT (DateTime, SensorID, MeasValue) VALUES (TO_DATE('10/05/18 12:45', 'DD/MM/YY HH24:MI'), 98011, 0.3);
INSERT INTO SENSOR (SerialNumber, CityPlaced, SensorModel, MinimValue, MaximValue, Unit, SensorType) VALUES (490950, 'Σκιάθος Ερασιτεχνικό Αστεροσκοπείο', 'PKGPD-913', -51.0, 78.9, '°C', 'Temperature');
INSERT INTO MEASUREMENT (DateTime, SensorID, MeasValue) VALUES (TO_DATE('10/05/18 12:47', 'DD/MM/YY HH24:MI'), 490950, 21.8);
INSERT INTO SENSOR (SerialNumber, CityPlaced, SensorModel, MinimValue, MaximValue, Unit, SensorType) VALUES (257119, 'Σκιάθος Ερασιτεχνικό Αστεροσκοπείο', 'XMLXP-8157', 0, 100, '%', 'Humidity');
INSERT INTO MEASUREMENT (DateTime, SensorID, MeasValue) VALUES (TO_DATE('10/05/18 12:47', 'DD/MM/YY HH24:MI'), 257119, 79);
INSERT INTO SENSOR (SerialNumber, CityPlaced, SensorModel, MinimValue, MaximValue, Unit, SensorType) VALUES (37135, 'Σκιάθος Ερασιτεχνικό Αστεροσκοπείο', 'ZXOM-369', 723.0, 1068.9, 'hPa', 'Pressure');
INSERT INTO MEASUREMENT (DateTime, SensorID, MeasValue) VALUES (TO_DATE('10/05/18 12:47', 'DD/MM/YY HH24:MI'), 37135, 1005.6);
INSERT INTO SENSOR (SerialNumber, CityPlaced, SensorModel, MinimValue, MaximValue, Unit, SensorType) VALUES (46018, 'Σκιάθος Ερασιτεχνικό Αστεροσκοπείο', 'HZWL-1853', 0.0, 22.9, 'km/h', 'Wind');
INSERT INTO MEASUREMENT (DateTime, SensorID, MeasValue) VALUES (TO_DATE('10/05/18 12:47', 'DD/MM/YY HH24:MI'), 46018, 9.1);
INSERT INTO SENSOR (SerialNumber, CityPlaced, SensorModel, MinimValue, MaximValue, Unit, SensorType) VALUES (950042, 'Σκόπελος', 'ZYKLJ-267', -51.0, 79.9, '°C', 'Temperature');
INSERT INTO MEASUREMENT (DateTime, SensorID, MeasValue) VALUES (TO_DATE('10/05/18 12:40', 'DD/MM/YY HH24:MI'), 950042, 20.8);
INSERT INTO SENSOR (SerialNumber, CityPlaced, SensorModel, MinimValue, MaximValue, Unit, SensorType) VALUES (202535, 'Σκόπελος', 'UOTDB-1157', 0, 100, '%', 'Humidity');
INSERT INTO MEASUREMENT (DateTime, SensorID, MeasValue) VALUES (TO_DATE('10/05/18 12:40', 'DD/MM/YY HH24:MI'), 202535, 85);
INSERT INTO SENSOR (SerialNumber, CityPlaced, SensorModel, MinimValue, MaximValue, Unit, SensorType) VALUES (24207, 'Σκόπελος', 'GMXS-182', 739.0, 1084.9, 'hPa', 'Pressure');
INSERT INTO MEASUREMENT (DateTime, SensorID, MeasValue) VALUES (TO_DATE('10/05/18 12:40', 'DD/MM/YY HH24:MI'), 24207, 1008.1);
INSERT INTO SENSOR (SerialNumber, CityPlaced, SensorModel, MinimValue, MaximValue, Unit, SensorType) VALUES (41802, 'Σκόπελος', 'YUSO-8941', 0.0, 21.9, 'km/h', 'Wind');
INSERT INTO MEASUREMENT (DateTime, SensorID, MeasValue) VALUES (TO_DATE('10/05/18 12:40', 'DD/MM/YY HH24:MI'), 41802, 10.2);
INSERT INTO SENSOR (SerialNumber, CityPlaced, SensorModel, MinimValue, MaximValue, Unit, SensorType) VALUES (332665, 'Καλαμπάκα', 'YANSQ-116', -57.0, 77.9, '°C', 'Temperature');
INSERT INTO MEASUREMENT (DateTime, SensorID, MeasValue) VALUES (TO_DATE('10/05/18 12:43', 'DD/MM/YY HH24:MI'), 332665, 18.5);
INSERT INTO SENSOR (SerialNumber, CityPlaced, SensorModel, MinimValue, MaximValue, Unit, SensorType) VALUES (994948, 'Καλαμπάκα', 'NRIXS-8113', 0, 100, '%', 'Humidity');
INSERT INTO MEASUREMENT (DateTime, SensorID, MeasValue) VALUES (TO_DATE('10/05/18 12:43', 'DD/MM/YY HH24:MI'), 994948, 40);
INSERT INTO MEASUREMENT (DateTime, SensorID, MeasValue) VALUES (TO_DATE('10/05/18 12:43', 'DD/MM/YY HH24:MI'), 66338, 1006.0);
INSERT INTO SENSOR (SerialNumber, CityPlaced, SensorModel, MinimValue, MaximValue, Unit, SensorType) VALUES (42747, 'Καλαμπάκα', 'GYIU-8301', 0.0, 20.9, 'km/h', 'Wind');
INSERT INTO MEASUREMENT (DateTime, SensorID, MeasValue) VALUES (TO_DATE('10/05/18 12:43', 'DD/MM/YY HH24:MI'), 42747, 5.0);
INSERT INTO SENSOR (SerialNumber, CityPlaced, SensorModel, MinimValue, MaximValue, Unit, SensorType) VALUES (771301, 'Γέρακας', 'SWTOF-456', -50.0, 71.9, '°C', 'Temperature');
INSERT INTO MEASUREMENT (DateTime, SensorID, MeasValue) VALUES (TO_DATE('10/05/18 12:48', 'DD/MM/YY HH24:MI'), 771301, 25.4);
INSERT INTO SENSOR (SerialNumber, CityPlaced, SensorModel, MinimValue, MaximValue, Unit, SensorType) VALUES (583527, 'Γέρακας', 'MBDSD-3286', 0, 100, '%', 'Humidity');
INSERT INTO MEASUREMENT (DateTime, SensorID, MeasValue) VALUES (TO_DATE('10/05/18 12:48', 'DD/MM/YY HH24:MI'), 583527, 58);
INSERT INTO SENSOR (SerialNumber, CityPlaced, SensorModel, MinimValue, MaximValue, Unit, SensorType) VALUES (18365, 'Γέρακας', 'QNZR-175', 747.0, 1063.9, 'hPa', 'Pressure');
INSERT INTO MEASUREMENT (DateTime, SensorID, MeasValue) VALUES (TO_DATE('10/05/18 12:48', 'DD/MM/YY HH24:MI'), 18365, 1007.5);
INSERT INTO SENSOR (SerialNumber, CityPlaced, SensorModel, MinimValue, MaximValue, Unit, SensorType) VALUES (97699, 'Γέρακας', 'RQEK-3769', 0.0, 25.9, 'km/h', 'Wind');
INSERT INTO MEASUREMENT (DateTime, SensorID, MeasValue) VALUES (TO_DATE('10/05/18 12:48', 'DD/MM/YY HH24:MI'), 97699, 2.2);
INSERT INTO SENSOR (SerialNumber, CityPlaced, SensorModel, MinimValue, MaximValue, Unit, SensorType) VALUES (552530, 'Αιολικό Πάρκο Μοναστήρι I', 'NWWAD-107', -60.0, 62.9, '°C', 'Temperature');
INSERT INTO MEASUREMENT (DateTime, SensorID, MeasValue) VALUES (TO_DATE('10/05/18 12:47', 'DD/MM/YY HH24:MI'), 552530, 14.1);
INSERT INTO SENSOR (SerialNumber, CityPlaced, SensorModel, MinimValue, MaximValue, Unit, SensorType) VALUES (639088, 'Αιολικό Πάρκο Μοναστήρι I', 'HRNOD-4541', 0, 100, '%', 'Humidity');
INSERT INTO MEASUREMENT (DateTime, SensorID, MeasValue) VALUES (TO_DATE('10/05/18 12:47', 'DD/MM/YY HH24:MI'), 639088, 38);
INSERT INTO SENSOR (SerialNumber, CityPlaced, SensorModel, MinimValue, MaximValue, Unit, SensorType) VALUES (77552, 'Αιολικό Πάρκο Μοναστήρι I', 'PKHT-470', 724.0, 1087.9, 'hPa', 'Pressure');
INSERT INTO MEASUREMENT (DateTime, SensorID, MeasValue) VALUES (TO_DATE('10/05/18 12:47', 'DD/MM/YY HH24:MI'), 77552, 1001.4);
INSERT INTO SENSOR (SerialNumber, CityPlaced, SensorModel, MinimValue, MaximValue, Unit, SensorType) VALUES (30763, 'Αιολικό Πάρκο Μοναστήρι I', 'SPDC-6306', 0.0, 24.9, 'km/h', 'Wind');
INSERT INTO MEASUREMENT (DateTime, SensorID, MeasValue) VALUES (TO_DATE('10/05/18 12:47', 'DD/MM/YY HH24:MI'), 30763, 8.8);
INSERT INTO SENSOR (SerialNumber, CityPlaced, SensorModel, MinimValue, MaximValue, Unit, SensorType) VALUES (610168, 'Κομοτηνή', 'TWPJC-606', -54.0, 71.9, '°C', 'Temperature');
INSERT INTO MEASUREMENT (DateTime, SensorID, MeasValue) VALUES (TO_DATE('10/05/18 12:40', 'DD/MM/YY HH24:MI'), 610168, 26.7);
INSERT INTO SENSOR (SerialNumber, CityPlaced, SensorModel, MinimValue, MaximValue, Unit, SensorType) VALUES (791906, 'Κομοτηνή', 'ZNHEX-2925', 0, 100, '%', 'Humidity');
INSERT INTO MEASUREMENT (DateTime, SensorID, MeasValue) VALUES (TO_DATE('10/05/18 12:40', 'DD/MM/YY HH24:MI'), 791906, 56);
INSERT INTO SENSOR (SerialNumber, CityPlaced, SensorModel, MinimValue, MaximValue, Unit, SensorType) VALUES (58768, 'Κομοτηνή', 'WWMR-485', 705.0, 1061.9, 'hPa', 'Pressure');
INSERT INTO MEASUREMENT (DateTime, SensorID, MeasValue) VALUES (TO_DATE('10/05/18 12:40', 'DD/MM/YY HH24:MI'), 58768, 1005.2);
INSERT INTO SENSOR (SerialNumber, CityPlaced, SensorModel, MinimValue, MaximValue, Unit, SensorType) VALUES (84780, 'Κομοτηνή', 'HGBW-4836', 0.0, 22.9, 'km/h', 'Wind');
INSERT INTO MEASUREMENT (DateTime, SensorID, MeasValue) VALUES (TO_DATE('10/05/18 12:40', 'DD/MM/YY HH24:MI'), 84780, 4.7);
INSERT INTO SENSOR (SerialNumber, CityPlaced, SensorModel, MinimValue, MaximValue, Unit, SensorType) VALUES (942507, 'Παντοκράτορας', 'WYRTD-928', -57.0, 64.9, '°C', 'Temperature');
INSERT INTO MEASUREMENT (DateTime, SensorID, MeasValue) VALUES (TO_DATE('10/05/18 12:48', 'DD/MM/YY HH24:MI'), 942507, 17.1);
INSERT INTO SENSOR (SerialNumber, CityPlaced, SensorModel, MinimValue, MaximValue, Unit, SensorType) VALUES (941692, 'Παντοκράτορας', 'JTHBR-7709', 0, 100, '%', 'Humidity');
INSERT INTO MEASUREMENT (DateTime, SensorID, MeasValue) VALUES (TO_DATE('10/05/18 12:48', 'DD/MM/YY HH24:MI'), 941692, 84);
INSERT INTO SENSOR (SerialNumber, CityPlaced, SensorModel, MinimValue, MaximValue, Unit, SensorType) VALUES (97021, 'Παντοκράτορας', 'RHVA-218', 705.0, 1064.9, 'hPa', 'Pressure');
INSERT INTO MEASUREMENT (DateTime, SensorID, MeasValue) VALUES (TO_DATE('10/05/18 12:48', 'DD/MM/YY HH24:MI'), 97021, 1010.8);
INSERT INTO SENSOR (SerialNumber, CityPlaced, SensorModel, MinimValue, MaximValue, Unit, SensorType) VALUES (46417, 'Παντοκράτορας', 'RXZH-8914', 0.0, 23.9, 'km/h', 'Wind');
INSERT INTO MEASUREMENT (DateTime, SensorID, MeasValue) VALUES (TO_DATE('10/05/18 12:48', 'DD/MM/YY HH24:MI'), 46417, 3.7);
INSERT INTO SENSOR (SerialNumber, CityPlaced, SensorModel, MinimValue, MaximValue, Unit, SensorType) VALUES (740445, 'Ιθάκη', 'XGSCF-828', -53.0, 73.9, '°C', 'Temperature');
INSERT INTO MEASUREMENT (DateTime, SensorID, MeasValue) VALUES (TO_DATE('10/05/18 12:38', 'DD/MM/YY HH24:MI'), 740445, 22.9);
INSERT INTO SENSOR (SerialNumber, CityPlaced, SensorModel, MinimValue, MaximValue, Unit, SensorType) VALUES (987367, 'Ιθάκη', 'IHCRS-8499', 0, 100, '%', 'Humidity');
INSERT INTO MEASUREMENT (DateTime, SensorID, MeasValue) VALUES (TO_DATE('10/05/18 12:38', 'DD/MM/YY HH24:MI'), 987367, 63);
INSERT INTO SENSOR (SerialNumber, CityPlaced, SensorModel, MinimValue, MaximValue, Unit, SensorType) VALUES (67709, 'Ιθάκη', 'EOWW-692', 707.0, 1052.9, 'hPa', 'Pressure');
INSERT INTO MEASUREMENT (DateTime, SensorID, MeasValue) VALUES (TO_DATE('10/05/18 12:38', 'DD/MM/YY HH24:MI'), 67709, 1007.7);
INSERT INTO SENSOR (SerialNumber, CityPlaced, SensorModel, MinimValue, MaximValue, Unit, SensorType) VALUES (45323, 'Ιθάκη', 'MSZL-8740', 0.0, 22.9, 'km/h', 'Wind');
INSERT INTO MEASUREMENT (DateTime, SensorID, MeasValue) VALUES (TO_DATE('10/05/18 12:38', 'DD/MM/YY HH24:MI'), 45323, 2.7);
INSERT INTO SENSOR (SerialNumber, CityPlaced, SensorModel, MinimValue, MaximValue, Unit, SensorType) VALUES (294589, 'Λαχός Ιθάκη', 'TKCUC-809', -57.0, 69.9, '°C', 'Temperature');
INSERT INTO MEASUREMENT (DateTime, SensorID, MeasValue) VALUES (TO_DATE('10/05/18 12:47', 'DD/MM/YY HH24:MI'), 294589, 22.7);
INSERT INTO SENSOR (SerialNumber, CityPlaced, SensorModel, MinimValue, MaximValue, Unit, SensorType) VALUES (161958, 'Λαχός Ιθάκη', 'DUMFB-9316', 0, 100, '%', 'Humidity');
INSERT INTO MEASUREMENT (DateTime, SensorID, MeasValue) VALUES (TO_DATE('10/05/18 12:47', 'DD/MM/YY HH24:MI'), 161958, 66);
INSERT INTO SENSOR (SerialNumber, CityPlaced, SensorModel, MinimValue, MaximValue, Unit, SensorType) VALUES (41406, 'Λαχός Ιθάκη', 'JHGE-470', 704.0, 1062.9, 'hPa', 'Pressure');
INSERT INTO MEASUREMENT (DateTime, SensorID, MeasValue) VALUES (TO_DATE('10/05/18 12:47', 'DD/MM/YY HH24:MI'), 41406, 1006.5);
INSERT INTO SENSOR (SerialNumber, CityPlaced, SensorModel, MinimValue, MaximValue, Unit, SensorType) VALUES (29992, 'Λαχός Ιθάκη', 'CQXU-0308', 0.0, 24.9, 'km/h', 'Wind');
INSERT INTO MEASUREMENT (DateTime, SensorID, MeasValue) VALUES (TO_DATE('10/05/18 12:47', 'DD/MM/YY HH24:MI'), 29992, 0.0);
INSERT INTO SENSOR (SerialNumber, CityPlaced, SensorModel, MinimValue, MaximValue, Unit, SensorType) VALUES (933569, 'Πλατρειθιάς Ιθάκη', 'UMBOC-687', -58.0, 66.9, '°C', 'Temperature');
INSERT INTO MEASUREMENT (DateTime, SensorID, MeasValue) VALUES (TO_DATE('10/05/18 12:40', 'DD/MM/YY HH24:MI'), 933569, 21.7);
INSERT INTO SENSOR (SerialNumber, CityPlaced, SensorModel, MinimValue, MaximValue, Unit, SensorType) VALUES (578560, 'Πλατρειθιάς Ιθάκη', 'PRRGT-0658', 0, 100, '%', 'Humidity');
INSERT INTO MEASUREMENT (DateTime, SensorID, MeasValue) VALUES (TO_DATE('10/05/18 12:40', 'DD/MM/YY HH24:MI'), 578560, 72);
INSERT INTO SENSOR (SerialNumber, CityPlaced, SensorModel, MinimValue, MaximValue, Unit, SensorType) VALUES (83745, 'Πλατρειθιάς Ιθάκη', 'PPCE-009', 731.0, 1070.9, 'hPa', 'Pressure');
INSERT INTO MEASUREMENT (DateTime, SensorID, MeasValue) VALUES (TO_DATE('10/05/18 12:40', 'DD/MM/YY HH24:MI'), 83745, 1007.6);
INSERT INTO SENSOR (SerialNumber, CityPlaced, SensorModel, MinimValue, MaximValue, Unit, SensorType) VALUES (58256, 'Πλατρειθιάς Ιθάκη', 'ZGBG-4962', 0.0, 25.9, 'km/h', 'Wind');
INSERT INTO MEASUREMENT (DateTime, SensorID, MeasValue) VALUES (TO_DATE('10/05/18 12:40', 'DD/MM/YY HH24:MI'), 58256, 4.0);
INSERT INTO SENSOR (SerialNumber, CityPlaced, SensorModel, MinimValue, MaximValue, Unit, SensorType) VALUES (291218, 'Σπαρτιά', 'WTDDQ-976', -57.0, 64.9, '°C', 'Temperature');
INSERT INTO MEASUREMENT (DateTime, SensorID, MeasValue) VALUES (TO_DATE('10/05/18 12:48', 'DD/MM/YY HH24:MI'), 291218, 19.1);
INSERT INTO SENSOR (SerialNumber, CityPlaced, SensorModel, MinimValue, MaximValue, Unit, SensorType) VALUES (507586, 'Σπαρτιά', 'WHGCE-4767', 0, 100, '%', 'Humidity');
INSERT INTO MEASUREMENT (DateTime, SensorID, MeasValue) VALUES (TO_DATE('10/05/18 12:48', 'DD/MM/YY HH24:MI'), 507586, 79);
INSERT INTO SENSOR (SerialNumber, CityPlaced, SensorModel, MinimValue, MaximValue, Unit, SensorType) VALUES (75019, 'Σπαρτιά', 'PLMB-342', 716.0, 1064.9, 'hPa', 'Pressure');
INSERT INTO MEASUREMENT (DateTime, SensorID, MeasValue) VALUES (TO_DATE('10/05/18 12:48', 'DD/MM/YY HH24:MI'), 75019, 1060.8);
INSERT INTO SENSOR (SerialNumber, CityPlaced, SensorModel, MinimValue, MaximValue, Unit, SensorType) VALUES (83585, 'Σπαρτιά', 'JZOU-5295', 0.0, 25.9, 'km/h', 'Wind');
INSERT INTO MEASUREMENT (DateTime, SensorID, MeasValue) VALUES (TO_DATE('10/05/18 12:48', 'DD/MM/YY HH24:MI'), 83585, 7.0);
INSERT INTO SENSOR (SerialNumber, CityPlaced, SensorModel, MinimValue, MaximValue, Unit, SensorType) VALUES (996936, 'Λευκάδα', 'ZHYLY-256', -50.0, 79.9, '°C', 'Temperature');
INSERT INTO MEASUREMENT (DateTime, SensorID, MeasValue) VALUES (TO_DATE('10/05/18 12:39', 'DD/MM/YY HH24:MI'), 996936, 21.3);
INSERT INTO SENSOR (SerialNumber, CityPlaced, SensorModel, MinimValue, MaximValue, Unit, SensorType) VALUES (886506, 'Λευκάδα', 'CKLJS-1772', 0, 100, '%', 'Humidity');
INSERT INTO MEASUREMENT (DateTime, SensorID, MeasValue) VALUES (TO_DATE('10/05/18 12:39', 'DD/MM/YY HH24:MI'), 886506, 74);
INSERT INTO SENSOR (SerialNumber, CityPlaced, SensorModel, MinimValue, MaximValue, Unit, SensorType) VALUES (23035, 'Λευκάδα', 'RYQB-738', 738.0, 1098.9, 'hPa', 'Pressure');
INSERT INTO MEASUREMENT (DateTime, SensorID, MeasValue) VALUES (TO_DATE('10/05/18 12:39', 'DD/MM/YY HH24:MI'), 23035, 1007.6);
INSERT INTO SENSOR (SerialNumber, CityPlaced, SensorModel, MinimValue, MaximValue, Unit, SensorType) VALUES (69616, 'Λευκάδα', 'WOJK-9162', 0.0, 25.9, 'km/h', 'Wind');
INSERT INTO MEASUREMENT (DateTime, SensorID, MeasValue) VALUES (TO_DATE('10/05/18 12:39', 'DD/MM/YY HH24:MI'), 69616, 12.4);
INSERT INTO SENSOR (SerialNumber, CityPlaced, SensorModel, MinimValue, MaximValue, Unit, SensorType) VALUES (665897, 'Πλατύστομα', 'MGBPS-991', -58.0, 76.9, '°C', 'Temperature');
INSERT INTO MEASUREMENT (DateTime, SensorID, MeasValue) VALUES (TO_DATE('10/05/18 12:48', 'DD/MM/YY HH24:MI'), 665897, 17.4);
INSERT INTO SENSOR (SerialNumber, CityPlaced, SensorModel, MinimValue, MaximValue, Unit, SensorType) VALUES (196238, 'Πλατύστομα', 'DLHVM-6026', 0, 100, '%', 'Humidity');
INSERT INTO MEASUREMENT (DateTime, SensorID, MeasValue) VALUES (TO_DATE('10/05/18 12:48', 'DD/MM/YY HH24:MI'), 196238, 81);
INSERT INTO SENSOR (SerialNumber, CityPlaced, SensorModel, MinimValue, MaximValue, Unit, SensorType) VALUES (88264, 'Πλατύστομα', 'YBVV-773', 732.0, 1093.9, 'hPa', 'Pressure');
INSERT INTO MEASUREMENT (DateTime, SensorID, MeasValue) VALUES (TO_DATE('10/05/18 12:48', 'DD/MM/YY HH24:MI'), 88264, 1007.5);
INSERT INTO SENSOR (SerialNumber, CityPlaced, SensorModel, MinimValue, MaximValue, Unit, SensorType) VALUES (57272, 'Πλατύστομα', 'EBNI-6166', 0.0, 20.9, 'km/h', 'Wind');
INSERT INTO MEASUREMENT (DateTime, SensorID, MeasValue) VALUES (TO_DATE('10/05/18 12:48', 'DD/MM/YY HH24:MI'), 57272, 4.0);
INSERT INTO SENSOR (SerialNumber, CityPlaced, SensorModel, MinimValue, MaximValue, Unit, SensorType) VALUES (125032, 'Παντάνασσα Γάζι', 'GMNTX-959', -54.0, 78.9, '°C', 'Temperature');
INSERT INTO MEASUREMENT (DateTime, SensorID, MeasValue) VALUES (TO_DATE('10/05/18 12:48', 'DD/MM/YY HH24:MI'), 125032, 23.9);
INSERT INTO SENSOR (SerialNumber, CityPlaced, SensorModel, MinimValue, MaximValue, Unit, SensorType) VALUES (219571, 'Παντάνασσα Γάζι', 'WEEXV-6795', 0, 100, '%', 'Humidity');
INSERT INTO MEASUREMENT (DateTime, SensorID, MeasValue) VALUES (TO_DATE('10/05/18 12:48', 'DD/MM/YY HH24:MI'), 219571, 64);
INSERT INTO SENSOR (SerialNumber, CityPlaced, SensorModel, MinimValue, MaximValue, Unit, SensorType) VALUES (61889, 'Παντάνασσα Γάζι', 'FTIX-163', 731.0, 1078.9, 'hPa', 'Pressure');
INSERT INTO MEASUREMENT (DateTime, SensorID, MeasValue) VALUES (TO_DATE('10/05/18 12:48', 'DD/MM/YY HH24:MI'), 61889, 1005.5);
INSERT INTO SENSOR (SerialNumber, CityPlaced, SensorModel, MinimValue, MaximValue, Unit, SensorType) VALUES (39016, 'Παντάνασσα Γάζι', 'RPNB-0615', 0.0, 25.9, 'km/h', 'Wind');
INSERT INTO MEASUREMENT (DateTime, SensorID, MeasValue) VALUES (TO_DATE('10/05/18 12:48', 'DD/MM/YY HH24:MI'), 39016, 3.0);
INSERT INTO SENSOR (SerialNumber, CityPlaced, SensorModel, MinimValue, MaximValue, Unit, SensorType) VALUES (910165, 'Σταυράκια', 'YNRMK-907', -54.0, 76.9, '°C', 'Temperature');
INSERT INTO MEASUREMENT (DateTime, SensorID, MeasValue) VALUES (TO_DATE('10/05/18 12:45', 'DD/MM/YY HH24:MI'), 910165, 25.2);
INSERT INTO SENSOR (SerialNumber, CityPlaced, SensorModel, MinimValue, MaximValue, Unit, SensorType) VALUES (887451, 'Σταυράκια', 'DDBSK-4547', 0, 100, '%', 'Humidity');
INSERT INTO MEASUREMENT (DateTime, SensorID, MeasValue) VALUES (TO_DATE('10/05/18 12:45', 'DD/MM/YY HH24:MI'), 887451, 50);
INSERT INTO SENSOR (SerialNumber, CityPlaced, SensorModel, MinimValue, MaximValue, Unit, SensorType) VALUES (76823, 'Σταυράκια', 'TNDA-687', 734.0, 1050.9, 'hPa', 'Pressure');
INSERT INTO MEASUREMENT (DateTime, SensorID, MeasValue) VALUES (TO_DATE('10/05/18 12:45', 'DD/MM/YY HH24:MI'), 76823, 1007.0);
INSERT INTO SENSOR (SerialNumber, CityPlaced, SensorModel, MinimValue, MaximValue, Unit, SensorType) VALUES (33725, 'Σταυράκια', 'UBVL-4554', 0.0, 23.9, 'km/h', 'Wind');
INSERT INTO MEASUREMENT (DateTime, SensorID, MeasValue) VALUES (TO_DATE('10/05/18 12:45', 'DD/MM/YY HH24:MI'), 33725, 7.8);
INSERT INTO SENSOR (SerialNumber, CityPlaced, SensorModel, MinimValue, MaximValue, Unit, SensorType) VALUES (576251, 'Ελούντα', 'OFYOI-017', -59.0, 64.9, '°C', 'Temperature');
INSERT INTO MEASUREMENT (DateTime, SensorID, MeasValue) VALUES (TO_DATE('10/05/18 12:48', 'DD/MM/YY HH24:MI'), 576251, 0.0);
INSERT INTO SENSOR (SerialNumber, CityPlaced, SensorModel, MinimValue, MaximValue, Unit, SensorType) VALUES (389189, 'Ελούντα', 'NQGKH-1983', 0, 100, '%', 'Humidity');
INSERT INTO MEASUREMENT (DateTime, SensorID, MeasValue) VALUES (TO_DATE('10/05/18 12:48', 'DD/MM/YY HH24:MI'), 389189, 0);
INSERT INTO SENSOR (SerialNumber, CityPlaced, SensorModel, MinimValue, MaximValue, Unit, SensorType) VALUES (97703, 'Ελούντα', 'DPQM-818', 746.0, 1052.9, 'hPa', 'Pressure');
INSERT INTO MEASUREMENT (DateTime, SensorID, MeasValue) VALUES (TO_DATE('10/05/18 12:48', 'DD/MM/YY HH24:MI'), 97703, 1008.2);
INSERT INTO SENSOR (SerialNumber, CityPlaced, SensorModel, MinimValue, MaximValue, Unit, SensorType) VALUES (18964, 'Ελούντα', 'BJFL-3795', 0.0, 20.9, 'km/h', 'Wind');
INSERT INTO MEASUREMENT (DateTime, SensorID, MeasValue) VALUES (TO_DATE('10/05/18 12:48', 'DD/MM/YY HH24:MI'), 18964, 6.6);
INSERT INTO SENSOR (SerialNumber, CityPlaced, SensorModel, MinimValue, MaximValue, Unit, SensorType) VALUES (540524, 'Ρούστικα', 'RDUMS-056', -53.0, 74.9, '°C', 'Temperature');
INSERT INTO MEASUREMENT (DateTime, SensorID, MeasValue) VALUES (TO_DATE('10/05/18 12:47', 'DD/MM/YY HH24:MI'), 540524, 26.7);
INSERT INTO SENSOR (SerialNumber, CityPlaced, SensorModel, MinimValue, MaximValue, Unit, SensorType) VALUES (427300, 'Ρούστικα', 'AMMYC-9883', 0, 100, '%', 'Humidity');
INSERT INTO MEASUREMENT (DateTime, SensorID, MeasValue) VALUES (TO_DATE('10/05/18 12:47', 'DD/MM/YY HH24:MI'), 427300, 43);
INSERT INTO SENSOR (SerialNumber, CityPlaced, SensorModel, MinimValue, MaximValue, Unit, SensorType) VALUES (18628, 'Ρούστικα', 'FQTC-588', 716.0, 1068.9, 'hPa', 'Pressure');
INSERT INTO MEASUREMENT (DateTime, SensorID, MeasValue) VALUES (TO_DATE('10/05/18 12:47', 'DD/MM/YY HH24:MI'), 18628, 1005.0);
INSERT INTO SENSOR (SerialNumber, CityPlaced, SensorModel, MinimValue, MaximValue, Unit, SensorType) VALUES (91026, 'Ρούστικα', 'KVZS-0631', 0.0, 22.9, 'km/h', 'Wind');
INSERT INTO MEASUREMENT (DateTime, SensorID, MeasValue) VALUES (TO_DATE('10/05/18 12:47', 'DD/MM/YY HH24:MI'), 91026, 3.2);
INSERT INTO SENSOR (SerialNumber, CityPlaced, SensorModel, MinimValue, MaximValue, Unit, SensorType) VALUES (348094, 'Κουντούρα', 'GXKAG-781', -53.0, 73.9, '°C', 'Temperature');
INSERT INTO MEASUREMENT (DateTime, SensorID, MeasValue) VALUES (TO_DATE('10/05/18 12:41', 'DD/MM/YY HH24:MI'), 348094, 23.5);
INSERT INTO SENSOR (SerialNumber, CityPlaced, SensorModel, MinimValue, MaximValue, Unit, SensorType) VALUES (835252, 'Κουντούρα', 'RSUSX-2897', 0, 100, '%', 'Humidity');
INSERT INTO MEASUREMENT (DateTime, SensorID, MeasValue) VALUES (TO_DATE('10/05/18 12:41', 'DD/MM/YY HH24:MI'), 835252, 69);
INSERT INTO SENSOR (SerialNumber, CityPlaced, SensorModel, MinimValue, MaximValue, Unit, SensorType) VALUES (16452, 'Κουντούρα', 'XYXV-278', 704.0, 1073.9, 'hPa', 'Pressure');
INSERT INTO MEASUREMENT (DateTime, SensorID, MeasValue) VALUES (TO_DATE('10/05/18 12:41', 'DD/MM/YY HH24:MI'), 16452, 1009.4);
INSERT INTO MEASUREMENT (DateTime, SensorID, MeasValue) VALUES (TO_DATE('10/05/18 12:41', 'DD/MM/YY HH24:MI'), 28643, 7.8);
INSERT INTO SENSOR (SerialNumber, CityPlaced, SensorModel, MinimValue, MaximValue, Unit, SensorType) VALUES (875554, 'Δράμα Νέα Αμισός  Δράμα', 'QIMEI-844', -57.0, 63.9, '°C', 'Temperature');
INSERT INTO MEASUREMENT (DateTime, SensorID, MeasValue) VALUES (TO_DATE('10/05/18 12:45', 'DD/MM/YY HH24:MI'), 875554, 23.7);
INSERT INTO SENSOR (SerialNumber, CityPlaced, SensorModel, MinimValue, MaximValue, Unit, SensorType) VALUES (557520, 'Δράμα Νέα Αμισός  Δράμα', 'HASAQ-2460', 0, 100, '%', 'Humidity');
INSERT INTO MEASUREMENT (DateTime, SensorID, MeasValue) VALUES (TO_DATE('10/05/18 12:45', 'DD/MM/YY HH24:MI'), 557520, 66);
INSERT INTO SENSOR (SerialNumber, CityPlaced, SensorModel, MinimValue, MaximValue, Unit, SensorType) VALUES (20176, 'Δράμα Νέα Αμισός  Δράμα', 'MKAX-643', 734.0, 1086.9, 'hPa', 'Pressure');
INSERT INTO MEASUREMENT (DateTime, SensorID, MeasValue) VALUES (TO_DATE('10/05/18 12:45', 'DD/MM/YY HH24:MI'), 20176, 1005.6);
INSERT INTO SENSOR (SerialNumber, CityPlaced, SensorModel, MinimValue, MaximValue, Unit, SensorType) VALUES (30530, 'Δράμα Νέα Αμισός  Δράμα', 'XXFR-3524', 0.0, 21.9, 'km/h', 'Wind');
INSERT INTO MEASUREMENT (DateTime, SensorID, MeasValue) VALUES (TO_DATE('10/05/18 12:45', 'DD/MM/YY HH24:MI'), 30530, 1.8);
INSERT INTO SENSOR (SerialNumber, CityPlaced, SensorModel, MinimValue, MaximValue, Unit, SensorType) VALUES (720987, 'Δράμα Αμπελόκηποι', 'MUEPU-731', -54.0, 78.9, '°C', 'Temperature');
INSERT INTO MEASUREMENT (DateTime, SensorID, MeasValue) VALUES (TO_DATE('10/05/18 12:48', 'DD/MM/YY HH24:MI'), 720987, 24.0);
INSERT INTO SENSOR (SerialNumber, CityPlaced, SensorModel, MinimValue, MaximValue, Unit, SensorType) VALUES (983070, 'Δράμα Αμπελόκηποι', 'CNYHK-1091', 0, 100, '%', 'Humidity');
INSERT INTO MEASUREMENT (DateTime, SensorID, MeasValue) VALUES (TO_DATE('10/05/18 12:48', 'DD/MM/YY HH24:MI'), 983070, 63);
INSERT INTO SENSOR (SerialNumber, CityPlaced, SensorModel, MinimValue, MaximValue, Unit, SensorType) VALUES (27509, 'Δράμα Αμπελόκηποι', 'LLNC-971', 729.0, 1052.9, 'hPa', 'Pressure');
INSERT INTO MEASUREMENT (DateTime, SensorID, MeasValue) VALUES (TO_DATE('10/05/18 12:48', 'DD/MM/YY HH24:MI'), 27509, 1005.3);
INSERT INTO SENSOR (SerialNumber, CityPlaced, SensorModel, MinimValue, MaximValue, Unit, SensorType) VALUES (31290, 'Δράμα Αμπελόκηποι', 'XTST-5028', 0.0, 23.9, 'km/h', 'Wind');
INSERT INTO MEASUREMENT (DateTime, SensorID, MeasValue) VALUES (TO_DATE('10/05/18 12:48', 'DD/MM/YY HH24:MI'), 31290, 5.3);
INSERT INTO SENSOR (SerialNumber, CityPlaced, SensorModel, MinimValue, MaximValue, Unit, SensorType) VALUES (723577, 'Δράμα Κέντρο', 'YNGQA-898', -57.0, 70.9, '°C', 'Temperature');
INSERT INTO MEASUREMENT (DateTime, SensorID, MeasValue) VALUES (TO_DATE('10/05/18 12:46', 'DD/MM/YY HH24:MI'), 723577, 23.4);
INSERT INTO SENSOR (SerialNumber, CityPlaced, SensorModel, MinimValue, MaximValue, Unit, SensorType) VALUES (876335, 'Δράμα Κέντρο', 'YFOGY-9791', 0, 100, '%', 'Humidity');
INSERT INTO MEASUREMENT (DateTime, SensorID, MeasValue) VALUES (TO_DATE('10/05/18 12:46', 'DD/MM/YY HH24:MI'), 876335, 64);
INSERT INTO SENSOR (SerialNumber, CityPlaced, SensorModel, MinimValue, MaximValue, Unit, SensorType) VALUES (90266, 'Δράμα Κέντρο', 'LYRZ-194', 747.0, 1073.9, 'hPa', 'Pressure');
INSERT INTO MEASUREMENT (DateTime, SensorID, MeasValue) VALUES (TO_DATE('10/05/18 12:46', 'DD/MM/YY HH24:MI'), 90266, 1004.6);
INSERT INTO SENSOR (SerialNumber, CityPlaced, SensorModel, MinimValue, MaximValue, Unit, SensorType) VALUES (90995, 'Δράμα Κέντρο', 'KGOO-9630', 0.0, 20.9, 'km/h', 'Wind');
INSERT INTO MEASUREMENT (DateTime, SensorID, MeasValue) VALUES (TO_DATE('10/05/18 12:46', 'DD/MM/YY HH24:MI'), 90995, 9.4);
INSERT INTO SENSOR (SerialNumber, CityPlaced, SensorModel, MinimValue, MaximValue, Unit, SensorType) VALUES (679145, 'Καλαμώνας', 'GREMH-803', -56.0, 80.9, '°C', 'Temperature');
INSERT INTO MEASUREMENT (DateTime, SensorID, MeasValue) VALUES (TO_DATE('10/05/18 12:45', 'DD/MM/YY HH24:MI'), 679145, 25.7);
INSERT INTO SENSOR (SerialNumber, CityPlaced, SensorModel, MinimValue, MaximValue, Unit, SensorType) VALUES (653745, 'Καλαμώνας', 'OJBBJ-4824', 0, 100, '%', 'Humidity');
INSERT INTO MEASUREMENT (DateTime, SensorID, MeasValue) VALUES (TO_DATE('10/05/18 12:45', 'DD/MM/YY HH24:MI'), 653745, 64);
INSERT INTO SENSOR (SerialNumber, CityPlaced, SensorModel, MinimValue, MaximValue, Unit, SensorType) VALUES (70258, 'Καλαμώνας', 'XQID-733', 713.0, 1068.9, 'hPa', 'Pressure');
INSERT INTO MEASUREMENT (DateTime, SensorID, MeasValue) VALUES (TO_DATE('10/05/18 12:45', 'DD/MM/YY HH24:MI'), 70258, 1001.5);
INSERT INTO SENSOR (SerialNumber, CityPlaced, SensorModel, MinimValue, MaximValue, Unit, SensorType) VALUES (45215, 'Καλαμώνας', 'EIGQ-1229', 0.0, 25.9, 'km/h', 'Wind');
INSERT INTO MEASUREMENT (DateTime, SensorID, MeasValue) VALUES (TO_DATE('10/05/18 12:45', 'DD/MM/YY HH24:MI'), 45215, 0.4);
INSERT INTO SENSOR (SerialNumber, CityPlaced, SensorModel, MinimValue, MaximValue, Unit, SensorType) VALUES (473299, 'Βέροια', 'QMEFD-792', -60.0, 67.9, '°C', 'Temperature');
INSERT INTO MEASUREMENT (DateTime, SensorID, MeasValue) VALUES (TO_DATE('10/05/18 12:45', 'DD/MM/YY HH24:MI'), 473299, 17.2);
INSERT INTO SENSOR (SerialNumber, CityPlaced, SensorModel, MinimValue, MaximValue, Unit, SensorType) VALUES (866202, 'Βέροια', 'NFKSO-9478', 0, 100, '%', 'Humidity');
INSERT INTO MEASUREMENT (DateTime, SensorID, MeasValue) VALUES (TO_DATE('10/05/18 12:45', 'DD/MM/YY HH24:MI'), 866202, 87);
INSERT INTO SENSOR (SerialNumber, CityPlaced, SensorModel, MinimValue, MaximValue, Unit, SensorType) VALUES (82175, 'Βέροια', 'MIXD-548', 722.0, 1068.9, 'hPa', 'Pressure');
INSERT INTO MEASUREMENT (DateTime, SensorID, MeasValue) VALUES (TO_DATE('10/05/18 12:45', 'DD/MM/YY HH24:MI'), 82175, 1004.4);
INSERT INTO SENSOR (SerialNumber, CityPlaced, SensorModel, MinimValue, MaximValue, Unit, SensorType) VALUES (26307, 'Βέροια', 'JDHS-1902', 0.0, 25.9, 'km/h', 'Wind');
INSERT INTO MEASUREMENT (DateTime, SensorID, MeasValue) VALUES (TO_DATE('10/05/18 12:45', 'DD/MM/YY HH24:MI'), 26307, 4.0);
INSERT INTO SENSOR (SerialNumber, CityPlaced, SensorModel, MinimValue, MaximValue, Unit, SensorType) VALUES (912107, 'Στενήμαχος', 'FWGFO-925', -60.0, 75.9, '°C', 'Temperature');
INSERT INTO MEASUREMENT (DateTime, SensorID, MeasValue) VALUES (TO_DATE('10/05/18 12:45', 'DD/MM/YY HH24:MI'), 912107, 17.0);
INSERT INTO SENSOR (SerialNumber, CityPlaced, SensorModel, MinimValue, MaximValue, Unit, SensorType) VALUES (651940, 'Στενήμαχος', 'ZYKFD-6105', 0, 100, '%', 'Humidity');
INSERT INTO MEASUREMENT (DateTime, SensorID, MeasValue) VALUES (TO_DATE('10/05/18 12:45', 'DD/MM/YY HH24:MI'), 651940, 94);
INSERT INTO SENSOR (SerialNumber, CityPlaced, SensorModel, MinimValue, MaximValue, Unit, SensorType) VALUES (78901, 'Στενήμαχος', 'XFKU-041', 712.0, 1095.9, 'hPa', 'Pressure');
INSERT INTO MEASUREMENT (DateTime, SensorID, MeasValue) VALUES (TO_DATE('10/05/18 12:45', 'DD/MM/YY HH24:MI'), 78901, 1005.0);
INSERT INTO SENSOR (SerialNumber, CityPlaced, SensorModel, MinimValue, MaximValue, Unit, SensorType) VALUES (73595, 'Στενήμαχος', 'RKLH-6847', 0.0, 20.9, 'km/h', 'Wind');
INSERT INTO MEASUREMENT (DateTime, SensorID, MeasValue) VALUES (TO_DATE('10/05/18 12:45', 'DD/MM/YY HH24:MI'), 73595, 6.0);
INSERT INTO SENSOR (SerialNumber, CityPlaced, SensorModel, MinimValue, MaximValue, Unit, SensorType) VALUES (770711, 'Επταπύργιο', 'QWLEW-617', -58.0, 78.9, '°C', 'Temperature');
INSERT INTO MEASUREMENT (DateTime, SensorID, MeasValue) VALUES (TO_DATE('10/05/18 12:48', 'DD/MM/YY HH24:MI'), 770711, 19.4);
INSERT INTO SENSOR (SerialNumber, CityPlaced, SensorModel, MinimValue, MaximValue, Unit, SensorType) VALUES (790959, 'Επταπύργιο', 'CNTTQ-0227', 0, 100, '%', 'Humidity');
INSERT INTO MEASUREMENT (DateTime, SensorID, MeasValue) VALUES (TO_DATE('10/05/18 12:48', 'DD/MM/YY HH24:MI'), 790959, 79);
INSERT INTO SENSOR (SerialNumber, CityPlaced, SensorModel, MinimValue, MaximValue, Unit, SensorType) VALUES (65498, 'Επταπύργιο', 'GWZX-614', 706.0, 1092.9, 'hPa', 'Pressure');
INSERT INTO MEASUREMENT (DateTime, SensorID, MeasValue) VALUES (TO_DATE('10/05/18 12:48', 'DD/MM/YY HH24:MI'), 65498, 1007.5);
INSERT INTO SENSOR (SerialNumber, CityPlaced, SensorModel, MinimValue, MaximValue, Unit, SensorType) VALUES (73322, 'Επταπύργιο', 'XXGD-3900', 0.0, 22.9, 'km/h', 'Wind');
INSERT INTO MEASUREMENT (DateTime, SensorID, MeasValue) VALUES (TO_DATE('10/05/18 12:48', 'DD/MM/YY HH24:MI'), 73322, 0.8);
INSERT INTO SENSOR (SerialNumber, CityPlaced, SensorModel, MinimValue, MaximValue, Unit, SensorType) VALUES (453895, 'Θεσσαλονίκη Ευκαρπία', 'AMZYA-990', -59.0, 61.9, '°C', 'Temperature');
INSERT INTO MEASUREMENT (DateTime, SensorID, MeasValue) VALUES (TO_DATE('10/05/18 12:48', 'DD/MM/YY HH24:MI'), 453895, 21.8);
INSERT INTO SENSOR (SerialNumber, CityPlaced, SensorModel, MinimValue, MaximValue, Unit, SensorType) VALUES (494554, 'Θεσσαλονίκη Ευκαρπία', 'LBHXL-0413', 0, 100, '%', 'Humidity');
INSERT INTO MEASUREMENT (DateTime, SensorID, MeasValue) VALUES (TO_DATE('10/05/18 12:48', 'DD/MM/YY HH24:MI'), 494554, 72);
INSERT INTO SENSOR (SerialNumber, CityPlaced, SensorModel, MinimValue, MaximValue, Unit, SensorType) VALUES (76986, 'Θεσσαλονίκη Ευκαρπία', 'EXFL-858', 747.0, 1053.9, 'hPa', 'Pressure');
INSERT INTO MEASUREMENT (DateTime, SensorID, MeasValue) VALUES (TO_DATE('10/05/18 12:48', 'DD/MM/YY HH24:MI'), 76986, 1006.0);
INSERT INTO SENSOR (SerialNumber, CityPlaced, SensorModel, MinimValue, MaximValue, Unit, SensorType) VALUES (34028, 'Θεσσαλονίκη Ευκαρπία', 'VDUO-0261', 0.0, 23.9, 'km/h', 'Wind');
INSERT INTO MEASUREMENT (DateTime, SensorID, MeasValue) VALUES (TO_DATE('10/05/18 12:48', 'DD/MM/YY HH24:MI'), 34028, 8.2);
INSERT INTO SENSOR (SerialNumber, CityPlaced, SensorModel, MinimValue, MaximValue, Unit, SensorType) VALUES (673867, 'Θεσσαλονίκη Κέντρο', 'ZZYFV-840', -56.0, 79.9, '°C', 'Temperature');
INSERT INTO MEASUREMENT (DateTime, SensorID, MeasValue) VALUES (TO_DATE('10/05/18 12:45', 'DD/MM/YY HH24:MI'), 673867, 18.4);
INSERT INTO SENSOR (SerialNumber, CityPlaced, SensorModel, MinimValue, MaximValue, Unit, SensorType) VALUES (839573, 'Θεσσαλονίκη Κέντρο', 'POHGR-4427', 0, 100, '%', 'Humidity');
INSERT INTO MEASUREMENT (DateTime, SensorID, MeasValue) VALUES (TO_DATE('10/05/18 12:45', 'DD/MM/YY HH24:MI'), 839573, 86);
INSERT INTO SENSOR (SerialNumber, CityPlaced, SensorModel, MinimValue, MaximValue, Unit, SensorType) VALUES (42649, 'Θεσσαλονίκη Κέντρο', 'WCRC-732', 700.0, 1070.9, 'hPa', 'Pressure');
INSERT INTO MEASUREMENT (DateTime, SensorID, MeasValue) VALUES (TO_DATE('10/05/18 12:45', 'DD/MM/YY HH24:MI'), 42649, 1006.2);
INSERT INTO SENSOR (SerialNumber, CityPlaced, SensorModel, MinimValue, MaximValue, Unit, SensorType) VALUES (88566, 'Θεσσαλονίκη Κέντρο', 'OKYR-7810', 0.0, 22.9, 'km/h', 'Wind');
INSERT INTO MEASUREMENT (DateTime, SensorID, MeasValue) VALUES (TO_DATE('10/05/18 12:45', 'DD/MM/YY HH24:MI'), 88566, 12.8);
INSERT INTO SENSOR (SerialNumber, CityPlaced, SensorModel, MinimValue, MaximValue, Unit, SensorType) VALUES (699618, 'Ιωνία SV2BZQ', 'GQOKB-252', -58.0, 63.9, '°C', 'Temperature');
INSERT INTO MEASUREMENT (DateTime, SensorID, MeasValue) VALUES (TO_DATE('10/05/18 12:46', 'DD/MM/YY HH24:MI'), 699618, 20.1);
INSERT INTO SENSOR (SerialNumber, CityPlaced, SensorModel, MinimValue, MaximValue, Unit, SensorType) VALUES (618924, 'Ιωνία SV2BZQ', 'TXGPY-1951', 0, 100, '%', 'Humidity');
INSERT INTO MEASUREMENT (DateTime, SensorID, MeasValue) VALUES (TO_DATE('10/05/18 12:46', 'DD/MM/YY HH24:MI'), 618924, 83);
INSERT INTO SENSOR (SerialNumber, CityPlaced, SensorModel, MinimValue, MaximValue, Unit, SensorType) VALUES (58713, 'Ιωνία SV2BZQ', 'RNGI-753', 717.0, 1065.9, 'hPa', 'Pressure');
INSERT INTO MEASUREMENT (DateTime, SensorID, MeasValue) VALUES (TO_DATE('10/05/18 12:46', 'DD/MM/YY HH24:MI'), 58713, 1005.1);
INSERT INTO SENSOR (SerialNumber, CityPlaced, SensorModel, MinimValue, MaximValue, Unit, SensorType) VALUES (36062, 'Ιωνία SV2BZQ', 'KTBA-9513', 0.0, 24.9, 'km/h', 'Wind');
INSERT INTO MEASUREMENT (DateTime, SensorID, MeasValue) VALUES (TO_DATE('10/05/18 12:46', 'DD/MM/YY HH24:MI'), 36062, 8.5);
INSERT INTO SENSOR (SerialNumber, CityPlaced, SensorModel, MinimValue, MaximValue, Unit, SensorType) VALUES (122115, 'Κάτω Πυλαία', 'KGZTO-545', -54.0, 65.9, '°C', 'Temperature');
INSERT INTO MEASUREMENT (DateTime, SensorID, MeasValue) VALUES (TO_DATE('10/05/18 12:45', 'DD/MM/YY HH24:MI'), 122115, 19.2);
INSERT INTO SENSOR (SerialNumber, CityPlaced, SensorModel, MinimValue, MaximValue, Unit, SensorType) VALUES (519030, 'Κάτω Πυλαία', 'CHZBP-3275', 0, 100, '%', 'Humidity');
INSERT INTO MEASUREMENT (DateTime, SensorID, MeasValue) VALUES (TO_DATE('10/05/18 12:45', 'DD/MM/YY HH24:MI'), 519030, 85);
INSERT INTO SENSOR (SerialNumber, CityPlaced, SensorModel, MinimValue, MaximValue, Unit, SensorType) VALUES (88944, 'Κάτω Πυλαία', 'XFQJ-061', 744.0, 1072.9, 'hPa', 'Pressure');
INSERT INTO MEASUREMENT (DateTime, SensorID, MeasValue) VALUES (TO_DATE('10/05/18 12:45', 'DD/MM/YY HH24:MI'), 88944, 1006.9);
INSERT INTO SENSOR (SerialNumber, CityPlaced, SensorModel, MinimValue, MaximValue, Unit, SensorType) VALUES (92320, 'Κάτω Πυλαία', 'MGRR-9489', 0.0, 23.9, 'km/h', 'Wind');
INSERT INTO MEASUREMENT (DateTime, SensorID, MeasValue) VALUES (TO_DATE('10/05/18 12:45', 'DD/MM/YY HH24:MI'), 92320, 7.9);
INSERT INTO SENSOR (SerialNumber, CityPlaced, SensorModel, MinimValue, MaximValue, Unit, SensorType) VALUES (421208, 'Καλαμαριά 2', 'XGQTX-438', -50.0, 68.9, '°C', 'Temperature');
INSERT INTO MEASUREMENT (DateTime, SensorID, MeasValue) VALUES (TO_DATE('10/05/18 12:43', 'DD/MM/YY HH24:MI'), 421208, 19.2);
INSERT INTO SENSOR (SerialNumber, CityPlaced, SensorModel, MinimValue, MaximValue, Unit, SensorType) VALUES (741511, 'Καλαμαριά 2', 'SVIYN-3472', 0, 100, '%', 'Humidity');
INSERT INTO MEASUREMENT (DateTime, SensorID, MeasValue) VALUES (TO_DATE('10/05/18 12:43', 'DD/MM/YY HH24:MI'), 741511, 87);
INSERT INTO SENSOR (SerialNumber, CityPlaced, SensorModel, MinimValue, MaximValue, Unit, SensorType) VALUES (21531, 'Καλαμαριά 2', 'XHHO-754', 702.0, 1051.9, 'hPa', 'Pressure');
INSERT INTO MEASUREMENT (DateTime, SensorID, MeasValue) VALUES (TO_DATE('10/05/18 12:43', 'DD/MM/YY HH24:MI'), 21531, 1006.6);
INSERT INTO SENSOR (SerialNumber, CityPlaced, SensorModel, MinimValue, MaximValue, Unit, SensorType) VALUES (62653, 'Καλαμαριά 2', 'GWTT-7274', 0.0, 25.9, 'km/h', 'Wind');
INSERT INTO MEASUREMENT (DateTime, SensorID, MeasValue) VALUES (TO_DATE('10/05/18 12:43', 'DD/MM/YY HH24:MI'), 62653, 9.3);
INSERT INTO SENSOR (SerialNumber, CityPlaced, SensorModel, MinimValue, MaximValue, Unit, SensorType) VALUES (713176, 'Καρδία SV2HNE', 'CPVWO-348', -60.0, 65.9, '°C', 'Temperature');
INSERT INTO MEASUREMENT (DateTime, SensorID, MeasValue) VALUES (TO_DATE('10/05/18 12:44', 'DD/MM/YY HH24:MI'), 713176, 17.6);
INSERT INTO SENSOR (SerialNumber, CityPlaced, SensorModel, MinimValue, MaximValue, Unit, SensorType) VALUES (244897, 'Καρδία SV2HNE', 'NVSTG-2236', 0, 100, '%', 'Humidity');
INSERT INTO MEASUREMENT (DateTime, SensorID, MeasValue) VALUES (TO_DATE('10/05/18 12:44', 'DD/MM/YY HH24:MI'), 244897, 86);
INSERT INTO SENSOR (SerialNumber, CityPlaced, SensorModel, MinimValue, MaximValue, Unit, SensorType) VALUES (52370, 'Καρδία SV2HNE', 'LKQH-725', 709.0, 1074.9, 'hPa', 'Pressure');
INSERT INTO MEASUREMENT (DateTime, SensorID, MeasValue) VALUES (TO_DATE('10/05/18 12:44', 'DD/MM/YY HH24:MI'), 52370, 1006.0);
INSERT INTO SENSOR (SerialNumber, CityPlaced, SensorModel, MinimValue, MaximValue, Unit, SensorType) VALUES (78181, 'Καρδία SV2HNE', 'CAOL-8008', 0.0, 23.9, 'km/h', 'Wind');
INSERT INTO MEASUREMENT (DateTime, SensorID, MeasValue) VALUES (TO_DATE('10/05/18 12:44', 'DD/MM/YY HH24:MI'), 78181, 0.0);
INSERT INTO SENSOR (SerialNumber, CityPlaced, SensorModel, MinimValue, MaximValue, Unit, SensorType) VALUES (501074, 'Νέα Κρήνη', 'MJXVK-136', -58.0, 63.9, '°C', 'Temperature');
INSERT INTO MEASUREMENT (DateTime, SensorID, MeasValue) VALUES (TO_DATE('10/05/18 12:48', 'DD/MM/YY HH24:MI'), 501074, 19.5);
INSERT INTO SENSOR (SerialNumber, CityPlaced, SensorModel, MinimValue, MaximValue, Unit, SensorType) VALUES (562674, 'Νέα Κρήνη', 'NAEUA-9265', 0, 100, '%', 'Humidity');
INSERT INTO MEASUREMENT (DateTime, SensorID, MeasValue) VALUES (TO_DATE('10/05/18 12:48', 'DD/MM/YY HH24:MI'), 562674, 84);
INSERT INTO SENSOR (SerialNumber, CityPlaced, SensorModel, MinimValue, MaximValue, Unit, SensorType) VALUES (41772, 'Νέα Κρήνη', 'PQNN-948', 732.0, 1095.9, 'hPa', 'Pressure');
INSERT INTO MEASUREMENT (DateTime, SensorID, MeasValue) VALUES (TO_DATE('10/05/18 12:48', 'DD/MM/YY HH24:MI'), 41772, 1007.5);
INSERT INTO SENSOR (SerialNumber, CityPlaced, SensorModel, MinimValue, MaximValue, Unit, SensorType) VALUES (81745, 'Νέα Κρήνη', 'PFGW-3246', 0.0, 24.9, 'km/h', 'Wind');
INSERT INTO MEASUREMENT (DateTime, SensorID, MeasValue) VALUES (TO_DATE('10/05/18 12:48', 'DD/MM/YY HH24:MI'), 81745, 8.7);
INSERT INTO SENSOR (SerialNumber, CityPlaced, SensorModel, MinimValue, MaximValue, Unit, SensorType) VALUES (910350, 'Πεντάλοφος SV2BZQ', 'FGQBI-434', -50.0, 75.9, '°C', 'Temperature');
INSERT INTO MEASUREMENT (DateTime, SensorID, MeasValue) VALUES (TO_DATE('10/05/18 12:41', 'DD/MM/YY HH24:MI'), 910350, 18.7);
INSERT INTO SENSOR (SerialNumber, CityPlaced, SensorModel, MinimValue, MaximValue, Unit, SensorType) VALUES (516456, 'Πεντάλοφος SV2BZQ', 'ZQJFC-9900', 0, 100, '%', 'Humidity');
INSERT INTO MEASUREMENT (DateTime, SensorID, MeasValue) VALUES (TO_DATE('10/05/18 12:41', 'DD/MM/YY HH24:MI'), 516456, 85);
INSERT INTO SENSOR (SerialNumber, CityPlaced, SensorModel, MinimValue, MaximValue, Unit, SensorType) VALUES (94176, 'Πεντάλοφος SV2BZQ', 'DKUO-444', 731.0, 1073.9, 'hPa', 'Pressure');
INSERT INTO MEASUREMENT (DateTime, SensorID, MeasValue) VALUES (TO_DATE('10/05/18 12:41', 'DD/MM/YY HH24:MI'), 94176, 1005.9);
INSERT INTO SENSOR (SerialNumber, CityPlaced, SensorModel, MinimValue, MaximValue, Unit, SensorType) VALUES (52202, 'Πεντάλοφος SV2BZQ', 'XYZO-4515', 0.0, 24.9, 'km/h', 'Wind');
INSERT INTO MEASUREMENT (DateTime, SensorID, MeasValue) VALUES (TO_DATE('10/05/18 12:41', 'DD/MM/YY HH24:MI'), 52202, 9.7);
INSERT INTO SENSOR (SerialNumber, CityPlaced, SensorModel, MinimValue, MaximValue, Unit, SensorType) VALUES (937943, 'Φίλυρο (Οικοισμος Γερακίνα)', 'VTIMF-022', -56.0, 63.9, '°C', 'Temperature');
INSERT INTO MEASUREMENT (DateTime, SensorID, MeasValue) VALUES (TO_DATE('10/05/18 12:45', 'DD/MM/YY HH24:MI'), 937943, 18.5);
INSERT INTO SENSOR (SerialNumber, CityPlaced, SensorModel, MinimValue, MaximValue, Unit, SensorType) VALUES (155070, 'Φίλυρο (Οικοισμος Γερακίνα)', 'DMKUC-1257', 0, 100, '%', 'Humidity');
INSERT INTO MEASUREMENT (DateTime, SensorID, MeasValue) VALUES (TO_DATE('10/05/18 12:45', 'DD/MM/YY HH24:MI'), 155070, 80);
INSERT INTO SENSOR (SerialNumber, CityPlaced, SensorModel, MinimValue, MaximValue, Unit, SensorType) VALUES (69335, 'Φίλυρο (Οικοισμος Γερακίνα)', 'UEVC-725', 738.0, 1065.9, 'hPa', 'Pressure');
INSERT INTO MEASUREMENT (DateTime, SensorID, MeasValue) VALUES (TO_DATE('10/05/18 12:45', 'DD/MM/YY HH24:MI'), 69335, 1005.7);
INSERT INTO SENSOR (SerialNumber, CityPlaced, SensorModel, MinimValue, MaximValue, Unit, SensorType) VALUES (40152, 'Φίλυρο (Οικοισμος Γερακίνα)', 'TZZM-9335', 0.0, 24.9, 'km/h', 'Wind');
INSERT INTO MEASUREMENT (DateTime, SensorID, MeasValue) VALUES (TO_DATE('10/05/18 12:45', 'DD/MM/YY HH24:MI'), 40152, 3.3);
INSERT INTO SENSOR (SerialNumber, CityPlaced, SensorModel, MinimValue, MaximValue, Unit, SensorType) VALUES (919129, 'Ωραιόκαστρο', 'YJWTM-174', -56.0, 78.9, '°C', 'Temperature');
INSERT INTO MEASUREMENT (DateTime, SensorID, MeasValue) VALUES (TO_DATE('10/05/18 12:48', 'DD/MM/YY HH24:MI'), 919129, 19.3);
INSERT INTO SENSOR (SerialNumber, CityPlaced, SensorModel, MinimValue, MaximValue, Unit, SensorType) VALUES (382379, 'Ωραιόκαστρο', 'HYMJG-1135', 0, 100, '%', 'Humidity');
INSERT INTO MEASUREMENT (DateTime, SensorID, MeasValue) VALUES (TO_DATE('10/05/18 12:48', 'DD/MM/YY HH24:MI'), 382379, 83);
INSERT INTO SENSOR (SerialNumber, CityPlaced, SensorModel, MinimValue, MaximValue, Unit, SensorType) VALUES (11051, 'Ωραιόκαστρο', 'CQIB-111', 701.0, 1073.9, 'hPa', 'Pressure');
INSERT INTO MEASUREMENT (DateTime, SensorID, MeasValue) VALUES (TO_DATE('10/05/18 12:48', 'DD/MM/YY HH24:MI'), 11051, 1006.2);
INSERT INTO SENSOR (SerialNumber, CityPlaced, SensorModel, MinimValue, MaximValue, Unit, SensorType) VALUES (15125, 'Ωραιόκαστρο', 'PGOY-7236', 0.0, 20.9, 'km/h', 'Wind');
INSERT INTO MEASUREMENT (DateTime, SensorID, MeasValue) VALUES (TO_DATE('10/05/18 12:48', 'DD/MM/YY HH24:MI'), 15125, 1.9);
INSERT INTO SENSOR (SerialNumber, CityPlaced, SensorModel, MinimValue, MaximValue, Unit, SensorType) VALUES (618415, 'Βουνοχώρι', 'XKTXC-811', -59.0, 60.9, '°C', 'Temperature');
INSERT INTO MEASUREMENT (DateTime, SensorID, MeasValue) VALUES (TO_DATE('10/05/18 12:45', 'DD/MM/YY HH24:MI'), 618415, 17.7);
INSERT INTO SENSOR (SerialNumber, CityPlaced, SensorModel, MinimValue, MaximValue, Unit, SensorType) VALUES (586817, 'Βουνοχώρι', 'ERIRI-3184', 0, 100, '%', 'Humidity');
INSERT INTO MEASUREMENT (DateTime, SensorID, MeasValue) VALUES (TO_DATE('10/05/18 12:45', 'DD/MM/YY HH24:MI'), 586817, 80);
INSERT INTO SENSOR (SerialNumber, CityPlaced, SensorModel, MinimValue, MaximValue, Unit, SensorType) VALUES (27477, 'Βουνοχώρι', 'FMFE-824', 730.0, 1077.9, 'hPa', 'Pressure');
INSERT INTO MEASUREMENT (DateTime, SensorID, MeasValue) VALUES (TO_DATE('10/05/18 12:45', 'DD/MM/YY HH24:MI'), 27477, 1006.9);
INSERT INTO SENSOR (SerialNumber, CityPlaced, SensorModel, MinimValue, MaximValue, Unit, SensorType) VALUES (75259, 'Βουνοχώρι', 'JTAK-8942', 0.0, 21.9, 'km/h', 'Wind');
INSERT INTO MEASUREMENT (DateTime, SensorID, MeasValue) VALUES (TO_DATE('10/05/18 12:45', 'DD/MM/YY HH24:MI'), 75259, 4.6);
INSERT INTO SENSOR (SerialNumber, CityPlaced, SensorModel, MinimValue, MaximValue, Unit, SensorType) VALUES (205770, 'Ελευθερούπολη', 'OFNDU-209', -50.0, 60.9, '°C', 'Temperature');
INSERT INTO MEASUREMENT (DateTime, SensorID, MeasValue) VALUES (TO_DATE('10/05/18 12:48', 'DD/MM/YY HH24:MI'), 205770, 24.3);
INSERT INTO SENSOR (SerialNumber, CityPlaced, SensorModel, MinimValue, MaximValue, Unit, SensorType) VALUES (299790, 'Ελευθερούπολη', 'PLHCN-6379', 0, 100, '%', 'Humidity');
INSERT INTO MEASUREMENT (DateTime, SensorID, MeasValue) VALUES (TO_DATE('10/05/18 12:48', 'DD/MM/YY HH24:MI'), 299790, 64);
INSERT INTO SENSOR (SerialNumber, CityPlaced, SensorModel, MinimValue, MaximValue, Unit, SensorType) VALUES (17345, 'Ελευθερούπολη', 'CQZY-826', 737.0, 1052.9, 'hPa', 'Pressure');
INSERT INTO MEASUREMENT (DateTime, SensorID, MeasValue) VALUES (TO_DATE('10/05/18 12:48', 'DD/MM/YY HH24:MI'), 17345, 1005.9);
INSERT INTO SENSOR (SerialNumber, CityPlaced, SensorModel, MinimValue, MaximValue, Unit, SensorType) VALUES (30421, 'Ελευθερούπολη', 'XVHJ-5133', 0.0, 24.9, 'km/h', 'Wind');
INSERT INTO MEASUREMENT (DateTime, SensorID, MeasValue) VALUES (TO_DATE('10/05/18 12:48', 'DD/MM/YY HH24:MI'), 30421, 5.1);
INSERT INTO SENSOR (SerialNumber, CityPlaced, SensorModel, MinimValue, MaximValue, Unit, SensorType) VALUES (172652, 'Θάσος Λιμένας', 'KKOFM-461', -54.0, 80.9, '°C', 'Temperature');
INSERT INTO MEASUREMENT (DateTime, SensorID, MeasValue) VALUES (TO_DATE('10/05/18 12:40', 'DD/MM/YY HH24:MI'), 172652, 23.2);
INSERT INTO SENSOR (SerialNumber, CityPlaced, SensorModel, MinimValue, MaximValue, Unit, SensorType) VALUES (434472, 'Θάσος Λιμένας', 'EWWER-1514', 0, 100, '%', 'Humidity');
INSERT INTO MEASUREMENT (DateTime, SensorID, MeasValue) VALUES (TO_DATE('10/05/18 12:40', 'DD/MM/YY HH24:MI'), 434472, 71);
INSERT INTO SENSOR (SerialNumber, CityPlaced, SensorModel, MinimValue, MaximValue, Unit, SensorType) VALUES (23369, 'Θάσος Λιμένας', 'GOTX-276', 706.0, 1069.9, 'hPa', 'Pressure');
INSERT INTO MEASUREMENT (DateTime, SensorID, MeasValue) VALUES (TO_DATE('10/05/18 12:40', 'DD/MM/YY HH24:MI'), 23369, 1000.0);
INSERT INTO SENSOR (SerialNumber, CityPlaced, SensorModel, MinimValue, MaximValue, Unit, SensorType) VALUES (57386, 'Θάσος Λιμένας', 'MMOP-1969', 0.0, 20.9, 'km/h', 'Wind');
INSERT INTO MEASUREMENT (DateTime, SensorID, MeasValue) VALUES (TO_DATE('10/05/18 12:40', 'DD/MM/YY HH24:MI'), 57386, 4.0);
INSERT INTO SENSOR (SerialNumber, CityPlaced, SensorModel, MinimValue, MaximValue, Unit, SensorType) VALUES (218508, 'Καβάλα', 'TYVVB-385', -53.0, 63.9, '°C', 'Temperature');
INSERT INTO MEASUREMENT (DateTime, SensorID, MeasValue) VALUES (TO_DATE('10/05/18 12:45', 'DD/MM/YY HH24:MI'), 218508, 22.1);
INSERT INTO SENSOR (SerialNumber, CityPlaced, SensorModel, MinimValue, MaximValue, Unit, SensorType) VALUES (594760, 'Καβάλα', 'VGDAJ-0845', 0, 100, '%', 'Humidity');
INSERT INTO MEASUREMENT (DateTime, SensorID, MeasValue) VALUES (TO_DATE('10/05/18 12:45', 'DD/MM/YY HH24:MI'), 594760, 72);
INSERT INTO SENSOR (SerialNumber, CityPlaced, SensorModel, MinimValue, MaximValue, Unit, SensorType) VALUES (24238, 'Καβάλα', 'FAZM-928', 731.0, 1073.9, 'hPa', 'Pressure');
INSERT INTO MEASUREMENT (DateTime, SensorID, MeasValue) VALUES (TO_DATE('10/05/18 12:45', 'DD/MM/YY HH24:MI'), 24238, 1007.0);
INSERT INTO SENSOR (SerialNumber, CityPlaced, SensorModel, MinimValue, MaximValue, Unit, SensorType) VALUES (60499, 'Καβάλα', 'RXAO-8854', 0.0, 24.9, 'km/h', 'Wind');
INSERT INTO MEASUREMENT (DateTime, SensorID, MeasValue) VALUES (TO_DATE('10/05/18 12:45', 'DD/MM/YY HH24:MI'), 60499, 5.5);
INSERT INTO SENSOR (SerialNumber, CityPlaced, SensorModel, MinimValue, MaximValue, Unit, SensorType) VALUES (602690, 'Παλαιοχώρι Παγγαίο', 'KAXFQ-456', -53.0, 68.9, '°C', 'Temperature');
INSERT INTO MEASUREMENT (DateTime, SensorID, MeasValue) VALUES (TO_DATE('10/05/18 12:40', 'DD/MM/YY HH24:MI'), 602690, 26.3);
INSERT INTO SENSOR (SerialNumber, CityPlaced, SensorModel, MinimValue, MaximValue, Unit, SensorType) VALUES (156793, 'Παλαιοχώρι Παγγαίο', 'QXPZM-0720', 0, 100, '%', 'Humidity');
INSERT INTO MEASUREMENT (DateTime, SensorID, MeasValue) VALUES (TO_DATE('10/05/18 12:40', 'DD/MM/YY HH24:MI'), 156793, 57);
INSERT INTO SENSOR (SerialNumber, CityPlaced, SensorModel, MinimValue, MaximValue, Unit, SensorType) VALUES (80965, 'Παλαιοχώρι Παγγαίο', 'IOFE-884', 731.0, 1098.9, 'hPa', 'Pressure');
INSERT INTO MEASUREMENT (DateTime, SensorID, MeasValue) VALUES (TO_DATE('10/05/18 12:40', 'DD/MM/YY HH24:MI'), 80965, 1004.9);
INSERT INTO SENSOR (SerialNumber, CityPlaced, SensorModel, MinimValue, MaximValue, Unit, SensorType) VALUES (29785, 'Παλαιοχώρι Παγγαίο', 'FQUZ-4162', 0.0, 24.9, 'km/h', 'Wind');
INSERT INTO MEASUREMENT (DateTime, SensorID, MeasValue) VALUES (TO_DATE('10/05/18 12:40', 'DD/MM/YY HH24:MI'), 29785, 0.0);
INSERT INTO SENSOR (SerialNumber, CityPlaced, SensorModel, MinimValue, MaximValue, Unit, SensorType) VALUES (147615, 'Βεγορίτιδα', 'CKPLP-490', -51.0, 72.9, '°C', 'Temperature');
INSERT INTO MEASUREMENT (DateTime, SensorID, MeasValue) VALUES (TO_DATE('10/05/18 12:37', 'DD/MM/YY HH24:MI'), 147615, 14.0);
INSERT INTO SENSOR (SerialNumber, CityPlaced, SensorModel, MinimValue, MaximValue, Unit, SensorType) VALUES (717016, 'Βεγορίτιδα', 'SCOZK-6804', 0, 100, '%', 'Humidity');
INSERT INTO MEASUREMENT (DateTime, SensorID, MeasValue) VALUES (TO_DATE('10/05/18 12:37', 'DD/MM/YY HH24:MI'), 717016, 93);
INSERT INTO SENSOR (SerialNumber, CityPlaced, SensorModel, MinimValue, MaximValue, Unit, SensorType) VALUES (61644, 'Βεγορίτιδα', 'GXNV-418', 745.0, 1080.9, 'hPa', 'Pressure');
INSERT INTO MEASUREMENT (DateTime, SensorID, MeasValue) VALUES (TO_DATE('10/05/18 12:37', 'DD/MM/YY HH24:MI'), 61644, 1009.5);
INSERT INTO SENSOR (SerialNumber, CityPlaced, SensorModel, MinimValue, MaximValue, Unit, SensorType) VALUES (85437, 'Βεγορίτιδα', 'MJBY-3800', 0.0, 21.9, 'km/h', 'Wind');
INSERT INTO MEASUREMENT (DateTime, SensorID, MeasValue) VALUES (TO_DATE('10/05/18 12:37', 'DD/MM/YY HH24:MI'), 85437, 0.3);
INSERT INTO SENSOR (SerialNumber, CityPlaced, SensorModel, MinimValue, MaximValue, Unit, SensorType) VALUES (832358, 'Μακρύγιαλος SV2BZQ', 'ZUKPE-296', -54.0, 65.9, '°C', 'Temperature');
INSERT INTO MEASUREMENT (DateTime, SensorID, MeasValue) VALUES (TO_DATE('10/05/18 12:37', 'DD/MM/YY HH24:MI'), 832358, 17.1);
INSERT INTO SENSOR (SerialNumber, CityPlaced, SensorModel, MinimValue, MaximValue, Unit, SensorType) VALUES (962673, 'Μακρύγιαλος SV2BZQ', 'MCMII-8821', 0, 100, '%', 'Humidity');
INSERT INTO MEASUREMENT (DateTime, SensorID, MeasValue) VALUES (TO_DATE('10/05/18 12:37', 'DD/MM/YY HH24:MI'), 962673, 94);
INSERT INTO SENSOR (SerialNumber, CityPlaced, SensorModel, MinimValue, MaximValue, Unit, SensorType) VALUES (21167, 'Μακρύγιαλος SV2BZQ', 'CIMV-415', 708.0, 1051.9, 'hPa', 'Pressure');
INSERT INTO MEASUREMENT (DateTime, SensorID, MeasValue) VALUES (TO_DATE('10/05/18 12:37', 'DD/MM/YY HH24:MI'), 21167, 1006.2);
INSERT INTO SENSOR (SerialNumber, CityPlaced, SensorModel, MinimValue, MaximValue, Unit, SensorType) VALUES (81916, 'Μακρύγιαλος SV2BZQ', 'MNTA-0692', 0.0, 23.9, 'km/h', 'Wind');
INSERT INTO MEASUREMENT (DateTime, SensorID, MeasValue) VALUES (TO_DATE('10/05/18 12:37', 'DD/MM/YY HH24:MI'), 81916, 5.9);
INSERT INTO SENSOR (SerialNumber, CityPlaced, SensorModel, MinimValue, MaximValue, Unit, SensorType) VALUES (880460, 'Ηράκλεια Σέρρες', 'AIGII-409', -56.0, 61.9, '°C', 'Temperature');
INSERT INTO MEASUREMENT (DateTime, SensorID, MeasValue) VALUES (TO_DATE('10/05/18 12:00', 'DD/MM/YY HH24:MI'), 880460, 22.1);
INSERT INTO SENSOR (SerialNumber, CityPlaced, SensorModel, MinimValue, MaximValue, Unit, SensorType) VALUES (600766, 'Ηράκλεια Σέρρες', 'FSMCS-4625', 0, 100, '%', 'Humidity');
INSERT INTO MEASUREMENT (DateTime, SensorID, MeasValue) VALUES (TO_DATE('10/05/18 12:00', 'DD/MM/YY HH24:MI'), 600766, 69);
INSERT INTO SENSOR (SerialNumber, CityPlaced, SensorModel, MinimValue, MaximValue, Unit, SensorType) VALUES (16221, 'Ηράκλεια Σέρρες', 'DYRG-715', 729.0, 1057.9, 'hPa', 'Pressure');
INSERT INTO MEASUREMENT (DateTime, SensorID, MeasValue) VALUES (TO_DATE('10/05/18 12:00', 'DD/MM/YY HH24:MI'), 16221, 1004.8);
INSERT INTO SENSOR (SerialNumber, CityPlaced, SensorModel, MinimValue, MaximValue, Unit, SensorType) VALUES (23510, 'Ηράκλεια Σέρρες', 'FGVF-8167', 0.0, 20.9, 'km/h', 'Wind');
INSERT INTO MEASUREMENT (DateTime, SensorID, MeasValue) VALUES (TO_DATE('10/05/18 12:00', 'DD/MM/YY HH24:MI'), 23510, 6.4);
INSERT INTO SENSOR (SerialNumber, CityPlaced, SensorModel, MinimValue, MaximValue, Unit, SensorType) VALUES (466093, 'Πρόποδες Παγγαίου Πρώτη', 'TEQME-844', -56.0, 76.9, '°C', 'Temperature');
INSERT INTO MEASUREMENT (DateTime, SensorID, MeasValue) VALUES (TO_DATE('10/05/18 11:56', 'DD/MM/YY HH24:MI'), 466093, 22.1);
INSERT INTO SENSOR (SerialNumber, CityPlaced, SensorModel, MinimValue, MaximValue, Unit, SensorType) VALUES (613355, 'Πρόποδες Παγγαίου Πρώτη', 'KSGNT-4772', 0, 100, '%', 'Humidity');
INSERT INTO MEASUREMENT (DateTime, SensorID, MeasValue) VALUES (TO_DATE('10/05/18 11:56', 'DD/MM/YY HH24:MI'), 613355, 70);
INSERT INTO SENSOR (SerialNumber, CityPlaced, SensorModel, MinimValue, MaximValue, Unit, SensorType) VALUES (91362, 'Πρόποδες Παγγαίου Πρώτη', 'SPDJ-723', 717.0, 1077.9, 'hPa', 'Pressure');
INSERT INTO MEASUREMENT (DateTime, SensorID, MeasValue) VALUES (TO_DATE('10/05/18 11:56', 'DD/MM/YY HH24:MI'), 91362, 1005.0);
INSERT INTO SENSOR (SerialNumber, CityPlaced, SensorModel, MinimValue, MaximValue, Unit, SensorType) VALUES (32339, 'Πρόποδες Παγγαίου Πρώτη', 'GEWN-5053', 0.0, 20.9, 'km/h', 'Wind');
INSERT INTO MEASUREMENT (DateTime, SensorID, MeasValue) VALUES (TO_DATE('10/05/18 11:56', 'DD/MM/YY HH24:MI'), 32339, 0.0);
INSERT INTO SENSOR (SerialNumber, CityPlaced, SensorModel, MinimValue, MaximValue, Unit, SensorType) VALUES (126879, 'Πρώτη', 'BEZWZ-855', -52.0, 72.9, '°C', 'Temperature');
INSERT INTO MEASUREMENT (DateTime, SensorID, MeasValue) VALUES (TO_DATE('10/05/18 12:40', 'DD/MM/YY HH24:MI'), 126879, 21.0);
INSERT INTO SENSOR (SerialNumber, CityPlaced, SensorModel, MinimValue, MaximValue, Unit, SensorType) VALUES (537033, 'Πρώτη', 'QSGGK-3069', 0, 100, '%', 'Humidity');
INSERT INTO MEASUREMENT (DateTime, SensorID, MeasValue) VALUES (TO_DATE('10/05/18 12:40', 'DD/MM/YY HH24:MI'), 537033, 69);
INSERT INTO SENSOR (SerialNumber, CityPlaced, SensorModel, MinimValue, MaximValue, Unit, SensorType) VALUES (60226, 'Πρώτη', 'JDRU-046', 749.0, 1053.9, 'hPa', 'Pressure');
INSERT INTO MEASUREMENT (DateTime, SensorID, MeasValue) VALUES (TO_DATE('10/05/18 12:40', 'DD/MM/YY HH24:MI'), 60226, 1004.4);
INSERT INTO SENSOR (SerialNumber, CityPlaced, SensorModel, MinimValue, MaximValue, Unit, SensorType) VALUES (43630, 'Πρώτη', 'ZVXK-8973', 0.0, 25.9, 'km/h', 'Wind');
INSERT INTO MEASUREMENT (DateTime, SensorID, MeasValue) VALUES (TO_DATE('10/05/18 12:40', 'DD/MM/YY HH24:MI'), 43630, 1.3);
INSERT INTO SENSOR (SerialNumber, CityPlaced, SensorModel, MinimValue, MaximValue, Unit, SensorType) VALUES (152904, 'Ροδολίβος', 'JYRCQ-341', -54.0, 74.9, '°C', 'Temperature');
INSERT INTO MEASUREMENT (DateTime, SensorID, MeasValue) VALUES (TO_DATE('10/05/18 12:45', 'DD/MM/YY HH24:MI'), 152904, 20.3);
INSERT INTO SENSOR (SerialNumber, CityPlaced, SensorModel, MinimValue, MaximValue, Unit, SensorType) VALUES (147340, 'Ροδολίβος', 'BPTTR-7268', 0, 100, '%', 'Humidity');
INSERT INTO MEASUREMENT (DateTime, SensorID, MeasValue) VALUES (TO_DATE('10/05/18 12:45', 'DD/MM/YY HH24:MI'), 147340, 79);
INSERT INTO SENSOR (SerialNumber, CityPlaced, SensorModel, MinimValue, MaximValue, Unit, SensorType) VALUES (65286, 'Ροδολίβος', 'ZZSF-476', 746.0, 1051.9, 'hPa', 'Pressure');
INSERT INTO MEASUREMENT (DateTime, SensorID, MeasValue) VALUES (TO_DATE('10/05/18 12:45', 'DD/MM/YY HH24:MI'), 65286, 1006.8);
INSERT INTO SENSOR (SerialNumber, CityPlaced, SensorModel, MinimValue, MaximValue, Unit, SensorType) VALUES (81594, 'Ροδολίβος', 'UTOR-7422', 0.0, 23.9, 'km/h', 'Wind');
INSERT INTO MEASUREMENT (DateTime, SensorID, MeasValue) VALUES (TO_DATE('10/05/18 12:45', 'DD/MM/YY HH24:MI'), 81594, 2.1);
INSERT INTO SENSOR (SerialNumber, CityPlaced, SensorModel, MinimValue, MaximValue, Unit, SensorType) VALUES (260579, 'Χρυσοχώραφα Σέρρες', 'QJKZO-372', -60.0, 79.9, '°C', 'Temperature');
INSERT INTO MEASUREMENT (DateTime, SensorID, MeasValue) VALUES (TO_DATE('10/05/18 12:40', 'DD/MM/YY HH24:MI'), 260579, 23.5);
INSERT INTO SENSOR (SerialNumber, CityPlaced, SensorModel, MinimValue, MaximValue, Unit, SensorType) VALUES (251499, 'Χρυσοχώραφα Σέρρες', 'EZKML-8747', 0, 100, '%', 'Humidity');
INSERT INTO MEASUREMENT (DateTime, SensorID, MeasValue) VALUES (TO_DATE('10/05/18 12:40', 'DD/MM/YY HH24:MI'), 251499, 69);
INSERT INTO SENSOR (SerialNumber, CityPlaced, SensorModel, MinimValue, MaximValue, Unit, SensorType) VALUES (66260, 'Χρυσοχώραφα Σέρρες', 'RGEQ-590', 737.0, 1085.9, 'hPa', 'Pressure');
INSERT INTO MEASUREMENT (DateTime, SensorID, MeasValue) VALUES (TO_DATE('10/05/18 12:40', 'DD/MM/YY HH24:MI'), 66260, 1004.4);
INSERT INTO SENSOR (SerialNumber, CityPlaced, SensorModel, MinimValue, MaximValue, Unit, SensorType) VALUES (12448, 'Χρυσοχώραφα Σέρρες', 'BKDY-8043', 0.0, 23.9, 'km/h', 'Wind');
INSERT INTO MEASUREMENT (DateTime, SensorID, MeasValue) VALUES (TO_DATE('10/05/18 12:40', 'DD/MM/YY HH24:MI'), 12448, 1.9);
INSERT INTO SENSOR (SerialNumber, CityPlaced, SensorModel, MinimValue, MaximValue, Unit, SensorType) VALUES (897074, 'Nέα Μουδανιά', 'FCBDQ-337', -50.0, 67.9, '°C', 'Temperature');
INSERT INTO MEASUREMENT (DateTime, SensorID, MeasValue) VALUES (TO_DATE('10/05/18 12:48', 'DD/MM/YY HH24:MI'), 897074, 17.6);
INSERT INTO SENSOR (SerialNumber, CityPlaced, SensorModel, MinimValue, MaximValue, Unit, SensorType) VALUES (175245, 'Nέα Μουδανιά', 'NITGF-4069', 0, 100, '%', 'Humidity');
INSERT INTO MEASUREMENT (DateTime, SensorID, MeasValue) VALUES (TO_DATE('10/05/18 12:48', 'DD/MM/YY HH24:MI'), 175245, 70);
INSERT INTO SENSOR (SerialNumber, CityPlaced, SensorModel, MinimValue, MaximValue, Unit, SensorType) VALUES (83202, 'Nέα Μουδανιά', 'PFQZ-006', 744.0, 1066.9, 'hPa', 'Pressure');
INSERT INTO MEASUREMENT (DateTime, SensorID, MeasValue) VALUES (TO_DATE('10/05/18 12:48', 'DD/MM/YY HH24:MI'), 83202, 1005.9);
INSERT INTO SENSOR (SerialNumber, CityPlaced, SensorModel, MinimValue, MaximValue, Unit, SensorType) VALUES (25159, 'Nέα Μουδανιά', 'OLZY-9077', 0.0, 23.9, 'km/h', 'Wind');
INSERT INTO MEASUREMENT (DateTime, SensorID, MeasValue) VALUES (TO_DATE('10/05/18 12:48', 'DD/MM/YY HH24:MI'), 25159, 2.6);
INSERT INTO SENSOR (SerialNumber, CityPlaced, SensorModel, MinimValue, MaximValue, Unit, SensorType) VALUES (292135, 'Άγιος Νικόλαος', 'HPVIQ-448', -60.0, 60.9, '°C', 'Temperature');
INSERT INTO MEASUREMENT (DateTime, SensorID, MeasValue) VALUES (TO_DATE('10/05/18 12:45', 'DD/MM/YY HH24:MI'), 292135, 21.9);
INSERT INTO SENSOR (SerialNumber, CityPlaced, SensorModel, MinimValue, MaximValue, Unit, SensorType) VALUES (215665, 'Άγιος Νικόλαος', 'FIPCC-4599', 0, 100, '%', 'Humidity');
INSERT INTO MEASUREMENT (DateTime, SensorID, MeasValue) VALUES (TO_DATE('10/05/18 12:45', 'DD/MM/YY HH24:MI'), 215665, 67);
INSERT INTO SENSOR (SerialNumber, CityPlaced, SensorModel, MinimValue, MaximValue, Unit, SensorType) VALUES (76413, 'Άγιος Νικόλαος', 'UHPD-906', 739.0, 1082.9, 'hPa', 'Pressure');
INSERT INTO MEASUREMENT (DateTime, SensorID, MeasValue) VALUES (TO_DATE('10/05/18 12:45', 'DD/MM/YY HH24:MI'), 76413, 1006.4);
INSERT INTO SENSOR (SerialNumber, CityPlaced, SensorModel, MinimValue, MaximValue, Unit, SensorType) VALUES (62650, 'Άγιος Νικόλαος', 'HHKO-9739', 0.0, 23.9, 'km/h', 'Wind');
INSERT INTO MEASUREMENT (DateTime, SensorID, MeasValue) VALUES (TO_DATE('10/05/18 12:45', 'DD/MM/YY HH24:MI'), 62650, 10.2);
INSERT INTO SENSOR (SerialNumber, CityPlaced, SensorModel, MinimValue, MaximValue, Unit, SensorType) VALUES (578525, 'Νέα Ηράκλεια', 'WLFIB-684', -53.0, 76.9, '°C', 'Temperature');
INSERT INTO MEASUREMENT (DateTime, SensorID, MeasValue) VALUES (TO_DATE('10/05/18 12:45', 'DD/MM/YY HH24:MI'), 578525, 18.4);
INSERT INTO SENSOR (SerialNumber, CityPlaced, SensorModel, MinimValue, MaximValue, Unit, SensorType) VALUES (650838, 'Νέα Ηράκλεια', 'LIVOI-1750', 0, 100, '%', 'Humidity');
INSERT INTO MEASUREMENT (DateTime, SensorID, MeasValue) VALUES (TO_DATE('10/05/18 12:45', 'DD/MM/YY HH24:MI'), 650838, 93);
INSERT INTO SENSOR (SerialNumber, CityPlaced, SensorModel, MinimValue, MaximValue, Unit, SensorType) VALUES (66098, 'Νέα Ηράκλεια', 'FWQZ-471', 721.0, 1076.9, 'hPa', 'Pressure');
INSERT INTO MEASUREMENT (DateTime, SensorID, MeasValue) VALUES (TO_DATE('10/05/18 12:45', 'DD/MM/YY HH24:MI'), 66098, 1004.9);
INSERT INTO SENSOR (SerialNumber, CityPlaced, SensorModel, MinimValue, MaximValue, Unit, SensorType) VALUES (17757, 'Νέα Ηράκλεια', 'WIQU-1180', 0.0, 23.9, 'km/h', 'Wind');
INSERT INTO MEASUREMENT (DateTime, SensorID, MeasValue) VALUES (TO_DATE('10/05/18 12:45', 'DD/MM/YY HH24:MI'), 17757, 1.3);
INSERT INTO SENSOR (SerialNumber, CityPlaced, SensorModel, MinimValue, MaximValue, Unit, SensorType) VALUES (287104, 'Δρέπανο Ναύπλιο', 'XNCYG-277', -54.0, 77.9, '°C', 'Temperature');
INSERT INTO MEASUREMENT (DateTime, SensorID, MeasValue) VALUES (TO_DATE('10/05/18 12:19', 'DD/MM/YY HH24:MI'), 287104, 22.6);
INSERT INTO SENSOR (SerialNumber, CityPlaced, SensorModel, MinimValue, MaximValue, Unit, SensorType) VALUES (647676, 'Δρέπανο Ναύπλιο', 'DUMBO-8113', 0, 100, '%', 'Humidity');
INSERT INTO MEASUREMENT (DateTime, SensorID, MeasValue) VALUES (TO_DATE('10/05/18 12:19', 'DD/MM/YY HH24:MI'), 647676, 63);
INSERT INTO SENSOR (SerialNumber, CityPlaced, SensorModel, MinimValue, MaximValue, Unit, SensorType) VALUES (85316, 'Δρέπανο Ναύπλιο', 'SYOY-848', 731.0, 1081.9, 'hPa', 'Pressure');
INSERT INTO MEASUREMENT (DateTime, SensorID, MeasValue) VALUES (TO_DATE('10/05/18 12:19', 'DD/MM/YY HH24:MI'), 85316, 1005.2);
INSERT INTO SENSOR (SerialNumber, CityPlaced, SensorModel, MinimValue, MaximValue, Unit, SensorType) VALUES (76591, 'Δρέπανο Ναύπλιο', 'TMGB-8089', 0.0, 20.9, 'km/h', 'Wind');
INSERT INTO MEASUREMENT (DateTime, SensorID, MeasValue) VALUES (TO_DATE('10/05/18 12:19', 'DD/MM/YY HH24:MI'), 76591, 4.0);
INSERT INTO SENSOR (SerialNumber, CityPlaced, SensorModel, MinimValue, MaximValue, Unit, SensorType) VALUES (974337, 'Ναύπλιο', 'KUQIM-672', -51.0, 72.9, '°C', 'Temperature');
INSERT INTO MEASUREMENT (DateTime, SensorID, MeasValue) VALUES (TO_DATE('10/05/18 12:45', 'DD/MM/YY HH24:MI'), 974337, 24.0);
INSERT INTO SENSOR (SerialNumber, CityPlaced, SensorModel, MinimValue, MaximValue, Unit, SensorType) VALUES (374857, 'Ναύπλιο', 'IVAYW-5698', 0, 100, '%', 'Humidity');
INSERT INTO MEASUREMENT (DateTime, SensorID, MeasValue) VALUES (TO_DATE('10/05/18 12:45', 'DD/MM/YY HH24:MI'), 374857, 41);
INSERT INTO SENSOR (SerialNumber, CityPlaced, SensorModel, MinimValue, MaximValue, Unit, SensorType) VALUES (98809, 'Ναύπλιο', 'LJDJ-201', 747.0, 1097.9, 'hPa', 'Pressure');
INSERT INTO MEASUREMENT (DateTime, SensorID, MeasValue) VALUES (TO_DATE('10/05/18 12:45', 'DD/MM/YY HH24:MI'), 98809, 1005.9);
INSERT INTO MEASUREMENT (DateTime, SensorID, MeasValue) VALUES (TO_DATE('10/05/18 12:45', 'DD/MM/YY HH24:MI'), 18365, 4.5);
INSERT INTO SENSOR (SerialNumber, CityPlaced, SensorModel, MinimValue, MaximValue, Unit, SensorType) VALUES (880760, 'Νεοχώρι Φαλαισία Β. Ταΰγετος', 'KIBZK-762', -50.0, 72.9, '°C', 'Temperature');
INSERT INTO MEASUREMENT (DateTime, SensorID, MeasValue) VALUES (TO_DATE('10/05/18 12:45', 'DD/MM/YY HH24:MI'), 880760, 13.9);
INSERT INTO SENSOR (SerialNumber, CityPlaced, SensorModel, MinimValue, MaximValue, Unit, SensorType) VALUES (151740, 'Νεοχώρι Φαλαισία Β. Ταΰγετος', 'IPTHU-5592', 0, 100, '%', 'Humidity');
INSERT INTO MEASUREMENT (DateTime, SensorID, MeasValue) VALUES (TO_DATE('10/05/18 12:45', 'DD/MM/YY HH24:MI'), 151740, 68);
INSERT INTO SENSOR (SerialNumber, CityPlaced, SensorModel, MinimValue, MaximValue, Unit, SensorType) VALUES (23049, 'Νεοχώρι Φαλαισία Β. Ταΰγετος', 'MYDR-634', 719.0, 1053.9, 'hPa', 'Pressure');
INSERT INTO MEASUREMENT (DateTime, SensorID, MeasValue) VALUES (TO_DATE('10/05/18 12:45', 'DD/MM/YY HH24:MI'), 23049, 1006.1);
INSERT INTO SENSOR (SerialNumber, CityPlaced, SensorModel, MinimValue, MaximValue, Unit, SensorType) VALUES (98454, 'Νεοχώρι Φαλαισία Β. Ταΰγετος', 'IVPP-7180', 0.0, 21.9, 'km/h', 'Wind');
INSERT INTO MEASUREMENT (DateTime, SensorID, MeasValue) VALUES (TO_DATE('10/05/18 12:45', 'DD/MM/YY HH24:MI'), 98454, 5.4);
INSERT INTO SENSOR (SerialNumber, CityPlaced, SensorModel, MinimValue, MaximValue, Unit, SensorType) VALUES (771194, 'Ακράτα Συλιβαινιώτικα', 'ECZTO-685', -60.0, 80.9, '°C', 'Temperature');
INSERT INTO MEASUREMENT (DateTime, SensorID, MeasValue) VALUES (TO_DATE('10/05/18 12:45', 'DD/MM/YY HH24:MI'), 771194, 19.1);
INSERT INTO SENSOR (SerialNumber, CityPlaced, SensorModel, MinimValue, MaximValue, Unit, SensorType) VALUES (236220, 'Ακράτα Συλιβαινιώτικα', 'BAZOW-5390', 0, 100, '%', 'Humidity');
INSERT INTO MEASUREMENT (DateTime, SensorID, MeasValue) VALUES (TO_DATE('10/05/18 12:45', 'DD/MM/YY HH24:MI'), 236220, 79);
INSERT INTO SENSOR (SerialNumber, CityPlaced, SensorModel, MinimValue, MaximValue, Unit, SensorType) VALUES (48694, 'Ακράτα Συλιβαινιώτικα', 'AHMZ-587', 706.0, 1093.9, 'hPa', 'Pressure');
INSERT INTO MEASUREMENT (DateTime, SensorID, MeasValue) VALUES (TO_DATE('10/05/18 12:45', 'DD/MM/YY HH24:MI'), 48694, 1006.5);
INSERT INTO SENSOR (SerialNumber, CityPlaced, SensorModel, MinimValue, MaximValue, Unit, SensorType) VALUES (16569, 'Ακράτα Συλιβαινιώτικα', 'BGNM-5027', 0.0, 21.9, 'km/h', 'Wind');
INSERT INTO MEASUREMENT (DateTime, SensorID, MeasValue) VALUES (TO_DATE('10/05/18 12:45', 'DD/MM/YY HH24:MI'), 16569, 14.8);
INSERT INTO SENSOR (SerialNumber, CityPlaced, SensorModel, MinimValue, MaximValue, Unit, SensorType) VALUES (435298, 'Κάτω Βλασία', 'HBSJQ-570', -52.0, 72.9, '°C', 'Temperature');
INSERT INTO MEASUREMENT (DateTime, SensorID, MeasValue) VALUES (TO_DATE('10/05/18 12:44', 'DD/MM/YY HH24:MI'), 435298, 13.1);
INSERT INTO SENSOR (SerialNumber, CityPlaced, SensorModel, MinimValue, MaximValue, Unit, SensorType) VALUES (361510, 'Κάτω Βλασία', 'VIFJG-9032', 0, 100, '%', 'Humidity');
INSERT INTO MEASUREMENT (DateTime, SensorID, MeasValue) VALUES (TO_DATE('10/05/18 12:44', 'DD/MM/YY HH24:MI'), 361510, 91);
INSERT INTO SENSOR (SerialNumber, CityPlaced, SensorModel, MinimValue, MaximValue, Unit, SensorType) VALUES (77227, 'Κάτω Βλασία', 'TAGO-426', 724.0, 1099.9, 'hPa', 'Pressure');
INSERT INTO MEASUREMENT (DateTime, SensorID, MeasValue) VALUES (TO_DATE('10/05/18 12:44', 'DD/MM/YY HH24:MI'), 77227, 1008.4);
INSERT INTO SENSOR (SerialNumber, CityPlaced, SensorModel, MinimValue, MaximValue, Unit, SensorType) VALUES (33438, 'Κάτω Βλασία', 'NWUX-2667', 0.0, 22.9, 'km/h', 'Wind');
INSERT INTO MEASUREMENT (DateTime, SensorID, MeasValue) VALUES (TO_DATE('10/05/18 12:44', 'DD/MM/YY HH24:MI'), 33438, 0.0);
INSERT INTO SENSOR (SerialNumber, CityPlaced, SensorModel, MinimValue, MaximValue, Unit, SensorType) VALUES (971622, 'Πάτρα Αγιά', 'SAELV-160', -55.0, 71.9, '°C', 'Temperature');
INSERT INTO MEASUREMENT (DateTime, SensorID, MeasValue) VALUES (TO_DATE('10/05/18 12:45', 'DD/MM/YY HH24:MI'), 971622, 19.8);
INSERT INTO SENSOR (SerialNumber, CityPlaced, SensorModel, MinimValue, MaximValue, Unit, SensorType) VALUES (208200, 'Πάτρα Αγιά', 'UVVYB-2745', 0, 100, '%', 'Humidity');
INSERT INTO MEASUREMENT (DateTime, SensorID, MeasValue) VALUES (TO_DATE('10/05/18 12:45', 'DD/MM/YY HH24:MI'), 208200, 85);
INSERT INTO MEASUREMENT (DateTime, SensorID, MeasValue) VALUES (TO_DATE('10/05/18 12:45', 'DD/MM/YY HH24:MI'), 54263, 1007.6);
INSERT INTO SENSOR (SerialNumber, CityPlaced, SensorModel, MinimValue, MaximValue, Unit, SensorType) VALUES (70680, 'Πάτρα Αγιά', 'IDHZ-4554', 0.0, 21.9, 'km/h', 'Wind');
INSERT INTO MEASUREMENT (DateTime, SensorID, MeasValue) VALUES (TO_DATE('10/05/18 12:45', 'DD/MM/YY HH24:MI'), 70680, 5.9);
INSERT INTO SENSOR (SerialNumber, CityPlaced, SensorModel, MinimValue, MaximValue, Unit, SensorType) VALUES (966231, 'Πάτρα Δροσιά', 'ALKRU-500', -60.0, 62.9, '°C', 'Temperature');
INSERT INTO MEASUREMENT (DateTime, SensorID, MeasValue) VALUES (TO_DATE('10/05/18 12:45', 'DD/MM/YY HH24:MI'), 966231, 19.7);
INSERT INTO SENSOR (SerialNumber, CityPlaced, SensorModel, MinimValue, MaximValue, Unit, SensorType) VALUES (414192, 'Πάτρα Δροσιά', 'MVGRV-8527', 0, 100, '%', 'Humidity');
INSERT INTO MEASUREMENT (DateTime, SensorID, MeasValue) VALUES (TO_DATE('10/05/18 12:45', 'DD/MM/YY HH24:MI'), 414192, 76);
INSERT INTO SENSOR (SerialNumber, CityPlaced, SensorModel, MinimValue, MaximValue, Unit, SensorType) VALUES (56741, 'Πάτρα Δροσιά', 'YCLS-402', 749.0, 1054.9, 'hPa', 'Pressure');
INSERT INTO MEASUREMENT (DateTime, SensorID, MeasValue) VALUES (TO_DATE('10/05/18 12:45', 'DD/MM/YY HH24:MI'), 56741, 1007.5);
INSERT INTO SENSOR (SerialNumber, CityPlaced, SensorModel, MinimValue, MaximValue, Unit, SensorType) VALUES (21055, 'Πάτρα Δροσιά', 'NOYA-7297', 0.0, 25.9, 'km/h', 'Wind');
INSERT INTO MEASUREMENT (DateTime, SensorID, MeasValue) VALUES (TO_DATE('10/05/18 12:45', 'DD/MM/YY HH24:MI'), 21055, 4.6);
INSERT INTO SENSOR (SerialNumber, CityPlaced, SensorModel, MinimValue, MaximValue, Unit, SensorType) VALUES (485946, 'Πάτρα Κετχ', 'YEHUR-975', -51.0, 78.9, '°C', 'Temperature');
INSERT INTO MEASUREMENT (DateTime, SensorID, MeasValue) VALUES (TO_DATE('10/05/18 12:45', 'DD/MM/YY HH24:MI'), 485946, 19.2);
INSERT INTO SENSOR (SerialNumber, CityPlaced, SensorModel, MinimValue, MaximValue, Unit, SensorType) VALUES (726374, 'Πάτρα Κετχ', 'OECAX-1087', 0, 100, '%', 'Humidity');
INSERT INTO MEASUREMENT (DateTime, SensorID, MeasValue) VALUES (TO_DATE('10/05/18 12:45', 'DD/MM/YY HH24:MI'), 726374, 80);
INSERT INTO SENSOR (SerialNumber, CityPlaced, SensorModel, MinimValue, MaximValue, Unit, SensorType) VALUES (87544, 'Πάτρα Κετχ', 'TDJA-215', 706.0, 1071.9, 'hPa', 'Pressure');
INSERT INTO MEASUREMENT (DateTime, SensorID, MeasValue) VALUES (TO_DATE('10/05/18 12:45', 'DD/MM/YY HH24:MI'), 87544, 1007.5);
INSERT INTO SENSOR (SerialNumber, CityPlaced, SensorModel, MinimValue, MaximValue, Unit, SensorType) VALUES (35178, 'Πάτρα Κετχ', 'BIKI-5673', 0.0, 20.9, 'km/h', 'Wind');
INSERT INTO MEASUREMENT (DateTime, SensorID, MeasValue) VALUES (TO_DATE('10/05/18 12:45', 'DD/MM/YY HH24:MI'), 35178, 2.9);
INSERT INTO SENSOR (SerialNumber, CityPlaced, SensorModel, MinimValue, MaximValue, Unit, SensorType) VALUES (893292, 'Ρίο Καστελόκαμπος', 'CFQXA-092', -53.0, 68.9, '°C', 'Temperature');
INSERT INTO MEASUREMENT (DateTime, SensorID, MeasValue) VALUES (TO_DATE('10/05/18 12:45', 'DD/MM/YY HH24:MI'), 893292, 20.2);
INSERT INTO SENSOR (SerialNumber, CityPlaced, SensorModel, MinimValue, MaximValue, Unit, SensorType) VALUES (915019, 'Ρίο Καστελόκαμπος', 'ATXLE-0474', 0, 100, '%', 'Humidity');
INSERT INTO MEASUREMENT (DateTime, SensorID, MeasValue) VALUES (TO_DATE('10/05/18 12:45', 'DD/MM/YY HH24:MI'), 915019, 77);
INSERT INTO SENSOR (SerialNumber, CityPlaced, SensorModel, MinimValue, MaximValue, Unit, SensorType) VALUES (14941, 'Ρίο Καστελόκαμπος', 'BLRS-508', 749.0, 1059.9, 'hPa', 'Pressure');
INSERT INTO MEASUREMENT (DateTime, SensorID, MeasValue) VALUES (TO_DATE('10/05/18 12:45', 'DD/MM/YY HH24:MI'), 14941, 1008.4);
INSERT INTO SENSOR (SerialNumber, CityPlaced, SensorModel, MinimValue, MaximValue, Unit, SensorType) VALUES (51515, 'Ρίο Καστελόκαμπος', 'TGLX-9218', 0.0, 23.9, 'km/h', 'Wind');
INSERT INTO MEASUREMENT (DateTime, SensorID, MeasValue) VALUES (TO_DATE('10/05/18 12:45', 'DD/MM/YY HH24:MI'), 51515, 7.2);
INSERT INTO SENSOR (SerialNumber, CityPlaced, SensorModel, MinimValue, MaximValue, Unit, SensorType) VALUES (700364, 'Καπελέτο Βάρδας', 'CEBSF-011', -50.0, 64.9, '°C', 'Temperature');
INSERT INTO MEASUREMENT (DateTime, SensorID, MeasValue) VALUES (TO_DATE('10/05/18 12:45', 'DD/MM/YY HH24:MI'), 700364, 22.9);
INSERT INTO SENSOR (SerialNumber, CityPlaced, SensorModel, MinimValue, MaximValue, Unit, SensorType) VALUES (579924, 'Καπελέτο Βάρδας', 'ZJFRE-5348', 0, 100, '%', 'Humidity');
INSERT INTO MEASUREMENT (DateTime, SensorID, MeasValue) VALUES (TO_DATE('10/05/18 12:45', 'DD/MM/YY HH24:MI'), 579924, 65);
INSERT INTO SENSOR (SerialNumber, CityPlaced, SensorModel, MinimValue, MaximValue, Unit, SensorType) VALUES (86210, 'Καπελέτο Βάρδας', 'NAAN-167', 737.0, 1060.9, 'hPa', 'Pressure');
INSERT INTO MEASUREMENT (DateTime, SensorID, MeasValue) VALUES (TO_DATE('10/05/18 12:45', 'DD/MM/YY HH24:MI'), 86210, 1006.9);
INSERT INTO SENSOR (SerialNumber, CityPlaced, SensorModel, MinimValue, MaximValue, Unit, SensorType) VALUES (38530, 'Καπελέτο Βάρδας', 'NEFS-0671', 0.0, 22.9, 'km/h', 'Wind');
INSERT INTO MEASUREMENT (DateTime, SensorID, MeasValue) VALUES (TO_DATE('10/05/18 12:45', 'DD/MM/YY HH24:MI'), 38530, 2.4);
INSERT INTO SENSOR (SerialNumber, CityPlaced, SensorModel, MinimValue, MaximValue, Unit, SensorType) VALUES (630220, 'Πύργος Νεάπολη', 'QFQKA-271', -50.0, 73.9, '°C', 'Temperature');
INSERT INTO MEASUREMENT (DateTime, SensorID, MeasValue) VALUES (TO_DATE('10/05/18 12:48', 'DD/MM/YY HH24:MI'), 630220, 20.5);
INSERT INTO SENSOR (SerialNumber, CityPlaced, SensorModel, MinimValue, MaximValue, Unit, SensorType) VALUES (780652, 'Πύργος Νεάπολη', 'TJHFE-8191', 0, 100, '%', 'Humidity');
INSERT INTO MEASUREMENT (DateTime, SensorID, MeasValue) VALUES (TO_DATE('10/05/18 12:48', 'DD/MM/YY HH24:MI'), 780652, 74);
INSERT INTO SENSOR (SerialNumber, CityPlaced, SensorModel, MinimValue, MaximValue, Unit, SensorType) VALUES (60019, 'Πύργος Νεάπολη', 'AVWK-208', 722.0, 1087.9, 'hPa', 'Pressure');
INSERT INTO MEASUREMENT (DateTime, SensorID, MeasValue) VALUES (TO_DATE('10/05/18 12:48', 'DD/MM/YY HH24:MI'), 60019, 1007.4);
INSERT INTO SENSOR (SerialNumber, CityPlaced, SensorModel, MinimValue, MaximValue, Unit, SensorType) VALUES (54553, 'Πύργος Νεάπολη', 'KALA-3138', 0.0, 22.9, 'km/h', 'Wind');
INSERT INTO MEASUREMENT (DateTime, SensorID, MeasValue) VALUES (TO_DATE('10/05/18 12:48', 'DD/MM/YY HH24:MI'), 54553, 0.0);
INSERT INTO SENSOR (SerialNumber, CityPlaced, SensorModel, MinimValue, MaximValue, Unit, SensorType) VALUES (120361, 'Πύργος', 'ZGBFO-236', -55.0, 65.9, '°C', 'Temperature');
INSERT INTO MEASUREMENT (DateTime, SensorID, MeasValue) VALUES (TO_DATE('10/05/18 12:46', 'DD/MM/YY HH24:MI'), 120361, 20.4);
INSERT INTO SENSOR (SerialNumber, CityPlaced, SensorModel, MinimValue, MaximValue, Unit, SensorType) VALUES (699829, 'Πύργος', 'GEQQS-0144', 0, 100, '%', 'Humidity');
INSERT INTO MEASUREMENT (DateTime, SensorID, MeasValue) VALUES (TO_DATE('10/05/18 12:46', 'DD/MM/YY HH24:MI'), 699829, 74);
INSERT INTO SENSOR (SerialNumber, CityPlaced, SensorModel, MinimValue, MaximValue, Unit, SensorType) VALUES (22080, 'Πύργος', 'KVZT-497', 733.0, 1074.9, 'hPa', 'Pressure');
INSERT INTO MEASUREMENT (DateTime, SensorID, MeasValue) VALUES (TO_DATE('10/05/18 12:46', 'DD/MM/YY HH24:MI'), 22080, 1006.8);
INSERT INTO SENSOR (SerialNumber, CityPlaced, SensorModel, MinimValue, MaximValue, Unit, SensorType) VALUES (78460, 'Πύργος', 'PRHU-9827', 0.0, 22.9, 'km/h', 'Wind');
INSERT INTO MEASUREMENT (DateTime, SensorID, MeasValue) VALUES (TO_DATE('10/05/18 12:46', 'DD/MM/YY HH24:MI'), 78460, 5.6);
INSERT INTO SENSOR (SerialNumber, CityPlaced, SensorModel, MinimValue, MaximValue, Unit, SensorType) VALUES (353677, 'Δερβένι', 'JAVAR-056', -51.0, 66.9, '°C', 'Temperature');
INSERT INTO MEASUREMENT (DateTime, SensorID, MeasValue) VALUES (TO_DATE('10/05/18 12:35', 'DD/MM/YY HH24:MI'), 353677, 19.9);
INSERT INTO SENSOR (SerialNumber, CityPlaced, SensorModel, MinimValue, MaximValue, Unit, SensorType) VALUES (108569, 'Δερβένι', 'VPEWQ-5584', 0, 100, '%', 'Humidity');
INSERT INTO MEASUREMENT (DateTime, SensorID, MeasValue) VALUES (TO_DATE('10/05/18 12:35', 'DD/MM/YY HH24:MI'), 108569, 76);
INSERT INTO SENSOR (SerialNumber, CityPlaced, SensorModel, MinimValue, MaximValue, Unit, SensorType) VALUES (70245, 'Δερβένι', 'LTAT-073', 722.0, 1052.9, 'hPa', 'Pressure');
INSERT INTO MEASUREMENT (DateTime, SensorID, MeasValue) VALUES (TO_DATE('10/05/18 12:35', 'DD/MM/YY HH24:MI'), 70245, 1005.8);
INSERT INTO SENSOR (SerialNumber, CityPlaced, SensorModel, MinimValue, MaximValue, Unit, SensorType) VALUES (13896, 'Δερβένι', 'PBEQ-4141', 0.0, 21.9, 'km/h', 'Wind');
INSERT INTO MEASUREMENT (DateTime, SensorID, MeasValue) VALUES (TO_DATE('10/05/18 12:35', 'DD/MM/YY HH24:MI'), 13896, 1.9);
INSERT INTO SENSOR (SerialNumber, CityPlaced, SensorModel, MinimValue, MaximValue, Unit, SensorType) VALUES (770297, 'Καίσαρι - Ζήρια', 'LSSIX-481', -59.0, 64.9, '°C', 'Temperature');
INSERT INTO MEASUREMENT (DateTime, SensorID, MeasValue) VALUES (TO_DATE('10/05/18 12:48', 'DD/MM/YY HH24:MI'), 770297, 19.6);
INSERT INTO SENSOR (SerialNumber, CityPlaced, SensorModel, MinimValue, MaximValue, Unit, SensorType) VALUES (118017, 'Καίσαρι - Ζήρια', 'OBSQS-9172', 0, 100, '%', 'Humidity');
INSERT INTO MEASUREMENT (DateTime, SensorID, MeasValue) VALUES (TO_DATE('10/05/18 12:48', 'DD/MM/YY HH24:MI'), 118017, 47);
INSERT INTO SENSOR (SerialNumber, CityPlaced, SensorModel, MinimValue, MaximValue, Unit, SensorType) VALUES (57287, 'Καίσαρι - Ζήρια', 'XSOC-322', 721.0, 1059.9, 'hPa', 'Pressure');
INSERT INTO MEASUREMENT (DateTime, SensorID, MeasValue) VALUES (TO_DATE('10/05/18 12:48', 'DD/MM/YY HH24:MI'), 57287, 1008.8);
INSERT INTO SENSOR (SerialNumber, CityPlaced, SensorModel, MinimValue, MaximValue, Unit, SensorType) VALUES (57764, 'Καίσαρι - Ζήρια', 'MAGF-0848', 0.0, 21.9, 'km/h', 'Wind');
INSERT INTO MEASUREMENT (DateTime, SensorID, MeasValue) VALUES (TO_DATE('10/05/18 12:48', 'DD/MM/YY HH24:MI'), 57764, 2.5);
INSERT INTO SENSOR (SerialNumber, CityPlaced, SensorModel, MinimValue, MaximValue, Unit, SensorType) VALUES (490999, 'Κόρινθος', 'LKJCX-799', -59.0, 68.9, '°C', 'Temperature');
INSERT INTO MEASUREMENT (DateTime, SensorID, MeasValue) VALUES (TO_DATE('10/05/18 12:47', 'DD/MM/YY HH24:MI'), 490999, 22.4);
INSERT INTO SENSOR (SerialNumber, CityPlaced, SensorModel, MinimValue, MaximValue, Unit, SensorType) VALUES (295495, 'Κόρινθος', 'TMVLT-8399', 0, 100, '%', 'Humidity');
INSERT INTO MEASUREMENT (DateTime, SensorID, MeasValue) VALUES (TO_DATE('10/05/18 12:47', 'DD/MM/YY HH24:MI'), 295495, 70);
INSERT INTO SENSOR (SerialNumber, CityPlaced, SensorModel, MinimValue, MaximValue, Unit, SensorType) VALUES (41502, 'Κόρινθος', 'VPGR-395', 719.0, 1076.9, 'hPa', 'Pressure');
INSERT INTO MEASUREMENT (DateTime, SensorID, MeasValue) VALUES (TO_DATE('10/05/18 12:47', 'DD/MM/YY HH24:MI'), 41502, 1003.4);
INSERT INTO SENSOR (SerialNumber, CityPlaced, SensorModel, MinimValue, MaximValue, Unit, SensorType) VALUES (80451, 'Κόρινθος', 'JKPJ-1472', 0.0, 24.9, 'km/h', 'Wind');
INSERT INTO MEASUREMENT (DateTime, SensorID, MeasValue) VALUES (TO_DATE('10/05/18 12:47', 'DD/MM/YY HH24:MI'), 80451, 0.0);
INSERT INTO SENSOR (SerialNumber, CityPlaced, SensorModel, MinimValue, MaximValue, Unit, SensorType) VALUES (692726, 'Λαλιώτη', 'FTKOK-433', -50.0, 62.9, '°C', 'Temperature');
INSERT INTO MEASUREMENT (DateTime, SensorID, MeasValue) VALUES (TO_DATE('10/05/18 12:48', 'DD/MM/YY HH24:MI'), 692726, 20.5);
INSERT INTO SENSOR (SerialNumber, CityPlaced, SensorModel, MinimValue, MaximValue, Unit, SensorType) VALUES (165006, 'Λαλιώτη', 'HKGBR-3814', 0, 100, '%', 'Humidity');
INSERT INTO MEASUREMENT (DateTime, SensorID, MeasValue) VALUES (TO_DATE('10/05/18 12:48', 'DD/MM/YY HH24:MI'), 165006, 63);
INSERT INTO SENSOR (SerialNumber, CityPlaced, SensorModel, MinimValue, MaximValue, Unit, SensorType) VALUES (64096, 'Λαλιώτη', 'OFOC-332', 722.0, 1059.9, 'hPa', 'Pressure');
INSERT INTO MEASUREMENT (DateTime, SensorID, MeasValue) VALUES (TO_DATE('10/05/18 12:48', 'DD/MM/YY HH24:MI'), 64096, 1005.9);
INSERT INTO SENSOR (SerialNumber, CityPlaced, SensorModel, MinimValue, MaximValue, Unit, SensorType) VALUES (49879, 'Λαλιώτη', 'OBIV-9546', 0.0, 20.9, 'km/h', 'Wind');
INSERT INTO MEASUREMENT (DateTime, SensorID, MeasValue) VALUES (TO_DATE('10/05/18 12:48', 'DD/MM/YY HH24:MI'), 49879, 3.0);
INSERT INTO SENSOR (SerialNumber, CityPlaced, SensorModel, MinimValue, MaximValue, Unit, SensorType) VALUES (372580, 'Συκιά', 'IYTJG-693', -57.0, 73.9, '°C', 'Temperature');
INSERT INTO MEASUREMENT (DateTime, SensorID, MeasValue) VALUES (TO_DATE('10/05/18 12:45', 'DD/MM/YY HH24:MI'), 372580, 20.7);
INSERT INTO SENSOR (SerialNumber, CityPlaced, SensorModel, MinimValue, MaximValue, Unit, SensorType) VALUES (848973, 'Συκιά', 'EIYKI-7768', 0, 100, '%', 'Humidity');
INSERT INTO MEASUREMENT (DateTime, SensorID, MeasValue) VALUES (TO_DATE('10/05/18 12:45', 'DD/MM/YY HH24:MI'), 848973, 70);
INSERT INTO SENSOR (SerialNumber, CityPlaced, SensorModel, MinimValue, MaximValue, Unit, SensorType) VALUES (84688, 'Συκιά', 'WFNJ-600', 721.0, 1099.9, 'hPa', 'Pressure');
INSERT INTO MEASUREMENT (DateTime, SensorID, MeasValue) VALUES (TO_DATE('10/05/18 12:45', 'DD/MM/YY HH24:MI'), 84688, 1005.6);
INSERT INTO SENSOR (SerialNumber, CityPlaced, SensorModel, MinimValue, MaximValue, Unit, SensorType) VALUES (49152, 'Συκιά', 'JRJM-7833', 0.0, 20.9, 'km/h', 'Wind');
INSERT INTO MEASUREMENT (DateTime, SensorID, MeasValue) VALUES (TO_DATE('10/05/18 12:45', 'DD/MM/YY HH24:MI'), 49152, 3.2);
INSERT INTO SENSOR (SerialNumber, CityPlaced, SensorModel, MinimValue, MaximValue, Unit, SensorType) VALUES (361895, 'Βελανιδιά Κρεμμύδια', 'SNOAE-810', -51.0, 80.9, '°C', 'Temperature');
INSERT INTO MEASUREMENT (DateTime, SensorID, MeasValue) VALUES (TO_DATE('10/05/18 12:44', 'DD/MM/YY HH24:MI'), 361895, 21.6);
INSERT INTO SENSOR (SerialNumber, CityPlaced, SensorModel, MinimValue, MaximValue, Unit, SensorType) VALUES (172759, 'Βελανιδιά Κρεμμύδια', 'GRUFT-7272', 0, 100, '%', 'Humidity');
INSERT INTO MEASUREMENT (DateTime, SensorID, MeasValue) VALUES (TO_DATE('10/05/18 12:44', 'DD/MM/YY HH24:MI'), 172759, 68);
INSERT INTO SENSOR (SerialNumber, CityPlaced, SensorModel, MinimValue, MaximValue, Unit, SensorType) VALUES (62900, 'Βελανιδιά Κρεμμύδια', 'NFCS-983', 719.0, 1081.9, 'hPa', 'Pressure');
INSERT INTO MEASUREMENT (DateTime, SensorID, MeasValue) VALUES (TO_DATE('10/05/18 12:44', 'DD/MM/YY HH24:MI'), 62900, 1004.8);
INSERT INTO SENSOR (SerialNumber, CityPlaced, SensorModel, MinimValue, MaximValue, Unit, SensorType) VALUES (58351, 'Βελανιδιά Κρεμμύδια', 'CSFW-9285', 0.0, 25.9, 'km/h', 'Wind');
INSERT INTO MEASUREMENT (DateTime, SensorID, MeasValue) VALUES (TO_DATE('10/05/18 12:44', 'DD/MM/YY HH24:MI'), 58351, 4.6);
INSERT INTO SENSOR (SerialNumber, CityPlaced, SensorModel, MinimValue, MaximValue, Unit, SensorType) VALUES (145665, 'Καλαμάτα Κέντρο', 'UFCWK-408', -56.0, 60.9, '°C', 'Temperature');
INSERT INTO MEASUREMENT (DateTime, SensorID, MeasValue) VALUES (TO_DATE('10/05/18 12:41', 'DD/MM/YY HH24:MI'), 145665, 24.4);
INSERT INTO SENSOR (SerialNumber, CityPlaced, SensorModel, MinimValue, MaximValue, Unit, SensorType) VALUES (893712, 'Καλαμάτα Κέντρο', 'RMKGJ-8349', 0, 100, '%', 'Humidity');
INSERT INTO MEASUREMENT (DateTime, SensorID, MeasValue) VALUES (TO_DATE('10/05/18 12:41', 'DD/MM/YY HH24:MI'), 893712, 45);
INSERT INTO SENSOR (SerialNumber, CityPlaced, SensorModel, MinimValue, MaximValue, Unit, SensorType) VALUES (44057, 'Καλαμάτα Κέντρο', 'EHFS-878', 711.0, 1056.9, 'hPa', 'Pressure');
INSERT INTO MEASUREMENT (DateTime, SensorID, MeasValue) VALUES (TO_DATE('10/05/18 12:41', 'DD/MM/YY HH24:MI'), 44057, 1005.8);
INSERT INTO SENSOR (SerialNumber, CityPlaced, SensorModel, MinimValue, MaximValue, Unit, SensorType) VALUES (96752, 'Καλαμάτα Κέντρο', 'UECC-2560', 0.0, 22.9, 'km/h', 'Wind');
INSERT INTO MEASUREMENT (DateTime, SensorID, MeasValue) VALUES (TO_DATE('10/05/18 12:41', 'DD/MM/YY HH24:MI'), 96752, 0.8);
INSERT INTO SENSOR (SerialNumber, CityPlaced, SensorModel, MinimValue, MaximValue, Unit, SensorType) VALUES (436082, 'Καλαμάτα Νησάκι', 'YPBMX-336', -55.0, 69.9, '°C', 'Temperature');
INSERT INTO MEASUREMENT (DateTime, SensorID, MeasValue) VALUES (TO_DATE('10/05/18 12:45', 'DD/MM/YY HH24:MI'), 436082, 21.1);
INSERT INTO SENSOR (SerialNumber, CityPlaced, SensorModel, MinimValue, MaximValue, Unit, SensorType) VALUES (966063, 'Καλαμάτα Νησάκι', 'YWOAK-9962', 0, 100, '%', 'Humidity');
INSERT INTO MEASUREMENT (DateTime, SensorID, MeasValue) VALUES (TO_DATE('10/05/18 12:45', 'DD/MM/YY HH24:MI'), 966063, 40);
INSERT INTO SENSOR (SerialNumber, CityPlaced, SensorModel, MinimValue, MaximValue, Unit, SensorType) VALUES (21418, 'Καλαμάτα Νησάκι', 'JVCM-233', 717.0, 1096.9, 'hPa', 'Pressure');
INSERT INTO MEASUREMENT (DateTime, SensorID, MeasValue) VALUES (TO_DATE('10/05/18 12:45', 'DD/MM/YY HH24:MI'), 21418, 1005.5);
INSERT INTO SENSOR (SerialNumber, CityPlaced, SensorModel, MinimValue, MaximValue, Unit, SensorType) VALUES (77078, 'Καλαμάτα Νησάκι', 'QBLG-4144', 0.0, 20.9, 'km/h', 'Wind');
INSERT INTO MEASUREMENT (DateTime, SensorID, MeasValue) VALUES (TO_DATE('10/05/18 12:45', 'DD/MM/YY HH24:MI'), 77078, 9.9);
INSERT INTO SENSOR (SerialNumber, CityPlaced, SensorModel, MinimValue, MaximValue, Unit, SensorType) VALUES (354705, 'Κορομηλιά', 'DBAFR-055', -59.0, 75.9, '°C', 'Temperature');
INSERT INTO MEASUREMENT (DateTime, SensorID, MeasValue) VALUES (TO_DATE('10/05/18 12:45', 'DD/MM/YY HH24:MI'), 354705, 19.4);
INSERT INTO SENSOR (SerialNumber, CityPlaced, SensorModel, MinimValue, MaximValue, Unit, SensorType) VALUES (949849, 'Κορομηλιά', 'HFXRC-2115', 0, 100, '%', 'Humidity');
INSERT INTO MEASUREMENT (DateTime, SensorID, MeasValue) VALUES (TO_DATE('10/05/18 12:45', 'DD/MM/YY HH24:MI'), 949849, 67);
INSERT INTO SENSOR (SerialNumber, CityPlaced, SensorModel, MinimValue, MaximValue, Unit, SensorType) VALUES (96266, 'Κορομηλιά', 'WHBG-812', 747.0, 1097.9, 'hPa', 'Pressure');
INSERT INTO MEASUREMENT (DateTime, SensorID, MeasValue) VALUES (TO_DATE('10/05/18 12:45', 'DD/MM/YY HH24:MI'), 96266, 1007.5);
INSERT INTO SENSOR (SerialNumber, CityPlaced, SensorModel, MinimValue, MaximValue, Unit, SensorType) VALUES (25805, 'Κορομηλιά', 'UGBQ-9994', 0.0, 21.9, 'km/h', 'Wind');
INSERT INTO MEASUREMENT (DateTime, SensorID, MeasValue) VALUES (TO_DATE('10/05/18 12:45', 'DD/MM/YY HH24:MI'), 25805, 2.1);
INSERT INTO SENSOR (SerialNumber, CityPlaced, SensorModel, MinimValue, MaximValue, Unit, SensorType) VALUES (560070, 'Νέδουσα Ταϋγέτου', 'XYSTA-914', -54.0, 79.9, '°C', 'Temperature');
INSERT INTO MEASUREMENT (DateTime, SensorID, MeasValue) VALUES (TO_DATE('10/05/18 12:44', 'DD/MM/YY HH24:MI'), 560070, 18.6);
INSERT INTO SENSOR (SerialNumber, CityPlaced, SensorModel, MinimValue, MaximValue, Unit, SensorType) VALUES (240254, 'Νέδουσα Ταϋγέτου', 'KRZDR-0311', 0, 100, '%', 'Humidity');
INSERT INTO MEASUREMENT (DateTime, SensorID, MeasValue) VALUES (TO_DATE('10/05/18 12:44', 'DD/MM/YY HH24:MI'), 240254, 53);
INSERT INTO SENSOR (SerialNumber, CityPlaced, SensorModel, MinimValue, MaximValue, Unit, SensorType) VALUES (10562, 'Νέδουσα Ταϋγέτου', 'DEQP-034', 700.0, 1080.9, 'hPa', 'Pressure');
INSERT INTO MEASUREMENT (DateTime, SensorID, MeasValue) VALUES (TO_DATE('10/05/18 12:44', 'DD/MM/YY HH24:MI'), 10562, 1007.7);
INSERT INTO SENSOR (SerialNumber, CityPlaced, SensorModel, MinimValue, MaximValue, Unit, SensorType) VALUES (44103, 'Νέδουσα Ταϋγέτου', 'WZMK-6043', 0.0, 22.9, 'km/h', 'Wind');
INSERT INTO MEASUREMENT (DateTime, SensorID, MeasValue) VALUES (TO_DATE('10/05/18 12:44', 'DD/MM/YY HH24:MI'), 44103, 5.6);
INSERT INTO SENSOR (SerialNumber, CityPlaced, SensorModel, MinimValue, MaximValue, Unit, SensorType) VALUES (725835, 'Φοινικούντα', 'YPBPE-179', -58.0, 67.9, '°C', 'Temperature');
INSERT INTO MEASUREMENT (DateTime, SensorID, MeasValue) VALUES (TO_DATE('10/05/18 12:48', 'DD/MM/YY HH24:MI'), 725835, 23.0);
INSERT INTO SENSOR (SerialNumber, CityPlaced, SensorModel, MinimValue, MaximValue, Unit, SensorType) VALUES (472475, 'Φοινικούντα', 'SQNMV-3349', 0, 100, '%', 'Humidity');
INSERT INTO MEASUREMENT (DateTime, SensorID, MeasValue) VALUES (TO_DATE('10/05/18 12:48', 'DD/MM/YY HH24:MI'), 472475, 65);
INSERT INTO SENSOR (SerialNumber, CityPlaced, SensorModel, MinimValue, MaximValue, Unit, SensorType) VALUES (64611, 'Φοινικούντα', 'XTKY-180', 722.0, 1060.9, 'hPa', 'Pressure');
INSERT INTO MEASUREMENT (DateTime, SensorID, MeasValue) VALUES (TO_DATE('10/05/18 12:48', 'DD/MM/YY HH24:MI'), 64611, 1008.4);
INSERT INTO SENSOR (SerialNumber, CityPlaced, SensorModel, MinimValue, MaximValue, Unit, SensorType) VALUES (67077, 'Φοινικούντα', 'BHWD-7655', 0.0, 20.9, 'km/h', 'Wind');
INSERT INTO MEASUREMENT (DateTime, SensorID, MeasValue) VALUES (TO_DATE('10/05/18 12:48', 'DD/MM/YY HH24:MI'), 67077, 7.8);
INSERT INTO SENSOR (SerialNumber, CityPlaced, SensorModel, MinimValue, MaximValue, Unit, SensorType) VALUES (776684, 'Αμφιλοχία', 'WJGDD-937', -60.0, 72.9, '°C', 'Temperature');
INSERT INTO MEASUREMENT (DateTime, SensorID, MeasValue) VALUES (TO_DATE('10/05/18 12:44', 'DD/MM/YY HH24:MI'), 776684, 23.7);
INSERT INTO SENSOR (SerialNumber, CityPlaced, SensorModel, MinimValue, MaximValue, Unit, SensorType) VALUES (985486, 'Αμφιλοχία', 'YUIXK-4182', 0, 100, '%', 'Humidity');
INSERT INTO MEASUREMENT (DateTime, SensorID, MeasValue) VALUES (TO_DATE('10/05/18 12:44', 'DD/MM/YY HH24:MI'), 985486, 67);
INSERT INTO SENSOR (SerialNumber, CityPlaced, SensorModel, MinimValue, MaximValue, Unit, SensorType) VALUES (69692, 'Αμφιλοχία', 'VGKW-464', 740.0, 1062.9, 'hPa', 'Pressure');
INSERT INTO MEASUREMENT (DateTime, SensorID, MeasValue) VALUES (TO_DATE('10/05/18 12:44', 'DD/MM/YY HH24:MI'), 69692, 1007.4);
INSERT INTO SENSOR (SerialNumber, CityPlaced, SensorModel, MinimValue, MaximValue, Unit, SensorType) VALUES (87820, 'Αμφιλοχία', 'IOUE-7099', 0.0, 20.9, 'km/h', 'Wind');
INSERT INTO MEASUREMENT (DateTime, SensorID, MeasValue) VALUES (TO_DATE('10/05/18 12:44', 'DD/MM/YY HH24:MI'), 87820, 6.4);
INSERT INTO SENSOR (SerialNumber, CityPlaced, SensorModel, MinimValue, MaximValue, Unit, SensorType) VALUES (466748, 'Ναύπακτος', 'DQEMJ-367', -53.0, 69.9, '°C', 'Temperature');
INSERT INTO MEASUREMENT (DateTime, SensorID, MeasValue) VALUES (TO_DATE('10/05/18 12:39', 'DD/MM/YY HH24:MI'), 466748, 22.8);
INSERT INTO SENSOR (SerialNumber, CityPlaced, SensorModel, MinimValue, MaximValue, Unit, SensorType) VALUES (322843, 'Ναύπακτος', 'BVEBJ-4909', 0, 100, '%', 'Humidity');
INSERT INTO MEASUREMENT (DateTime, SensorID, MeasValue) VALUES (TO_DATE('10/05/18 12:39', 'DD/MM/YY HH24:MI'), 322843, 68);
INSERT INTO SENSOR (SerialNumber, CityPlaced, SensorModel, MinimValue, MaximValue, Unit, SensorType) VALUES (45407, 'Ναύπακτος', 'DHIQ-116', 721.0, 1070.9, 'hPa', 'Pressure');
INSERT INTO MEASUREMENT (DateTime, SensorID, MeasValue) VALUES (TO_DATE('10/05/18 12:39', 'DD/MM/YY HH24:MI'), 45407, 1006.6);
INSERT INTO SENSOR (SerialNumber, CityPlaced, SensorModel, MinimValue, MaximValue, Unit, SensorType) VALUES (44903, 'Ναύπακτος', 'MEVN-7768', 0.0, 22.9, 'km/h', 'Wind');
INSERT INTO MEASUREMENT (DateTime, SensorID, MeasValue) VALUES (TO_DATE('10/05/18 12:39', 'DD/MM/YY HH24:MI'), 44903, 20.9);
INSERT INTO SENSOR (SerialNumber, CityPlaced, SensorModel, MinimValue, MaximValue, Unit, SensorType) VALUES (575779, 'Παναιτώλιο', 'PAALO-914', -58.0, 64.9, '°C', 'Temperature');
INSERT INTO MEASUREMENT (DateTime, SensorID, MeasValue) VALUES (TO_DATE('10/05/18 12:45', 'DD/MM/YY HH24:MI'), 575779, 23.0);
INSERT INTO SENSOR (SerialNumber, CityPlaced, SensorModel, MinimValue, MaximValue, Unit, SensorType) VALUES (307198, 'Παναιτώλιο', 'FYRQB-9060', 0, 100, '%', 'Humidity');
INSERT INTO MEASUREMENT (DateTime, SensorID, MeasValue) VALUES (TO_DATE('10/05/18 12:45', 'DD/MM/YY HH24:MI'), 307198, 56);
INSERT INTO SENSOR (SerialNumber, CityPlaced, SensorModel, MinimValue, MaximValue, Unit, SensorType) VALUES (96659, 'Παναιτώλιο', 'TAMO-219', 740.0, 1052.9, 'hPa', 'Pressure');
INSERT INTO MEASUREMENT (DateTime, SensorID, MeasValue) VALUES (TO_DATE('10/05/18 12:45', 'DD/MM/YY HH24:MI'), 96659, 1005.6);
INSERT INTO SENSOR (SerialNumber, CityPlaced, SensorModel, MinimValue, MaximValue, Unit, SensorType) VALUES (98202, 'Παναιτώλιο', 'LXWV-5421', 0.0, 23.9, 'km/h', 'Wind');
INSERT INTO MEASUREMENT (DateTime, SensorID, MeasValue) VALUES (TO_DATE('10/05/18 12:45', 'DD/MM/YY HH24:MI'), 98202, 7.5);
INSERT INTO SENSOR (SerialNumber, CityPlaced, SensorModel, MinimValue, MaximValue, Unit, SensorType) VALUES (463615, 'Άγιος Δημήτριος', 'GHQZB-085', -51.0, 79.9, '°C', 'Temperature');
INSERT INTO MEASUREMENT (DateTime, SensorID, MeasValue) VALUES (TO_DATE('10/05/18 12:48', 'DD/MM/YY HH24:MI'), 463615, 23.3);
INSERT INTO SENSOR (SerialNumber, CityPlaced, SensorModel, MinimValue, MaximValue, Unit, SensorType) VALUES (211618, 'Άγιος Δημήτριος', 'VUNWY-4091', 0, 100, '%', 'Humidity');
INSERT INTO MEASUREMENT (DateTime, SensorID, MeasValue) VALUES (TO_DATE('10/05/18 12:48', 'DD/MM/YY HH24:MI'), 211618, 63);
INSERT INTO SENSOR (SerialNumber, CityPlaced, SensorModel, MinimValue, MaximValue, Unit, SensorType) VALUES (15293, 'Άγιος Δημήτριος', 'OJRD-768', 735.0, 1077.9, 'hPa', 'Pressure');
INSERT INTO MEASUREMENT (DateTime, SensorID, MeasValue) VALUES (TO_DATE('10/05/18 12:48', 'DD/MM/YY HH24:MI'), 15293, 1006.1);
INSERT INTO SENSOR (SerialNumber, CityPlaced, SensorModel, MinimValue, MaximValue, Unit, SensorType) VALUES (35954, 'Άγιος Δημήτριος', 'VXBX-1891', 0.0, 22.9, 'km/h', 'Wind');
INSERT INTO MEASUREMENT (DateTime, SensorID, MeasValue) VALUES (TO_DATE('10/05/18 12:48', 'DD/MM/YY HH24:MI'), 35954, 12.8);
INSERT INTO SENSOR (SerialNumber, CityPlaced, SensorModel, MinimValue, MaximValue, Unit, SensorType) VALUES (936154, 'Άνω Μελίσσια', 'JZMMK-415', -53.0, 71.9, '°C', 'Temperature');
INSERT INTO MEASUREMENT (DateTime, SensorID, MeasValue) VALUES (TO_DATE('10/05/18 12:48', 'DD/MM/YY HH24:MI'), 936154, 21.8);
INSERT INTO SENSOR (SerialNumber, CityPlaced, SensorModel, MinimValue, MaximValue, Unit, SensorType) VALUES (152539, 'Άνω Μελίσσια', 'TIZIG-9769', 0, 100, '%', 'Humidity');
INSERT INTO MEASUREMENT (DateTime, SensorID, MeasValue) VALUES (TO_DATE('10/05/18 12:48', 'DD/MM/YY HH24:MI'), 152539, 52);
INSERT INTO SENSOR (SerialNumber, CityPlaced, SensorModel, MinimValue, MaximValue, Unit, SensorType) VALUES (48639, 'Άνω Μελίσσια', 'AGTB-909', 747.0, 1082.9, 'hPa', 'Pressure');
INSERT INTO MEASUREMENT (DateTime, SensorID, MeasValue) VALUES (TO_DATE('10/05/18 12:48', 'DD/MM/YY HH24:MI'), 48639, 1005.4);
INSERT INTO SENSOR (SerialNumber, CityPlaced, SensorModel, MinimValue, MaximValue, Unit, SensorType) VALUES (72256, 'Άνω Μελίσσια', 'LGXS-7714', 0.0, 22.9, 'km/h', 'Wind');
INSERT INTO MEASUREMENT (DateTime, SensorID, MeasValue) VALUES (TO_DATE('10/05/18 12:48', 'DD/MM/YY HH24:MI'), 72256, 8.3);
INSERT INTO SENSOR (SerialNumber, CityPlaced, SensorModel, MinimValue, MaximValue, Unit, SensorType) VALUES (885776, 'Ύδρα', 'FQFKG-717', -56.0, 62.9, '°C', 'Temperature');
INSERT INTO MEASUREMENT (DateTime, SensorID, MeasValue) VALUES (TO_DATE('10/05/18 12:47', 'DD/MM/YY HH24:MI'), 885776, 21.7);
INSERT INTO SENSOR (SerialNumber, CityPlaced, SensorModel, MinimValue, MaximValue, Unit, SensorType) VALUES (121527, 'Ύδρα', 'VCUGB-8332', 0, 100, '%', 'Humidity');
INSERT INTO MEASUREMENT (DateTime, SensorID, MeasValue) VALUES (TO_DATE('10/05/18 12:47', 'DD/MM/YY HH24:MI'), 121527, 68);
INSERT INTO SENSOR (SerialNumber, CityPlaced, SensorModel, MinimValue, MaximValue, Unit, SensorType) VALUES (28979, 'Ύδρα', 'DVDO-447', 722.0, 1083.9, 'hPa', 'Pressure');
INSERT INTO MEASUREMENT (DateTime, SensorID, MeasValue) VALUES (TO_DATE('10/05/18 12:47', 'DD/MM/YY HH24:MI'), 28979, 1005.9);
INSERT INTO SENSOR (SerialNumber, CityPlaced, SensorModel, MinimValue, MaximValue, Unit, SensorType) VALUES (78611, 'Ύδρα', 'GTGM-8435', 0.0, 20.9, 'km/h', 'Wind');
INSERT INTO MEASUREMENT (DateTime, SensorID, MeasValue) VALUES (TO_DATE('10/05/18 12:47', 'DD/MM/YY HH24:MI'), 78611, 1.3);
INSERT INTO SENSOR (SerialNumber, CityPlaced, SensorModel, MinimValue, MaximValue, Unit, SensorType) VALUES (469432, 'Αγία Παρασκευή', 'RWCWG-537', -56.0, 79.9, '°C', 'Temperature');
INSERT INTO MEASUREMENT (DateTime, SensorID, MeasValue) VALUES (TO_DATE('10/05/18 12:45', 'DD/MM/YY HH24:MI'), 469432, 22.1);
INSERT INTO SENSOR (SerialNumber, CityPlaced, SensorModel, MinimValue, MaximValue, Unit, SensorType) VALUES (612195, 'Αγία Παρασκευή', 'EXWQP-0169', 0, 100, '%', 'Humidity');
INSERT INTO MEASUREMENT (DateTime, SensorID, MeasValue) VALUES (TO_DATE('10/05/18 12:45', 'DD/MM/YY HH24:MI'), 612195, 63);
INSERT INTO SENSOR (SerialNumber, CityPlaced, SensorModel, MinimValue, MaximValue, Unit, SensorType) VALUES (94441, 'Αγία Παρασκευή', 'NFIU-849', 731.0, 1087.9, 'hPa', 'Pressure');
INSERT INTO MEASUREMENT (DateTime, SensorID, MeasValue) VALUES (TO_DATE('10/05/18 12:45', 'DD/MM/YY HH24:MI'), 94441, 1004.5);
INSERT INTO SENSOR (SerialNumber, CityPlaced, SensorModel, MinimValue, MaximValue, Unit, SensorType) VALUES (90355, 'Αγία Παρασκευή', 'SSIN-8435', 0.0, 21.9, 'km/h', 'Wind');
INSERT INTO MEASUREMENT (DateTime, SensorID, MeasValue) VALUES (TO_DATE('10/05/18 12:45', 'DD/MM/YY HH24:MI'), 90355, 8.0);
INSERT INTO SENSOR (SerialNumber, CityPlaced, SensorModel, MinimValue, MaximValue, Unit, SensorType) VALUES (481418, 'Αγιος Στέφανος 2', 'NITRU-820', -56.0, 60.9, '°C', 'Temperature');
INSERT INTO MEASUREMENT (DateTime, SensorID, MeasValue) VALUES (TO_DATE('10/05/18 12:47', 'DD/MM/YY HH24:MI'), 481418, 22.9);
INSERT INTO SENSOR (SerialNumber, CityPlaced, SensorModel, MinimValue, MaximValue, Unit, SensorType) VALUES (237547, 'Αγιος Στέφανος 2', 'MYQMQ-8579', 0, 100, '%', 'Humidity');
INSERT INTO MEASUREMENT (DateTime, SensorID, MeasValue) VALUES (TO_DATE('10/05/18 12:47', 'DD/MM/YY HH24:MI'), 237547, 57);
INSERT INTO SENSOR (SerialNumber, CityPlaced, SensorModel, MinimValue, MaximValue, Unit, SensorType) VALUES (90889, 'Αγιος Στέφανος 2', 'JNPY-090', 749.0, 1079.9, 'hPa', 'Pressure');
INSERT INTO MEASUREMENT (DateTime, SensorID, MeasValue) VALUES (TO_DATE('10/05/18 12:47', 'DD/MM/YY HH24:MI'), 90889, 1007.0);
INSERT INTO SENSOR (SerialNumber, CityPlaced, SensorModel, MinimValue, MaximValue, Unit, SensorType) VALUES (50027, 'Αγιος Στέφανος 2', 'DBUR-6565', 0.0, 25.9, 'km/h', 'Wind');
INSERT INTO MEASUREMENT (DateTime, SensorID, MeasValue) VALUES (TO_DATE('10/05/18 12:47', 'DD/MM/YY HH24:MI'), 50027, 0.0);
INSERT INTO SENSOR (SerialNumber, CityPlaced, SensorModel, MinimValue, MaximValue, Unit, SensorType) VALUES (899098, 'Αγιος Στέφανος', 'SDKGO-617', -54.0, 62.9, '°C', 'Temperature');
INSERT INTO MEASUREMENT (DateTime, SensorID, MeasValue) VALUES (TO_DATE('10/05/18 12:49', 'DD/MM/YY HH24:MI'), 899098, 22.1);
INSERT INTO SENSOR (SerialNumber, CityPlaced, SensorModel, MinimValue, MaximValue, Unit, SensorType) VALUES (788367, 'Αγιος Στέφανος', 'PMFUC-2128', 0, 100, '%', 'Humidity');
INSERT INTO MEASUREMENT (DateTime, SensorID, MeasValue) VALUES (TO_DATE('10/05/18 12:49', 'DD/MM/YY HH24:MI'), 788367, 62);
INSERT INTO SENSOR (SerialNumber, CityPlaced, SensorModel, MinimValue, MaximValue, Unit, SensorType) VALUES (47487, 'Αγιος Στέφανος', 'OCJM-480', 737.0, 1082.9, 'hPa', 'Pressure');
INSERT INTO MEASUREMENT (DateTime, SensorID, MeasValue) VALUES (TO_DATE('10/05/18 12:49', 'DD/MM/YY HH24:MI'), 47487, 1007.0);
INSERT INTO SENSOR (SerialNumber, CityPlaced, SensorModel, MinimValue, MaximValue, Unit, SensorType) VALUES (45092, 'Αγιος Στέφανος', 'JYBW-1996', 0.0, 22.9, 'km/h', 'Wind');
INSERT INTO MEASUREMENT (DateTime, SensorID, MeasValue) VALUES (TO_DATE('10/05/18 12:49', 'DD/MM/YY HH24:MI'), 45092, 5.4);
INSERT INTO SENSOR (SerialNumber, CityPlaced, SensorModel, MinimValue, MaximValue, Unit, SensorType) VALUES (141082, 'Αθήνα Άνω Κυψέλη', 'QDVER-921', -51.0, 62.9, '°C', 'Temperature');
INSERT INTO MEASUREMENT (DateTime, SensorID, MeasValue) VALUES (TO_DATE('10/05/18 12:45', 'DD/MM/YY HH24:MI'), 141082, 25.2);
INSERT INTO SENSOR (SerialNumber, CityPlaced, SensorModel, MinimValue, MaximValue, Unit, SensorType) VALUES (520305, 'Αθήνα Άνω Κυψέλη', 'XBSBR-7571', 0, 100, '%', 'Humidity');
INSERT INTO MEASUREMENT (DateTime, SensorID, MeasValue) VALUES (TO_DATE('10/05/18 12:45', 'DD/MM/YY HH24:MI'), 520305, 49);
INSERT INTO SENSOR (SerialNumber, CityPlaced, SensorModel, MinimValue, MaximValue, Unit, SensorType) VALUES (71284, 'Αθήνα Άνω Κυψέλη', 'OMEU-582', 745.0, 1077.9, 'hPa', 'Pressure');
INSERT INTO MEASUREMENT (DateTime, SensorID, MeasValue) VALUES (TO_DATE('10/05/18 12:45', 'DD/MM/YY HH24:MI'), 71284, 1005.4);
INSERT INTO SENSOR (SerialNumber, CityPlaced, SensorModel, MinimValue, MaximValue, Unit, SensorType) VALUES (55626, 'Αθήνα Άνω Κυψέλη', 'DVMF-1164', 0.0, 22.9, 'km/h', 'Wind');
INSERT INTO MEASUREMENT (DateTime, SensorID, MeasValue) VALUES (TO_DATE('10/05/18 12:45', 'DD/MM/YY HH24:MI'), 55626, 0.0);
INSERT INTO SENSOR (SerialNumber, CityPlaced, SensorModel, MinimValue, MaximValue, Unit, SensorType) VALUES (874878, 'Αθήνα Χαροκόπειο Πανεπιστήμιο', 'ALHVK-980', -53.0, 73.9, '°C', 'Temperature');
INSERT INTO MEASUREMENT (DateTime, SensorID, MeasValue) VALUES (TO_DATE('10/05/18 12:42', 'DD/MM/YY HH24:MI'), 874878, 24.1);
INSERT INTO SENSOR (SerialNumber, CityPlaced, SensorModel, MinimValue, MaximValue, Unit, SensorType) VALUES (398499, 'Αθήνα Χαροκόπειο Πανεπιστήμιο', 'ZSRAX-9381', 0, 100, '%', 'Humidity');
INSERT INTO MEASUREMENT (DateTime, SensorID, MeasValue) VALUES (TO_DATE('10/05/18 12:42', 'DD/MM/YY HH24:MI'), 398499, 59);
INSERT INTO SENSOR (SerialNumber, CityPlaced, SensorModel, MinimValue, MaximValue, Unit, SensorType) VALUES (12198, 'Αθήνα Χαροκόπειο Πανεπιστήμιο', 'IGNE-161', 704.0, 1083.9, 'hPa', 'Pressure');
INSERT INTO MEASUREMENT (DateTime, SensorID, MeasValue) VALUES (TO_DATE('10/05/18 12:42', 'DD/MM/YY HH24:MI'), 12198, 1005.8);
INSERT INTO SENSOR (SerialNumber, CityPlaced, SensorModel, MinimValue, MaximValue, Unit, SensorType) VALUES (49629, 'Αθήνα Χαροκόπειο Πανεπιστήμιο', 'NDII-8087', 0.0, 21.9, 'km/h', 'Wind');
INSERT INTO MEASUREMENT (DateTime, SensorID, MeasValue) VALUES (TO_DATE('10/05/18 12:42', 'DD/MM/YY HH24:MI'), 49629, 2.7);
INSERT INTO SENSOR (SerialNumber, CityPlaced, SensorModel, MinimValue, MaximValue, Unit, SensorType) VALUES (309172, 'Αιγάλεω', 'MBTAG-202', -55.0, 66.9, '°C', 'Temperature');
INSERT INTO MEASUREMENT (DateTime, SensorID, MeasValue) VALUES (TO_DATE('10/05/18 12:43', 'DD/MM/YY HH24:MI'), 309172, 23.7);
INSERT INTO SENSOR (SerialNumber, CityPlaced, SensorModel, MinimValue, MaximValue, Unit, SensorType) VALUES (843213, 'Αιγάλεω', 'YICQV-3472', 0, 100, '%', 'Humidity');
INSERT INTO MEASUREMENT (DateTime, SensorID, MeasValue) VALUES (TO_DATE('10/05/18 12:43', 'DD/MM/YY HH24:MI'), 843213, 58);
INSERT INTO SENSOR (SerialNumber, CityPlaced, SensorModel, MinimValue, MaximValue, Unit, SensorType) VALUES (47586, 'Αιγάλεω', 'NYRJ-956', 734.0, 1051.9, 'hPa', 'Pressure');
INSERT INTO MEASUREMENT (DateTime, SensorID, MeasValue) VALUES (TO_DATE('10/05/18 12:43', 'DD/MM/YY HH24:MI'), 47586, 1007.0);
INSERT INTO SENSOR (SerialNumber, CityPlaced, SensorModel, MinimValue, MaximValue, Unit, SensorType) VALUES (79621, 'Αιγάλεω', 'ZCHU-0127', 0.0, 25.9, 'km/h', 'Wind');
INSERT INTO MEASUREMENT (DateTime, SensorID, MeasValue) VALUES (TO_DATE('10/05/18 12:43', 'DD/MM/YY HH24:MI'), 79621, 10.2);
INSERT INTO SENSOR (SerialNumber, CityPlaced, SensorModel, MinimValue, MaximValue, Unit, SensorType) VALUES (784855, 'Ανάβυσσος', 'TYNLK-659', -54.0, 60.9, '°C', 'Temperature');
INSERT INTO MEASUREMENT (DateTime, SensorID, MeasValue) VALUES (TO_DATE('10/05/18 12:39', 'DD/MM/YY HH24:MI'), 784855, 21.7);
INSERT INTO SENSOR (SerialNumber, CityPlaced, SensorModel, MinimValue, MaximValue, Unit, SensorType) VALUES (218401, 'Ανάβυσσος', 'RMGIF-1351', 0, 100, '%', 'Humidity');
INSERT INTO MEASUREMENT (DateTime, SensorID, MeasValue) VALUES (TO_DATE('10/05/18 12:39', 'DD/MM/YY HH24:MI'), 218401, 70);
INSERT INTO SENSOR (SerialNumber, CityPlaced, SensorModel, MinimValue, MaximValue, Unit, SensorType) VALUES (85369, 'Ανάβυσσος', 'NRWD-347', 738.0, 1086.9, 'hPa', 'Pressure');
INSERT INTO MEASUREMENT (DateTime, SensorID, MeasValue) VALUES (TO_DATE('10/05/18 12:39', 'DD/MM/YY HH24:MI'), 85369, 1005.2);
INSERT INTO SENSOR (SerialNumber, CityPlaced, SensorModel, MinimValue, MaximValue, Unit, SensorType) VALUES (38493, 'Ανάβυσσος', 'WPOX-4601', 0.0, 21.9, 'km/h', 'Wind');
INSERT INTO MEASUREMENT (DateTime, SensorID, MeasValue) VALUES (TO_DATE('10/05/18 12:39', 'DD/MM/YY HH24:MI'), 38493, 1.6);
INSERT INTO SENSOR (SerialNumber, CityPlaced, SensorModel, MinimValue, MaximValue, Unit, SensorType) VALUES (881874, 'Ασπρόπυργος SV1EJD', 'MXCOW-532', -59.0, 79.9, '°C', 'Temperature');
INSERT INTO MEASUREMENT (DateTime, SensorID, MeasValue) VALUES (TO_DATE('10/05/18 12:30', 'DD/MM/YY HH24:MI'), 881874, 23.9);
INSERT INTO SENSOR (SerialNumber, CityPlaced, SensorModel, MinimValue, MaximValue, Unit, SensorType) VALUES (288092, 'Ασπρόπυργος SV1EJD', 'TTLLR-9935', 0, 100, '%', 'Humidity');
INSERT INTO MEASUREMENT (DateTime, SensorID, MeasValue) VALUES (TO_DATE('10/05/18 12:30', 'DD/MM/YY HH24:MI'), 288092, 50);
INSERT INTO SENSOR (SerialNumber, CityPlaced, SensorModel, MinimValue, MaximValue, Unit, SensorType) VALUES (62894, 'Ασπρόπυργος SV1EJD', 'AZRT-558', 743.0, 1093.9, 'hPa', 'Pressure');
INSERT INTO MEASUREMENT (DateTime, SensorID, MeasValue) VALUES (TO_DATE('10/05/18 12:30', 'DD/MM/YY HH24:MI'), 62894, 1005.4);
INSERT INTO SENSOR (SerialNumber, CityPlaced, SensorModel, MinimValue, MaximValue, Unit, SensorType) VALUES (65170, 'Ασπρόπυργος SV1EJD', 'NIDX-5816', 0.0, 20.9, 'km/h', 'Wind');
INSERT INTO MEASUREMENT (DateTime, SensorID, MeasValue) VALUES (TO_DATE('10/05/18 12:30', 'DD/MM/YY HH24:MI'), 65170, 13.2);
INSERT INTO SENSOR (SerialNumber, CityPlaced, SensorModel, MinimValue, MaximValue, Unit, SensorType) VALUES (565449, 'Αυλώνας', 'HVKXG-374', -50.0, 71.9, '°C', 'Temperature');
INSERT INTO MEASUREMENT (DateTime, SensorID, MeasValue) VALUES (TO_DATE('10/05/18 12:48', 'DD/MM/YY HH24:MI'), 565449, 18.6);
INSERT INTO SENSOR (SerialNumber, CityPlaced, SensorModel, MinimValue, MaximValue, Unit, SensorType) VALUES (519305, 'Αυλώνας', 'ZSFEY-2920', 0, 100, '%', 'Humidity');
INSERT INTO MEASUREMENT (DateTime, SensorID, MeasValue) VALUES (TO_DATE('10/05/18 12:48', 'DD/MM/YY HH24:MI'), 519305, 68);
INSERT INTO SENSOR (SerialNumber, CityPlaced, SensorModel, MinimValue, MaximValue, Unit, SensorType) VALUES (66622, 'Αυλώνας', 'SKXZ-001', 745.0, 1054.9, 'hPa', 'Pressure');
INSERT INTO MEASUREMENT (DateTime, SensorID, MeasValue) VALUES (TO_DATE('10/05/18 12:48', 'DD/MM/YY HH24:MI'), 66622, 1005.7);
INSERT INTO SENSOR (SerialNumber, CityPlaced, SensorModel, MinimValue, MaximValue, Unit, SensorType) VALUES (30533, 'Αυλώνας', 'JYEA-1654', 0.0, 25.9, 'km/h', 'Wind');
INSERT INTO MEASUREMENT (DateTime, SensorID, MeasValue) VALUES (TO_DATE('10/05/18 12:48', 'DD/MM/YY HH24:MI'), 30533, 4.2);
INSERT INTO SENSOR (SerialNumber, CityPlaced, SensorModel, MinimValue, MaximValue, Unit, SensorType) VALUES (678748, 'Αχαρναί Άγιος Πέτρος', 'JLWPM-593', -50.0, 67.9, '°C', 'Temperature');
INSERT INTO MEASUREMENT (DateTime, SensorID, MeasValue) VALUES (TO_DATE('10/05/18 12:48', 'DD/MM/YY HH24:MI'), 678748, 22.9);
INSERT INTO SENSOR (SerialNumber, CityPlaced, SensorModel, MinimValue, MaximValue, Unit, SensorType) VALUES (788360, 'Αχαρναί Άγιος Πέτρος', 'EDUJB-0952', 0, 100, '%', 'Humidity');
INSERT INTO MEASUREMENT (DateTime, SensorID, MeasValue) VALUES (TO_DATE('10/05/18 12:48', 'DD/MM/YY HH24:MI'), 788360, 55);
INSERT INTO SENSOR (SerialNumber, CityPlaced, SensorModel, MinimValue, MaximValue, Unit, SensorType) VALUES (23865, 'Αχαρναί Άγιος Πέτρος', 'ATGT-778', 748.0, 1083.9, 'hPa', 'Pressure');
INSERT INTO MEASUREMENT (DateTime, SensorID, MeasValue) VALUES (TO_DATE('10/05/18 12:48', 'DD/MM/YY HH24:MI'), 23865, 1005.8);
INSERT INTO SENSOR (SerialNumber, CityPlaced, SensorModel, MinimValue, MaximValue, Unit, SensorType) VALUES (24610, 'Αχαρναί Άγιος Πέτρος', 'DFDY-8051', 0.0, 25.9, 'km/h', 'Wind');
INSERT INTO MEASUREMENT (DateTime, SensorID, MeasValue) VALUES (TO_DATE('10/05/18 12:48', 'DD/MM/YY HH24:MI'), 24610, 6.7);
INSERT INTO SENSOR (SerialNumber, CityPlaced, SensorModel, MinimValue, MaximValue, Unit, SensorType) VALUES (948573, 'Αχαρναί 2', 'HRSYU-720', -51.0, 72.9, '°C', 'Temperature');
INSERT INTO MEASUREMENT (DateTime, SensorID, MeasValue) VALUES (TO_DATE('10/05/18 12:45', 'DD/MM/YY HH24:MI'), 948573, 24.4);
INSERT INTO SENSOR (SerialNumber, CityPlaced, SensorModel, MinimValue, MaximValue, Unit, SensorType) VALUES (115162, 'Αχαρναί 2', 'BMCXG-0173', 0, 100, '%', 'Humidity');
INSERT INTO MEASUREMENT (DateTime, SensorID, MeasValue) VALUES (TO_DATE('10/05/18 12:45', 'DD/MM/YY HH24:MI'), 115162, 61);
INSERT INTO SENSOR (SerialNumber, CityPlaced, SensorModel, MinimValue, MaximValue, Unit, SensorType) VALUES (18546, 'Αχαρναί 2', 'OQHW-096', 748.0, 1091.9, 'hPa', 'Pressure');
INSERT INTO MEASUREMENT (DateTime, SensorID, MeasValue) VALUES (TO_DATE('10/05/18 12:45', 'DD/MM/YY HH24:MI'), 18546, 1006.0);
INSERT INTO SENSOR (SerialNumber, CityPlaced, SensorModel, MinimValue, MaximValue, Unit, SensorType) VALUES (71401, 'Αχαρναί 2', 'UMLO-4529', 0.0, 21.9, 'km/h', 'Wind');
INSERT INTO MEASUREMENT (DateTime, SensorID, MeasValue) VALUES (TO_DATE('10/05/18 12:45', 'DD/MM/YY HH24:MI'), 71401, 7.4);
INSERT INTO SENSOR (SerialNumber, CityPlaced, SensorModel, MinimValue, MaximValue, Unit, SensorType) VALUES (956042, 'Αχαρναί', 'KXOIQ-371', -51.0, 67.9, '°C', 'Temperature');
INSERT INTO MEASUREMENT (DateTime, SensorID, MeasValue) VALUES (TO_DATE('10/05/18 12:48', 'DD/MM/YY HH24:MI'), 956042, 23.9);
INSERT INTO SENSOR (SerialNumber, CityPlaced, SensorModel, MinimValue, MaximValue, Unit, SensorType) VALUES (481724, 'Αχαρναί', 'ZJAUR-6092', 0, 100, '%', 'Humidity');
INSERT INTO MEASUREMENT (DateTime, SensorID, MeasValue) VALUES (TO_DATE('10/05/18 12:48', 'DD/MM/YY HH24:MI'), 481724, 52);
INSERT INTO SENSOR (SerialNumber, CityPlaced, SensorModel, MinimValue, MaximValue, Unit, SensorType) VALUES (11579, 'Αχαρναί', 'UCRZ-384', 732.0, 1057.9, 'hPa', 'Pressure');
INSERT INTO MEASUREMENT (DateTime, SensorID, MeasValue) VALUES (TO_DATE('10/05/18 12:48', 'DD/MM/YY HH24:MI'), 11579, 1005.5);
INSERT INTO SENSOR (SerialNumber, CityPlaced, SensorModel, MinimValue, MaximValue, Unit, SensorType) VALUES (50684, 'Αχαρναί', 'TMQY-4268', 0.0, 21.9, 'km/h', 'Wind');
INSERT INTO MEASUREMENT (DateTime, SensorID, MeasValue) VALUES (TO_DATE('10/05/18 12:48', 'DD/MM/YY HH24:MI'), 50684, 1.6);
INSERT INTO SENSOR (SerialNumber, CityPlaced, SensorModel, MinimValue, MaximValue, Unit, SensorType) VALUES (682881, 'Βάρκιζα', 'MHSTV-035', -50.0, 78.9, '°C', 'Temperature');
INSERT INTO MEASUREMENT (DateTime, SensorID, MeasValue) VALUES (TO_DATE('10/05/18 12:46', 'DD/MM/YY HH24:MI'), 682881, 22.3);
INSERT INTO SENSOR (SerialNumber, CityPlaced, SensorModel, MinimValue, MaximValue, Unit, SensorType) VALUES (797681, 'Βάρκιζα', 'TFQFN-4300', 0, 100, '%', 'Humidity');
INSERT INTO MEASUREMENT (DateTime, SensorID, MeasValue) VALUES (TO_DATE('10/05/18 12:46', 'DD/MM/YY HH24:MI'), 797681, 62);
INSERT INTO SENSOR (SerialNumber, CityPlaced, SensorModel, MinimValue, MaximValue, Unit, SensorType) VALUES (81264, 'Βάρκιζα', 'HCJC-504', 709.0, 1057.9, 'hPa', 'Pressure');
INSERT INTO MEASUREMENT (DateTime, SensorID, MeasValue) VALUES (TO_DATE('10/05/18 12:46', 'DD/MM/YY HH24:MI'), 81264, 1006.6);
INSERT INTO SENSOR (SerialNumber, CityPlaced, SensorModel, MinimValue, MaximValue, Unit, SensorType) VALUES (21471, 'Βάρκιζα', 'PKQM-8678', 0.0, 23.9, 'km/h', 'Wind');
INSERT INTO MEASUREMENT (DateTime, SensorID, MeasValue) VALUES (TO_DATE('10/05/18 12:46', 'DD/MM/YY HH24:MI'), 21471, 5.1);
INSERT INTO SENSOR (SerialNumber, CityPlaced, SensorModel, MinimValue, MaximValue, Unit, SensorType) VALUES (807603, 'Βύρωνας', 'FGVDX-717', -55.0, 69.9, '°C', 'Temperature');
INSERT INTO MEASUREMENT (DateTime, SensorID, MeasValue) VALUES (TO_DATE('10/05/18 12:47', 'DD/MM/YY HH24:MI'), 807603, 23.3);
INSERT INTO SENSOR (SerialNumber, CityPlaced, SensorModel, MinimValue, MaximValue, Unit, SensorType) VALUES (559074, 'Βύρωνας', 'LSXBB-2571', 0, 100, '%', 'Humidity');
INSERT INTO MEASUREMENT (DateTime, SensorID, MeasValue) VALUES (TO_DATE('10/05/18 12:47', 'DD/MM/YY HH24:MI'), 559074, 40);
INSERT INTO SENSOR (SerialNumber, CityPlaced, SensorModel, MinimValue, MaximValue, Unit, SensorType) VALUES (81398, 'Βύρωνας', 'KMPV-213', 707.0, 1091.9, 'hPa', 'Pressure');
INSERT INTO MEASUREMENT (DateTime, SensorID, MeasValue) VALUES (TO_DATE('10/05/18 12:47', 'DD/MM/YY HH24:MI'), 81398, 1008.0);
INSERT INTO SENSOR (SerialNumber, CityPlaced, SensorModel, MinimValue, MaximValue, Unit, SensorType) VALUES (92465, 'Βύρωνας', 'FSKK-7760', 0.0, 22.9, 'km/h', 'Wind');
INSERT INTO MEASUREMENT (DateTime, SensorID, MeasValue) VALUES (TO_DATE('10/05/18 12:47', 'DD/MM/YY HH24:MI'), 92465, 5.5);
INSERT INTO SENSOR (SerialNumber, CityPlaced, SensorModel, MinimValue, MaximValue, Unit, SensorType) VALUES (177273, 'Γαλάτσι 2', 'SMDWH-745', -53.0, 72.9, '°C', 'Temperature');
INSERT INTO MEASUREMENT (DateTime, SensorID, MeasValue) VALUES (TO_DATE('10/05/18 12:40', 'DD/MM/YY HH24:MI'), 177273, 22.9);
INSERT INTO SENSOR (SerialNumber, CityPlaced, SensorModel, MinimValue, MaximValue, Unit, SensorType) VALUES (783728, 'Γαλάτσι 2', 'DJGLZ-1764', 0, 100, '%', 'Humidity');
INSERT INTO MEASUREMENT (DateTime, SensorID, MeasValue) VALUES (TO_DATE('10/05/18 12:40', 'DD/MM/YY HH24:MI'), 783728, 56);
INSERT INTO SENSOR (SerialNumber, CityPlaced, SensorModel, MinimValue, MaximValue, Unit, SensorType) VALUES (63257, 'Γαλάτσι 2', 'WPAF-617', 711.0, 1097.9, 'hPa', 'Pressure');
INSERT INTO MEASUREMENT (DateTime, SensorID, MeasValue) VALUES (TO_DATE('10/05/18 12:40', 'DD/MM/YY HH24:MI'), 63257, 1006.4);
INSERT INTO SENSOR (SerialNumber, CityPlaced, SensorModel, MinimValue, MaximValue, Unit, SensorType) VALUES (81847, 'Γαλάτσι 2', 'GJHE-7604', 0.0, 22.9, 'km/h', 'Wind');
INSERT INTO MEASUREMENT (DateTime, SensorID, MeasValue) VALUES (TO_DATE('10/05/18 12:40', 'DD/MM/YY HH24:MI'), 81847, 5.3);
INSERT INTO SENSOR (SerialNumber, CityPlaced, SensorModel, MinimValue, MaximValue, Unit, SensorType) VALUES (532504, 'Γαλάτσι', 'IFYFJ-192', -60.0, 74.9, '°C', 'Temperature');
INSERT INTO MEASUREMENT (DateTime, SensorID, MeasValue) VALUES (TO_DATE('10/05/18 12:48', 'DD/MM/YY HH24:MI'), 532504, 25.7);
INSERT INTO SENSOR (SerialNumber, CityPlaced, SensorModel, MinimValue, MaximValue, Unit, SensorType) VALUES (767174, 'Γαλάτσι', 'OOOMK-5028', 0, 100, '%', 'Humidity');
INSERT INTO MEASUREMENT (DateTime, SensorID, MeasValue) VALUES (TO_DATE('10/05/18 12:48', 'DD/MM/YY HH24:MI'), 767174, 66);
INSERT INTO SENSOR (SerialNumber, CityPlaced, SensorModel, MinimValue, MaximValue, Unit, SensorType) VALUES (73303, 'Γαλάτσι', 'LJXZ-143', 720.0, 1068.9, 'hPa', 'Pressure');
INSERT INTO MEASUREMENT (DateTime, SensorID, MeasValue) VALUES (TO_DATE('10/05/18 12:48', 'DD/MM/YY HH24:MI'), 73303, 1004.7);
INSERT INTO SENSOR (SerialNumber, CityPlaced, SensorModel, MinimValue, MaximValue, Unit, SensorType) VALUES (23688, 'Γαλάτσι', 'XNMM-3247', 0.0, 23.9, 'km/h', 'Wind');
INSERT INTO MEASUREMENT (DateTime, SensorID, MeasValue) VALUES (TO_DATE('10/05/18 12:48', 'DD/MM/YY HH24:MI'), 23688, 7.7);
INSERT INTO SENSOR (SerialNumber, CityPlaced, SensorModel, MinimValue, MaximValue, Unit, SensorType) VALUES (374276, 'Διόνυσσος 2', 'TIWWR-580', -55.0, 67.9, '°C', 'Temperature');
INSERT INTO MEASUREMENT (DateTime, SensorID, MeasValue) VALUES (TO_DATE('10/05/18 12:44', 'DD/MM/YY HH24:MI'), 374276, 19.9);
INSERT INTO SENSOR (SerialNumber, CityPlaced, SensorModel, MinimValue, MaximValue, Unit, SensorType) VALUES (233725, 'Διόνυσσος 2', 'ZHQIL-7620', 0, 100, '%', 'Humidity');
INSERT INTO MEASUREMENT (DateTime, SensorID, MeasValue) VALUES (TO_DATE('10/05/18 12:44', 'DD/MM/YY HH24:MI'), 233725, 68);
INSERT INTO SENSOR (SerialNumber, CityPlaced, SensorModel, MinimValue, MaximValue, Unit, SensorType) VALUES (64319, 'Διόνυσσος 2', 'YMTC-702', 702.0, 1096.9, 'hPa', 'Pressure');
INSERT INTO MEASUREMENT (DateTime, SensorID, MeasValue) VALUES (TO_DATE('10/05/18 12:44', 'DD/MM/YY HH24:MI'), 64319, 1005.8);
INSERT INTO SENSOR (SerialNumber, CityPlaced, SensorModel, MinimValue, MaximValue, Unit, SensorType) VALUES (79293, 'Διόνυσσος 2', 'IEOC-8957', 0.0, 20.9, 'km/h', 'Wind');
INSERT INTO MEASUREMENT (DateTime, SensorID, MeasValue) VALUES (TO_DATE('10/05/18 12:44', 'DD/MM/YY HH24:MI'), 79293, 2.7);
INSERT INTO SENSOR (SerialNumber, CityPlaced, SensorModel, MinimValue, MaximValue, Unit, SensorType) VALUES (816715, 'Διόνυσσος', 'VIVUG-878', -56.0, 70.9, '°C', 'Temperature');
INSERT INTO MEASUREMENT (DateTime, SensorID, MeasValue) VALUES (TO_DATE('10/05/18 12:36', 'DD/MM/YY HH24:MI'), 816715, 19.8);
INSERT INTO SENSOR (SerialNumber, CityPlaced, SensorModel, MinimValue, MaximValue, Unit, SensorType) VALUES (153819, 'Διόνυσσος', 'NSHNX-7292', 0, 100, '%', 'Humidity');
INSERT INTO MEASUREMENT (DateTime, SensorID, MeasValue) VALUES (TO_DATE('10/05/18 12:36', 'DD/MM/YY HH24:MI'), 153819, 68);
INSERT INTO SENSOR (SerialNumber, CityPlaced, SensorModel, MinimValue, MaximValue, Unit, SensorType) VALUES (20234, 'Διόνυσσος', 'NQZV-230', 724.0, 1056.9, 'hPa', 'Pressure');
INSERT INTO MEASUREMENT (DateTime, SensorID, MeasValue) VALUES (TO_DATE('10/05/18 12:36', 'DD/MM/YY HH24:MI'), 20234, 1007.4);
INSERT INTO SENSOR (SerialNumber, CityPlaced, SensorModel, MinimValue, MaximValue, Unit, SensorType) VALUES (42540, 'Διόνυσσος', 'JWJS-2915', 0.0, 21.9, 'km/h', 'Wind');
INSERT INTO MEASUREMENT (DateTime, SensorID, MeasValue) VALUES (TO_DATE('10/05/18 12:36', 'DD/MM/YY HH24:MI'), 42540, 5.6);
INSERT INTO SENSOR (SerialNumber, CityPlaced, SensorModel, MinimValue, MaximValue, Unit, SensorType) VALUES (164686, 'Δροσιά', 'AYPPM-905', -56.0, 74.9, '°C', 'Temperature');
INSERT INTO MEASUREMENT (DateTime, SensorID, MeasValue) VALUES (TO_DATE('10/05/18 12:44', 'DD/MM/YY HH24:MI'), 164686, 22.8);
INSERT INTO SENSOR (SerialNumber, CityPlaced, SensorModel, MinimValue, MaximValue, Unit, SensorType) VALUES (155684, 'Δροσιά', 'FWPCX-0446', 0, 100, '%', 'Humidity');
INSERT INTO MEASUREMENT (DateTime, SensorID, MeasValue) VALUES (TO_DATE('10/05/18 12:44', 'DD/MM/YY HH24:MI'), 155684, 56);
INSERT INTO SENSOR (SerialNumber, CityPlaced, SensorModel, MinimValue, MaximValue, Unit, SensorType) VALUES (17062, 'Δροσιά', 'GVBW-780', 724.0, 1051.9, 'hPa', 'Pressure');
INSERT INTO MEASUREMENT (DateTime, SensorID, MeasValue) VALUES (TO_DATE('10/05/18 12:44', 'DD/MM/YY HH24:MI'), 17062, 1004.9);
INSERT INTO SENSOR (SerialNumber, CityPlaced, SensorModel, MinimValue, MaximValue, Unit, SensorType) VALUES (48395, 'Δροσιά', 'KMAO-5260', 0.0, 20.9, 'km/h', 'Wind');
INSERT INTO MEASUREMENT (DateTime, SensorID, MeasValue) VALUES (TO_DATE('10/05/18 12:44', 'DD/MM/YY HH24:MI'), 48395, 4.3);
INSERT INTO SENSOR (SerialNumber, CityPlaced, SensorModel, MinimValue, MaximValue, Unit, SensorType) VALUES (751930, 'Εκάλη', 'AKDQY-486', -56.0, 72.9, '°C', 'Temperature');
INSERT INTO MEASUREMENT (DateTime, SensorID, MeasValue) VALUES (TO_DATE('10/05/18 12:40', 'DD/MM/YY HH24:MI'), 751930, 22.6);
INSERT INTO SENSOR (SerialNumber, CityPlaced, SensorModel, MinimValue, MaximValue, Unit, SensorType) VALUES (916049, 'Εκάλη', 'DFUOX-1317', 0, 100, '%', 'Humidity');
INSERT INTO MEASUREMENT (DateTime, SensorID, MeasValue) VALUES (TO_DATE('10/05/18 12:40', 'DD/MM/YY HH24:MI'), 916049, 57);
INSERT INTO SENSOR (SerialNumber, CityPlaced, SensorModel, MinimValue, MaximValue, Unit, SensorType) VALUES (38314, 'Εκάλη', 'URAW-766', 722.0, 1060.9, 'hPa', 'Pressure');
INSERT INTO MEASUREMENT (DateTime, SensorID, MeasValue) VALUES (TO_DATE('10/05/18 12:40', 'DD/MM/YY HH24:MI'), 38314, 1006.2);
INSERT INTO SENSOR (SerialNumber, CityPlaced, SensorModel, MinimValue, MaximValue, Unit, SensorType) VALUES (29361, 'Εκάλη', 'QWAH-7825', 0.0, 25.9, 'km/h', 'Wind');
INSERT INTO MEASUREMENT (DateTime, SensorID, MeasValue) VALUES (TO_DATE('10/05/18 12:40', 'DD/MM/YY HH24:MI'), 29361, 11.5);
INSERT INTO SENSOR (SerialNumber, CityPlaced, SensorModel, MinimValue, MaximValue, Unit, SensorType) VALUES (152617, 'Ζωγράφου - Ε.Μ.Π. - Σχολή Τοπογράφων', 'TFWBS-771', -58.0, 67.9, '°C', 'Temperature');
INSERT INTO MEASUREMENT (DateTime, SensorID, MeasValue) VALUES (TO_DATE('10/05/18 12:45', 'DD/MM/YY HH24:MI'), 152617, 22.7);
INSERT INTO SENSOR (SerialNumber, CityPlaced, SensorModel, MinimValue, MaximValue, Unit, SensorType) VALUES (907803, 'Ζωγράφου - Ε.Μ.Π. - Σχολή Τοπογράφων', 'DWYIZ-5694', 0, 100, '%', 'Humidity');
INSERT INTO MEASUREMENT (DateTime, SensorID, MeasValue) VALUES (TO_DATE('10/05/18 12:45', 'DD/MM/YY HH24:MI'), 907803, 53);
INSERT INTO SENSOR (SerialNumber, CityPlaced, SensorModel, MinimValue, MaximValue, Unit, SensorType) VALUES (45975, 'Ζωγράφου - Ε.Μ.Π. - Σχολή Τοπογράφων', 'BXAB-358', 719.0, 1050.9, 'hPa', 'Pressure');
INSERT INTO MEASUREMENT (DateTime, SensorID, MeasValue) VALUES (TO_DATE('10/05/18 12:45', 'DD/MM/YY HH24:MI'), 45975, 1006.6);
INSERT INTO SENSOR (SerialNumber, CityPlaced, SensorModel, MinimValue, MaximValue, Unit, SensorType) VALUES (30320, 'Ζωγράφου - Ε.Μ.Π. - Σχολή Τοπογράφων', 'WAIQ-4565', 0.0, 25.9, 'km/h', 'Wind');
INSERT INTO MEASUREMENT (DateTime, SensorID, MeasValue) VALUES (TO_DATE('10/05/18 12:45', 'DD/MM/YY HH24:MI'), 30320, 7.0);
INSERT INTO SENSOR (SerialNumber, CityPlaced, SensorModel, MinimValue, MaximValue, Unit, SensorType) VALUES (984745, 'Ηλιούπολη', 'CWHJO-103', -52.0, 68.9, '°C', 'Temperature');
INSERT INTO MEASUREMENT (DateTime, SensorID, MeasValue) VALUES (TO_DATE('10/05/18 12:47', 'DD/MM/YY HH24:MI'), 984745, 22.8);
INSERT INTO SENSOR (SerialNumber, CityPlaced, SensorModel, MinimValue, MaximValue, Unit, SensorType) VALUES (145926, 'Ηλιούπολη', 'UHYZZ-8611', 0, 100, '%', 'Humidity');
INSERT INTO MEASUREMENT (DateTime, SensorID, MeasValue) VALUES (TO_DATE('10/05/18 12:47', 'DD/MM/YY HH24:MI'), 145926, 59);
INSERT INTO SENSOR (SerialNumber, CityPlaced, SensorModel, MinimValue, MaximValue, Unit, SensorType) VALUES (77812, 'Ηλιούπολη', 'GVPW-496', 724.0, 1063.9, 'hPa', 'Pressure');
INSERT INTO MEASUREMENT (DateTime, SensorID, MeasValue) VALUES (TO_DATE('10/05/18 12:47', 'DD/MM/YY HH24:MI'), 77812, 1007.1);
INSERT INTO SENSOR (SerialNumber, CityPlaced, SensorModel, MinimValue, MaximValue, Unit, SensorType) VALUES (52464, 'Ηλιούπολη', 'ISGE-3058', 0.0, 23.9, 'km/h', 'Wind');
INSERT INTO MEASUREMENT (DateTime, SensorID, MeasValue) VALUES (TO_DATE('10/05/18 12:47', 'DD/MM/YY HH24:MI'), 52464, 0.8);
INSERT INTO SENSOR (SerialNumber, CityPlaced, SensorModel, MinimValue, MaximValue, Unit, SensorType) VALUES (493471, 'Καλαμάκι - AirMar', 'MKIRA-891', -53.0, 78.9, '°C', 'Temperature');
INSERT INTO MEASUREMENT (DateTime, SensorID, MeasValue) VALUES (TO_DATE('10/05/18 12:48', 'DD/MM/YY HH24:MI'), 493471, 21.5);
INSERT INTO SENSOR (SerialNumber, CityPlaced, SensorModel, MinimValue, MaximValue, Unit, SensorType) VALUES (817311, 'Καλαμάκι - AirMar', 'TKIVP-3562', 0, 100, '%', 'Humidity');
INSERT INTO MEASUREMENT (DateTime, SensorID, MeasValue) VALUES (TO_DATE('10/05/18 12:48', 'DD/MM/YY HH24:MI'), 817311, 76);
INSERT INTO SENSOR (SerialNumber, CityPlaced, SensorModel, MinimValue, MaximValue, Unit, SensorType) VALUES (66877, 'Καλαμάκι - AirMar', 'CQVC-085', 717.0, 1073.9, 'hPa', 'Pressure');
INSERT INTO MEASUREMENT (DateTime, SensorID, MeasValue) VALUES (TO_DATE('10/05/18 12:48', 'DD/MM/YY HH24:MI'), 66877, 1006.0);
INSERT INTO SENSOR (SerialNumber, CityPlaced, SensorModel, MinimValue, MaximValue, Unit, SensorType) VALUES (67070, 'Καλαμάκι - AirMar', 'NSRO-9731', 0.0, 23.9, 'km/h', 'Wind');
INSERT INTO MEASUREMENT (DateTime, SensorID, MeasValue) VALUES (TO_DATE('10/05/18 12:48', 'DD/MM/YY HH24:MI'), 67070, 6.8);
INSERT INTO SENSOR (SerialNumber, CityPlaced, SensorModel, MinimValue, MaximValue, Unit, SensorType) VALUES (351943, 'Καλύβια Θορικού', 'JQMSY-667', -52.0, 63.9, '°C', 'Temperature');
INSERT INTO MEASUREMENT (DateTime, SensorID, MeasValue) VALUES (TO_DATE('10/05/18 12:46', 'DD/MM/YY HH24:MI'), 351943, 23.5);
INSERT INTO SENSOR (SerialNumber, CityPlaced, SensorModel, MinimValue, MaximValue, Unit, SensorType) VALUES (978113, 'Καλύβια Θορικού', 'RJZUJ-2724', 0, 100, '%', 'Humidity');
INSERT INTO MEASUREMENT (DateTime, SensorID, MeasValue) VALUES (TO_DATE('10/05/18 12:46', 'DD/MM/YY HH24:MI'), 978113, 50);
INSERT INTO SENSOR (SerialNumber, CityPlaced, SensorModel, MinimValue, MaximValue, Unit, SensorType) VALUES (70647, 'Καλύβια Θορικού', 'PTTF-149', 727.0, 1099.9, 'hPa', 'Pressure');
INSERT INTO MEASUREMENT (DateTime, SensorID, MeasValue) VALUES (TO_DATE('10/05/18 12:46', 'DD/MM/YY HH24:MI'), 70647, 1007.5);
INSERT INTO SENSOR (SerialNumber, CityPlaced, SensorModel, MinimValue, MaximValue, Unit, SensorType) VALUES (91876, 'Καλύβια Θορικού', 'DPVE-4431', 0.0, 25.9, 'km/h', 'Wind');
INSERT INTO MEASUREMENT (DateTime, SensorID, MeasValue) VALUES (TO_DATE('10/05/18 12:46', 'DD/MM/YY HH24:MI'), 91876, 7.8);
INSERT INTO SENSOR (SerialNumber, CityPlaced, SensorModel, MinimValue, MaximValue, Unit, SensorType) VALUES (279160, 'Κορυδαλλός', 'GYIZA-715', -52.0, 67.9, '°C', 'Temperature');
INSERT INTO MEASUREMENT (DateTime, SensorID, MeasValue) VALUES (TO_DATE('10/05/18 12:48', 'DD/MM/YY HH24:MI'), 279160, 21.7);
INSERT INTO SENSOR (SerialNumber, CityPlaced, SensorModel, MinimValue, MaximValue, Unit, SensorType) VALUES (358929, 'Κορυδαλλός', 'EVJLW-0067', 0, 100, '%', 'Humidity');
INSERT INTO MEASUREMENT (DateTime, SensorID, MeasValue) VALUES (TO_DATE('10/05/18 12:48', 'DD/MM/YY HH24:MI'), 358929, 66);
INSERT INTO SENSOR (SerialNumber, CityPlaced, SensorModel, MinimValue, MaximValue, Unit, SensorType) VALUES (96119, 'Κορυδαλλός', 'MTVV-886', 726.0, 1091.9, 'hPa', 'Pressure');
INSERT INTO MEASUREMENT (DateTime, SensorID, MeasValue) VALUES (TO_DATE('10/05/18 12:48', 'DD/MM/YY HH24:MI'), 96119, 1007.4);
INSERT INTO SENSOR (SerialNumber, CityPlaced, SensorModel, MinimValue, MaximValue, Unit, SensorType) VALUES (63902, 'Κορυδαλλός', 'JXBE-5200', 0.0, 25.9, 'km/h', 'Wind');
INSERT INTO MEASUREMENT (DateTime, SensorID, MeasValue) VALUES (TO_DATE('10/05/18 12:48', 'DD/MM/YY HH24:MI'), 63902, 11.0);
INSERT INTO SENSOR (SerialNumber, CityPlaced, SensorModel, MinimValue, MaximValue, Unit, SensorType) VALUES (942378, 'Λαύριο 2', 'AZOIW-318', -51.0, 80.9, '°C', 'Temperature');
INSERT INTO MEASUREMENT (DateTime, SensorID, MeasValue) VALUES (TO_DATE('10/05/18 12:45', 'DD/MM/YY HH24:MI'), 942378, 25.1);
INSERT INTO SENSOR (SerialNumber, CityPlaced, SensorModel, MinimValue, MaximValue, Unit, SensorType) VALUES (589720, 'Λαύριο 2', 'HTSGL-1675', 0, 100, '%', 'Humidity');
INSERT INTO MEASUREMENT (DateTime, SensorID, MeasValue) VALUES (TO_DATE('10/05/18 12:45', 'DD/MM/YY HH24:MI'), 589720, 49);
INSERT INTO SENSOR (SerialNumber, CityPlaced, SensorModel, MinimValue, MaximValue, Unit, SensorType) VALUES (61840, 'Λαύριο 2', 'ZNLX-721', 749.0, 1098.9, 'hPa', 'Pressure');
INSERT INTO MEASUREMENT (DateTime, SensorID, MeasValue) VALUES (TO_DATE('10/05/18 12:45', 'DD/MM/YY HH24:MI'), 61840, 1006.0);
INSERT INTO SENSOR (SerialNumber, CityPlaced, SensorModel, MinimValue, MaximValue, Unit, SensorType) VALUES (53029, 'Λαύριο 2', 'KVCT-9398', 0.0, 21.9, 'km/h', 'Wind');
INSERT INTO MEASUREMENT (DateTime, SensorID, MeasValue) VALUES (TO_DATE('10/05/18 12:45', 'DD/MM/YY HH24:MI'), 53029, 4.0);
INSERT INTO SENSOR (SerialNumber, CityPlaced, SensorModel, MinimValue, MaximValue, Unit, SensorType) VALUES (737662, 'Λαύριο', 'NQXTV-923', -52.0, 67.9, '°C', 'Temperature');
INSERT INTO MEASUREMENT (DateTime, SensorID, MeasValue) VALUES (TO_DATE('10/05/18 12:38', 'DD/MM/YY HH24:MI'), 737662, 25.0);
INSERT INTO SENSOR (SerialNumber, CityPlaced, SensorModel, MinimValue, MaximValue, Unit, SensorType) VALUES (835379, 'Λαύριο', 'HKYTE-3764', 0, 100, '%', 'Humidity');
INSERT INTO MEASUREMENT (DateTime, SensorID, MeasValue) VALUES (TO_DATE('10/05/18 12:38', 'DD/MM/YY HH24:MI'), 835379, 50);
INSERT INTO SENSOR (SerialNumber, CityPlaced, SensorModel, MinimValue, MaximValue, Unit, SensorType) VALUES (22532, 'Λαύριο', 'GKUF-893', 729.0, 1092.9, 'hPa', 'Pressure');
INSERT INTO MEASUREMENT (DateTime, SensorID, MeasValue) VALUES (TO_DATE('10/05/18 12:38', 'DD/MM/YY HH24:MI'), 22532, 1004.3);
INSERT INTO SENSOR (SerialNumber, CityPlaced, SensorModel, MinimValue, MaximValue, Unit, SensorType) VALUES (11582, 'Λαύριο', 'EHYZ-6956', 0.0, 21.9, 'km/h', 'Wind');
INSERT INTO MEASUREMENT (DateTime, SensorID, MeasValue) VALUES (TO_DATE('10/05/18 12:38', 'DD/MM/YY HH24:MI'), 11582, 7.5);
INSERT INTO SENSOR (SerialNumber, CityPlaced, SensorModel, MinimValue, MaximValue, Unit, SensorType) VALUES (275371, 'Λυκόβρυση', 'RVNZZ-613', -57.0, 61.9, '°C', 'Temperature');
INSERT INTO MEASUREMENT (DateTime, SensorID, MeasValue) VALUES (TO_DATE('10/05/18 12:45', 'DD/MM/YY HH24:MI'), 275371, 22.7);
INSERT INTO SENSOR (SerialNumber, CityPlaced, SensorModel, MinimValue, MaximValue, Unit, SensorType) VALUES (624439, 'Λυκόβρυση', 'IZASN-3097', 0, 100, '%', 'Humidity');
INSERT INTO MEASUREMENT (DateTime, SensorID, MeasValue) VALUES (TO_DATE('10/05/18 12:45', 'DD/MM/YY HH24:MI'), 624439, 56);
INSERT INTO SENSOR (SerialNumber, CityPlaced, SensorModel, MinimValue, MaximValue, Unit, SensorType) VALUES (36020, 'Λυκόβρυση', 'TPHC-205', 744.0, 1080.9, 'hPa', 'Pressure');
INSERT INTO MEASUREMENT (DateTime, SensorID, MeasValue) VALUES (TO_DATE('10/05/18 12:45', 'DD/MM/YY HH24:MI'), 36020, 1006.8);
INSERT INTO SENSOR (SerialNumber, CityPlaced, SensorModel, MinimValue, MaximValue, Unit, SensorType) VALUES (22973, 'Λυκόβρυση', 'BZWB-4403', 0.0, 24.9, 'km/h', 'Wind');
INSERT INTO MEASUREMENT (DateTime, SensorID, MeasValue) VALUES (TO_DATE('10/05/18 12:45', 'DD/MM/YY HH24:MI'), 22973, 6.4);
INSERT INTO SENSOR (SerialNumber, CityPlaced, SensorModel, MinimValue, MaximValue, Unit, SensorType) VALUES (463495, 'Μαραθώνας Παραλία', 'AXDPM-069', -54.0, 62.9, '°C', 'Temperature');
INSERT INTO MEASUREMENT (DateTime, SensorID, MeasValue) VALUES (TO_DATE('10/05/18 12:47', 'DD/MM/YY HH24:MI'), 463495, 21.5);
INSERT INTO SENSOR (SerialNumber, CityPlaced, SensorModel, MinimValue, MaximValue, Unit, SensorType) VALUES (528183, 'Μαραθώνας Παραλία', 'UXVKZ-2807', 0, 100, '%', 'Humidity');
INSERT INTO MEASUREMENT (DateTime, SensorID, MeasValue) VALUES (TO_DATE('10/05/18 12:47', 'DD/MM/YY HH24:MI'), 528183, 84);
INSERT INTO SENSOR (SerialNumber, CityPlaced, SensorModel, MinimValue, MaximValue, Unit, SensorType) VALUES (83869, 'Μαραθώνας Παραλία', 'ZFNF-209', 738.0, 1074.9, 'hPa', 'Pressure');
INSERT INTO MEASUREMENT (DateTime, SensorID, MeasValue) VALUES (TO_DATE('10/05/18 12:47', 'DD/MM/YY HH24:MI'), 83869, 1007.2);
INSERT INTO MEASUREMENT (DateTime, SensorID, MeasValue) VALUES (TO_DATE('10/05/18 12:47', 'DD/MM/YY HH24:MI'), 25433, 8.1);
INSERT INTO SENSOR (SerialNumber, CityPlaced, SensorModel, MinimValue, MaximValue, Unit, SensorType) VALUES (925664, 'Μαρούσι Κοκκινιά', 'BJGHH-859', -53.0, 60.9, '°C', 'Temperature');
INSERT INTO MEASUREMENT (DateTime, SensorID, MeasValue) VALUES (TO_DATE('10/05/18 12:45', 'DD/MM/YY HH24:MI'), 925664, 23.6);
INSERT INTO SENSOR (SerialNumber, CityPlaced, SensorModel, MinimValue, MaximValue, Unit, SensorType) VALUES (384565, 'Μαρούσι Κοκκινιά', 'QYHSL-7419', 0, 100, '%', 'Humidity');
INSERT INTO MEASUREMENT (DateTime, SensorID, MeasValue) VALUES (TO_DATE('10/05/18 12:45', 'DD/MM/YY HH24:MI'), 384565, 50);
INSERT INTO SENSOR (SerialNumber, CityPlaced, SensorModel, MinimValue, MaximValue, Unit, SensorType) VALUES (76508, 'Μαρούσι Κοκκινιά', 'MMAM-264', 741.0, 1057.9, 'hPa', 'Pressure');
INSERT INTO MEASUREMENT (DateTime, SensorID, MeasValue) VALUES (TO_DATE('10/05/18 12:45', 'DD/MM/YY HH24:MI'), 76508, 1007.5);
INSERT INTO SENSOR (SerialNumber, CityPlaced, SensorModel, MinimValue, MaximValue, Unit, SensorType) VALUES (16743, 'Μαρούσι Κοκκινιά', 'VGPH-5099', 0.0, 21.9, 'km/h', 'Wind');
INSERT INTO MEASUREMENT (DateTime, SensorID, MeasValue) VALUES (TO_DATE('10/05/18 12:45', 'DD/MM/YY HH24:MI'), 16743, 7.5);
INSERT INTO SENSOR (SerialNumber, CityPlaced, SensorModel, MinimValue, MaximValue, Unit, SensorType) VALUES (993556, 'Μενίδι', 'IRGQH-579', -56.0, 68.9, '°C', 'Temperature');
INSERT INTO MEASUREMENT (DateTime, SensorID, MeasValue) VALUES (TO_DATE('10/05/18 12:44', 'DD/MM/YY HH24:MI'), 993556, 25.8);
INSERT INTO SENSOR (SerialNumber, CityPlaced, SensorModel, MinimValue, MaximValue, Unit, SensorType) VALUES (923619, 'Μενίδι', 'CFCHN-1553', 0, 100, '%', 'Humidity');
INSERT INTO MEASUREMENT (DateTime, SensorID, MeasValue) VALUES (TO_DATE('10/05/18 12:44', 'DD/MM/YY HH24:MI'), 923619, 49);
INSERT INTO SENSOR (SerialNumber, CityPlaced, SensorModel, MinimValue, MaximValue, Unit, SensorType) VALUES (33791, 'Μενίδι', 'CEBV-525', 704.0, 1077.9, 'hPa', 'Pressure');
INSERT INTO MEASUREMENT (DateTime, SensorID, MeasValue) VALUES (TO_DATE('10/05/18 12:44', 'DD/MM/YY HH24:MI'), 33791, 1005.1);
INSERT INTO SENSOR (SerialNumber, CityPlaced, SensorModel, MinimValue, MaximValue, Unit, SensorType) VALUES (68110, 'Μενίδι', 'SOOL-9617', 0.0, 24.9, 'km/h', 'Wind');
INSERT INTO MEASUREMENT (DateTime, SensorID, MeasValue) VALUES (TO_DATE('10/05/18 12:44', 'DD/MM/YY HH24:MI'), 68110, 9.1);
INSERT INTO SENSOR (SerialNumber, CityPlaced, SensorModel, MinimValue, MaximValue, Unit, SensorType) VALUES (406160, 'Νέα Κηφισιά', 'KVIMW-079', -55.0, 60.9, '°C', 'Temperature');
INSERT INTO MEASUREMENT (DateTime, SensorID, MeasValue) VALUES (TO_DATE('10/05/18 12:47', 'DD/MM/YY HH24:MI'), 406160, 23.6);
INSERT INTO SENSOR (SerialNumber, CityPlaced, SensorModel, MinimValue, MaximValue, Unit, SensorType) VALUES (142581, 'Νέα Κηφισιά', 'YSGSE-8547', 0, 100, '%', 'Humidity');
INSERT INTO MEASUREMENT (DateTime, SensorID, MeasValue) VALUES (TO_DATE('10/05/18 12:47', 'DD/MM/YY HH24:MI'), 142581, 52);
INSERT INTO SENSOR (SerialNumber, CityPlaced, SensorModel, MinimValue, MaximValue, Unit, SensorType) VALUES (80070, 'Νέα Κηφισιά', 'XJUU-486', 718.0, 1069.9, 'hPa', 'Pressure');
INSERT INTO MEASUREMENT (DateTime, SensorID, MeasValue) VALUES (TO_DATE('10/05/18 12:47', 'DD/MM/YY HH24:MI'), 80070, 1004.9);
INSERT INTO SENSOR (SerialNumber, CityPlaced, SensorModel, MinimValue, MaximValue, Unit, SensorType) VALUES (41416, 'Νέα Κηφισιά', 'SMHF-3488', 0.0, 24.9, 'km/h', 'Wind');
INSERT INTO MEASUREMENT (DateTime, SensorID, MeasValue) VALUES (TO_DATE('10/05/18 12:47', 'DD/MM/YY HH24:MI'), 41416, 10.5);
INSERT INTO SENSOR (SerialNumber, CityPlaced, SensorModel, MinimValue, MaximValue, Unit, SensorType) VALUES (419237, 'Νέο Φάληρο 2', 'KNCZX-871', -50.0, 80.9, '°C', 'Temperature');
INSERT INTO MEASUREMENT (DateTime, SensorID, MeasValue) VALUES (TO_DATE('10/05/18 12:45', 'DD/MM/YY HH24:MI'), 419237, 23.9);
INSERT INTO SENSOR (SerialNumber, CityPlaced, SensorModel, MinimValue, MaximValue, Unit, SensorType) VALUES (637410, 'Νέο Φάληρο 2', 'NNWUB-0863', 0, 100, '%', 'Humidity');
INSERT INTO MEASUREMENT (DateTime, SensorID, MeasValue) VALUES (TO_DATE('10/05/18 12:45', 'DD/MM/YY HH24:MI'), 637410, 56);
INSERT INTO SENSOR (SerialNumber, CityPlaced, SensorModel, MinimValue, MaximValue, Unit, SensorType) VALUES (95823, 'Νέο Φάληρο 2', 'BZMN-673', 707.0, 1091.9, 'hPa', 'Pressure');
INSERT INTO MEASUREMENT (DateTime, SensorID, MeasValue) VALUES (TO_DATE('10/05/18 12:45', 'DD/MM/YY HH24:MI'), 95823, 1004.0);
INSERT INTO SENSOR (SerialNumber, CityPlaced, SensorModel, MinimValue, MaximValue, Unit, SensorType) VALUES (84443, 'Νέο Φάληρο 2', 'IVYG-6681', 0.0, 23.9, 'km/h', 'Wind');
INSERT INTO MEASUREMENT (DateTime, SensorID, MeasValue) VALUES (TO_DATE('10/05/18 12:45', 'DD/MM/YY HH24:MI'), 84443, 14.0);
INSERT INTO SENSOR (SerialNumber, CityPlaced, SensorModel, MinimValue, MaximValue, Unit, SensorType) VALUES (146276, 'Νίκαια Περιβολάκι', 'UBWFM-403', -58.0, 73.9, '°C', 'Temperature');
INSERT INTO MEASUREMENT (DateTime, SensorID, MeasValue) VALUES (TO_DATE('10/05/18 12:47', 'DD/MM/YY HH24:MI'), 146276, 24.0);
INSERT INTO SENSOR (SerialNumber, CityPlaced, SensorModel, MinimValue, MaximValue, Unit, SensorType) VALUES (462636, 'Νίκαια Περιβολάκι', 'SQKOF-3787', 0, 100, '%', 'Humidity');
INSERT INTO MEASUREMENT (DateTime, SensorID, MeasValue) VALUES (TO_DATE('10/05/18 12:47', 'DD/MM/YY HH24:MI'), 462636, 75);
INSERT INTO SENSOR (SerialNumber, CityPlaced, SensorModel, MinimValue, MaximValue, Unit, SensorType) VALUES (38451, 'Νίκαια Περιβολάκι', 'OZEF-070', 705.0, 1057.9, 'hPa', 'Pressure');
INSERT INTO MEASUREMENT (DateTime, SensorID, MeasValue) VALUES (TO_DATE('10/05/18 12:47', 'DD/MM/YY HH24:MI'), 38451, 1004.8);
INSERT INTO SENSOR (SerialNumber, CityPlaced, SensorModel, MinimValue, MaximValue, Unit, SensorType) VALUES (97848, 'Νίκαια Περιβολάκι', 'ZLAZ-8840', 0.0, 25.9, 'km/h', 'Wind');
INSERT INTO MEASUREMENT (DateTime, SensorID, MeasValue) VALUES (TO_DATE('10/05/18 12:47', 'DD/MM/YY HH24:MI'), 97848, 11.8);
INSERT INTO SENSOR (SerialNumber, CityPlaced, SensorModel, MinimValue, MaximValue, Unit, SensorType) VALUES (525119, 'Παλαιό Φάληρο 2', 'EUORF-446', -52.0, 80.9, '°C', 'Temperature');
INSERT INTO MEASUREMENT (DateTime, SensorID, MeasValue) VALUES (TO_DATE('10/05/18 12:45', 'DD/MM/YY HH24:MI'), 525119, 22.4);
INSERT INTO SENSOR (SerialNumber, CityPlaced, SensorModel, MinimValue, MaximValue, Unit, SensorType) VALUES (976951, 'Παλαιό Φάληρο 2', 'XGAYN-1799', 0, 100, '%', 'Humidity');
INSERT INTO MEASUREMENT (DateTime, SensorID, MeasValue) VALUES (TO_DATE('10/05/18 12:45', 'DD/MM/YY HH24:MI'), 976951, 65);
INSERT INTO SENSOR (SerialNumber, CityPlaced, SensorModel, MinimValue, MaximValue, Unit, SensorType) VALUES (10091, 'Παλαιό Φάληρο 2', 'SDKS-974', 727.0, 1089.9, 'hPa', 'Pressure');
INSERT INTO MEASUREMENT (DateTime, SensorID, MeasValue) VALUES (TO_DATE('10/05/18 12:45', 'DD/MM/YY HH24:MI'), 10091, 1005.0);
INSERT INTO SENSOR (SerialNumber, CityPlaced, SensorModel, MinimValue, MaximValue, Unit, SensorType) VALUES (46893, 'Παλαιό Φάληρο 2', 'CWUP-0082', 0.0, 20.9, 'km/h', 'Wind');
INSERT INTO MEASUREMENT (DateTime, SensorID, MeasValue) VALUES (TO_DATE('10/05/18 12:45', 'DD/MM/YY HH24:MI'), 46893, 4.0);
INSERT INTO SENSOR (SerialNumber, CityPlaced, SensorModel, MinimValue, MaximValue, Unit, SensorType) VALUES (965322, 'Παλλήνη Κάντζα', 'FMHMB-188', -53.0, 75.9, '°C', 'Temperature');
INSERT INTO MEASUREMENT (DateTime, SensorID, MeasValue) VALUES (TO_DATE('10/05/18 12:40', 'DD/MM/YY HH24:MI'), 965322, 24.9);
INSERT INTO SENSOR (SerialNumber, CityPlaced, SensorModel, MinimValue, MaximValue, Unit, SensorType) VALUES (467530, 'Παλλήνη Κάντζα', 'HRZJS-4679', 0, 100, '%', 'Humidity');
INSERT INTO MEASUREMENT (DateTime, SensorID, MeasValue) VALUES (TO_DATE('10/05/18 12:40', 'DD/MM/YY HH24:MI'), 467530, 43);
INSERT INTO SENSOR (SerialNumber, CityPlaced, SensorModel, MinimValue, MaximValue, Unit, SensorType) VALUES (43698, 'Παλλήνη Κάντζα', 'UDNM-173', 738.0, 1068.9, 'hPa', 'Pressure');
INSERT INTO MEASUREMENT (DateTime, SensorID, MeasValue) VALUES (TO_DATE('10/05/18 12:40', 'DD/MM/YY HH24:MI'), 43698, 1005.1);
INSERT INTO SENSOR (SerialNumber, CityPlaced, SensorModel, MinimValue, MaximValue, Unit, SensorType) VALUES (61236, 'Παλλήνη Κάντζα', 'UHBA-0554', 0.0, 20.9, 'km/h', 'Wind');
INSERT INTO MEASUREMENT (DateTime, SensorID, MeasValue) VALUES (TO_DATE('10/05/18 12:40', 'DD/MM/YY HH24:MI'), 61236, 5.1);
INSERT INTO SENSOR (SerialNumber, CityPlaced, SensorModel, MinimValue, MaximValue, Unit, SensorType) VALUES (841337, 'Πειραιάς Λόφος Βώκου', 'FIGJJ-527', -53.0, 66.9, '°C', 'Temperature');
INSERT INTO MEASUREMENT (DateTime, SensorID, MeasValue) VALUES (TO_DATE('10/05/18 12:43', 'DD/MM/YY HH24:MI'), 841337, 22.7);
INSERT INTO SENSOR (SerialNumber, CityPlaced, SensorModel, MinimValue, MaximValue, Unit, SensorType) VALUES (449874, 'Πειραιάς Λόφος Βώκου', 'WJGBY-3980', 0, 100, '%', 'Humidity');
INSERT INTO MEASUREMENT (DateTime, SensorID, MeasValue) VALUES (TO_DATE('10/05/18 12:43', 'DD/MM/YY HH24:MI'), 449874, 61);
INSERT INTO SENSOR (SerialNumber, CityPlaced, SensorModel, MinimValue, MaximValue, Unit, SensorType) VALUES (81626, 'Πειραιάς Λόφος Βώκου', 'BWML-636', 718.0, 1093.9, 'hPa', 'Pressure');
INSERT INTO MEASUREMENT (DateTime, SensorID, MeasValue) VALUES (TO_DATE('10/05/18 12:43', 'DD/MM/YY HH24:MI'), 81626, 1007.0);
INSERT INTO SENSOR (SerialNumber, CityPlaced, SensorModel, MinimValue, MaximValue, Unit, SensorType) VALUES (90875, 'Πειραιάς Λόφος Βώκου', 'NQMB-2659', 0.0, 25.9, 'km/h', 'Wind');
INSERT INTO MEASUREMENT (DateTime, SensorID, MeasValue) VALUES (TO_DATE('10/05/18 12:43', 'DD/MM/YY HH24:MI'), 90875, 5.1);
INSERT INTO SENSOR (SerialNumber, CityPlaced, SensorModel, MinimValue, MaximValue, Unit, SensorType) VALUES (733930, 'Πειραιάς', 'ANPWA-457', -54.0, 61.9, '°C', 'Temperature');
INSERT INTO MEASUREMENT (DateTime, SensorID, MeasValue) VALUES (TO_DATE('10/05/18 12:48', 'DD/MM/YY HH24:MI'), 733930, 22.7);
INSERT INTO SENSOR (SerialNumber, CityPlaced, SensorModel, MinimValue, MaximValue, Unit, SensorType) VALUES (341843, 'Πειραιάς', 'XGTUS-7316', 0, 100, '%', 'Humidity');
INSERT INTO MEASUREMENT (DateTime, SensorID, MeasValue) VALUES (TO_DATE('10/05/18 12:48', 'DD/MM/YY HH24:MI'), 341843, 66);
INSERT INTO SENSOR (SerialNumber, CityPlaced, SensorModel, MinimValue, MaximValue, Unit, SensorType) VALUES (80262, 'Πειραιάς', 'VRXR-075', 741.0, 1056.9, 'hPa', 'Pressure');
INSERT INTO MEASUREMENT (DateTime, SensorID, MeasValue) VALUES (TO_DATE('10/05/18 12:48', 'DD/MM/YY HH24:MI'), 80262, 1006.2);
INSERT INTO SENSOR (SerialNumber, CityPlaced, SensorModel, MinimValue, MaximValue, Unit, SensorType) VALUES (66483, 'Πειραιάς', 'VZRT-3531', 0.0, 24.9, 'km/h', 'Wind');
INSERT INTO MEASUREMENT (DateTime, SensorID, MeasValue) VALUES (TO_DATE('10/05/18 12:48', 'DD/MM/YY HH24:MI'), 66483, 7.0);
INSERT INTO SENSOR (SerialNumber, CityPlaced, SensorModel, MinimValue, MaximValue, Unit, SensorType) VALUES (355907, 'Περαμα', 'UNKAC-986', -51.0, 80.9, '°C', 'Temperature');
INSERT INTO MEASUREMENT (DateTime, SensorID, MeasValue) VALUES (TO_DATE('10/05/18 12:45', 'DD/MM/YY HH24:MI'), 355907, 23.5);
INSERT INTO SENSOR (SerialNumber, CityPlaced, SensorModel, MinimValue, MaximValue, Unit, SensorType) VALUES (929644, 'Περαμα', 'TINIJ-8492', 0, 100, '%', 'Humidity');
INSERT INTO MEASUREMENT (DateTime, SensorID, MeasValue) VALUES (TO_DATE('10/05/18 12:45', 'DD/MM/YY HH24:MI'), 929644, 50);
INSERT INTO SENSOR (SerialNumber, CityPlaced, SensorModel, MinimValue, MaximValue, Unit, SensorType) VALUES (89979, 'Περαμα', 'AWJD-441', 744.0, 1075.9, 'hPa', 'Pressure');
INSERT INTO MEASUREMENT (DateTime, SensorID, MeasValue) VALUES (TO_DATE('10/05/18 12:45', 'DD/MM/YY HH24:MI'), 89979, 1007.0);
INSERT INTO SENSOR (SerialNumber, CityPlaced, SensorModel, MinimValue, MaximValue, Unit, SensorType) VALUES (58789, 'Περαμα', 'SILU-7221', 0.0, 21.9, 'km/h', 'Wind');
INSERT INTO MEASUREMENT (DateTime, SensorID, MeasValue) VALUES (TO_DATE('10/05/18 12:45', 'DD/MM/YY HH24:MI'), 58789, 8.2);
INSERT INTO SENSOR (SerialNumber, CityPlaced, SensorModel, MinimValue, MaximValue, Unit, SensorType) VALUES (813294, 'Πόρτο Ράφτη Λιμικό', 'RJHXO-557', -57.0, 70.9, '°C', 'Temperature');
INSERT INTO MEASUREMENT (DateTime, SensorID, MeasValue) VALUES (TO_DATE('10/05/18 12:47', 'DD/MM/YY HH24:MI'), 813294, 24.9);
INSERT INTO SENSOR (SerialNumber, CityPlaced, SensorModel, MinimValue, MaximValue, Unit, SensorType) VALUES (471611, 'Πόρτο Ράφτη Λιμικό', 'XXMNS-9293', 0, 100, '%', 'Humidity');
INSERT INTO MEASUREMENT (DateTime, SensorID, MeasValue) VALUES (TO_DATE('10/05/18 12:47', 'DD/MM/YY HH24:MI'), 471611, 46);
INSERT INTO SENSOR (SerialNumber, CityPlaced, SensorModel, MinimValue, MaximValue, Unit, SensorType) VALUES (30538, 'Πόρτο Ράφτη Λιμικό', 'LXAO-226', 711.0, 1068.9, 'hPa', 'Pressure');
INSERT INTO MEASUREMENT (DateTime, SensorID, MeasValue) VALUES (TO_DATE('10/05/18 12:47', 'DD/MM/YY HH24:MI'), 30538, 1003.1);
INSERT INTO SENSOR (SerialNumber, CityPlaced, SensorModel, MinimValue, MaximValue, Unit, SensorType) VALUES (67650, 'Πόρτο Ράφτη Λιμικό', 'EZBN-7777', 0.0, 20.9, 'km/h', 'Wind');
INSERT INTO MEASUREMENT (DateTime, SensorID, MeasValue) VALUES (TO_DATE('10/05/18 12:47', 'DD/MM/YY HH24:MI'), 67650, 11.6);
INSERT INTO SENSOR (SerialNumber, CityPlaced, SensorModel, MinimValue, MaximValue, Unit, SensorType) VALUES (358614, 'Ρέα', 'JFBKM-911', -57.0, 77.9, '°C', 'Temperature');
INSERT INTO MEASUREMENT (DateTime, SensorID, MeasValue) VALUES (TO_DATE('10/05/18 12:45', 'DD/MM/YY HH24:MI'), 358614, 20.7);
INSERT INTO SENSOR (SerialNumber, CityPlaced, SensorModel, MinimValue, MaximValue, Unit, SensorType) VALUES (542715, 'Ρέα', 'LHQUS-1856', 0, 100, '%', 'Humidity');
INSERT INTO MEASUREMENT (DateTime, SensorID, MeasValue) VALUES (TO_DATE('10/05/18 12:45', 'DD/MM/YY HH24:MI'), 542715, 62);
INSERT INTO SENSOR (SerialNumber, CityPlaced, SensorModel, MinimValue, MaximValue, Unit, SensorType) VALUES (20630, 'Ρέα', 'OHGS-097', 722.0, 1055.9, 'hPa', 'Pressure');
INSERT INTO MEASUREMENT (DateTime, SensorID, MeasValue) VALUES (TO_DATE('10/05/18 12:45', 'DD/MM/YY HH24:MI'), 20630, 1004.1);
INSERT INTO SENSOR (SerialNumber, CityPlaced, SensorModel, MinimValue, MaximValue, Unit, SensorType) VALUES (28894, 'Ρέα', 'MTAO-6216', 0.0, 24.9, 'km/h', 'Wind');
INSERT INTO MEASUREMENT (DateTime, SensorID, MeasValue) VALUES (TO_DATE('10/05/18 12:45', 'DD/MM/YY HH24:MI'), 28894, 0.8);
INSERT INTO SENSOR (SerialNumber, CityPlaced, SensorModel, MinimValue, MaximValue, Unit, SensorType) VALUES (601172, 'Σαλαμίνα', 'SHJKH-212', -59.0, 76.9, '°C', 'Temperature');
INSERT INTO MEASUREMENT (DateTime, SensorID, MeasValue) VALUES (TO_DATE('10/05/18 12:39', 'DD/MM/YY HH24:MI'), 601172, 22.4);
INSERT INTO SENSOR (SerialNumber, CityPlaced, SensorModel, MinimValue, MaximValue, Unit, SensorType) VALUES (393920, 'Σαλαμίνα', 'ESOKR-3966', 0, 100, '%', 'Humidity');
INSERT INTO MEASUREMENT (DateTime, SensorID, MeasValue) VALUES (TO_DATE('10/05/18 12:39', 'DD/MM/YY HH24:MI'), 393920, 64);
INSERT INTO SENSOR (SerialNumber, CityPlaced, SensorModel, MinimValue, MaximValue, Unit, SensorType) VALUES (56620, 'Σαλαμίνα', 'XDUF-112', 712.0, 1087.9, 'hPa', 'Pressure');
INSERT INTO MEASUREMENT (DateTime, SensorID, MeasValue) VALUES (TO_DATE('10/05/18 12:39', 'DD/MM/YY HH24:MI'), 56620, 1005.5);
INSERT INTO SENSOR (SerialNumber, CityPlaced, SensorModel, MinimValue, MaximValue, Unit, SensorType) VALUES (73224, 'Σαλαμίνα', 'VGHF-8261', 0.0, 25.9, 'km/h', 'Wind');
INSERT INTO MEASUREMENT (DateTime, SensorID, MeasValue) VALUES (TO_DATE('10/05/18 12:39', 'DD/MM/YY HH24:MI'), 73224, 6.7);
INSERT INTO SENSOR (SerialNumber, CityPlaced, SensorModel, MinimValue, MaximValue, Unit, SensorType) VALUES (820100, 'Σχινιάς', 'XDTOQ-472', -57.0, 61.9, '°C', 'Temperature');
INSERT INTO MEASUREMENT (DateTime, SensorID, MeasValue) VALUES (TO_DATE('10/05/18 12:40', 'DD/MM/YY HH24:MI'), 820100, 20.9);
INSERT INTO SENSOR (SerialNumber, CityPlaced, SensorModel, MinimValue, MaximValue, Unit, SensorType) VALUES (103255, 'Σχινιάς', 'XJQLE-7561', 0, 100, '%', 'Humidity');
INSERT INTO MEASUREMENT (DateTime, SensorID, MeasValue) VALUES (TO_DATE('10/05/18 12:40', 'DD/MM/YY HH24:MI'), 103255, 0);
INSERT INTO SENSOR (SerialNumber, CityPlaced, SensorModel, MinimValue, MaximValue, Unit, SensorType) VALUES (67149, 'Σχινιάς', 'JRJB-258', 743.0, 1100.9, 'hPa', 'Pressure');
INSERT INTO MEASUREMENT (DateTime, SensorID, MeasValue) VALUES (TO_DATE('10/05/18 12:40', 'DD/MM/YY HH24:MI'), 67149, 1005.5);
INSERT INTO SENSOR (SerialNumber, CityPlaced, SensorModel, MinimValue, MaximValue, Unit, SensorType) VALUES (58636, 'Σχινιάς', 'WLHN-1449', 0.0, 23.9, 'km/h', 'Wind');
INSERT INTO MEASUREMENT (DateTime, SensorID, MeasValue) VALUES (TO_DATE('10/05/18 12:40', 'DD/MM/YY HH24:MI'), 58636, 10.1);
INSERT INTO SENSOR (SerialNumber, CityPlaced, SensorModel, MinimValue, MaximValue, Unit, SensorType) VALUES (159407, 'Υμηττός', 'XAHDB-651', -55.0, 62.9, '°C', 'Temperature');
INSERT INTO MEASUREMENT (DateTime, SensorID, MeasValue) VALUES (TO_DATE('10/05/18 12:44', 'DD/MM/YY HH24:MI'), 159407, 22.9);
INSERT INTO SENSOR (SerialNumber, CityPlaced, SensorModel, MinimValue, MaximValue, Unit, SensorType) VALUES (667657, 'Υμηττός', 'HRNMZ-6673', 0, 100, '%', 'Humidity');
INSERT INTO MEASUREMENT (DateTime, SensorID, MeasValue) VALUES (TO_DATE('10/05/18 12:44', 'DD/MM/YY HH24:MI'), 667657, 62);
INSERT INTO SENSOR (SerialNumber, CityPlaced, SensorModel, MinimValue, MaximValue, Unit, SensorType) VALUES (74851, 'Υμηττός', 'QASM-798', 731.0, 1064.9, 'hPa', 'Pressure');
INSERT INTO MEASUREMENT (DateTime, SensorID, MeasValue) VALUES (TO_DATE('10/05/18 12:44', 'DD/MM/YY HH24:MI'), 74851, 754.0);
INSERT INTO SENSOR (SerialNumber, CityPlaced, SensorModel, MinimValue, MaximValue, Unit, SensorType) VALUES (12609, 'Υμηττός', 'ASLZ-6920', 0.0, 24.9, 'km/h', 'Wind');
INSERT INTO MEASUREMENT (DateTime, SensorID, MeasValue) VALUES (TO_DATE('10/05/18 12:44', 'DD/MM/YY HH24:MI'), 12609, 8.6);
INSERT INTO SENSOR (SerialNumber, CityPlaced, SensorModel, MinimValue, MaximValue, Unit, SensorType) VALUES (388456, 'Χαλάνδρι 2', 'VNBDD-280', -51.0, 60.9, '°C', 'Temperature');
INSERT INTO MEASUREMENT (DateTime, SensorID, MeasValue) VALUES (TO_DATE('10/05/18 12:48', 'DD/MM/YY HH24:MI'), 388456, 22.6);
INSERT INTO SENSOR (SerialNumber, CityPlaced, SensorModel, MinimValue, MaximValue, Unit, SensorType) VALUES (198334, 'Χαλάνδρι 2', 'XVGVK-6348', 0, 100, '%', 'Humidity');
INSERT INTO MEASUREMENT (DateTime, SensorID, MeasValue) VALUES (TO_DATE('10/05/18 12:48', 'DD/MM/YY HH24:MI'), 198334, 51);
INSERT INTO SENSOR (SerialNumber, CityPlaced, SensorModel, MinimValue, MaximValue, Unit, SensorType) VALUES (96333, 'Χαλάνδρι 2', 'ZDPL-008', 741.0, 1076.9, 'hPa', 'Pressure');
INSERT INTO MEASUREMENT (DateTime, SensorID, MeasValue) VALUES (TO_DATE('10/05/18 12:48', 'DD/MM/YY HH24:MI'), 96333, 1005.5);
INSERT INTO SENSOR (SerialNumber, CityPlaced, SensorModel, MinimValue, MaximValue, Unit, SensorType) VALUES (39931, 'Χαλάνδρι 2', 'JDIQ-4086', 0.0, 24.9, 'km/h', 'Wind');
INSERT INTO MEASUREMENT (DateTime, SensorID, MeasValue) VALUES (TO_DATE('10/05/18 12:48', 'DD/MM/YY HH24:MI'), 39931, 9.7);
INSERT INTO SENSOR (SerialNumber, CityPlaced, SensorModel, MinimValue, MaximValue, Unit, SensorType) VALUES (857287, 'Αράχωβα', 'TEVLU-073', -56.0, 69.9, '°C', 'Temperature');
INSERT INTO MEASUREMENT (DateTime, SensorID, MeasValue) VALUES (TO_DATE('10/05/18 12:40', 'DD/MM/YY HH24:MI'), 857287, 14.8);
INSERT INTO SENSOR (SerialNumber, CityPlaced, SensorModel, MinimValue, MaximValue, Unit, SensorType) VALUES (518250, 'Αράχωβα', 'RROGR-3340', 0, 100, '%', 'Humidity');
INSERT INTO MEASUREMENT (DateTime, SensorID, MeasValue) VALUES (TO_DATE('10/05/18 12:40', 'DD/MM/YY HH24:MI'), 518250, 67);
INSERT INTO SENSOR (SerialNumber, CityPlaced, SensorModel, MinimValue, MaximValue, Unit, SensorType) VALUES (41970, 'Αράχωβα', 'UZQD-861', 727.0, 1072.9, 'hPa', 'Pressure');
INSERT INTO MEASUREMENT (DateTime, SensorID, MeasValue) VALUES (TO_DATE('10/05/18 12:40', 'DD/MM/YY HH24:MI'), 41970, 1005.7);
INSERT INTO SENSOR (SerialNumber, CityPlaced, SensorModel, MinimValue, MaximValue, Unit, SensorType) VALUES (92043, 'Αράχωβα', 'TNQZ-6961', 0.0, 23.9, 'km/h', 'Wind');
INSERT INTO MEASUREMENT (DateTime, SensorID, MeasValue) VALUES (TO_DATE('10/05/18 12:40', 'DD/MM/YY HH24:MI'), 92043, 0.5);
INSERT INTO SENSOR (SerialNumber, CityPlaced, SensorModel, MinimValue, MaximValue, Unit, SensorType) VALUES (502726, 'Λιβαδειά', 'ZHYQG-192', -52.0, 69.9, '°C', 'Temperature');
INSERT INTO MEASUREMENT (DateTime, SensorID, MeasValue) VALUES (TO_DATE('10/05/18 12:40', 'DD/MM/YY HH24:MI'), 502726, 19.6);
INSERT INTO SENSOR (SerialNumber, CityPlaced, SensorModel, MinimValue, MaximValue, Unit, SensorType) VALUES (895819, 'Λιβαδειά', 'DOLVM-6937', 0, 100, '%', 'Humidity');
INSERT INTO MEASUREMENT (DateTime, SensorID, MeasValue) VALUES (TO_DATE('10/05/18 12:40', 'DD/MM/YY HH24:MI'), 895819, 61);
INSERT INTO SENSOR (SerialNumber, CityPlaced, SensorModel, MinimValue, MaximValue, Unit, SensorType) VALUES (41233, 'Λιβαδειά', 'XNSM-927', 726.0, 1083.9, 'hPa', 'Pressure');
INSERT INTO MEASUREMENT (DateTime, SensorID, MeasValue) VALUES (TO_DATE('10/05/18 12:40', 'DD/MM/YY HH24:MI'), 41233, 1006.6);
INSERT INTO SENSOR (SerialNumber, CityPlaced, SensorModel, MinimValue, MaximValue, Unit, SensorType) VALUES (37375, 'Λιβαδειά', 'BWQQ-0555', 0.0, 20.9, 'km/h', 'Wind');
INSERT INTO MEASUREMENT (DateTime, SensorID, MeasValue) VALUES (TO_DATE('10/05/18 12:40', 'DD/MM/YY HH24:MI'), 37375, 2.1);
INSERT INTO SENSOR (SerialNumber, CityPlaced, SensorModel, MinimValue, MaximValue, Unit, SensorType) VALUES (681496, 'Οινόφυτα', 'DXFPD-453', -57.0, 69.9, '°C', 'Temperature');
INSERT INTO MEASUREMENT (DateTime, SensorID, MeasValue) VALUES (TO_DATE('10/05/18 12:48', 'DD/MM/YY HH24:MI'), 681496, 16.5);
INSERT INTO SENSOR (SerialNumber, CityPlaced, SensorModel, MinimValue, MaximValue, Unit, SensorType) VALUES (222025, 'Οινόφυτα', 'QFLSR-7569', 0, 100, '%', 'Humidity');
INSERT INTO MEASUREMENT (DateTime, SensorID, MeasValue) VALUES (TO_DATE('10/05/18 12:48', 'DD/MM/YY HH24:MI'), 222025, 72);
INSERT INTO SENSOR (SerialNumber, CityPlaced, SensorModel, MinimValue, MaximValue, Unit, SensorType) VALUES (58920, 'Οινόφυτα', 'BHOH-210', 724.0, 1082.9, 'hPa', 'Pressure');
INSERT INTO MEASUREMENT (DateTime, SensorID, MeasValue) VALUES (TO_DATE('10/05/18 12:48', 'DD/MM/YY HH24:MI'), 58920, 1006.2);
INSERT INTO SENSOR (SerialNumber, CityPlaced, SensorModel, MinimValue, MaximValue, Unit, SensorType) VALUES (12782, 'Οινόφυτα', 'ZCSK-1204', 0.0, 25.9, 'km/h', 'Wind');
INSERT INTO MEASUREMENT (DateTime, SensorID, MeasValue) VALUES (TO_DATE('10/05/18 12:48', 'DD/MM/YY HH24:MI'), 12782, 5.0);
INSERT INTO SENSOR (SerialNumber, CityPlaced, SensorModel, MinimValue, MaximValue, Unit, SensorType) VALUES (161281, 'Παρνασσός Σκαμνός', 'ZRSKO-981', -58.0, 65.9, '°C', 'Temperature');
INSERT INTO MEASUREMENT (DateTime, SensorID, MeasValue) VALUES (TO_DATE('10/05/18 12:24', 'DD/MM/YY HH24:MI'), 161281, 12.6);
INSERT INTO SENSOR (SerialNumber, CityPlaced, SensorModel, MinimValue, MaximValue, Unit, SensorType) VALUES (367445, 'Παρνασσός Σκαμνός', 'IPOHJ-0389', 0, 100, '%', 'Humidity');
INSERT INTO MEASUREMENT (DateTime, SensorID, MeasValue) VALUES (TO_DATE('10/05/18 12:24', 'DD/MM/YY HH24:MI'), 367445, 65);
INSERT INTO SENSOR (SerialNumber, CityPlaced, SensorModel, MinimValue, MaximValue, Unit, SensorType) VALUES (10961, 'Παρνασσός Σκαμνός', 'VSPJ-784', 750.0, 1096.9, 'hPa', 'Pressure');
INSERT INTO MEASUREMENT (DateTime, SensorID, MeasValue) VALUES (TO_DATE('10/05/18 12:24', 'DD/MM/YY HH24:MI'), 10961, 1018.2);
INSERT INTO SENSOR (SerialNumber, CityPlaced, SensorModel, MinimValue, MaximValue, Unit, SensorType) VALUES (27378, 'Παρνασσός Σκαμνός', 'FDPS-4508', 0.0, 23.9, 'km/h', 'Wind');
INSERT INTO MEASUREMENT (DateTime, SensorID, MeasValue) VALUES (TO_DATE('10/05/18 12:24', 'DD/MM/YY HH24:MI'), 27378, 0.0);
INSERT INTO SENSOR (SerialNumber, CityPlaced, SensorModel, MinimValue, MaximValue, Unit, SensorType) VALUES (151990, 'Ιστιαία', 'YKLWQ-664', -55.0, 70.9, '°C', 'Temperature');
INSERT INTO MEASUREMENT (DateTime, SensorID, MeasValue) VALUES (TO_DATE('10/05/18 12:45', 'DD/MM/YY HH24:MI'), 151990, 20.9);
INSERT INTO SENSOR (SerialNumber, CityPlaced, SensorModel, MinimValue, MaximValue, Unit, SensorType) VALUES (438015, 'Ιστιαία', 'AAMRC-6837', 0, 100, '%', 'Humidity');
INSERT INTO MEASUREMENT (DateTime, SensorID, MeasValue) VALUES (TO_DATE('10/05/18 12:45', 'DD/MM/YY HH24:MI'), 438015, 71);
INSERT INTO SENSOR (SerialNumber, CityPlaced, SensorModel, MinimValue, MaximValue, Unit, SensorType) VALUES (16989, 'Ιστιαία', 'RSRD-195', 735.0, 1072.9, 'hPa', 'Pressure');
INSERT INTO MEASUREMENT (DateTime, SensorID, MeasValue) VALUES (TO_DATE('10/05/18 12:45', 'DD/MM/YY HH24:MI'), 16989, 1007.1);
INSERT INTO SENSOR (SerialNumber, CityPlaced, SensorModel, MinimValue, MaximValue, Unit, SensorType) VALUES (39554, 'Ιστιαία', 'EGGH-3569', 0.0, 25.9, 'km/h', 'Wind');
INSERT INTO MEASUREMENT (DateTime, SensorID, MeasValue) VALUES (TO_DATE('10/05/18 12:45', 'DD/MM/YY HH24:MI'), 39554, 5.6);
INSERT INTO SENSOR (SerialNumber, CityPlaced, SensorModel, MinimValue, MaximValue, Unit, SensorType) VALUES (612933, 'Κάρυστος', 'SIVYL-991', -59.0, 72.9, '°C', 'Temperature');
INSERT INTO MEASUREMENT (DateTime, SensorID, MeasValue) VALUES (TO_DATE('10/05/18 12:39', 'DD/MM/YY HH24:MI'), 612933, 22.2);
INSERT INTO SENSOR (SerialNumber, CityPlaced, SensorModel, MinimValue, MaximValue, Unit, SensorType) VALUES (197540, 'Κάρυστος', 'XSASD-9822', 0, 100, '%', 'Humidity');
INSERT INTO MEASUREMENT (DateTime, SensorID, MeasValue) VALUES (TO_DATE('10/05/18 12:39', 'DD/MM/YY HH24:MI'), 197540, 73);
INSERT INTO SENSOR (SerialNumber, CityPlaced, SensorModel, MinimValue, MaximValue, Unit, SensorType) VALUES (30645, 'Κάρυστος', 'VZZV-205', 713.0, 1054.9, 'hPa', 'Pressure');
INSERT INTO MEASUREMENT (DateTime, SensorID, MeasValue) VALUES (TO_DATE('10/05/18 12:39', 'DD/MM/YY HH24:MI'), 30645, 1007.3);
INSERT INTO SENSOR (SerialNumber, CityPlaced, SensorModel, MinimValue, MaximValue, Unit, SensorType) VALUES (31253, 'Κάρυστος', 'DBMQ-4743', 0.0, 20.9, 'km/h', 'Wind');
INSERT INTO MEASUREMENT (DateTime, SensorID, MeasValue) VALUES (TO_DATE('10/05/18 12:39', 'DD/MM/YY HH24:MI'), 31253, 4.0);
INSERT INTO SENSOR (SerialNumber, CityPlaced, SensorModel, MinimValue, MaximValue, Unit, SensorType) VALUES (264208, 'Καβοντόρος Πρινιά', 'PATSK-990', -59.0, 77.9, '°C', 'Temperature');
INSERT INTO MEASUREMENT (DateTime, SensorID, MeasValue) VALUES (TO_DATE('10/05/18 12:44', 'DD/MM/YY HH24:MI'), 264208, 18.9);
INSERT INTO SENSOR (SerialNumber, CityPlaced, SensorModel, MinimValue, MaximValue, Unit, SensorType) VALUES (533108, 'Καβοντόρος Πρινιά', 'JYKXA-8830', 0, 100, '%', 'Humidity');
INSERT INTO MEASUREMENT (DateTime, SensorID, MeasValue) VALUES (TO_DATE('10/05/18 12:44', 'DD/MM/YY HH24:MI'), 533108, 83);
INSERT INTO SENSOR (SerialNumber, CityPlaced, SensorModel, MinimValue, MaximValue, Unit, SensorType) VALUES (41018, 'Καβοντόρος Πρινιά', 'BULP-684', 732.0, 1065.9, 'hPa', 'Pressure');
INSERT INTO MEASUREMENT (DateTime, SensorID, MeasValue) VALUES (TO_DATE('10/05/18 12:44', 'DD/MM/YY HH24:MI'), 41018, 1005.0);
INSERT INTO SENSOR (SerialNumber, CityPlaced, SensorModel, MinimValue, MaximValue, Unit, SensorType) VALUES (60412, 'Καβοντόρος Πρινιά', 'ANMT-7938', 0.0, 20.9, 'km/h', 'Wind');
INSERT INTO MEASUREMENT (DateTime, SensorID, MeasValue) VALUES (TO_DATE('10/05/18 12:44', 'DD/MM/YY HH24:MI'), 60412, 18.8);
INSERT INTO SENSOR (SerialNumber, CityPlaced, SensorModel, MinimValue, MaximValue, Unit, SensorType) VALUES (589473, 'Σέττα', 'LKPQF-008', -60.0, 60.9, '°C', 'Temperature');
INSERT INTO MEASUREMENT (DateTime, SensorID, MeasValue) VALUES (TO_DATE('10/05/18 12:43', 'DD/MM/YY HH24:MI'), 589473, 15.3);
INSERT INTO SENSOR (SerialNumber, CityPlaced, SensorModel, MinimValue, MaximValue, Unit, SensorType) VALUES (677983, 'Σέττα', 'ECQIW-2180', 0, 100, '%', 'Humidity');
INSERT INTO MEASUREMENT (DateTime, SensorID, MeasValue) VALUES (TO_DATE('10/05/18 12:43', 'DD/MM/YY HH24:MI'), 677983, 81);
INSERT INTO SENSOR (SerialNumber, CityPlaced, SensorModel, MinimValue, MaximValue, Unit, SensorType) VALUES (30145, 'Σέττα', 'KQQA-998', 744.0, 1075.9, 'hPa', 'Pressure');
INSERT INTO MEASUREMENT (DateTime, SensorID, MeasValue) VALUES (TO_DATE('10/05/18 12:43', 'DD/MM/YY HH24:MI'), 30145, 1005.6);
INSERT INTO SENSOR (SerialNumber, CityPlaced, SensorModel, MinimValue, MaximValue, Unit, SensorType) VALUES (47761, 'Σέττα', 'PWVC-7479', 0.0, 20.9, 'km/h', 'Wind');
INSERT INTO MEASUREMENT (DateTime, SensorID, MeasValue) VALUES (TO_DATE('10/05/18 12:43', 'DD/MM/YY HH24:MI'), 47761, 0.8);
INSERT INTO SENSOR (SerialNumber, CityPlaced, SensorModel, MinimValue, MaximValue, Unit, SensorType) VALUES (770195, 'Χαλκίδα, Δροσιά Ανθηδώνος', 'ROADN-570', -56.0, 77.9, '°C', 'Temperature');
INSERT INTO MEASUREMENT (DateTime, SensorID, MeasValue) VALUES (TO_DATE('10/05/18 12:37', 'DD/MM/YY HH24:MI'), 770195, 20.2);
INSERT INTO SENSOR (SerialNumber, CityPlaced, SensorModel, MinimValue, MaximValue, Unit, SensorType) VALUES (904259, 'Χαλκίδα, Δροσιά Ανθηδώνος', 'DIEJF-8633', 0, 100, '%', 'Humidity');
INSERT INTO MEASUREMENT (DateTime, SensorID, MeasValue) VALUES (TO_DATE('10/05/18 12:37', 'DD/MM/YY HH24:MI'), 904259, 77);
INSERT INTO SENSOR (SerialNumber, CityPlaced, SensorModel, MinimValue, MaximValue, Unit, SensorType) VALUES (22997, 'Χαλκίδα, Δροσιά Ανθηδώνος', 'EYMT-789', 734.0, 1093.9, 'hPa', 'Pressure');
INSERT INTO MEASUREMENT (DateTime, SensorID, MeasValue) VALUES (TO_DATE('10/05/18 12:37', 'DD/MM/YY HH24:MI'), 22997, 1004.6);
INSERT INTO SENSOR (SerialNumber, CityPlaced, SensorModel, MinimValue, MaximValue, Unit, SensorType) VALUES (64025, 'Χαλκίδα, Δροσιά Ανθηδώνος', 'FUWT-2122', 0.0, 25.9, 'km/h', 'Wind');
INSERT INTO MEASUREMENT (DateTime, SensorID, MeasValue) VALUES (TO_DATE('10/05/18 12:37', 'DD/MM/YY HH24:MI'), 64025, 4.5);
INSERT INTO SENSOR (SerialNumber, CityPlaced, SensorModel, MinimValue, MaximValue, Unit, SensorType) VALUES (233788, 'Χαλκίδα', 'FYJWE-526', -51.0, 76.9, '°C', 'Temperature');
INSERT INTO MEASUREMENT (DateTime, SensorID, MeasValue) VALUES (TO_DATE('10/05/18 12:45', 'DD/MM/YY HH24:MI'), 233788, 21.4);
INSERT INTO SENSOR (SerialNumber, CityPlaced, SensorModel, MinimValue, MaximValue, Unit, SensorType) VALUES (894269, 'Χαλκίδα', 'MWPER-7902', 0, 100, '%', 'Humidity');
INSERT INTO MEASUREMENT (DateTime, SensorID, MeasValue) VALUES (TO_DATE('10/05/18 12:45', 'DD/MM/YY HH24:MI'), 894269, 67);
INSERT INTO SENSOR (SerialNumber, CityPlaced, SensorModel, MinimValue, MaximValue, Unit, SensorType) VALUES (87421, 'Χαλκίδα', 'VIHC-590', 711.0, 1061.9, 'hPa', 'Pressure');
INSERT INTO MEASUREMENT (DateTime, SensorID, MeasValue) VALUES (TO_DATE('10/05/18 12:45', 'DD/MM/YY HH24:MI'), 87421, 1005.8);
INSERT INTO SENSOR (SerialNumber, CityPlaced, SensorModel, MinimValue, MaximValue, Unit, SensorType) VALUES (32537, 'Χαλκίδα', 'MOMD-9894', 0.0, 20.9, 'km/h', 'Wind');
INSERT INTO MEASUREMENT (DateTime, SensorID, MeasValue) VALUES (TO_DATE('10/05/18 12:45', 'DD/MM/YY HH24:MI'), 32537, 5.2);
INSERT INTO SENSOR (SerialNumber, CityPlaced, SensorModel, MinimValue, MaximValue, Unit, SensorType) VALUES (419432, 'Ωρεοί', 'DTPTD-458', -50.0, 73.9, '°C', 'Temperature');
INSERT INTO MEASUREMENT (DateTime, SensorID, MeasValue) VALUES (TO_DATE('10/05/18 12:45', 'DD/MM/YY HH24:MI'), 419432, 22.4);
INSERT INTO SENSOR (SerialNumber, CityPlaced, SensorModel, MinimValue, MaximValue, Unit, SensorType) VALUES (410280, 'Ωρεοί', 'IVYVY-9720', 0, 100, '%', 'Humidity');
INSERT INTO MEASUREMENT (DateTime, SensorID, MeasValue) VALUES (TO_DATE('10/05/18 12:45', 'DD/MM/YY HH24:MI'), 410280, 59);
INSERT INTO SENSOR (SerialNumber, CityPlaced, SensorModel, MinimValue, MaximValue, Unit, SensorType) VALUES (26853, 'Ωρεοί', 'OHRE-325', 709.0, 1062.9, 'hPa', 'Pressure');
INSERT INTO MEASUREMENT (DateTime, SensorID, MeasValue) VALUES (TO_DATE('10/05/18 12:45', 'DD/MM/YY HH24:MI'), 26853, 1004.0);
INSERT INTO SENSOR (SerialNumber, CityPlaced, SensorModel, MinimValue, MaximValue, Unit, SensorType) VALUES (25674, 'Ωρεοί', 'WXSX-2161', 0.0, 22.9, 'km/h', 'Wind');
INSERT INTO MEASUREMENT (DateTime, SensorID, MeasValue) VALUES (TO_DATE('10/05/18 12:45', 'DD/MM/YY HH24:MI'), 25674, 5.6);
INSERT INTO SENSOR (SerialNumber, CityPlaced, SensorModel, MinimValue, MaximValue, Unit, SensorType) VALUES (870319, 'Αμφίκλεια Δαδί', 'DHDBD-838', -50.0, 61.9, '°C', 'Temperature');
INSERT INTO MEASUREMENT (DateTime, SensorID, MeasValue) VALUES (TO_DATE('10/05/18 12:45', 'DD/MM/YY HH24:MI'), 870319, 19.6);
INSERT INTO SENSOR (SerialNumber, CityPlaced, SensorModel, MinimValue, MaximValue, Unit, SensorType) VALUES (796558, 'Αμφίκλεια Δαδί', 'LSJJQ-3429', 0, 100, '%', 'Humidity');
INSERT INTO MEASUREMENT (DateTime, SensorID, MeasValue) VALUES (TO_DATE('10/05/18 12:45', 'DD/MM/YY HH24:MI'), 796558, 52);
INSERT INTO SENSOR (SerialNumber, CityPlaced, SensorModel, MinimValue, MaximValue, Unit, SensorType) VALUES (88562, 'Αμφίκλεια Δαδί', 'XGPW-374', 725.0, 1089.9, 'hPa', 'Pressure');
INSERT INTO MEASUREMENT (DateTime, SensorID, MeasValue) VALUES (TO_DATE('10/05/18 12:45', 'DD/MM/YY HH24:MI'), 88562, 1006.1);
INSERT INTO SENSOR (SerialNumber, CityPlaced, SensorModel, MinimValue, MaximValue, Unit, SensorType) VALUES (91671, 'Αμφίκλεια Δαδί', 'JQTJ-5463', 0.0, 23.9, 'km/h', 'Wind');
INSERT INTO MEASUREMENT (DateTime, SensorID, MeasValue) VALUES (TO_DATE('10/05/18 12:45', 'DD/MM/YY HH24:MI'), 91671, 5.1);
INSERT INTO SENSOR (SerialNumber, CityPlaced, SensorModel, MinimValue, MaximValue, Unit, SensorType) VALUES (202041, 'Καμμένα Βούρλα, Καινούργιο', 'UWHZZ-316', -58.0, 76.9, '°C', 'Temperature');
INSERT INTO MEASUREMENT (DateTime, SensorID, MeasValue) VALUES (TO_DATE('10/05/18 12:43', 'DD/MM/YY HH24:MI'), 202041, 21.8);
INSERT INTO SENSOR (SerialNumber, CityPlaced, SensorModel, MinimValue, MaximValue, Unit, SensorType) VALUES (218514, 'Καμμένα Βούρλα, Καινούργιο', 'WVCLK-0981', 0, 100, '%', 'Humidity');
INSERT INTO MEASUREMENT (DateTime, SensorID, MeasValue) VALUES (TO_DATE('10/05/18 12:43', 'DD/MM/YY HH24:MI'), 218514, 59);
INSERT INTO SENSOR (SerialNumber, CityPlaced, SensorModel, MinimValue, MaximValue, Unit, SensorType) VALUES (55030, 'Καμμένα Βούρλα, Καινούργιο', 'AETR-650', 724.0, 1067.9, 'hPa', 'Pressure');
INSERT INTO MEASUREMENT (DateTime, SensorID, MeasValue) VALUES (TO_DATE('10/05/18 12:43', 'DD/MM/YY HH24:MI'), 55030, 1005.8);
INSERT INTO SENSOR (SerialNumber, CityPlaced, SensorModel, MinimValue, MaximValue, Unit, SensorType) VALUES (73194, 'Καμμένα Βούρλα, Καινούργιο', 'HVZE-6444', 0.0, 24.9, 'km/h', 'Wind');
INSERT INTO MEASUREMENT (DateTime, SensorID, MeasValue) VALUES (TO_DATE('10/05/18 12:43', 'DD/MM/YY HH24:MI'), 73194, 5.6);
INSERT INTO SENSOR (SerialNumber, CityPlaced, SensorModel, MinimValue, MaximValue, Unit, SensorType) VALUES (596322, 'Λαμία Άμπλιανη', 'NUUMP-043', -50.0, 72.9, '°C', 'Temperature');
INSERT INTO MEASUREMENT (DateTime, SensorID, MeasValue) VALUES (TO_DATE('10/05/18 12:40', 'DD/MM/YY HH24:MI'), 596322, 24.8);
INSERT INTO SENSOR (SerialNumber, CityPlaced, SensorModel, MinimValue, MaximValue, Unit, SensorType) VALUES (279755, 'Λαμία Άμπλιανη', 'JFPYK-1579', 0, 100, '%', 'Humidity');
INSERT INTO MEASUREMENT (DateTime, SensorID, MeasValue) VALUES (TO_DATE('10/05/18 12:40', 'DD/MM/YY HH24:MI'), 279755, 46);
INSERT INTO SENSOR (SerialNumber, CityPlaced, SensorModel, MinimValue, MaximValue, Unit, SensorType) VALUES (83915, 'Λαμία Άμπλιανη', 'XXHC-693', 717.0, 1097.9, 'hPa', 'Pressure');
INSERT INTO MEASUREMENT (DateTime, SensorID, MeasValue) VALUES (TO_DATE('10/05/18 12:40', 'DD/MM/YY HH24:MI'), 83915, 1004.5);
INSERT INTO SENSOR (SerialNumber, CityPlaced, SensorModel, MinimValue, MaximValue, Unit, SensorType) VALUES (65864, 'Λαμία Άμπλιανη', 'WEII-1341', 0.0, 23.9, 'km/h', 'Wind');
INSERT INTO MEASUREMENT (DateTime, SensorID, MeasValue) VALUES (TO_DATE('10/05/18 12:40', 'DD/MM/YY HH24:MI'), 65864, 7.3);
INSERT INTO SENSOR (SerialNumber, CityPlaced, SensorModel, MinimValue, MaximValue, Unit, SensorType) VALUES (187298, 'Ράχες', 'GEFVV-964', -56.0, 72.9, '°C', 'Temperature');
INSERT INTO MEASUREMENT (DateTime, SensorID, MeasValue) VALUES (TO_DATE('10/05/18 12:45', 'DD/MM/YY HH24:MI'), 187298, 24.0);
INSERT INTO SENSOR (SerialNumber, CityPlaced, SensorModel, MinimValue, MaximValue, Unit, SensorType) VALUES (211222, 'Ράχες', 'NQGUI-1355', 0, 100, '%', 'Humidity');
INSERT INTO MEASUREMENT (DateTime, SensorID, MeasValue) VALUES (TO_DATE('10/05/18 12:45', 'DD/MM/YY HH24:MI'), 211222, 60);
INSERT INTO SENSOR (SerialNumber, CityPlaced, SensorModel, MinimValue, MaximValue, Unit, SensorType) VALUES (93447, 'Ράχες', 'SPKH-116', 719.0, 1076.9, 'hPa', 'Pressure');
INSERT INTO MEASUREMENT (DateTime, SensorID, MeasValue) VALUES (TO_DATE('10/05/18 12:45', 'DD/MM/YY HH24:MI'), 93447, 1005.3);
INSERT INTO SENSOR (SerialNumber, CityPlaced, SensorModel, MinimValue, MaximValue, Unit, SensorType) VALUES (73358, 'Ράχες', 'WPQV-9575', 0.0, 20.9, 'km/h', 'Wind');
INSERT INTO MEASUREMENT (DateTime, SensorID, MeasValue) VALUES (TO_DATE('10/05/18 12:45', 'DD/MM/YY HH24:MI'), 73358, 10.4);
INSERT INTO SENSOR (SerialNumber, CityPlaced, SensorModel, MinimValue, MaximValue, Unit, SensorType) VALUES (518061, 'Aγόριανη Επτάλοφος', 'TZXHM-150', -51.0, 80.9, '°C', 'Temperature');
INSERT INTO MEASUREMENT (DateTime, SensorID, MeasValue) VALUES (TO_DATE('10/05/18 12:08', 'DD/MM/YY HH24:MI'), 518061, 16.9);
INSERT INTO SENSOR (SerialNumber, CityPlaced, SensorModel, MinimValue, MaximValue, Unit, SensorType) VALUES (828923, 'Aγόριανη Επτάλοφος', 'IWVMM-6603', 0, 100, '%', 'Humidity');
INSERT INTO MEASUREMENT (DateTime, SensorID, MeasValue) VALUES (TO_DATE('10/05/18 12:08', 'DD/MM/YY HH24:MI'), 828923, 62);
INSERT INTO SENSOR (SerialNumber, CityPlaced, SensorModel, MinimValue, MaximValue, Unit, SensorType) VALUES (89954, 'Aγόριανη Επτάλοφος', 'MRKH-526', 742.0, 1071.9, 'hPa', 'Pressure');
INSERT INTO MEASUREMENT (DateTime, SensorID, MeasValue) VALUES (TO_DATE('10/05/18 12:08', 'DD/MM/YY HH24:MI'), 89954, 1011.0);
INSERT INTO SENSOR (SerialNumber, CityPlaced, SensorModel, MinimValue, MaximValue, Unit, SensorType) VALUES (66055, 'Aγόριανη Επτάλοφος', 'PLQO-6981', 0.0, 22.9, 'km/h', 'Wind');
INSERT INTO MEASUREMENT (DateTime, SensorID, MeasValue) VALUES (TO_DATE('10/05/18 12:08', 'DD/MM/YY HH24:MI'), 66055, 0.7);
INSERT INTO SENSOR (SerialNumber, CityPlaced, SensorModel, MinimValue, MaximValue, Unit, SensorType) VALUES (641414, 'Παρνασσός Πολύδροσο', 'DMWBF-402', -50.0, 74.9, '°C', 'Temperature');
INSERT INTO MEASUREMENT (DateTime, SensorID, MeasValue) VALUES (TO_DATE('10/05/18 12:48', 'DD/MM/YY HH24:MI'), 641414, 19.4);
INSERT INTO SENSOR (SerialNumber, CityPlaced, SensorModel, MinimValue, MaximValue, Unit, SensorType) VALUES (161134, 'Παρνασσός Πολύδροσο', 'NNVND-1587', 0, 100, '%', 'Humidity');
INSERT INTO MEASUREMENT (DateTime, SensorID, MeasValue) VALUES (TO_DATE('10/05/18 12:48', 'DD/MM/YY HH24:MI'), 161134, 57);
INSERT INTO SENSOR (SerialNumber, CityPlaced, SensorModel, MinimValue, MaximValue, Unit, SensorType) VALUES (54404, 'Παρνασσός Πολύδροσο', 'ILNK-062', 708.0, 1084.9, 'hPa', 'Pressure');
INSERT INTO MEASUREMENT (DateTime, SensorID, MeasValue) VALUES (TO_DATE('10/05/18 12:48', 'DD/MM/YY HH24:MI'), 54404, 1001.2);
INSERT INTO SENSOR (SerialNumber, CityPlaced, SensorModel, MinimValue, MaximValue, Unit, SensorType) VALUES (80026, 'Παρνασσός Πολύδροσο', 'RRXA-6423', 0.0, 21.9, 'km/h', 'Wind');
INSERT INTO MEASUREMENT (DateTime, SensorID, MeasValue) VALUES (TO_DATE('10/05/18 12:48', 'DD/MM/YY HH24:MI'), 80026, 1.2);

COMMIT;

MERGE INTO MONTHLY_STATISTICS
USING (SELECT S.CITYPLACED AS City, MIN(M.MEASVALUE) AS Minim, MAX(M.MEASVALUE) AS Maxim, ROUND(AVG(M.MEASVALUE),1) AS Avrg, S.SENSORTYPE AS S_Type, TO_CHAR(M.DATETIME, 'MM/YY') AS CurDate
FROM MEASUREMENT M INNER JOIN SENSOR S ON M.SENSORID = S.SERIALNUMBER
WHERE TO_CHAR(M.DATETIME, 'MM/YY') = '05/18'
GROUP BY S.CITYPLACED, S.SENSORTYPE, TO_CHAR(M.DATETIME, 'MM/YY')) TMP
ON (TMP.City = M_STATCITY AND TMP.CurDate = TO_CHAR(MONTHID, 'MM/YY') AND TMP.S_Type = M_STATTYPE)
WHEN NOT MATCHED THEN INSERT (MONTHID, M_STATCITY, M_STATMIN, M_STATMAX, M_STATAVG, M_STATTYPE) VALUES (TO_DATE(TMP.CurDate, 'MM/YY'), TMP.City, TMP.Minim, TMP.Maxim, TMP.Avrg, TMP.S_Type)
WHEN MATCHED THEN UPDATE SET M_STATMIN = TMP.Minim, M_STATMAX = TMP.Maxim, M_STATAVG = TMP.Avrg;

MERGE INTO DAILY_STATISTICS
USING (SELECT S.CITYPLACED AS City, MIN(M.MEASVALUE) AS Minim, MAX(M.MEASVALUE) AS Maxim, ROUND(AVG(M.MEASVALUE),1) AS Avrg, S.SENSORTYPE AS S_Type, TO_CHAR(M.DATETIME, 'DD/MM/YY') AS CurDate
FROM MEASUREMENT M INNER JOIN SENSOR S ON M.SENSORID = S.SERIALNUMBER
WHERE TO_CHAR(M.DATETIME, 'DD/MM/YY') = '10/05/18'
GROUP BY S.CITYPLACED, S.SENSORTYPE, TO_CHAR(M.DATETIME, 'DD/MM/YY')) TMP
ON (TMP.City = D_STATCITY AND TMP.CurDate = TO_CHAR(DAYID, 'DD/MM/YY') AND TMP.S_Type = D_STATTYPE)
WHEN NOT MATCHED THEN INSERT (DAYID, D_STATCITY, D_STATMIN, D_STATMAX, D_STATAVG, D_STATTYPE) VALUES (TO_DATE(TMP.CurDate, 'DD/MM/YY'), TMP.City, TMP.Minim, TMP.Maxim, TMP.Avrg, TMP.S_Type)
WHEN MATCHED THEN UPDATE SET D_STATMIN = TMP.Minim, D_STATMAX = TMP.Maxim, D_STATAVG = TMP.Avrg;

COMMIT;

INSERT INTO SENSOR (SerialNumber, CityPlaced, SensorModel, MinimValue, MaximValue, Unit, SensorType) VALUES (604019, 'Νάξος Γαλανάδον', 'SRWGV-774', -54.0, 73.9, '°C', 'Temperature');
INSERT INTO MEASUREMENT (DateTime, SensorID, MeasValue) VALUES (TO_DATE('10/05/18 13:45', 'DD/MM/YY HH24:MI'), 604019, 23.5);
INSERT INTO SENSOR (SerialNumber, CityPlaced, SensorModel, MinimValue, MaximValue, Unit, SensorType) VALUES (914193, 'Νάξος Γαλανάδον', 'IZFVC-2623', 0, 100, '%', 'Humidity');
INSERT INTO MEASUREMENT (DateTime, SensorID, MeasValue) VALUES (TO_DATE('10/05/18 13:45', 'DD/MM/YY HH24:MI'), 914193, 65);
INSERT INTO SENSOR (SerialNumber, CityPlaced, SensorModel, MinimValue, MaximValue, Unit, SensorType) VALUES (66974, 'Νάξος Γαλανάδον', 'EKZD-536', 744.0, 1061.9, 'hPa', 'Pressure');
INSERT INTO MEASUREMENT (DateTime, SensorID, MeasValue) VALUES (TO_DATE('10/05/18 13:45', 'DD/MM/YY HH24:MI'), 66974, 1008.3);
INSERT INTO SENSOR (SerialNumber, CityPlaced, SensorModel, MinimValue, MaximValue, Unit, SensorType) VALUES (12786, 'Νάξος Γαλανάδον', 'QGMK-7889', 0.0, 22.9, 'km/h', 'Wind');
INSERT INTO MEASUREMENT (DateTime, SensorID, MeasValue) VALUES (TO_DATE('10/05/18 13:45', 'DD/MM/YY HH24:MI'), 12786, 9.1);
INSERT INTO SENSOR (SerialNumber, CityPlaced, SensorModel, MinimValue, MaximValue, Unit, SensorType) VALUES (644594, 'Αρτα', 'RKDVH-987', -56.0, 75.9, '°C', 'Temperature');
INSERT INTO MEASUREMENT (DateTime, SensorID, MeasValue) VALUES (TO_DATE('10/05/18 13:33', 'DD/MM/YY HH24:MI'), 644594, 22.9);
INSERT INTO SENSOR (SerialNumber, CityPlaced, SensorModel, MinimValue, MaximValue, Unit, SensorType) VALUES (248029, 'Αρτα', 'OWKEW-0673', 0, 100, '%', 'Humidity');
INSERT INTO MEASUREMENT (DateTime, SensorID, MeasValue) VALUES (TO_DATE('10/05/18 13:33', 'DD/MM/YY HH24:MI'), 248029, 65);
INSERT INTO SENSOR (SerialNumber, CityPlaced, SensorModel, MinimValue, MaximValue, Unit, SensorType) VALUES (66741, 'Αρτα', 'BMKW-012', 728.0, 1071.9, 'hPa', 'Pressure');
INSERT INTO MEASUREMENT (DateTime, SensorID, MeasValue) VALUES (TO_DATE('10/05/18 13:33', 'DD/MM/YY HH24:MI'), 66741, 1007.7);
INSERT INTO SENSOR (SerialNumber, CityPlaced, SensorModel, MinimValue, MaximValue, Unit, SensorType) VALUES (94985, 'Αρτα', 'VJUL-1480', 0.0, 20.9, 'km/h', 'Wind');
INSERT INTO MEASUREMENT (DateTime, SensorID, MeasValue) VALUES (TO_DATE('10/05/18 13:33', 'DD/MM/YY HH24:MI'), 94985, 0.0);
INSERT INTO SENSOR (SerialNumber, CityPlaced, SensorModel, MinimValue, MaximValue, Unit, SensorType) VALUES (960399, 'Θεοδώριανα', 'JSLZG-455', -51.0, 75.9, '°C', 'Temperature');
INSERT INTO MEASUREMENT (DateTime, SensorID, MeasValue) VALUES (TO_DATE('10/05/18 13:43', 'DD/MM/YY HH24:MI'), 960399, 14.8);
INSERT INTO SENSOR (SerialNumber, CityPlaced, SensorModel, MinimValue, MaximValue, Unit, SensorType) VALUES (331423, 'Θεοδώριανα', 'BPEME-9125', 0, 100, '%', 'Humidity');
INSERT INTO MEASUREMENT (DateTime, SensorID, MeasValue) VALUES (TO_DATE('10/05/18 13:43', 'DD/MM/YY HH24:MI'), 331423, 79);
INSERT INTO SENSOR (SerialNumber, CityPlaced, SensorModel, MinimValue, MaximValue, Unit, SensorType) VALUES (51105, 'Θεοδώριανα', 'JXCU-140', 709.0, 1061.9, 'hPa', 'Pressure');
INSERT INTO MEASUREMENT (DateTime, SensorID, MeasValue) VALUES (TO_DATE('10/05/18 13:43', 'DD/MM/YY HH24:MI'), 51105, 1006.6);
INSERT INTO SENSOR (SerialNumber, CityPlaced, SensorModel, MinimValue, MaximValue, Unit, SensorType) VALUES (69299, 'Θεοδώριανα', 'TYUK-3662', 0.0, 21.9, 'km/h', 'Wind');
INSERT INTO MEASUREMENT (DateTime, SensorID, MeasValue) VALUES (TO_DATE('10/05/18 13:43', 'DD/MM/YY HH24:MI'), 69299, 0.5);
INSERT INTO SENSOR (SerialNumber, CityPlaced, SensorModel, MinimValue, MaximValue, Unit, SensorType) VALUES (704163, 'Κομπότι', 'CKXQL-092', -52.0, 60.9, '°C', 'Temperature');
INSERT INTO MEASUREMENT (DateTime, SensorID, MeasValue) VALUES (TO_DATE('10/05/18 13:45', 'DD/MM/YY HH24:MI'), 704163, 22.6);
INSERT INTO SENSOR (SerialNumber, CityPlaced, SensorModel, MinimValue, MaximValue, Unit, SensorType) VALUES (317130, 'Κομπότι', 'BERFU-4997', 0, 100, '%', 'Humidity');
INSERT INTO MEASUREMENT (DateTime, SensorID, MeasValue) VALUES (TO_DATE('10/05/18 13:45', 'DD/MM/YY HH24:MI'), 317130, 61);
INSERT INTO SENSOR (SerialNumber, CityPlaced, SensorModel, MinimValue, MaximValue, Unit, SensorType) VALUES (69893, 'Κομπότι', 'JOLK-224', 735.0, 1052.9, 'hPa', 'Pressure');
INSERT INTO MEASUREMENT (DateTime, SensorID, MeasValue) VALUES (TO_DATE('10/05/18 13:45', 'DD/MM/YY HH24:MI'), 69893, 1006.9);
INSERT INTO SENSOR (SerialNumber, CityPlaced, SensorModel, MinimValue, MaximValue, Unit, SensorType) VALUES (99580, 'Κομπότι', 'VCEL-5483', 0.0, 20.9, 'km/h', 'Wind');
INSERT INTO MEASUREMENT (DateTime, SensorID, MeasValue) VALUES (TO_DATE('10/05/18 13:45', 'DD/MM/YY HH24:MI'), 99580, 5.4);
INSERT INTO SENSOR (SerialNumber, CityPlaced, SensorModel, MinimValue, MaximValue, Unit, SensorType) VALUES (276502, 'Λεπιανά', 'YRPEA-169', -60.0, 77.9, '°C', 'Temperature');
INSERT INTO MEASUREMENT (DateTime, SensorID, MeasValue) VALUES (TO_DATE('10/05/18 13:46', 'DD/MM/YY HH24:MI'), 276502, 16.6);
INSERT INTO SENSOR (SerialNumber, CityPlaced, SensorModel, MinimValue, MaximValue, Unit, SensorType) VALUES (253233, 'Λεπιανά', 'AZTBP-8640', 0, 100, '%', 'Humidity');
INSERT INTO MEASUREMENT (DateTime, SensorID, MeasValue) VALUES (TO_DATE('10/05/18 13:46', 'DD/MM/YY HH24:MI'), 253233, 78);
INSERT INTO SENSOR (SerialNumber, CityPlaced, SensorModel, MinimValue, MaximValue, Unit, SensorType) VALUES (74783, 'Λεπιανά', 'MVKJ-577', 700.0, 1092.9, 'hPa', 'Pressure');
INSERT INTO MEASUREMENT (DateTime, SensorID, MeasValue) VALUES (TO_DATE('10/05/18 13:46', 'DD/MM/YY HH24:MI'), 74783, 1005.8);
INSERT INTO SENSOR (SerialNumber, CityPlaced, SensorModel, MinimValue, MaximValue, Unit, SensorType) VALUES (99732, 'Λεπιανά', 'NKIA-8919', 0.0, 20.9, 'km/h', 'Wind');
INSERT INTO MEASUREMENT (DateTime, SensorID, MeasValue) VALUES (TO_DATE('10/05/18 13:46', 'DD/MM/YY HH24:MI'), 99732, 2.1);
INSERT INTO SENSOR (SerialNumber, CityPlaced, SensorModel, MinimValue, MaximValue, Unit, SensorType) VALUES (585954, 'Ηγουμενίτσα', 'CDQRC-245', -52.0, 68.9, '°C', 'Temperature');
INSERT INTO MEASUREMENT (DateTime, SensorID, MeasValue) VALUES (TO_DATE('10/05/18 13:43', 'DD/MM/YY HH24:MI'), 585954, 22.7);
INSERT INTO SENSOR (SerialNumber, CityPlaced, SensorModel, MinimValue, MaximValue, Unit, SensorType) VALUES (527429, 'Ηγουμενίτσα', 'MPBQS-2854', 0, 100, '%', 'Humidity');
INSERT INTO MEASUREMENT (DateTime, SensorID, MeasValue) VALUES (TO_DATE('10/05/18 13:43', 'DD/MM/YY HH24:MI'), 527429, 62);
INSERT INTO SENSOR (SerialNumber, CityPlaced, SensorModel, MinimValue, MaximValue, Unit, SensorType) VALUES (92858, 'Ηγουμενίτσα', 'GTNL-576', 708.0, 1070.9, 'hPa', 'Pressure');
INSERT INTO MEASUREMENT (DateTime, SensorID, MeasValue) VALUES (TO_DATE('10/05/18 13:43', 'DD/MM/YY HH24:MI'), 92858, 1007.7);
INSERT INTO SENSOR (SerialNumber, CityPlaced, SensorModel, MinimValue, MaximValue, Unit, SensorType) VALUES (18915, 'Ηγουμενίτσα', 'ZLUW-1001', 0.0, 20.9, 'km/h', 'Wind');
INSERT INTO MEASUREMENT (DateTime, SensorID, MeasValue) VALUES (TO_DATE('10/05/18 13:43', 'DD/MM/YY HH24:MI'), 18915, 9.1);
INSERT INTO SENSOR (SerialNumber, CityPlaced, SensorModel, MinimValue, MaximValue, Unit, SensorType) VALUES (481144, 'Φιλοθέη', 'GDYTY-117', -60.0, 76.9, '°C', 'Temperature');
INSERT INTO MEASUREMENT (DateTime, SensorID, MeasValue) VALUES (TO_DATE('10/05/18 13:48', 'DD/MM/YY HH24:MI'), 481144, 22.8);
INSERT INTO SENSOR (SerialNumber, CityPlaced, SensorModel, MinimValue, MaximValue, Unit, SensorType) VALUES (637672, 'Φιλοθέη', 'KSHUL-3945', 0, 100, '%', 'Humidity');
INSERT INTO MEASUREMENT (DateTime, SensorID, MeasValue) VALUES (TO_DATE('10/05/18 13:48', 'DD/MM/YY HH24:MI'), 637672, 87);
INSERT INTO SENSOR (SerialNumber, CityPlaced, SensorModel, MinimValue, MaximValue, Unit, SensorType) VALUES (50018, 'Φιλοθέη', 'ZPED-416', 727.0, 1084.9, 'hPa', 'Pressure');
INSERT INTO MEASUREMENT (DateTime, SensorID, MeasValue) VALUES (TO_DATE('10/05/18 13:48', 'DD/MM/YY HH24:MI'), 50018, 1008.7);
INSERT INTO SENSOR (SerialNumber, CityPlaced, SensorModel, MinimValue, MaximValue, Unit, SensorType) VALUES (65035, 'Φιλοθέη', 'QLXT-8495', 0.0, 20.9, 'km/h', 'Wind');
INSERT INTO MEASUREMENT (DateTime, SensorID, MeasValue) VALUES (TO_DATE('10/05/18 13:48', 'DD/MM/YY HH24:MI'), 65035, 8.3);
INSERT INTO SENSOR (SerialNumber, CityPlaced, SensorModel, MinimValue, MaximValue, Unit, SensorType) VALUES (755343, 'Αγία Κυριακή', 'DXNCZ-505', -50.0, 70.9, '°C', 'Temperature');
INSERT INTO MEASUREMENT (DateTime, SensorID, MeasValue) VALUES (TO_DATE('10/05/18 13:46', 'DD/MM/YY HH24:MI'), 755343, 19.2);
INSERT INTO SENSOR (SerialNumber, CityPlaced, SensorModel, MinimValue, MaximValue, Unit, SensorType) VALUES (656151, 'Αγία Κυριακή', 'RKDWF-6692', 0, 100, '%', 'Humidity');
INSERT INTO MEASUREMENT (DateTime, SensorID, MeasValue) VALUES (TO_DATE('10/05/18 13:46', 'DD/MM/YY HH24:MI'), 656151, 74);
INSERT INTO SENSOR (SerialNumber, CityPlaced, SensorModel, MinimValue, MaximValue, Unit, SensorType) VALUES (61890, 'Αγία Κυριακή', 'VJKZ-953', 732.0, 1081.9, 'hPa', 'Pressure');
INSERT INTO MEASUREMENT (DateTime, SensorID, MeasValue) VALUES (TO_DATE('10/05/18 13:46', 'DD/MM/YY HH24:MI'), 61890, 1008.6);
INSERT INTO SENSOR (SerialNumber, CityPlaced, SensorModel, MinimValue, MaximValue, Unit, SensorType) VALUES (55438, 'Αγία Κυριακή', 'JQCB-5262', 0.0, 25.9, 'km/h', 'Wind');
INSERT INTO MEASUREMENT (DateTime, SensorID, MeasValue) VALUES (TO_DATE('10/05/18 13:46', 'DD/MM/YY HH24:MI'), 55438, 3.7);
INSERT INTO SENSOR (SerialNumber, CityPlaced, SensorModel, MinimValue, MaximValue, Unit, SensorType) VALUES (720039, 'Ανατολή Κέντρο', 'HGMWN-727', -56.0, 63.9, '°C', 'Temperature');
INSERT INTO MEASUREMENT (DateTime, SensorID, MeasValue) VALUES (TO_DATE('10/05/18 13:45', 'DD/MM/YY HH24:MI'), 720039, 17.4);
INSERT INTO SENSOR (SerialNumber, CityPlaced, SensorModel, MinimValue, MaximValue, Unit, SensorType) VALUES (418094, 'Ανατολή Κέντρο', 'TQXAV-8028', 0, 100, '%', 'Humidity');
INSERT INTO MEASUREMENT (DateTime, SensorID, MeasValue) VALUES (TO_DATE('10/05/18 13:45', 'DD/MM/YY HH24:MI'), 418094, 81);
INSERT INTO SENSOR (SerialNumber, CityPlaced, SensorModel, MinimValue, MaximValue, Unit, SensorType) VALUES (22945, 'Ανατολή Κέντρο', 'YGBW-308', 736.0, 1091.9, 'hPa', 'Pressure');
INSERT INTO MEASUREMENT (DateTime, SensorID, MeasValue) VALUES (TO_DATE('10/05/18 13:45', 'DD/MM/YY HH24:MI'), 22945, 1010.4);
INSERT INTO SENSOR (SerialNumber, CityPlaced, SensorModel, MinimValue, MaximValue, Unit, SensorType) VALUES (21922, 'Ανατολή Κέντρο', 'GNIF-8244', 0.0, 22.9, 'km/h', 'Wind');
INSERT INTO MEASUREMENT (DateTime, SensorID, MeasValue) VALUES (TO_DATE('10/05/18 13:45', 'DD/MM/YY HH24:MI'), 21922, 7.8);
INSERT INTO SENSOR (SerialNumber, CityPlaced, SensorModel, MinimValue, MaximValue, Unit, SensorType) VALUES (536740, 'Δερβίζιανα', 'GLERG-171', -54.0, 74.9, '°C', 'Temperature');
INSERT INTO MEASUREMENT (DateTime, SensorID, MeasValue) VALUES (TO_DATE('10/05/18 13:41', 'DD/MM/YY HH24:MI'), 536740, 19.2);
INSERT INTO SENSOR (SerialNumber, CityPlaced, SensorModel, MinimValue, MaximValue, Unit, SensorType) VALUES (942352, 'Δερβίζιανα', 'SZPRI-9533', 0, 100, '%', 'Humidity');
INSERT INTO MEASUREMENT (DateTime, SensorID, MeasValue) VALUES (TO_DATE('10/05/18 13:41', 'DD/MM/YY HH24:MI'), 942352, 58);
INSERT INTO SENSOR (SerialNumber, CityPlaced, SensorModel, MinimValue, MaximValue, Unit, SensorType) VALUES (44649, 'Δερβίζιανα', 'DVXC-265', 748.0, 1062.9, 'hPa', 'Pressure');
INSERT INTO MEASUREMENT (DateTime, SensorID, MeasValue) VALUES (TO_DATE('10/05/18 13:41', 'DD/MM/YY HH24:MI'), 44649, 1006.8);
INSERT INTO SENSOR (SerialNumber, CityPlaced, SensorModel, MinimValue, MaximValue, Unit, SensorType) VALUES (76095, 'Δερβίζιανα', 'JQLF-5390', 0.0, 22.9, 'km/h', 'Wind');
INSERT INTO MEASUREMENT (DateTime, SensorID, MeasValue) VALUES (TO_DATE('10/05/18 13:41', 'DD/MM/YY HH24:MI'), 76095, 0.8);
INSERT INTO SENSOR (SerialNumber, CityPlaced, SensorModel, MinimValue, MaximValue, Unit, SensorType) VALUES (393668, 'Δωδώνη', 'YUZMU-591', -50.0, 61.9, '°C', 'Temperature');
INSERT INTO MEASUREMENT (DateTime, SensorID, MeasValue) VALUES (TO_DATE('10/05/18 13:44', 'DD/MM/YY HH24:MI'), 393668, 18.1);
INSERT INTO SENSOR (SerialNumber, CityPlaced, SensorModel, MinimValue, MaximValue, Unit, SensorType) VALUES (856392, 'Δωδώνη', 'NPENH-0047', 0, 100, '%', 'Humidity');
INSERT INTO MEASUREMENT (DateTime, SensorID, MeasValue) VALUES (TO_DATE('10/05/18 13:44', 'DD/MM/YY HH24:MI'), 856392, 63);
INSERT INTO SENSOR (SerialNumber, CityPlaced, SensorModel, MinimValue, MaximValue, Unit, SensorType) VALUES (47977, 'Δωδώνη', 'LYKK-652', 705.0, 1081.9, 'hPa', 'Pressure');
INSERT INTO MEASUREMENT (DateTime, SensorID, MeasValue) VALUES (TO_DATE('10/05/18 13:44', 'DD/MM/YY HH24:MI'), 47977, 1006.8);
INSERT INTO SENSOR (SerialNumber, CityPlaced, SensorModel, MinimValue, MaximValue, Unit, SensorType) VALUES (32719, 'Δωδώνη', 'NNXD-2400', 0.0, 23.9, 'km/h', 'Wind');
INSERT INTO MEASUREMENT (DateTime, SensorID, MeasValue) VALUES (TO_DATE('10/05/18 13:44', 'DD/MM/YY HH24:MI'), 32719, 5.6);
INSERT INTO SENSOR (SerialNumber, CityPlaced, SensorModel, MinimValue, MaximValue, Unit, SensorType) VALUES (782854, 'Ελεούσα', 'UYDPB-056', -53.0, 67.9, '°C', 'Temperature');
INSERT INTO MEASUREMENT (DateTime, SensorID, MeasValue) VALUES (TO_DATE('10/05/18 13:48', 'DD/MM/YY HH24:MI'), 782854, 19.9);
INSERT INTO SENSOR (SerialNumber, CityPlaced, SensorModel, MinimValue, MaximValue, Unit, SensorType) VALUES (397433, 'Ελεούσα', 'FHVST-0710', 0, 100, '%', 'Humidity');
INSERT INTO MEASUREMENT (DateTime, SensorID, MeasValue) VALUES (TO_DATE('10/05/18 13:48', 'DD/MM/YY HH24:MI'), 397433, 59);
INSERT INTO SENSOR (SerialNumber, CityPlaced, SensorModel, MinimValue, MaximValue, Unit, SensorType) VALUES (95229, 'Ελεούσα', 'XQQO-402', 743.0, 1080.9, 'hPa', 'Pressure');
INSERT INTO MEASUREMENT (DateTime, SensorID, MeasValue) VALUES (TO_DATE('10/05/18 13:48', 'DD/MM/YY HH24:MI'), 95229, 1013.2);
INSERT INTO SENSOR (SerialNumber, CityPlaced, SensorModel, MinimValue, MaximValue, Unit, SensorType) VALUES (54955, 'Ελεούσα', 'OSOS-0407', 0.0, 22.9, 'km/h', 'Wind');
INSERT INTO MEASUREMENT (DateTime, SensorID, MeasValue) VALUES (TO_DATE('10/05/18 13:48', 'DD/MM/YY HH24:MI'), 54955, 0.0);
INSERT INTO SENSOR (SerialNumber, CityPlaced, SensorModel, MinimValue, MaximValue, Unit, SensorType) VALUES (922843, 'Ζίτσα', 'RBHWI-343', -50.0, 71.9, '°C', 'Temperature');
INSERT INTO MEASUREMENT (DateTime, SensorID, MeasValue) VALUES (TO_DATE('10/05/18 13:46', 'DD/MM/YY HH24:MI'), 922843, 15.8);
INSERT INTO SENSOR (SerialNumber, CityPlaced, SensorModel, MinimValue, MaximValue, Unit, SensorType) VALUES (401199, 'Ζίτσα', 'PWDVC-7937', 0, 100, '%', 'Humidity');
INSERT INTO MEASUREMENT (DateTime, SensorID, MeasValue) VALUES (TO_DATE('10/05/18 13:46', 'DD/MM/YY HH24:MI'), 401199, 87);
INSERT INTO SENSOR (SerialNumber, CityPlaced, SensorModel, MinimValue, MaximValue, Unit, SensorType) VALUES (69339, 'Ζίτσα', 'EDKL-951', 715.0, 1084.9, 'hPa', 'Pressure');
INSERT INTO MEASUREMENT (DateTime, SensorID, MeasValue) VALUES (TO_DATE('10/05/18 13:46', 'DD/MM/YY HH24:MI'), 69339, 1007.5);
INSERT INTO SENSOR (SerialNumber, CityPlaced, SensorModel, MinimValue, MaximValue, Unit, SensorType) VALUES (19720, 'Ζίτσα', 'SZMF-9931', 0.0, 20.9, 'km/h', 'Wind');
INSERT INTO MEASUREMENT (DateTime, SensorID, MeasValue) VALUES (TO_DATE('10/05/18 13:46', 'DD/MM/YY HH24:MI'), 19720, 0.0);
INSERT INTO SENSOR (SerialNumber, CityPlaced, SensorModel, MinimValue, MaximValue, Unit, SensorType) VALUES (829603, 'Ζαγοροχώρια Βωβούσα', 'TWTSZ-991', -58.0, 79.9, '°C', 'Temperature');
INSERT INTO MEASUREMENT (DateTime, SensorID, MeasValue) VALUES (TO_DATE('10/05/18 13:36', 'DD/MM/YY HH24:MI'), 829603, 10.6);
INSERT INTO SENSOR (SerialNumber, CityPlaced, SensorModel, MinimValue, MaximValue, Unit, SensorType) VALUES (332686, 'Ζαγοροχώρια Βωβούσα', 'EUVCX-3901', 0, 100, '%', 'Humidity');
INSERT INTO MEASUREMENT (DateTime, SensorID, MeasValue) VALUES (TO_DATE('10/05/18 13:36', 'DD/MM/YY HH24:MI'), 332686, 94);
INSERT INTO SENSOR (SerialNumber, CityPlaced, SensorModel, MinimValue, MaximValue, Unit, SensorType) VALUES (26639, 'Ζαγοροχώρια Βωβούσα', 'SCRF-270', 734.0, 1072.9, 'hPa', 'Pressure');
INSERT INTO MEASUREMENT (DateTime, SensorID, MeasValue) VALUES (TO_DATE('10/05/18 13:36', 'DD/MM/YY HH24:MI'), 26639, 1009.5);
INSERT INTO SENSOR (SerialNumber, CityPlaced, SensorModel, MinimValue, MaximValue, Unit, SensorType) VALUES (78456, 'Ζαγοροχώρια Βωβούσα', 'EKQP-9935', 0.0, 21.9, 'km/h', 'Wind');
INSERT INTO MEASUREMENT (DateTime, SensorID, MeasValue) VALUES (TO_DATE('10/05/18 13:36', 'DD/MM/YY HH24:MI'), 78456, 0.8);
INSERT INTO SENSOR (SerialNumber, CityPlaced, SensorModel, MinimValue, MaximValue, Unit, SensorType) VALUES (721170, 'Ζαγοροχώρια Πέτρα', 'VFLWA-445', -56.0, 66.9, '°C', 'Temperature');
INSERT INTO MEASUREMENT (DateTime, SensorID, MeasValue) VALUES (TO_DATE('10/05/18 13:47', 'DD/MM/YY HH24:MI'), 721170, 13.1);
INSERT INTO SENSOR (SerialNumber, CityPlaced, SensorModel, MinimValue, MaximValue, Unit, SensorType) VALUES (941486, 'Ζαγοροχώρια Πέτρα', 'MQZKH-6400', 0, 100, '%', 'Humidity');
INSERT INTO MEASUREMENT (DateTime, SensorID, MeasValue) VALUES (TO_DATE('10/05/18 13:47', 'DD/MM/YY HH24:MI'), 941486, 95);
INSERT INTO SENSOR (SerialNumber, CityPlaced, SensorModel, MinimValue, MaximValue, Unit, SensorType) VALUES (69713, 'Ζαγοροχώρια Πέτρα', 'GZVN-060', 724.0, 1069.9, 'hPa', 'Pressure');
INSERT INTO MEASUREMENT (DateTime, SensorID, MeasValue) VALUES (TO_DATE('10/05/18 13:47', 'DD/MM/YY HH24:MI'), 69713, 1005.0);
INSERT INTO SENSOR (SerialNumber, CityPlaced, SensorModel, MinimValue, MaximValue, Unit, SensorType) VALUES (77364, 'Ζαγοροχώρια Πέτρα', 'RDXV-0967', 0.0, 22.9, 'km/h', 'Wind');
INSERT INTO MEASUREMENT (DateTime, SensorID, MeasValue) VALUES (TO_DATE('10/05/18 13:47', 'DD/MM/YY HH24:MI'), 77364, 1.2);
INSERT INTO SENSOR (SerialNumber, CityPlaced, SensorModel, MinimValue, MaximValue, Unit, SensorType) VALUES (355405, 'Ζαγοροχώρια Τρίστενο', 'EFUQL-433', -57.0, 66.9, '°C', 'Temperature');
INSERT INTO MEASUREMENT (DateTime, SensorID, MeasValue) VALUES (TO_DATE('10/05/18 13:42', 'DD/MM/YY HH24:MI'), 355405, 12.4);
INSERT INTO SENSOR (SerialNumber, CityPlaced, SensorModel, MinimValue, MaximValue, Unit, SensorType) VALUES (229385, 'Ζαγοροχώρια Τρίστενο', 'CQRRG-0284', 0, 100, '%', 'Humidity');
INSERT INTO MEASUREMENT (DateTime, SensorID, MeasValue) VALUES (TO_DATE('10/05/18 13:42', 'DD/MM/YY HH24:MI'), 229385, 92);
INSERT INTO SENSOR (SerialNumber, CityPlaced, SensorModel, MinimValue, MaximValue, Unit, SensorType) VALUES (40905, 'Ζαγοροχώρια Τρίστενο', 'PIHN-619', 722.0, 1066.9, 'hPa', 'Pressure');
INSERT INTO MEASUREMENT (DateTime, SensorID, MeasValue) VALUES (TO_DATE('10/05/18 13:42', 'DD/MM/YY HH24:MI'), 40905, 1007.5);
INSERT INTO SENSOR (SerialNumber, CityPlaced, SensorModel, MinimValue, MaximValue, Unit, SensorType) VALUES (94645, 'Ζαγοροχώρια Τρίστενο', 'HMAU-7479', 0.0, 20.9, 'km/h', 'Wind');
INSERT INTO MEASUREMENT (DateTime, SensorID, MeasValue) VALUES (TO_DATE('10/05/18 13:42', 'DD/MM/YY HH24:MI'), 94645, 1.3);
INSERT INTO SENSOR (SerialNumber, CityPlaced, SensorModel, MinimValue, MaximValue, Unit, SensorType) VALUES (161260, 'Ιωάννινα Αμπελόκηποι', 'NDJLJ-914', -50.0, 67.9, '°C', 'Temperature');
INSERT INTO MEASUREMENT (DateTime, SensorID, MeasValue) VALUES (TO_DATE('10/05/18 13:45', 'DD/MM/YY HH24:MI'), 161260, 18.5);
INSERT INTO SENSOR (SerialNumber, CityPlaced, SensorModel, MinimValue, MaximValue, Unit, SensorType) VALUES (590648, 'Ιωάννινα Αμπελόκηποι', 'WGVVC-3169', 0, 100, '%', 'Humidity');
INSERT INTO MEASUREMENT (DateTime, SensorID, MeasValue) VALUES (TO_DATE('10/05/18 13:45', 'DD/MM/YY HH24:MI'), 590648, 68);
INSERT INTO SENSOR (SerialNumber, CityPlaced, SensorModel, MinimValue, MaximValue, Unit, SensorType) VALUES (16974, 'Ιωάννινα Αμπελόκηποι', 'DHGN-123', 748.0, 1062.9, 'hPa', 'Pressure');
INSERT INTO MEASUREMENT (DateTime, SensorID, MeasValue) VALUES (TO_DATE('10/05/18 13:45', 'DD/MM/YY HH24:MI'), 16974, 1005.8);
INSERT INTO SENSOR (SerialNumber, CityPlaced, SensorModel, MinimValue, MaximValue, Unit, SensorType) VALUES (49160, 'Ιωάννινα Αμπελόκηποι', 'RAFL-2496', 0.0, 22.9, 'km/h', 'Wind');
INSERT INTO MEASUREMENT (DateTime, SensorID, MeasValue) VALUES (TO_DATE('10/05/18 13:45', 'DD/MM/YY HH24:MI'), 49160, 1.4);
INSERT INTO SENSOR (SerialNumber, CityPlaced, SensorModel, MinimValue, MaximValue, Unit, SensorType) VALUES (688142, 'Ιωάννινα Κέντρο', 'LTBMV-839', -54.0, 79.9, '°C', 'Temperature');
INSERT INTO MEASUREMENT (DateTime, SensorID, MeasValue) VALUES (TO_DATE('10/05/18 13:45', 'DD/MM/YY HH24:MI'), 688142, 18.0);
INSERT INTO SENSOR (SerialNumber, CityPlaced, SensorModel, MinimValue, MaximValue, Unit, SensorType) VALUES (407110, 'Ιωάννινα Κέντρο', 'ENMCU-9276', 0, 100, '%', 'Humidity');
INSERT INTO MEASUREMENT (DateTime, SensorID, MeasValue) VALUES (TO_DATE('10/05/18 13:45', 'DD/MM/YY HH24:MI'), 407110, 78);
INSERT INTO SENSOR (SerialNumber, CityPlaced, SensorModel, MinimValue, MaximValue, Unit, SensorType) VALUES (16980, 'Ιωάννινα Κέντρο', 'YSOC-2962', 0.0, 24.9, 'km/h', 'Wind');
INSERT INTO MEASUREMENT (DateTime, SensorID, MeasValue) VALUES (TO_DATE('10/05/18 13:45', 'DD/MM/YY HH24:MI'), 16980, 1.3);
INSERT INTO SENSOR (SerialNumber, CityPlaced, SensorModel, MinimValue, MaximValue, Unit, SensorType) VALUES (330433, 'Καρδαμίτσια', 'RBMKW-080', -55.0, 67.9, '°C', 'Temperature');
INSERT INTO MEASUREMENT (DateTime, SensorID, MeasValue) VALUES (TO_DATE('10/05/18 13:44', 'DD/MM/YY HH24:MI'), 330433, 16.8);
INSERT INTO SENSOR (SerialNumber, CityPlaced, SensorModel, MinimValue, MaximValue, Unit, SensorType) VALUES (487962, 'Καρδαμίτσια', 'YSRTX-2705', 0, 100, '%', 'Humidity');
INSERT INTO MEASUREMENT (DateTime, SensorID, MeasValue) VALUES (TO_DATE('10/05/18 13:44', 'DD/MM/YY HH24:MI'), 487962, 97);
INSERT INTO SENSOR (SerialNumber, CityPlaced, SensorModel, MinimValue, MaximValue, Unit, SensorType) VALUES (34840, 'Καρδαμίτσια', 'TLIX-777', 718.0, 1061.9, 'hPa', 'Pressure');
INSERT INTO MEASUREMENT (DateTime, SensorID, MeasValue) VALUES (TO_DATE('10/05/18 13:44', 'DD/MM/YY HH24:MI'), 34840, 1004.7);
INSERT INTO SENSOR (SerialNumber, CityPlaced, SensorModel, MinimValue, MaximValue, Unit, SensorType) VALUES (50131, 'Καρδαμίτσια', 'VYXW-2132', 0.0, 21.9, 'km/h', 'Wind');
INSERT INTO MEASUREMENT (DateTime, SensorID, MeasValue) VALUES (TO_DATE('10/05/18 13:44', 'DD/MM/YY HH24:MI'), 50131, 0.0);
INSERT INTO SENSOR (SerialNumber, CityPlaced, SensorModel, MinimValue, MaximValue, Unit, SensorType) VALUES (501620, 'Κόνιτσα', 'VIRHN-129', -54.0, 69.9, '°C', 'Temperature');
INSERT INTO MEASUREMENT (DateTime, SensorID, MeasValue) VALUES (TO_DATE('10/05/18 13:47', 'DD/MM/YY HH24:MI'), 501620, 17.7);
INSERT INTO SENSOR (SerialNumber, CityPlaced, SensorModel, MinimValue, MaximValue, Unit, SensorType) VALUES (556639, 'Κόνιτσα', 'RQRMV-6000', 0, 100, '%', 'Humidity');
INSERT INTO MEASUREMENT (DateTime, SensorID, MeasValue) VALUES (TO_DATE('10/05/18 13:47', 'DD/MM/YY HH24:MI'), 556639, 83);
INSERT INTO SENSOR (SerialNumber, CityPlaced, SensorModel, MinimValue, MaximValue, Unit, SensorType) VALUES (25992, 'Κόνιτσα', 'AGAL-865', 707.0, 1051.9, 'hPa', 'Pressure');
INSERT INTO MEASUREMENT (DateTime, SensorID, MeasValue) VALUES (TO_DATE('10/05/18 13:47', 'DD/MM/YY HH24:MI'), 25992, 1008.6);
INSERT INTO SENSOR (SerialNumber, CityPlaced, SensorModel, MinimValue, MaximValue, Unit, SensorType) VALUES (70111, 'Κόνιτσα', 'VWEP-4491', 0.0, 23.9, 'km/h', 'Wind');
INSERT INTO MEASUREMENT (DateTime, SensorID, MeasValue) VALUES (TO_DATE('10/05/18 13:47', 'DD/MM/YY HH24:MI'), 70111, 0.8);
INSERT INTO SENSOR (SerialNumber, CityPlaced, SensorModel, MinimValue, MaximValue, Unit, SensorType) VALUES (641730, 'Μέτσοβο', 'OETZO-436', -59.0, 60.9, '°C', 'Temperature');
INSERT INTO MEASUREMENT (DateTime, SensorID, MeasValue) VALUES (TO_DATE('10/05/18 13:44', 'DD/MM/YY HH24:MI'), 641730, 9.1);
INSERT INTO SENSOR (SerialNumber, CityPlaced, SensorModel, MinimValue, MaximValue, Unit, SensorType) VALUES (369302, 'Μέτσοβο', 'ALAPY-2801', 0, 100, '%', 'Humidity');
INSERT INTO MEASUREMENT (DateTime, SensorID, MeasValue) VALUES (TO_DATE('10/05/18 13:44', 'DD/MM/YY HH24:MI'), 369302, 84);
INSERT INTO MEASUREMENT (DateTime, SensorID, MeasValue) VALUES (TO_DATE('10/05/18 13:44', 'DD/MM/YY HH24:MI'), 14074, 1008.1);
INSERT INTO SENSOR (SerialNumber, CityPlaced, SensorModel, MinimValue, MaximValue, Unit, SensorType) VALUES (30582, 'Μέτσοβο', 'CBAM-1930', 0.0, 25.9, 'km/h', 'Wind');
INSERT INTO MEASUREMENT (DateTime, SensorID, MeasValue) VALUES (TO_DATE('10/05/18 13:44', 'DD/MM/YY HH24:MI'), 30582, 3.8);
INSERT INTO SENSOR (SerialNumber, CityPlaced, SensorModel, MinimValue, MaximValue, Unit, SensorType) VALUES (187786, 'Πληκάτι', 'TDXKP-997', -52.0, 65.9, '°C', 'Temperature');
INSERT INTO MEASUREMENT (DateTime, SensorID, MeasValue) VALUES (TO_DATE('10/05/18 13:44', 'DD/MM/YY HH24:MI'), 187786, 11.1);
INSERT INTO SENSOR (SerialNumber, CityPlaced, SensorModel, MinimValue, MaximValue, Unit, SensorType) VALUES (900434, 'Πληκάτι', 'WHABU-8490', 0, 100, '%', 'Humidity');
INSERT INTO MEASUREMENT (DateTime, SensorID, MeasValue) VALUES (TO_DATE('10/05/18 13:44', 'DD/MM/YY HH24:MI'), 900434, 91);
INSERT INTO SENSOR (SerialNumber, CityPlaced, SensorModel, MinimValue, MaximValue, Unit, SensorType) VALUES (15942, 'Πληκάτι', 'PBWD-468', 726.0, 1058.9, 'hPa', 'Pressure');
INSERT INTO MEASUREMENT (DateTime, SensorID, MeasValue) VALUES (TO_DATE('10/05/18 13:44', 'DD/MM/YY HH24:MI'), 15942, 1008.7);
INSERT INTO SENSOR (SerialNumber, CityPlaced, SensorModel, MinimValue, MaximValue, Unit, SensorType) VALUES (16407, 'Πληκάτι', 'EFEO-9075', 0.0, 23.9, 'km/h', 'Wind');
INSERT INTO MEASUREMENT (DateTime, SensorID, MeasValue) VALUES (TO_DATE('10/05/18 13:44', 'DD/MM/YY HH24:MI'), 16407, 1.3);
INSERT INTO SENSOR (SerialNumber, CityPlaced, SensorModel, MinimValue, MaximValue, Unit, SensorType) VALUES (461759, 'Πράμαντα', 'OZHLS-014', -56.0, 73.9, '°C', 'Temperature');
INSERT INTO MEASUREMENT (DateTime, SensorID, MeasValue) VALUES (TO_DATE('10/05/18 13:32', 'DD/MM/YY HH24:MI'), 461759, 15.2);
INSERT INTO SENSOR (SerialNumber, CityPlaced, SensorModel, MinimValue, MaximValue, Unit, SensorType) VALUES (769334, 'Πράμαντα', 'MYJJM-7105', 0, 100, '%', 'Humidity');
INSERT INTO MEASUREMENT (DateTime, SensorID, MeasValue) VALUES (TO_DATE('10/05/18 13:32', 'DD/MM/YY HH24:MI'), 769334, 86);
INSERT INTO SENSOR (SerialNumber, CityPlaced, SensorModel, MinimValue, MaximValue, Unit, SensorType) VALUES (22587, 'Πράμαντα', 'TCHW-723', 736.0, 1085.9, 'hPa', 'Pressure');
INSERT INTO MEASUREMENT (DateTime, SensorID, MeasValue) VALUES (TO_DATE('10/05/18 13:32', 'DD/MM/YY HH24:MI'), 22587, 1008.9);
INSERT INTO SENSOR (SerialNumber, CityPlaced, SensorModel, MinimValue, MaximValue, Unit, SensorType) VALUES (28858, 'Πράμαντα', 'XBEA-1693', 0.0, 23.9, 'km/h', 'Wind');
INSERT INTO MEASUREMENT (DateTime, SensorID, MeasValue) VALUES (TO_DATE('10/05/18 13:32', 'DD/MM/YY HH24:MI'), 28858, 3.8);
INSERT INTO SENSOR (SerialNumber, CityPlaced, SensorModel, MinimValue, MaximValue, Unit, SensorType) VALUES (980655, 'Τύρια', 'KTSPA-660', -57.0, 71.9, '°C', 'Temperature');
INSERT INTO MEASUREMENT (DateTime, SensorID, MeasValue) VALUES (TO_DATE('10/05/18 13:41', 'DD/MM/YY HH24:MI'), 980655, 21.3);
INSERT INTO SENSOR (SerialNumber, CityPlaced, SensorModel, MinimValue, MaximValue, Unit, SensorType) VALUES (241908, 'Τύρια', 'FAQYT-8257', 0, 100, '%', 'Humidity');
INSERT INTO MEASUREMENT (DateTime, SensorID, MeasValue) VALUES (TO_DATE('10/05/18 13:41', 'DD/MM/YY HH24:MI'), 241908, 61);
INSERT INTO SENSOR (SerialNumber, CityPlaced, SensorModel, MinimValue, MaximValue, Unit, SensorType) VALUES (14231, 'Τύρια', 'QIZW-426', 747.0, 1087.9, 'hPa', 'Pressure');
INSERT INTO MEASUREMENT (DateTime, SensorID, MeasValue) VALUES (TO_DATE('10/05/18 13:41', 'DD/MM/YY HH24:MI'), 14231, 1006.5);
INSERT INTO SENSOR (SerialNumber, CityPlaced, SensorModel, MinimValue, MaximValue, Unit, SensorType) VALUES (10582, 'Τύρια', 'CBOA-0845', 0.0, 25.9, 'km/h', 'Wind');
INSERT INTO MEASUREMENT (DateTime, SensorID, MeasValue) VALUES (TO_DATE('10/05/18 13:41', 'DD/MM/YY HH24:MI'), 10582, 0.5);
INSERT INTO SENSOR (SerialNumber, CityPlaced, SensorModel, MinimValue, MaximValue, Unit, SensorType) VALUES (692785, 'Καστροσυκιά', 'BFLMA-745', -53.0, 79.9, '°C', 'Temperature');
INSERT INTO MEASUREMENT (DateTime, SensorID, MeasValue) VALUES (TO_DATE('10/05/18 13:47', 'DD/MM/YY HH24:MI'), 692785, 20.2);
INSERT INTO SENSOR (SerialNumber, CityPlaced, SensorModel, MinimValue, MaximValue, Unit, SensorType) VALUES (486785, 'Καστροσυκιά', 'MYGHW-8657', 0, 100, '%', 'Humidity');
INSERT INTO MEASUREMENT (DateTime, SensorID, MeasValue) VALUES (TO_DATE('10/05/18 13:47', 'DD/MM/YY HH24:MI'), 486785, 82);
INSERT INTO SENSOR (SerialNumber, CityPlaced, SensorModel, MinimValue, MaximValue, Unit, SensorType) VALUES (78581, 'Καστροσυκιά', 'HFBR-170', 745.0, 1062.9, 'hPa', 'Pressure');
INSERT INTO MEASUREMENT (DateTime, SensorID, MeasValue) VALUES (TO_DATE('10/05/18 13:47', 'DD/MM/YY HH24:MI'), 78581, 1006.4);
INSERT INTO SENSOR (SerialNumber, CityPlaced, SensorModel, MinimValue, MaximValue, Unit, SensorType) VALUES (58298, 'Καστροσυκιά', 'WMWX-0785', 0.0, 23.9, 'km/h', 'Wind');
INSERT INTO MEASUREMENT (DateTime, SensorID, MeasValue) VALUES (TO_DATE('10/05/18 13:47', 'DD/MM/YY HH24:MI'), 58298, 13.3);
INSERT INTO SENSOR (SerialNumber, CityPlaced, SensorModel, MinimValue, MaximValue, Unit, SensorType) VALUES (238955, 'Πάργα', 'ZWIAI-394', -59.0, 63.9, '°C', 'Temperature');
INSERT INTO MEASUREMENT (DateTime, SensorID, MeasValue) VALUES (TO_DATE('10/05/18 13:46', 'DD/MM/YY HH24:MI'), 238955, 21.4);
INSERT INTO SENSOR (SerialNumber, CityPlaced, SensorModel, MinimValue, MaximValue, Unit, SensorType) VALUES (889154, 'Πάργα', 'QDDAU-0083', 0, 100, '%', 'Humidity');
INSERT INTO MEASUREMENT (DateTime, SensorID, MeasValue) VALUES (TO_DATE('10/05/18 13:46', 'DD/MM/YY HH24:MI'), 889154, 74);
INSERT INTO SENSOR (SerialNumber, CityPlaced, SensorModel, MinimValue, MaximValue, Unit, SensorType) VALUES (18258, 'Πάργα', 'XYGL-682', 740.0, 1065.9, 'hPa', 'Pressure');
INSERT INTO MEASUREMENT (DateTime, SensorID, MeasValue) VALUES (TO_DATE('10/05/18 13:46', 'DD/MM/YY HH24:MI'), 18258, 1008.9);
INSERT INTO SENSOR (SerialNumber, CityPlaced, SensorModel, MinimValue, MaximValue, Unit, SensorType) VALUES (32450, 'Πάργα', 'MZGZ-1420', 0.0, 21.9, 'km/h', 'Wind');
INSERT INTO MEASUREMENT (DateTime, SensorID, MeasValue) VALUES (TO_DATE('10/05/18 13:46', 'DD/MM/YY HH24:MI'), 32450, 10.5);
INSERT INTO SENSOR (SerialNumber, CityPlaced, SensorModel, MinimValue, MaximValue, Unit, SensorType) VALUES (456264, 'Φυλακτή Λίμνη Πλαστήρα', 'ROCEH-923', -57.0, 63.9, '°C', 'Temperature');
INSERT INTO MEASUREMENT (DateTime, SensorID, MeasValue) VALUES (TO_DATE('10/05/18 13:45', 'DD/MM/YY HH24:MI'), 456264, 18.9);
INSERT INTO SENSOR (SerialNumber, CityPlaced, SensorModel, MinimValue, MaximValue, Unit, SensorType) VALUES (368329, 'Φυλακτή Λίμνη Πλαστήρα', 'WTXYD-5851', 0, 100, '%', 'Humidity');
INSERT INTO MEASUREMENT (DateTime, SensorID, MeasValue) VALUES (TO_DATE('10/05/18 13:45', 'DD/MM/YY HH24:MI'), 368329, 25);
INSERT INTO SENSOR (SerialNumber, CityPlaced, SensorModel, MinimValue, MaximValue, Unit, SensorType) VALUES (95098, 'Φυλακτή Λίμνη Πλαστήρα', 'ILAD-070', 710.0, 1053.9, 'hPa', 'Pressure');
INSERT INTO MEASUREMENT (DateTime, SensorID, MeasValue) VALUES (TO_DATE('10/05/18 13:45', 'DD/MM/YY HH24:MI'), 95098, 1006.5);
INSERT INTO SENSOR (SerialNumber, CityPlaced, SensorModel, MinimValue, MaximValue, Unit, SensorType) VALUES (12488, 'Φυλακτή Λίμνη Πλαστήρα', 'VSMO-4118', 0.0, 21.9, 'km/h', 'Wind');
INSERT INTO MEASUREMENT (DateTime, SensorID, MeasValue) VALUES (TO_DATE('10/05/18 13:45', 'DD/MM/YY HH24:MI'), 12488, 4.9);
INSERT INTO SENSOR (SerialNumber, CityPlaced, SensorModel, MinimValue, MaximValue, Unit, SensorType) VALUES (141749, 'Βελίκα', 'MXSUS-018', -60.0, 67.9, '°C', 'Temperature');
INSERT INTO MEASUREMENT (DateTime, SensorID, MeasValue) VALUES (TO_DATE('10/05/18 13:48', 'DD/MM/YY HH24:MI'), 141749, 22.2);
INSERT INTO SENSOR (SerialNumber, CityPlaced, SensorModel, MinimValue, MaximValue, Unit, SensorType) VALUES (867104, 'Βελίκα', 'SXQLK-9783', 0, 100, '%', 'Humidity');
INSERT INTO MEASUREMENT (DateTime, SensorID, MeasValue) VALUES (TO_DATE('10/05/18 13:48', 'DD/MM/YY HH24:MI'), 867104, 78);
INSERT INTO SENSOR (SerialNumber, CityPlaced, SensorModel, MinimValue, MaximValue, Unit, SensorType) VALUES (35536, 'Βελίκα', 'STSH-930', 736.0, 1099.9, 'hPa', 'Pressure');
INSERT INTO MEASUREMENT (DateTime, SensorID, MeasValue) VALUES (TO_DATE('10/05/18 13:48', 'DD/MM/YY HH24:MI'), 35536, 1007.3);
INSERT INTO SENSOR (SerialNumber, CityPlaced, SensorModel, MinimValue, MaximValue, Unit, SensorType) VALUES (95842, 'Βελίκα', 'AUFI-5953', 0.0, 22.9, 'km/h', 'Wind');
INSERT INTO MEASUREMENT (DateTime, SensorID, MeasValue) VALUES (TO_DATE('10/05/18 13:48', 'DD/MM/YY HH24:MI'), 95842, 6.0);
INSERT INTO SENSOR (SerialNumber, CityPlaced, SensorModel, MinimValue, MaximValue, Unit, SensorType) VALUES (387371, 'Λάρισα 6 Δρόμοι', 'LBOCC-769', -51.0, 69.9, '°C', 'Temperature');
INSERT INTO MEASUREMENT (DateTime, SensorID, MeasValue) VALUES (TO_DATE('10/05/18 13:45', 'DD/MM/YY HH24:MI'), 387371, 22.7);
INSERT INTO SENSOR (SerialNumber, CityPlaced, SensorModel, MinimValue, MaximValue, Unit, SensorType) VALUES (853426, 'Λάρισα 6 Δρόμοι', 'JZNGP-9581', 0, 100, '%', 'Humidity');
INSERT INTO MEASUREMENT (DateTime, SensorID, MeasValue) VALUES (TO_DATE('10/05/18 13:45', 'DD/MM/YY HH24:MI'), 853426, 64);
INSERT INTO SENSOR (SerialNumber, CityPlaced, SensorModel, MinimValue, MaximValue, Unit, SensorType) VALUES (41391, 'Λάρισα 6 Δρόμοι', 'RGIM-119', 719.0, 1087.9, 'hPa', 'Pressure');
INSERT INTO MEASUREMENT (DateTime, SensorID, MeasValue) VALUES (TO_DATE('10/05/18 13:45', 'DD/MM/YY HH24:MI'), 41391, 1005.9);
INSERT INTO SENSOR (SerialNumber, CityPlaced, SensorModel, MinimValue, MaximValue, Unit, SensorType) VALUES (82767, 'Λάρισα 6 Δρόμοι', 'FJSF-9588', 0.0, 25.9, 'km/h', 'Wind');
INSERT INTO MEASUREMENT (DateTime, SensorID, MeasValue) VALUES (TO_DATE('10/05/18 13:45', 'DD/MM/YY HH24:MI'), 82767, 3.7);
INSERT INTO SENSOR (SerialNumber, CityPlaced, SensorModel, MinimValue, MaximValue, Unit, SensorType) VALUES (780594, 'Λάρισα ΑΤΑ', 'GCOQL-393', -52.0, 64.9, '°C', 'Temperature');
INSERT INTO MEASUREMENT (DateTime, SensorID, MeasValue) VALUES (TO_DATE('10/05/18 13:42', 'DD/MM/YY HH24:MI'), 780594, 22.4);
INSERT INTO SENSOR (SerialNumber, CityPlaced, SensorModel, MinimValue, MaximValue, Unit, SensorType) VALUES (333145, 'Λάρισα ΑΤΑ', 'VMIBO-4457', 0, 100, '%', 'Humidity');
INSERT INTO MEASUREMENT (DateTime, SensorID, MeasValue) VALUES (TO_DATE('10/05/18 13:42', 'DD/MM/YY HH24:MI'), 333145, 63);
INSERT INTO SENSOR (SerialNumber, CityPlaced, SensorModel, MinimValue, MaximValue, Unit, SensorType) VALUES (11131, 'Λάρισα ΑΤΑ', 'YYKD-932', 745.0, 1052.9, 'hPa', 'Pressure');
INSERT INTO MEASUREMENT (DateTime, SensorID, MeasValue) VALUES (TO_DATE('10/05/18 13:42', 'DD/MM/YY HH24:MI'), 11131, 1004.0);
INSERT INTO SENSOR (SerialNumber, CityPlaced, SensorModel, MinimValue, MaximValue, Unit, SensorType) VALUES (86358, 'Λάρισα ΑΤΑ', 'PBDK-9992', 0.0, 20.9, 'km/h', 'Wind');
INSERT INTO MEASUREMENT (DateTime, SensorID, MeasValue) VALUES (TO_DATE('10/05/18 13:42', 'DD/MM/YY HH24:MI'), 86358, 4.8);
INSERT INTO SENSOR (SerialNumber, CityPlaced, SensorModel, MinimValue, MaximValue, Unit, SensorType) VALUES (621069, 'Λάρισα Σίφνου', 'GXHHP-648', -55.0, 71.9, '°C', 'Temperature');
INSERT INTO MEASUREMENT (DateTime, SensorID, MeasValue) VALUES (TO_DATE('10/05/18 13:48', 'DD/MM/YY HH24:MI'), 621069, 22.3);
INSERT INTO SENSOR (SerialNumber, CityPlaced, SensorModel, MinimValue, MaximValue, Unit, SensorType) VALUES (309300, 'Λάρισα Σίφνου', 'WPVJN-8704', 0, 100, '%', 'Humidity');
INSERT INTO MEASUREMENT (DateTime, SensorID, MeasValue) VALUES (TO_DATE('10/05/18 13:48', 'DD/MM/YY HH24:MI'), 309300, 59);
INSERT INTO SENSOR (SerialNumber, CityPlaced, SensorModel, MinimValue, MaximValue, Unit, SensorType) VALUES (91519, 'Λάρισα Σίφνου', 'OUNK-344', 710.0, 1064.9, 'hPa', 'Pressure');
INSERT INTO MEASUREMENT (DateTime, SensorID, MeasValue) VALUES (TO_DATE('10/05/18 13:48', 'DD/MM/YY HH24:MI'), 91519, 1006.4);
INSERT INTO SENSOR (SerialNumber, CityPlaced, SensorModel, MinimValue, MaximValue, Unit, SensorType) VALUES (72365, 'Λάρισα Σίφνου', 'PZTT-6210', 0.0, 24.9, 'km/h', 'Wind');
INSERT INTO MEASUREMENT (DateTime, SensorID, MeasValue) VALUES (TO_DATE('10/05/18 13:48', 'DD/MM/YY HH24:MI'), 72365, 5.2);
INSERT INTO SENSOR (SerialNumber, CityPlaced, SensorModel, MinimValue, MaximValue, Unit, SensorType) VALUES (851158, 'Συκούριο', 'IMPGF-030', -58.0, 77.9, '°C', 'Temperature');
INSERT INTO MEASUREMENT (DateTime, SensorID, MeasValue) VALUES (TO_DATE('10/05/18 13:48', 'DD/MM/YY HH24:MI'), 851158, 20.6);
INSERT INTO SENSOR (SerialNumber, CityPlaced, SensorModel, MinimValue, MaximValue, Unit, SensorType) VALUES (944855, 'Συκούριο', 'UXUNZ-2630', 0, 100, '%', 'Humidity');
INSERT INTO MEASUREMENT (DateTime, SensorID, MeasValue) VALUES (TO_DATE('10/05/18 13:48', 'DD/MM/YY HH24:MI'), 944855, 63);
INSERT INTO SENSOR (SerialNumber, CityPlaced, SensorModel, MinimValue, MaximValue, Unit, SensorType) VALUES (84859, 'Συκούριο', 'YGAL-654', 715.0, 1091.9, 'hPa', 'Pressure');
INSERT INTO MEASUREMENT (DateTime, SensorID, MeasValue) VALUES (TO_DATE('10/05/18 13:48', 'DD/MM/YY HH24:MI'), 84859, 1005.1);
INSERT INTO SENSOR (SerialNumber, CityPlaced, SensorModel, MinimValue, MaximValue, Unit, SensorType) VALUES (77182, 'Συκούριο', 'DSIX-4332', 0.0, 22.9, 'km/h', 'Wind');
INSERT INTO MEASUREMENT (DateTime, SensorID, MeasValue) VALUES (TO_DATE('10/05/18 13:48', 'DD/MM/YY HH24:MI'), 77182, 6.7);
INSERT INTO SENSOR (SerialNumber, CityPlaced, SensorModel, MinimValue, MaximValue, Unit, SensorType) VALUES (843167, 'Μπασίτσι', 'IBNTE-649', -50.0, 76.9, '°C', 'Temperature');
INSERT INTO MEASUREMENT (DateTime, SensorID, MeasValue) VALUES (TO_DATE('10/05/18 13:48', 'DD/MM/YY HH24:MI'), 843167, 22.4);
INSERT INTO SENSOR (SerialNumber, CityPlaced, SensorModel, MinimValue, MaximValue, Unit, SensorType) VALUES (505916, 'Μπασίτσι', 'VYQRI-0935', 0, 100, '%', 'Humidity');
INSERT INTO MEASUREMENT (DateTime, SensorID, MeasValue) VALUES (TO_DATE('10/05/18 13:48', 'DD/MM/YY HH24:MI'), 505916, 56);
INSERT INTO SENSOR (SerialNumber, CityPlaced, SensorModel, MinimValue, MaximValue, Unit, SensorType) VALUES (65745, 'Μπασίτσι', 'PXJX-509', 706.0, 1082.9, 'hPa', 'Pressure');
INSERT INTO MEASUREMENT (DateTime, SensorID, MeasValue) VALUES (TO_DATE('10/05/18 13:48', 'DD/MM/YY HH24:MI'), 65745, 1004.9);
INSERT INTO SENSOR (SerialNumber, CityPlaced, SensorModel, MinimValue, MaximValue, Unit, SensorType) VALUES (92649, 'Μπασίτσι', 'PAUT-1114', 0.0, 21.9, 'km/h', 'Wind');
INSERT INTO MEASUREMENT (DateTime, SensorID, MeasValue) VALUES (TO_DATE('10/05/18 13:48', 'DD/MM/YY HH24:MI'), 92649, 7.8);
INSERT INTO SENSOR (SerialNumber, CityPlaced, SensorModel, MinimValue, MaximValue, Unit, SensorType) VALUES (355822, 'Πηγάδι', 'GQPEG-630', -50.0, 63.9, '°C', 'Temperature');
INSERT INTO MEASUREMENT (DateTime, SensorID, MeasValue) VALUES (TO_DATE('10/05/18 13:35', 'DD/MM/YY HH24:MI'), 355822, 22.6);
INSERT INTO SENSOR (SerialNumber, CityPlaced, SensorModel, MinimValue, MaximValue, Unit, SensorType) VALUES (132422, 'Πηγάδι', 'YCTRY-1412', 0, 100, '%', 'Humidity');
INSERT INTO MEASUREMENT (DateTime, SensorID, MeasValue) VALUES (TO_DATE('10/05/18 13:35', 'DD/MM/YY HH24:MI'), 132422, 65);
INSERT INTO SENSOR (SerialNumber, CityPlaced, SensorModel, MinimValue, MaximValue, Unit, SensorType) VALUES (40353, 'Πηγάδι', 'MQKX-761', 708.0, 1052.9, 'hPa', 'Pressure');
INSERT INTO MEASUREMENT (DateTime, SensorID, MeasValue) VALUES (TO_DATE('10/05/18 13:35', 'DD/MM/YY HH24:MI'), 40353, 1004.6);
INSERT INTO SENSOR (SerialNumber, CityPlaced, SensorModel, MinimValue, MaximValue, Unit, SensorType) VALUES (72145, 'Πηγάδι', 'CBRO-1222', 0.0, 20.9, 'km/h', 'Wind');
INSERT INTO MEASUREMENT (DateTime, SensorID, MeasValue) VALUES (TO_DATE('10/05/18 13:35', 'DD/MM/YY HH24:MI'), 72145, 0.0);
INSERT INTO SENSOR (SerialNumber, CityPlaced, SensorModel, MinimValue, MaximValue, Unit, SensorType) VALUES (720563, 'Πορταριά', 'PPPWF-566', -55.0, 68.9, '°C', 'Temperature');
INSERT INTO MEASUREMENT (DateTime, SensorID, MeasValue) VALUES (TO_DATE('10/05/18 13:45', 'DD/MM/YY HH24:MI'), 720563, 17.5);
INSERT INTO SENSOR (SerialNumber, CityPlaced, SensorModel, MinimValue, MaximValue, Unit, SensorType) VALUES (763680, 'Πορταριά', 'UVZXK-4993', 0, 100, '%', 'Humidity');
INSERT INTO MEASUREMENT (DateTime, SensorID, MeasValue) VALUES (TO_DATE('10/05/18 13:45', 'DD/MM/YY HH24:MI'), 763680, 28);
INSERT INTO SENSOR (SerialNumber, CityPlaced, SensorModel, MinimValue, MaximValue, Unit, SensorType) VALUES (83597, 'Πορταριά', 'HRQT-918', 706.0, 1057.9, 'hPa', 'Pressure');
INSERT INTO MEASUREMENT (DateTime, SensorID, MeasValue) VALUES (TO_DATE('10/05/18 13:45', 'DD/MM/YY HH24:MI'), 83597, 1003.1);
INSERT INTO SENSOR (SerialNumber, CityPlaced, SensorModel, MinimValue, MaximValue, Unit, SensorType) VALUES (24978, 'Πορταριά', 'LGTD-6015', 0.0, 20.9, 'km/h', 'Wind');
INSERT INTO MEASUREMENT (DateTime, SensorID, MeasValue) VALUES (TO_DATE('10/05/18 13:45', 'DD/MM/YY HH24:MI'), 24978, 0.8);
INSERT INTO SENSOR (SerialNumber, CityPlaced, SensorModel, MinimValue, MaximValue, Unit, SensorType) VALUES (137049, 'Σκιάθος Ερασιτεχνικό Αστεροσκοπείο', 'VDKUY-391', -55.0, 79.9, '°C', 'Temperature');
INSERT INTO MEASUREMENT (DateTime, SensorID, MeasValue) VALUES (TO_DATE('10/05/18 13:47', 'DD/MM/YY HH24:MI'), 137049, 21.4);
INSERT INTO SENSOR (SerialNumber, CityPlaced, SensorModel, MinimValue, MaximValue, Unit, SensorType) VALUES (756067, 'Σκιάθος Ερασιτεχνικό Αστεροσκοπείο', 'UIAKA-1696', 0, 100, '%', 'Humidity');
INSERT INTO MEASUREMENT (DateTime, SensorID, MeasValue) VALUES (TO_DATE('10/05/18 13:47', 'DD/MM/YY HH24:MI'), 756067, 79);
INSERT INTO SENSOR (SerialNumber, CityPlaced, SensorModel, MinimValue, MaximValue, Unit, SensorType) VALUES (18897, 'Σκιάθος Ερασιτεχνικό Αστεροσκοπείο', 'OBWF-975', 714.0, 1081.9, 'hPa', 'Pressure');
INSERT INTO MEASUREMENT (DateTime, SensorID, MeasValue) VALUES (TO_DATE('10/05/18 13:47', 'DD/MM/YY HH24:MI'), 18897, 1005.6);
INSERT INTO SENSOR (SerialNumber, CityPlaced, SensorModel, MinimValue, MaximValue, Unit, SensorType) VALUES (44926, 'Σκιάθος Ερασιτεχνικό Αστεροσκοπείο', 'QUIC-1883', 0.0, 20.9, 'km/h', 'Wind');
INSERT INTO MEASUREMENT (DateTime, SensorID, MeasValue) VALUES (TO_DATE('10/05/18 13:47', 'DD/MM/YY HH24:MI'), 44926, 8.6);
INSERT INTO SENSOR (SerialNumber, CityPlaced, SensorModel, MinimValue, MaximValue, Unit, SensorType) VALUES (442247, 'Σκόπελος', 'YVNOR-732', -54.0, 63.9, '°C', 'Temperature');
INSERT INTO MEASUREMENT (DateTime, SensorID, MeasValue) VALUES (TO_DATE('10/05/18 13:40', 'DD/MM/YY HH24:MI'), 442247, 20.7);
INSERT INTO SENSOR (SerialNumber, CityPlaced, SensorModel, MinimValue, MaximValue, Unit, SensorType) VALUES (687267, 'Σκόπελος', 'ZAMHS-5105', 0, 100, '%', 'Humidity');
INSERT INTO MEASUREMENT (DateTime, SensorID, MeasValue) VALUES (TO_DATE('10/05/18 13:40', 'DD/MM/YY HH24:MI'), 687267, 87);
INSERT INTO SENSOR (SerialNumber, CityPlaced, SensorModel, MinimValue, MaximValue, Unit, SensorType) VALUES (81325, 'Σκόπελος', 'ZYCS-877', 717.0, 1070.9, 'hPa', 'Pressure');
INSERT INTO MEASUREMENT (DateTime, SensorID, MeasValue) VALUES (TO_DATE('10/05/18 13:40', 'DD/MM/YY HH24:MI'), 81325, 1008.3);
INSERT INTO SENSOR (SerialNumber, CityPlaced, SensorModel, MinimValue, MaximValue, Unit, SensorType) VALUES (86014, 'Σκόπελος', 'PJUW-8371', 0.0, 21.9, 'km/h', 'Wind');
INSERT INTO MEASUREMENT (DateTime, SensorID, MeasValue) VALUES (TO_DATE('10/05/18 13:40', 'DD/MM/YY HH24:MI'), 86014, 7.0);
INSERT INTO SENSOR (SerialNumber, CityPlaced, SensorModel, MinimValue, MaximValue, Unit, SensorType) VALUES (767039, 'Καλαμπάκα', 'JEIUB-788', -50.0, 79.9, '°C', 'Temperature');
INSERT INTO MEASUREMENT (DateTime, SensorID, MeasValue) VALUES (TO_DATE('10/05/18 13:44', 'DD/MM/YY HH24:MI'), 767039, 18.5);
INSERT INTO SENSOR (SerialNumber, CityPlaced, SensorModel, MinimValue, MaximValue, Unit, SensorType) VALUES (604684, 'Καλαμπάκα', 'PXBSR-6213', 0, 100, '%', 'Humidity');
INSERT INTO MEASUREMENT (DateTime, SensorID, MeasValue) VALUES (TO_DATE('10/05/18 13:44', 'DD/MM/YY HH24:MI'), 604684, 40);
INSERT INTO SENSOR (SerialNumber, CityPlaced, SensorModel, MinimValue, MaximValue, Unit, SensorType) VALUES (10030, 'Καλαμπάκα', 'UOLD-281', 743.0, 1067.9, 'hPa', 'Pressure');
INSERT INTO MEASUREMENT (DateTime, SensorID, MeasValue) VALUES (TO_DATE('10/05/18 13:44', 'DD/MM/YY HH24:MI'), 10030, 1006.0);
INSERT INTO SENSOR (SerialNumber, CityPlaced, SensorModel, MinimValue, MaximValue, Unit, SensorType) VALUES (62311, 'Καλαμπάκα', 'NJYE-7985', 0.0, 23.9, 'km/h', 'Wind');
INSERT INTO MEASUREMENT (DateTime, SensorID, MeasValue) VALUES (TO_DATE('10/05/18 13:44', 'DD/MM/YY HH24:MI'), 62311, 3.2);
INSERT INTO SENSOR (SerialNumber, CityPlaced, SensorModel, MinimValue, MaximValue, Unit, SensorType) VALUES (700296, 'Γέρακας', 'ZBNAK-702', -54.0, 67.9, '°C', 'Temperature');
INSERT INTO MEASUREMENT (DateTime, SensorID, MeasValue) VALUES (TO_DATE('10/05/18 13:47', 'DD/MM/YY HH24:MI'), 700296, 22.1);
INSERT INTO SENSOR (SerialNumber, CityPlaced, SensorModel, MinimValue, MaximValue, Unit, SensorType) VALUES (772501, 'Γέρακας', 'MWDSY-6534', 0, 100, '%', 'Humidity');
INSERT INTO MEASUREMENT (DateTime, SensorID, MeasValue) VALUES (TO_DATE('10/05/18 13:47', 'DD/MM/YY HH24:MI'), 772501, 76);
INSERT INTO SENSOR (SerialNumber, CityPlaced, SensorModel, MinimValue, MaximValue, Unit, SensorType) VALUES (62411, 'Γέρακας', 'MGAO-820', 703.0, 1092.9, 'hPa', 'Pressure');
INSERT INTO MEASUREMENT (DateTime, SensorID, MeasValue) VALUES (TO_DATE('10/05/18 13:47', 'DD/MM/YY HH24:MI'), 62411, 1007.6);
INSERT INTO SENSOR (SerialNumber, CityPlaced, SensorModel, MinimValue, MaximValue, Unit, SensorType) VALUES (99929, 'Γέρακας', 'CEPR-0932', 0.0, 25.9, 'km/h', 'Wind');
INSERT INTO MEASUREMENT (DateTime, SensorID, MeasValue) VALUES (TO_DATE('10/05/18 13:47', 'DD/MM/YY HH24:MI'), 99929, 1.5);
INSERT INTO SENSOR (SerialNumber, CityPlaced, SensorModel, MinimValue, MaximValue, Unit, SensorType) VALUES (638874, 'Αιολικό Πάρκο Μοναστήρι I', 'KHCDN-408', -52.0, 63.9, '°C', 'Temperature');
INSERT INTO MEASUREMENT (DateTime, SensorID, MeasValue) VALUES (TO_DATE('10/05/18 13:45', 'DD/MM/YY HH24:MI'), 638874, 13.5);
INSERT INTO SENSOR (SerialNumber, CityPlaced, SensorModel, MinimValue, MaximValue, Unit, SensorType) VALUES (844749, 'Αιολικό Πάρκο Μοναστήρι I', 'BDCVV-0651', 0, 100, '%', 'Humidity');
INSERT INTO MEASUREMENT (DateTime, SensorID, MeasValue) VALUES (TO_DATE('10/05/18 13:45', 'DD/MM/YY HH24:MI'), 844749, 17);
INSERT INTO SENSOR (SerialNumber, CityPlaced, SensorModel, MinimValue, MaximValue, Unit, SensorType) VALUES (31969, 'Αιολικό Πάρκο Μοναστήρι I', 'KOVS-970', 736.0, 1088.9, 'hPa', 'Pressure');
INSERT INTO MEASUREMENT (DateTime, SensorID, MeasValue) VALUES (TO_DATE('10/05/18 13:45', 'DD/MM/YY HH24:MI'), 31969, 1001.4);
INSERT INTO SENSOR (SerialNumber, CityPlaced, SensorModel, MinimValue, MaximValue, Unit, SensorType) VALUES (54908, 'Αιολικό Πάρκο Μοναστήρι I', 'CULL-8636', 0.0, 21.9, 'km/h', 'Wind');
INSERT INTO MEASUREMENT (DateTime, SensorID, MeasValue) VALUES (TO_DATE('10/05/18 13:45', 'DD/MM/YY HH24:MI'), 54908, 9.3);
INSERT INTO SENSOR (SerialNumber, CityPlaced, SensorModel, MinimValue, MaximValue, Unit, SensorType) VALUES (557921, 'Κομοτηνή', 'WLOKX-047', -60.0, 63.9, '°C', 'Temperature');
INSERT INTO MEASUREMENT (DateTime, SensorID, MeasValue) VALUES (TO_DATE('10/05/18 13:40', 'DD/MM/YY HH24:MI'), 557921, 18.0);
INSERT INTO SENSOR (SerialNumber, CityPlaced, SensorModel, MinimValue, MaximValue, Unit, SensorType) VALUES (499241, 'Κομοτηνή', 'FLAQR-5819', 0, 100, '%', 'Humidity');
INSERT INTO MEASUREMENT (DateTime, SensorID, MeasValue) VALUES (TO_DATE('10/05/18 13:40', 'DD/MM/YY HH24:MI'), 499241, 83);
INSERT INTO SENSOR (SerialNumber, CityPlaced, SensorModel, MinimValue, MaximValue, Unit, SensorType) VALUES (83343, 'Κομοτηνή', 'VYFG-584', 715.0, 1090.9, 'hPa', 'Pressure');
INSERT INTO MEASUREMENT (DateTime, SensorID, MeasValue) VALUES (TO_DATE('10/05/18 13:40', 'DD/MM/YY HH24:MI'), 83343, 1005.9);
INSERT INTO SENSOR (SerialNumber, CityPlaced, SensorModel, MinimValue, MaximValue, Unit, SensorType) VALUES (75963, 'Κομοτηνή', 'NPWT-1798', 0.0, 21.9, 'km/h', 'Wind');
INSERT INTO MEASUREMENT (DateTime, SensorID, MeasValue) VALUES (TO_DATE('10/05/18 13:40', 'DD/MM/YY HH24:MI'), 75963, 7.8);
INSERT INTO SENSOR (SerialNumber, CityPlaced, SensorModel, MinimValue, MaximValue, Unit, SensorType) VALUES (199298, 'Βαλανειό', 'IXCIA-186', -58.0, 66.9, '°C', 'Temperature');
INSERT INTO MEASUREMENT (DateTime, SensorID, MeasValue) VALUES (TO_DATE('10/05/18 13:43', 'DD/MM/YY HH24:MI'), 199298, 20.6);
INSERT INTO SENSOR (SerialNumber, CityPlaced, SensorModel, MinimValue, MaximValue, Unit, SensorType) VALUES (147238, 'Βαλανειό', 'LBHPO-8070', 0, 100, '%', 'Humidity');
INSERT INTO MEASUREMENT (DateTime, SensorID, MeasValue) VALUES (TO_DATE('10/05/18 13:43', 'DD/MM/YY HH24:MI'), 147238, 71);
INSERT INTO SENSOR (SerialNumber, CityPlaced, SensorModel, MinimValue, MaximValue, Unit, SensorType) VALUES (46596, 'Βαλανειό', 'BJAA-035', 719.0, 1074.9, 'hPa', 'Pressure');
INSERT INTO MEASUREMENT (DateTime, SensorID, MeasValue) VALUES (TO_DATE('10/05/18 13:43', 'DD/MM/YY HH24:MI'), 46596, 1005.9);
INSERT INTO SENSOR (SerialNumber, CityPlaced, SensorModel, MinimValue, MaximValue, Unit, SensorType) VALUES (84529, 'Βαλανειό', 'HKSI-0131', 0.0, 24.9, 'km/h', 'Wind');
INSERT INTO MEASUREMENT (DateTime, SensorID, MeasValue) VALUES (TO_DATE('10/05/18 13:43', 'DD/MM/YY HH24:MI'), 84529, 3.2);
INSERT INTO SENSOR (SerialNumber, CityPlaced, SensorModel, MinimValue, MaximValue, Unit, SensorType) VALUES (588754, 'Παντοκράτορας', 'XSZEE-953', -53.0, 73.9, '°C', 'Temperature');
INSERT INTO MEASUREMENT (DateTime, SensorID, MeasValue) VALUES (TO_DATE('10/05/18 13:48', 'DD/MM/YY HH24:MI'), 588754, 16.9);
INSERT INTO SENSOR (SerialNumber, CityPlaced, SensorModel, MinimValue, MaximValue, Unit, SensorType) VALUES (572911, 'Παντοκράτορας', 'ADZUS-6848', 0, 100, '%', 'Humidity');
INSERT INTO MEASUREMENT (DateTime, SensorID, MeasValue) VALUES (TO_DATE('10/05/18 13:48', 'DD/MM/YY HH24:MI'), 572911, 85);
INSERT INTO SENSOR (SerialNumber, CityPlaced, SensorModel, MinimValue, MaximValue, Unit, SensorType) VALUES (74649, 'Παντοκράτορας', 'UUJV-489', 736.0, 1062.9, 'hPa', 'Pressure');
INSERT INTO MEASUREMENT (DateTime, SensorID, MeasValue) VALUES (TO_DATE('10/05/18 13:48', 'DD/MM/YY HH24:MI'), 74649, 1010.8);
INSERT INTO SENSOR (SerialNumber, CityPlaced, SensorModel, MinimValue, MaximValue, Unit, SensorType) VALUES (48091, 'Παντοκράτορας', 'UKSC-4792', 0.0, 21.9, 'km/h', 'Wind');
INSERT INTO MEASUREMENT (DateTime, SensorID, MeasValue) VALUES (TO_DATE('10/05/18 13:48', 'DD/MM/YY HH24:MI'), 48091, 3.9);
INSERT INTO SENSOR (SerialNumber, CityPlaced, SensorModel, MinimValue, MaximValue, Unit, SensorType) VALUES (451088, 'Ιθάκη', 'WJOTD-907', -55.0, 75.9, '°C', 'Temperature');
INSERT INTO MEASUREMENT (DateTime, SensorID, MeasValue) VALUES (TO_DATE('10/05/18 13:38', 'DD/MM/YY HH24:MI'), 451088, 24.2);
INSERT INTO SENSOR (SerialNumber, CityPlaced, SensorModel, MinimValue, MaximValue, Unit, SensorType) VALUES (675355, 'Ιθάκη', 'FCERP-3575', 0, 100, '%', 'Humidity');
INSERT INTO MEASUREMENT (DateTime, SensorID, MeasValue) VALUES (TO_DATE('10/05/18 13:38', 'DD/MM/YY HH24:MI'), 675355, 55);
INSERT INTO SENSOR (SerialNumber, CityPlaced, SensorModel, MinimValue, MaximValue, Unit, SensorType) VALUES (95901, 'Ιθάκη', 'OTVD-247', 716.0, 1097.9, 'hPa', 'Pressure');
INSERT INTO MEASUREMENT (DateTime, SensorID, MeasValue) VALUES (TO_DATE('10/05/18 13:38', 'DD/MM/YY HH24:MI'), 95901, 1007.2);
INSERT INTO SENSOR (SerialNumber, CityPlaced, SensorModel, MinimValue, MaximValue, Unit, SensorType) VALUES (69944, 'Ιθάκη', 'JVSR-7440', 0.0, 25.9, 'km/h', 'Wind');
INSERT INTO MEASUREMENT (DateTime, SensorID, MeasValue) VALUES (TO_DATE('10/05/18 13:38', 'DD/MM/YY HH24:MI'), 69944, 3.5);
INSERT INTO SENSOR (SerialNumber, CityPlaced, SensorModel, MinimValue, MaximValue, Unit, SensorType) VALUES (402168, 'Λαχός Ιθάκη', 'HHAIP-832', -55.0, 62.9, '°C', 'Temperature');
INSERT INTO MEASUREMENT (DateTime, SensorID, MeasValue) VALUES (TO_DATE('10/05/18 13:48', 'DD/MM/YY HH24:MI'), 402168, 22.8);
INSERT INTO SENSOR (SerialNumber, CityPlaced, SensorModel, MinimValue, MaximValue, Unit, SensorType) VALUES (164886, 'Λαχός Ιθάκη', 'ROVWT-9606', 0, 100, '%', 'Humidity');
INSERT INTO MEASUREMENT (DateTime, SensorID, MeasValue) VALUES (TO_DATE('10/05/18 13:48', 'DD/MM/YY HH24:MI'), 164886, 67);
INSERT INTO SENSOR (SerialNumber, CityPlaced, SensorModel, MinimValue, MaximValue, Unit, SensorType) VALUES (77038, 'Λαχός Ιθάκη', 'AMJL-367', 723.0, 1063.9, 'hPa', 'Pressure');
INSERT INTO MEASUREMENT (DateTime, SensorID, MeasValue) VALUES (TO_DATE('10/05/18 13:48', 'DD/MM/YY HH24:MI'), 77038, 1006.3);
INSERT INTO SENSOR (SerialNumber, CityPlaced, SensorModel, MinimValue, MaximValue, Unit, SensorType) VALUES (77725, 'Λαχός Ιθάκη', 'IEMW-2290', 0.0, 20.9, 'km/h', 'Wind');
INSERT INTO MEASUREMENT (DateTime, SensorID, MeasValue) VALUES (TO_DATE('10/05/18 13:48', 'DD/MM/YY HH24:MI'), 77725, 0.0);
INSERT INTO SENSOR (SerialNumber, CityPlaced, SensorModel, MinimValue, MaximValue, Unit, SensorType) VALUES (462724, 'Πλατρειθιάς Ιθάκη', 'YHDJF-294', -58.0, 72.9, '°C', 'Temperature');
INSERT INTO MEASUREMENT (DateTime, SensorID, MeasValue) VALUES (TO_DATE('10/05/18 13:40', 'DD/MM/YY HH24:MI'), 462724, 20.9);
INSERT INTO SENSOR (SerialNumber, CityPlaced, SensorModel, MinimValue, MaximValue, Unit, SensorType) VALUES (553202, 'Πλατρειθιάς Ιθάκη', 'GUDUV-1849', 0, 100, '%', 'Humidity');
INSERT INTO MEASUREMENT (DateTime, SensorID, MeasValue) VALUES (TO_DATE('10/05/18 13:40', 'DD/MM/YY HH24:MI'), 553202, 75);
INSERT INTO SENSOR (SerialNumber, CityPlaced, SensorModel, MinimValue, MaximValue, Unit, SensorType) VALUES (91313, 'Πλατρειθιάς Ιθάκη', 'HWOO-537', 729.0, 1068.9, 'hPa', 'Pressure');
INSERT INTO MEASUREMENT (DateTime, SensorID, MeasValue) VALUES (TO_DATE('10/05/18 13:40', 'DD/MM/YY HH24:MI'), 91313, 1007.4);
INSERT INTO SENSOR (SerialNumber, CityPlaced, SensorModel, MinimValue, MaximValue, Unit, SensorType) VALUES (88982, 'Πλατρειθιάς Ιθάκη', 'TRWF-8491', 0.0, 22.9, 'km/h', 'Wind');
INSERT INTO MEASUREMENT (DateTime, SensorID, MeasValue) VALUES (TO_DATE('10/05/18 13:40', 'DD/MM/YY HH24:MI'), 88982, 5.6);
INSERT INTO SENSOR (SerialNumber, CityPlaced, SensorModel, MinimValue, MaximValue, Unit, SensorType) VALUES (101735, 'Σπαρτιά', 'XNNMI-871', -57.0, 70.9, '°C', 'Temperature');
INSERT INTO MEASUREMENT (DateTime, SensorID, MeasValue) VALUES (TO_DATE('10/05/18 13:48', 'DD/MM/YY HH24:MI'), 101735, 20.5);
INSERT INTO SENSOR (SerialNumber, CityPlaced, SensorModel, MinimValue, MaximValue, Unit, SensorType) VALUES (662591, 'Σπαρτιά', 'GXPZX-2045', 0, 100, '%', 'Humidity');
INSERT INTO MEASUREMENT (DateTime, SensorID, MeasValue) VALUES (TO_DATE('10/05/18 13:48', 'DD/MM/YY HH24:MI'), 662591, 75);
INSERT INTO SENSOR (SerialNumber, CityPlaced, SensorModel, MinimValue, MaximValue, Unit, SensorType) VALUES (29824, 'Σπαρτιά', 'BIVF-346', 733.0, 1067.9, 'hPa', 'Pressure');
INSERT INTO MEASUREMENT (DateTime, SensorID, MeasValue) VALUES (TO_DATE('10/05/18 13:48', 'DD/MM/YY HH24:MI'), 29824, 1071.3);
INSERT INTO SENSOR (SerialNumber, CityPlaced, SensorModel, MinimValue, MaximValue, Unit, SensorType) VALUES (59341, 'Σπαρτιά', 'ACRC-5676', 0.0, 24.9, 'km/h', 'Wind');
INSERT INTO MEASUREMENT (DateTime, SensorID, MeasValue) VALUES (TO_DATE('10/05/18 13:48', 'DD/MM/YY HH24:MI'), 59341, 4.3);
INSERT INTO SENSOR (SerialNumber, CityPlaced, SensorModel, MinimValue, MaximValue, Unit, SensorType) VALUES (458511, 'Λευκάδα', 'TJDOE-430', -57.0, 61.9, '°C', 'Temperature');
INSERT INTO MEASUREMENT (DateTime, SensorID, MeasValue) VALUES (TO_DATE('10/05/18 13:39', 'DD/MM/YY HH24:MI'), 458511, 21.7);
INSERT INTO SENSOR (SerialNumber, CityPlaced, SensorModel, MinimValue, MaximValue, Unit, SensorType) VALUES (895243, 'Λευκάδα', 'JBZSD-6046', 0, 100, '%', 'Humidity');
INSERT INTO MEASUREMENT (DateTime, SensorID, MeasValue) VALUES (TO_DATE('10/05/18 13:39', 'DD/MM/YY HH24:MI'), 895243, 70);
INSERT INTO SENSOR (SerialNumber, CityPlaced, SensorModel, MinimValue, MaximValue, Unit, SensorType) VALUES (56250, 'Λευκάδα', 'MABG-129', 748.0, 1078.9, 'hPa', 'Pressure');
INSERT INTO MEASUREMENT (DateTime, SensorID, MeasValue) VALUES (TO_DATE('10/05/18 13:39', 'DD/MM/YY HH24:MI'), 56250, 1007.3);
INSERT INTO SENSOR (SerialNumber, CityPlaced, SensorModel, MinimValue, MaximValue, Unit, SensorType) VALUES (36224, 'Λευκάδα', 'KOVO-9906', 0.0, 25.9, 'km/h', 'Wind');
INSERT INTO MEASUREMENT (DateTime, SensorID, MeasValue) VALUES (TO_DATE('10/05/18 13:39', 'DD/MM/YY HH24:MI'), 36224, 17.4);
INSERT INTO SENSOR (SerialNumber, CityPlaced, SensorModel, MinimValue, MaximValue, Unit, SensorType) VALUES (558140, 'Πλατύστομα', 'OOFGX-129', -58.0, 71.9, '°C', 'Temperature');
INSERT INTO MEASUREMENT (DateTime, SensorID, MeasValue) VALUES (TO_DATE('10/05/18 13:48', 'DD/MM/YY HH24:MI'), 558140, 19.7);
INSERT INTO SENSOR (SerialNumber, CityPlaced, SensorModel, MinimValue, MaximValue, Unit, SensorType) VALUES (143327, 'Πλατύστομα', 'AXRKW-4967', 0, 100, '%', 'Humidity');
INSERT INTO MEASUREMENT (DateTime, SensorID, MeasValue) VALUES (TO_DATE('10/05/18 13:48', 'DD/MM/YY HH24:MI'), 143327, 65);
INSERT INTO SENSOR (SerialNumber, CityPlaced, SensorModel, MinimValue, MaximValue, Unit, SensorType) VALUES (28967, 'Πλατύστομα', 'JZWU-871', 733.0, 1098.9, 'hPa', 'Pressure');
INSERT INTO MEASUREMENT (DateTime, SensorID, MeasValue) VALUES (TO_DATE('10/05/18 13:48', 'DD/MM/YY HH24:MI'), 28967, 1007.1);
INSERT INTO SENSOR (SerialNumber, CityPlaced, SensorModel, MinimValue, MaximValue, Unit, SensorType) VALUES (83794, 'Πλατύστομα', 'ZWMB-1608', 0.0, 23.9, 'km/h', 'Wind');
INSERT INTO MEASUREMENT (DateTime, SensorID, MeasValue) VALUES (TO_DATE('10/05/18 13:48', 'DD/MM/YY HH24:MI'), 83794, 4.8);
INSERT INTO SENSOR (SerialNumber, CityPlaced, SensorModel, MinimValue, MaximValue, Unit, SensorType) VALUES (858207, 'Παντάνασσα Γάζι', 'FGSPT-929', -56.0, 80.9, '°C', 'Temperature');
INSERT INTO MEASUREMENT (DateTime, SensorID, MeasValue) VALUES (TO_DATE('10/05/18 13:44', 'DD/MM/YY HH24:MI'), 858207, 24.9);
INSERT INTO SENSOR (SerialNumber, CityPlaced, SensorModel, MinimValue, MaximValue, Unit, SensorType) VALUES (586615, 'Παντάνασσα Γάζι', 'FUVOH-9636', 0, 100, '%', 'Humidity');
INSERT INTO MEASUREMENT (DateTime, SensorID, MeasValue) VALUES (TO_DATE('10/05/18 13:44', 'DD/MM/YY HH24:MI'), 586615, 66);
INSERT INTO SENSOR (SerialNumber, CityPlaced, SensorModel, MinimValue, MaximValue, Unit, SensorType) VALUES (39628, 'Παντάνασσα Γάζι', 'EHJG-485', 739.0, 1054.9, 'hPa', 'Pressure');
INSERT INTO MEASUREMENT (DateTime, SensorID, MeasValue) VALUES (TO_DATE('10/05/18 13:44', 'DD/MM/YY HH24:MI'), 39628, 1005.4);
INSERT INTO SENSOR (SerialNumber, CityPlaced, SensorModel, MinimValue, MaximValue, Unit, SensorType) VALUES (58933, 'Παντάνασσα Γάζι', 'KLKW-9116', 0.0, 21.9, 'km/h', 'Wind');
INSERT INTO MEASUREMENT (DateTime, SensorID, MeasValue) VALUES (TO_DATE('10/05/18 13:44', 'DD/MM/YY HH24:MI'), 58933, 3.2);
INSERT INTO SENSOR (SerialNumber, CityPlaced, SensorModel, MinimValue, MaximValue, Unit, SensorType) VALUES (918269, 'Σταυράκια', 'ZJBSN-003', -58.0, 65.9, '°C', 'Temperature');
INSERT INTO MEASUREMENT (DateTime, SensorID, MeasValue) VALUES (TO_DATE('10/05/18 13:45', 'DD/MM/YY HH24:MI'), 918269, 24.8);
INSERT INTO SENSOR (SerialNumber, CityPlaced, SensorModel, MinimValue, MaximValue, Unit, SensorType) VALUES (942132, 'Σταυράκια', 'AOQHK-9711', 0, 100, '%', 'Humidity');
INSERT INTO MEASUREMENT (DateTime, SensorID, MeasValue) VALUES (TO_DATE('10/05/18 13:45', 'DD/MM/YY HH24:MI'), 942132, 36);
INSERT INTO SENSOR (SerialNumber, CityPlaced, SensorModel, MinimValue, MaximValue, Unit, SensorType) VALUES (36179, 'Σταυράκια', 'VYCZ-063', 740.0, 1055.9, 'hPa', 'Pressure');
INSERT INTO MEASUREMENT (DateTime, SensorID, MeasValue) VALUES (TO_DATE('10/05/18 13:45', 'DD/MM/YY HH24:MI'), 36179, 1006.9);
INSERT INTO SENSOR (SerialNumber, CityPlaced, SensorModel, MinimValue, MaximValue, Unit, SensorType) VALUES (65747, 'Σταυράκια', 'ZEZW-0420', 0.0, 25.9, 'km/h', 'Wind');
INSERT INTO MEASUREMENT (DateTime, SensorID, MeasValue) VALUES (TO_DATE('10/05/18 13:45', 'DD/MM/YY HH24:MI'), 65747, 9.9);
INSERT INTO SENSOR (SerialNumber, CityPlaced, SensorModel, MinimValue, MaximValue, Unit, SensorType) VALUES (787993, 'Ελούντα', 'ZWPEW-400', -52.0, 62.9, '°C', 'Temperature');
INSERT INTO MEASUREMENT (DateTime, SensorID, MeasValue) VALUES (TO_DATE('10/05/18 13:48', 'DD/MM/YY HH24:MI'), 787993, 0.0);
INSERT INTO SENSOR (SerialNumber, CityPlaced, SensorModel, MinimValue, MaximValue, Unit, SensorType) VALUES (631200, 'Ελούντα', 'YNKAH-1179', 0, 100, '%', 'Humidity');
INSERT INTO MEASUREMENT (DateTime, SensorID, MeasValue) VALUES (TO_DATE('10/05/18 13:48', 'DD/MM/YY HH24:MI'), 631200, 0);
INSERT INTO SENSOR (SerialNumber, CityPlaced, SensorModel, MinimValue, MaximValue, Unit, SensorType) VALUES (47270, 'Ελούντα', 'AKTQ-563', 725.0, 1094.9, 'hPa', 'Pressure');
INSERT INTO MEASUREMENT (DateTime, SensorID, MeasValue) VALUES (TO_DATE('10/05/18 13:48', 'DD/MM/YY HH24:MI'), 47270, 1008.1);
INSERT INTO SENSOR (SerialNumber, CityPlaced, SensorModel, MinimValue, MaximValue, Unit, SensorType) VALUES (18142, 'Ελούντα', 'AXOW-9647', 0.0, 22.9, 'km/h', 'Wind');
INSERT INTO MEASUREMENT (DateTime, SensorID, MeasValue) VALUES (TO_DATE('10/05/18 13:48', 'DD/MM/YY HH24:MI'), 18142, 9.1);
INSERT INTO SENSOR (SerialNumber, CityPlaced, SensorModel, MinimValue, MaximValue, Unit, SensorType) VALUES (786263, 'Ρούστικα', 'OSSCQ-925', -57.0, 75.9, '°C', 'Temperature');
INSERT INTO MEASUREMENT (DateTime, SensorID, MeasValue) VALUES (TO_DATE('10/05/18 13:47', 'DD/MM/YY HH24:MI'), 786263, 25.3);
INSERT INTO SENSOR (SerialNumber, CityPlaced, SensorModel, MinimValue, MaximValue, Unit, SensorType) VALUES (634086, 'Ρούστικα', 'GQWLB-5615', 0, 100, '%', 'Humidity');
INSERT INTO MEASUREMENT (DateTime, SensorID, MeasValue) VALUES (TO_DATE('10/05/18 13:47', 'DD/MM/YY HH24:MI'), 634086, 51);
INSERT INTO SENSOR (SerialNumber, CityPlaced, SensorModel, MinimValue, MaximValue, Unit, SensorType) VALUES (23814, 'Ρούστικα', 'LMUF-449', 726.0, 1075.9, 'hPa', 'Pressure');
INSERT INTO MEASUREMENT (DateTime, SensorID, MeasValue) VALUES (TO_DATE('10/05/18 13:47', 'DD/MM/YY HH24:MI'), 23814, 1005.5);
INSERT INTO MEASUREMENT (DateTime, SensorID, MeasValue) VALUES (TO_DATE('10/05/18 13:47', 'DD/MM/YY HH24:MI'), 84832, 5.8);
INSERT INTO SENSOR (SerialNumber, CityPlaced, SensorModel, MinimValue, MaximValue, Unit, SensorType) VALUES (840350, 'Κουντούρα', 'YZTKW-813', -56.0, 71.9, '°C', 'Temperature');
INSERT INTO MEASUREMENT (DateTime, SensorID, MeasValue) VALUES (TO_DATE('10/05/18 13:41', 'DD/MM/YY HH24:MI'), 840350, 23.9);
INSERT INTO SENSOR (SerialNumber, CityPlaced, SensorModel, MinimValue, MaximValue, Unit, SensorType) VALUES (503046, 'Κουντούρα', 'XVSLG-0602', 0, 100, '%', 'Humidity');
INSERT INTO MEASUREMENT (DateTime, SensorID, MeasValue) VALUES (TO_DATE('10/05/18 13:41', 'DD/MM/YY HH24:MI'), 503046, 65);
INSERT INTO SENSOR (SerialNumber, CityPlaced, SensorModel, MinimValue, MaximValue, Unit, SensorType) VALUES (57503, 'Κουντούρα', 'IUYI-668', 728.0, 1070.9, 'hPa', 'Pressure');
INSERT INTO MEASUREMENT (DateTime, SensorID, MeasValue) VALUES (TO_DATE('10/05/18 13:41', 'DD/MM/YY HH24:MI'), 57503, 1009.1);
INSERT INTO SENSOR (SerialNumber, CityPlaced, SensorModel, MinimValue, MaximValue, Unit, SensorType) VALUES (68050, 'Κουντούρα', 'RFYA-0102', 0.0, 21.9, 'km/h', 'Wind');
INSERT INTO MEASUREMENT (DateTime, SensorID, MeasValue) VALUES (TO_DATE('10/05/18 13:41', 'DD/MM/YY HH24:MI'), 68050, 7.5);
INSERT INTO SENSOR (SerialNumber, CityPlaced, SensorModel, MinimValue, MaximValue, Unit, SensorType) VALUES (741933, 'Δράμα Νέα Αμισός  Δράμα', 'AVSCO-131', -50.0, 72.9, '°C', 'Temperature');
INSERT INTO MEASUREMENT (DateTime, SensorID, MeasValue) VALUES (TO_DATE('10/05/18 13:45', 'DD/MM/YY HH24:MI'), 741933, 24.9);
INSERT INTO SENSOR (SerialNumber, CityPlaced, SensorModel, MinimValue, MaximValue, Unit, SensorType) VALUES (623786, 'Δράμα Νέα Αμισός  Δράμα', 'LOGIT-2735', 0, 100, '%', 'Humidity');
INSERT INTO MEASUREMENT (DateTime, SensorID, MeasValue) VALUES (TO_DATE('10/05/18 13:45', 'DD/MM/YY HH24:MI'), 623786, 62);
INSERT INTO SENSOR (SerialNumber, CityPlaced, SensorModel, MinimValue, MaximValue, Unit, SensorType) VALUES (78135, 'Δράμα Νέα Αμισός  Δράμα', 'BVNB-378', 722.0, 1066.9, 'hPa', 'Pressure');
INSERT INTO MEASUREMENT (DateTime, SensorID, MeasValue) VALUES (TO_DATE('10/05/18 13:45', 'DD/MM/YY HH24:MI'), 78135, 1004.9);
INSERT INTO SENSOR (SerialNumber, CityPlaced, SensorModel, MinimValue, MaximValue, Unit, SensorType) VALUES (28703, 'Δράμα Νέα Αμισός  Δράμα', 'PDUC-0731', 0.0, 23.9, 'km/h', 'Wind');
INSERT INTO MEASUREMENT (DateTime, SensorID, MeasValue) VALUES (TO_DATE('10/05/18 13:45', 'DD/MM/YY HH24:MI'), 28703, 5.5);
INSERT INTO SENSOR (SerialNumber, CityPlaced, SensorModel, MinimValue, MaximValue, Unit, SensorType) VALUES (405604, 'Δράμα Αμπελόκηποι', 'KQFKP-147', -54.0, 60.9, '°C', 'Temperature');
INSERT INTO MEASUREMENT (DateTime, SensorID, MeasValue) VALUES (TO_DATE('10/05/18 13:48', 'DD/MM/YY HH24:MI'), 405604, 25.3);
INSERT INTO SENSOR (SerialNumber, CityPlaced, SensorModel, MinimValue, MaximValue, Unit, SensorType) VALUES (161654, 'Δράμα Αμπελόκηποι', 'JWFTC-9830', 0, 100, '%', 'Humidity');
INSERT INTO MEASUREMENT (DateTime, SensorID, MeasValue) VALUES (TO_DATE('10/05/18 13:48', 'DD/MM/YY HH24:MI'), 161654, 58);
INSERT INTO SENSOR (SerialNumber, CityPlaced, SensorModel, MinimValue, MaximValue, Unit, SensorType) VALUES (99072, 'Δράμα Αμπελόκηποι', 'JXBK-956', 724.0, 1081.9, 'hPa', 'Pressure');
INSERT INTO MEASUREMENT (DateTime, SensorID, MeasValue) VALUES (TO_DATE('10/05/18 13:48', 'DD/MM/YY HH24:MI'), 99072, 1004.5);
INSERT INTO SENSOR (SerialNumber, CityPlaced, SensorModel, MinimValue, MaximValue, Unit, SensorType) VALUES (67044, 'Δράμα Αμπελόκηποι', 'TVUJ-6055', 0.0, 24.9, 'km/h', 'Wind');
INSERT INTO MEASUREMENT (DateTime, SensorID, MeasValue) VALUES (TO_DATE('10/05/18 13:48', 'DD/MM/YY HH24:MI'), 67044, 10.5);
INSERT INTO SENSOR (SerialNumber, CityPlaced, SensorModel, MinimValue, MaximValue, Unit, SensorType) VALUES (966619, 'Δράμα Κέντρο', 'VEQMZ-549', -59.0, 66.9, '°C', 'Temperature');
INSERT INTO MEASUREMENT (DateTime, SensorID, MeasValue) VALUES (TO_DATE('10/05/18 13:46', 'DD/MM/YY HH24:MI'), 966619, 24.2);
INSERT INTO SENSOR (SerialNumber, CityPlaced, SensorModel, MinimValue, MaximValue, Unit, SensorType) VALUES (423498, 'Δράμα Κέντρο', 'MXBTI-0127', 0, 100, '%', 'Humidity');
INSERT INTO MEASUREMENT (DateTime, SensorID, MeasValue) VALUES (TO_DATE('10/05/18 13:46', 'DD/MM/YY HH24:MI'), 423498, 60);
INSERT INTO SENSOR (SerialNumber, CityPlaced, SensorModel, MinimValue, MaximValue, Unit, SensorType) VALUES (50908, 'Δράμα Κέντρο', 'ISFY-008', 714.0, 1058.9, 'hPa', 'Pressure');
INSERT INTO MEASUREMENT (DateTime, SensorID, MeasValue) VALUES (TO_DATE('10/05/18 13:46', 'DD/MM/YY HH24:MI'), 50908, 1003.9);
INSERT INTO SENSOR (SerialNumber, CityPlaced, SensorModel, MinimValue, MaximValue, Unit, SensorType) VALUES (54045, 'Δράμα Κέντρο', 'GBAA-1511', 0.0, 25.9, 'km/h', 'Wind');
INSERT INTO MEASUREMENT (DateTime, SensorID, MeasValue) VALUES (TO_DATE('10/05/18 13:46', 'DD/MM/YY HH24:MI'), 54045, 7.5);
INSERT INTO SENSOR (SerialNumber, CityPlaced, SensorModel, MinimValue, MaximValue, Unit, SensorType) VALUES (188511, 'Καλαμώνας', 'AQVJI-439', -54.0, 78.9, '°C', 'Temperature');
INSERT INTO MEASUREMENT (DateTime, SensorID, MeasValue) VALUES (TO_DATE('10/05/18 13:45', 'DD/MM/YY HH24:MI'), 188511, 25.9);
INSERT INTO SENSOR (SerialNumber, CityPlaced, SensorModel, MinimValue, MaximValue, Unit, SensorType) VALUES (354365, 'Καλαμώνας', 'JKSUJ-1223', 0, 100, '%', 'Humidity');
INSERT INTO MEASUREMENT (DateTime, SensorID, MeasValue) VALUES (TO_DATE('10/05/18 13:45', 'DD/MM/YY HH24:MI'), 354365, 58);
INSERT INTO SENSOR (SerialNumber, CityPlaced, SensorModel, MinimValue, MaximValue, Unit, SensorType) VALUES (82212, 'Καλαμώνας', 'STUA-429', 712.0, 1053.9, 'hPa', 'Pressure');
INSERT INTO MEASUREMENT (DateTime, SensorID, MeasValue) VALUES (TO_DATE('10/05/18 13:45', 'DD/MM/YY HH24:MI'), 82212, 1001.1);
INSERT INTO SENSOR (SerialNumber, CityPlaced, SensorModel, MinimValue, MaximValue, Unit, SensorType) VALUES (93477, 'Καλαμώνας', 'PNDL-6058', 0.0, 24.9, 'km/h', 'Wind');
INSERT INTO MEASUREMENT (DateTime, SensorID, MeasValue) VALUES (TO_DATE('10/05/18 13:45', 'DD/MM/YY HH24:MI'), 93477, 1.2);
INSERT INTO SENSOR (SerialNumber, CityPlaced, SensorModel, MinimValue, MaximValue, Unit, SensorType) VALUES (144759, 'Βέροια', 'WHNGC-862', -56.0, 72.9, '°C', 'Temperature');
INSERT INTO MEASUREMENT (DateTime, SensorID, MeasValue) VALUES (TO_DATE('10/05/18 13:45', 'DD/MM/YY HH24:MI'), 144759, 18.1);
INSERT INTO SENSOR (SerialNumber, CityPlaced, SensorModel, MinimValue, MaximValue, Unit, SensorType) VALUES (224970, 'Βέροια', 'AQANP-3890', 0, 100, '%', 'Humidity');
INSERT INTO MEASUREMENT (DateTime, SensorID, MeasValue) VALUES (TO_DATE('10/05/18 13:45', 'DD/MM/YY HH24:MI'), 224970, 83);
INSERT INTO SENSOR (SerialNumber, CityPlaced, SensorModel, MinimValue, MaximValue, Unit, SensorType) VALUES (24910, 'Βέροια', 'ANCE-007', 700.0, 1087.9, 'hPa', 'Pressure');
INSERT INTO MEASUREMENT (DateTime, SensorID, MeasValue) VALUES (TO_DATE('10/05/18 13:45', 'DD/MM/YY HH24:MI'), 24910, 1004.6);
INSERT INTO SENSOR (SerialNumber, CityPlaced, SensorModel, MinimValue, MaximValue, Unit, SensorType) VALUES (48418, 'Βέροια', 'AOJF-4932', 0.0, 20.9, 'km/h', 'Wind');
INSERT INTO MEASUREMENT (DateTime, SensorID, MeasValue) VALUES (TO_DATE('10/05/18 13:45', 'DD/MM/YY HH24:MI'), 48418, 8.6);
INSERT INTO SENSOR (SerialNumber, CityPlaced, SensorModel, MinimValue, MaximValue, Unit, SensorType) VALUES (229668, 'Στενήμαχος', 'SLCSU-109', -60.0, 78.9, '°C', 'Temperature');
INSERT INTO MEASUREMENT (DateTime, SensorID, MeasValue) VALUES (TO_DATE('10/05/18 13:45', 'DD/MM/YY HH24:MI'), 229668, 19.0);
INSERT INTO SENSOR (SerialNumber, CityPlaced, SensorModel, MinimValue, MaximValue, Unit, SensorType) VALUES (656374, 'Στενήμαχος', 'KIIQJ-6153', 0, 100, '%', 'Humidity');
INSERT INTO MEASUREMENT (DateTime, SensorID, MeasValue) VALUES (TO_DATE('10/05/18 13:45', 'DD/MM/YY HH24:MI'), 656374, 93);
INSERT INTO SENSOR (SerialNumber, CityPlaced, SensorModel, MinimValue, MaximValue, Unit, SensorType) VALUES (46551, 'Στενήμαχος', 'DIQN-981', 741.0, 1093.9, 'hPa', 'Pressure');
INSERT INTO MEASUREMENT (DateTime, SensorID, MeasValue) VALUES (TO_DATE('10/05/18 13:45', 'DD/MM/YY HH24:MI'), 46551, 1005.0);
INSERT INTO SENSOR (SerialNumber, CityPlaced, SensorModel, MinimValue, MaximValue, Unit, SensorType) VALUES (51011, 'Στενήμαχος', 'XPVC-3082', 0.0, 23.9, 'km/h', 'Wind');
INSERT INTO MEASUREMENT (DateTime, SensorID, MeasValue) VALUES (TO_DATE('10/05/18 13:45', 'DD/MM/YY HH24:MI'), 51011, 1.9);
INSERT INTO SENSOR (SerialNumber, CityPlaced, SensorModel, MinimValue, MaximValue, Unit, SensorType) VALUES (982743, 'Επταπύργιο', 'VEZVQ-471', -53.0, 74.9, '°C', 'Temperature');
INSERT INTO MEASUREMENT (DateTime, SensorID, MeasValue) VALUES (TO_DATE('10/05/18 13:48', 'DD/MM/YY HH24:MI'), 982743, 13.8);
INSERT INTO SENSOR (SerialNumber, CityPlaced, SensorModel, MinimValue, MaximValue, Unit, SensorType) VALUES (895560, 'Επταπύργιο', 'OONWJ-8483', 0, 100, '%', 'Humidity');
INSERT INTO MEASUREMENT (DateTime, SensorID, MeasValue) VALUES (TO_DATE('10/05/18 13:48', 'DD/MM/YY HH24:MI'), 895560, 89);
INSERT INTO SENSOR (SerialNumber, CityPlaced, SensorModel, MinimValue, MaximValue, Unit, SensorType) VALUES (11244, 'Επταπύργιο', 'SNKV-373', 735.0, 1071.9, 'hPa', 'Pressure');
INSERT INTO MEASUREMENT (DateTime, SensorID, MeasValue) VALUES (TO_DATE('10/05/18 13:48', 'DD/MM/YY HH24:MI'), 11244, 1008.5);
INSERT INTO SENSOR (SerialNumber, CityPlaced, SensorModel, MinimValue, MaximValue, Unit, SensorType) VALUES (74739, 'Επταπύργιο', 'AXOT-8285', 0.0, 20.9, 'km/h', 'Wind');
INSERT INTO MEASUREMENT (DateTime, SensorID, MeasValue) VALUES (TO_DATE('10/05/18 13:48', 'DD/MM/YY HH24:MI'), 74739, 4.3);
INSERT INTO SENSOR (SerialNumber, CityPlaced, SensorModel, MinimValue, MaximValue, Unit, SensorType) VALUES (963083, 'Θεσσαλονίκη Ευκαρπία', 'XEINA-553', -54.0, 76.9, '°C', 'Temperature');
INSERT INTO MEASUREMENT (DateTime, SensorID, MeasValue) VALUES (TO_DATE('10/05/18 13:48', 'DD/MM/YY HH24:MI'), 963083, 14.8);
INSERT INTO MEASUREMENT (DateTime, SensorID, MeasValue) VALUES (TO_DATE('10/05/18 13:48', 'DD/MM/YY HH24:MI'), 710811, 90);
INSERT INTO SENSOR (SerialNumber, CityPlaced, SensorModel, MinimValue, MaximValue, Unit, SensorType) VALUES (31152, 'Θεσσαλονίκη Ευκαρπία', 'PJQH-366', 750.0, 1060.9, 'hPa', 'Pressure');
INSERT INTO MEASUREMENT (DateTime, SensorID, MeasValue) VALUES (TO_DATE('10/05/18 13:48', 'DD/MM/YY HH24:MI'), 31152, 1007.1);
INSERT INTO SENSOR (SerialNumber, CityPlaced, SensorModel, MinimValue, MaximValue, Unit, SensorType) VALUES (75532, 'Θεσσαλονίκη Ευκαρπία', 'NECY-7527', 0.0, 21.9, 'km/h', 'Wind');
INSERT INTO MEASUREMENT (DateTime, SensorID, MeasValue) VALUES (TO_DATE('10/05/18 13:48', 'DD/MM/YY HH24:MI'), 75532, 7.8);
INSERT INTO SENSOR (SerialNumber, CityPlaced, SensorModel, MinimValue, MaximValue, Unit, SensorType) VALUES (673294, 'Θεσσαλονίκη Κέντρο', 'XUUBG-589', -51.0, 72.9, '°C', 'Temperature');
INSERT INTO MEASUREMENT (DateTime, SensorID, MeasValue) VALUES (TO_DATE('10/05/18 13:45', 'DD/MM/YY HH24:MI'), 673294, 16.1);
INSERT INTO SENSOR (SerialNumber, CityPlaced, SensorModel, MinimValue, MaximValue, Unit, SensorType) VALUES (460320, 'Θεσσαλονίκη Κέντρο', 'JJEXJ-5990', 0, 100, '%', 'Humidity');
INSERT INTO MEASUREMENT (DateTime, SensorID, MeasValue) VALUES (TO_DATE('10/05/18 13:45', 'DD/MM/YY HH24:MI'), 460320, 88);
INSERT INTO SENSOR (SerialNumber, CityPlaced, SensorModel, MinimValue, MaximValue, Unit, SensorType) VALUES (29023, 'Θεσσαλονίκη Κέντρο', 'PJET-873', 722.0, 1052.9, 'hPa', 'Pressure');
INSERT INTO MEASUREMENT (DateTime, SensorID, MeasValue) VALUES (TO_DATE('10/05/18 13:45', 'DD/MM/YY HH24:MI'), 29023, 1007.0);
INSERT INTO SENSOR (SerialNumber, CityPlaced, SensorModel, MinimValue, MaximValue, Unit, SensorType) VALUES (56457, 'Θεσσαλονίκη Κέντρο', 'UUEV-4522', 0.0, 22.9, 'km/h', 'Wind');
INSERT INTO MEASUREMENT (DateTime, SensorID, MeasValue) VALUES (TO_DATE('10/05/18 13:45', 'DD/MM/YY HH24:MI'), 56457, 9.6);
INSERT INTO SENSOR (SerialNumber, CityPlaced, SensorModel, MinimValue, MaximValue, Unit, SensorType) VALUES (542593, 'Ιωνία SV2BZQ', 'AEIGV-023', -53.0, 68.9, '°C', 'Temperature');
INSERT INTO MEASUREMENT (DateTime, SensorID, MeasValue) VALUES (TO_DATE('10/05/18 13:47', 'DD/MM/YY HH24:MI'), 542593, 17.2);
INSERT INTO SENSOR (SerialNumber, CityPlaced, SensorModel, MinimValue, MaximValue, Unit, SensorType) VALUES (296156, 'Ιωνία SV2BZQ', 'VSDPA-6084', 0, 100, '%', 'Humidity');
INSERT INTO MEASUREMENT (DateTime, SensorID, MeasValue) VALUES (TO_DATE('10/05/18 13:47', 'DD/MM/YY HH24:MI'), 296156, 90);
INSERT INTO SENSOR (SerialNumber, CityPlaced, SensorModel, MinimValue, MaximValue, Unit, SensorType) VALUES (71392, 'Ιωνία SV2BZQ', 'CDZO-931', 723.0, 1071.9, 'hPa', 'Pressure');
INSERT INTO MEASUREMENT (DateTime, SensorID, MeasValue) VALUES (TO_DATE('10/05/18 13:47', 'DD/MM/YY HH24:MI'), 71392, 1006.0);
INSERT INTO SENSOR (SerialNumber, CityPlaced, SensorModel, MinimValue, MaximValue, Unit, SensorType) VALUES (82460, 'Ιωνία SV2BZQ', 'XJEH-4819', 0.0, 23.9, 'km/h', 'Wind');
INSERT INTO MEASUREMENT (DateTime, SensorID, MeasValue) VALUES (TO_DATE('10/05/18 13:47', 'DD/MM/YY HH24:MI'), 82460, 5.3);
INSERT INTO SENSOR (SerialNumber, CityPlaced, SensorModel, MinimValue, MaximValue, Unit, SensorType) VALUES (831536, 'Κάτω Πυλαία', 'KOTSQ-540', -53.0, 64.9, '°C', 'Temperature');
INSERT INTO MEASUREMENT (DateTime, SensorID, MeasValue) VALUES (TO_DATE('10/05/18 13:45', 'DD/MM/YY HH24:MI'), 831536, 15.2);
INSERT INTO SENSOR (SerialNumber, CityPlaced, SensorModel, MinimValue, MaximValue, Unit, SensorType) VALUES (455085, 'Κάτω Πυλαία', 'UUJGJ-8759', 0, 100, '%', 'Humidity');
INSERT INTO MEASUREMENT (DateTime, SensorID, MeasValue) VALUES (TO_DATE('10/05/18 13:45', 'DD/MM/YY HH24:MI'), 455085, 88);
INSERT INTO SENSOR (SerialNumber, CityPlaced, SensorModel, MinimValue, MaximValue, Unit, SensorType) VALUES (60260, 'Κάτω Πυλαία', 'LSOK-491', 708.0, 1090.9, 'hPa', 'Pressure');
INSERT INTO MEASUREMENT (DateTime, SensorID, MeasValue) VALUES (TO_DATE('10/05/18 13:45', 'DD/MM/YY HH24:MI'), 60260, 1007.4);
INSERT INTO SENSOR (SerialNumber, CityPlaced, SensorModel, MinimValue, MaximValue, Unit, SensorType) VALUES (63299, 'Κάτω Πυλαία', 'ITCA-7090', 0.0, 21.9, 'km/h', 'Wind');
INSERT INTO MEASUREMENT (DateTime, SensorID, MeasValue) VALUES (TO_DATE('10/05/18 13:45', 'DD/MM/YY HH24:MI'), 63299, 7.9);
INSERT INTO SENSOR (SerialNumber, CityPlaced, SensorModel, MinimValue, MaximValue, Unit, SensorType) VALUES (232219, 'Καλαμαριά 2', 'UFZQY-063', -56.0, 69.9, '°C', 'Temperature');
INSERT INTO MEASUREMENT (DateTime, SensorID, MeasValue) VALUES (TO_DATE('10/05/18 13:44', 'DD/MM/YY HH24:MI'), 232219, 15.2);
INSERT INTO SENSOR (SerialNumber, CityPlaced, SensorModel, MinimValue, MaximValue, Unit, SensorType) VALUES (245009, 'Καλαμαριά 2', 'VTXJU-1923', 0, 100, '%', 'Humidity');
INSERT INTO MEASUREMENT (DateTime, SensorID, MeasValue) VALUES (TO_DATE('10/05/18 13:44', 'DD/MM/YY HH24:MI'), 245009, 96);
INSERT INTO SENSOR (SerialNumber, CityPlaced, SensorModel, MinimValue, MaximValue, Unit, SensorType) VALUES (14579, 'Καλαμαριά 2', 'KXFW-655', 748.0, 1059.9, 'hPa', 'Pressure');
INSERT INTO MEASUREMENT (DateTime, SensorID, MeasValue) VALUES (TO_DATE('10/05/18 13:44', 'DD/MM/YY HH24:MI'), 14579, 1007.2);
INSERT INTO SENSOR (SerialNumber, CityPlaced, SensorModel, MinimValue, MaximValue, Unit, SensorType) VALUES (78430, 'Καλαμαριά 2', 'NFOE-5444', 0.0, 23.9, 'km/h', 'Wind');
INSERT INTO MEASUREMENT (DateTime, SensorID, MeasValue) VALUES (TO_DATE('10/05/18 13:44', 'DD/MM/YY HH24:MI'), 78430, 10.2);
INSERT INTO SENSOR (SerialNumber, CityPlaced, SensorModel, MinimValue, MaximValue, Unit, SensorType) VALUES (299814, 'Καρδία SV2HNE', 'JYLHJ-251', -59.0, 67.9, '°C', 'Temperature');
INSERT INTO MEASUREMENT (DateTime, SensorID, MeasValue) VALUES (TO_DATE('10/05/18 13:44', 'DD/MM/YY HH24:MI'), 299814, 15.4);
INSERT INTO SENSOR (SerialNumber, CityPlaced, SensorModel, MinimValue, MaximValue, Unit, SensorType) VALUES (982839, 'Καρδία SV2HNE', 'AMJSU-0129', 0, 100, '%', 'Humidity');
INSERT INTO MEASUREMENT (DateTime, SensorID, MeasValue) VALUES (TO_DATE('10/05/18 13:44', 'DD/MM/YY HH24:MI'), 982839, 86);
INSERT INTO SENSOR (SerialNumber, CityPlaced, SensorModel, MinimValue, MaximValue, Unit, SensorType) VALUES (14835, 'Καρδία SV2HNE', 'QZGK-785', 718.0, 1089.9, 'hPa', 'Pressure');
INSERT INTO MEASUREMENT (DateTime, SensorID, MeasValue) VALUES (TO_DATE('10/05/18 13:44', 'DD/MM/YY HH24:MI'), 14835, 1007.0);
INSERT INTO SENSOR (SerialNumber, CityPlaced, SensorModel, MinimValue, MaximValue, Unit, SensorType) VALUES (82285, 'Καρδία SV2HNE', 'RGRK-3489', 0.0, 24.9, 'km/h', 'Wind');
INSERT INTO MEASUREMENT (DateTime, SensorID, MeasValue) VALUES (TO_DATE('10/05/18 13:44', 'DD/MM/YY HH24:MI'), 82285, 0.0);
INSERT INTO SENSOR (SerialNumber, CityPlaced, SensorModel, MinimValue, MaximValue, Unit, SensorType) VALUES (835349, 'Νέα Κρήνη', 'UJMIY-632', -52.0, 80.9, '°C', 'Temperature');
INSERT INTO MEASUREMENT (DateTime, SensorID, MeasValue) VALUES (TO_DATE('10/05/18 13:48', 'DD/MM/YY HH24:MI'), 835349, 16.1);
INSERT INTO SENSOR (SerialNumber, CityPlaced, SensorModel, MinimValue, MaximValue, Unit, SensorType) VALUES (239269, 'Νέα Κρήνη', 'TBYJP-7880', 0, 100, '%', 'Humidity');
INSERT INTO MEASUREMENT (DateTime, SensorID, MeasValue) VALUES (TO_DATE('10/05/18 13:48', 'DD/MM/YY HH24:MI'), 239269, 85);
INSERT INTO SENSOR (SerialNumber, CityPlaced, SensorModel, MinimValue, MaximValue, Unit, SensorType) VALUES (64335, 'Νέα Κρήνη', 'KZCA-271', 744.0, 1077.9, 'hPa', 'Pressure');
INSERT INTO MEASUREMENT (DateTime, SensorID, MeasValue) VALUES (TO_DATE('10/05/18 13:48', 'DD/MM/YY HH24:MI'), 64335, 1007.8);
INSERT INTO SENSOR (SerialNumber, CityPlaced, SensorModel, MinimValue, MaximValue, Unit, SensorType) VALUES (87922, 'Νέα Κρήνη', 'BWEX-0381', 0.0, 23.9, 'km/h', 'Wind');
INSERT INTO MEASUREMENT (DateTime, SensorID, MeasValue) VALUES (TO_DATE('10/05/18 13:48', 'DD/MM/YY HH24:MI'), 87922, 4.5);
INSERT INTO SENSOR (SerialNumber, CityPlaced, SensorModel, MinimValue, MaximValue, Unit, SensorType) VALUES (285313, 'Πεντάλοφος SV2BZQ', 'KXTRY-592', -57.0, 60.9, '°C', 'Temperature');
INSERT INTO MEASUREMENT (DateTime, SensorID, MeasValue) VALUES (TO_DATE('10/05/18 13:41', 'DD/MM/YY HH24:MI'), 285313, 15.3);
INSERT INTO SENSOR (SerialNumber, CityPlaced, SensorModel, MinimValue, MaximValue, Unit, SensorType) VALUES (693566, 'Πεντάλοφος SV2BZQ', 'SWHMU-2422', 0, 100, '%', 'Humidity');
INSERT INTO MEASUREMENT (DateTime, SensorID, MeasValue) VALUES (TO_DATE('10/05/18 13:41', 'DD/MM/YY HH24:MI'), 693566, 91);
INSERT INTO SENSOR (SerialNumber, CityPlaced, SensorModel, MinimValue, MaximValue, Unit, SensorType) VALUES (31939, 'Πεντάλοφος SV2BZQ', 'UMNA-952', 727.0, 1099.9, 'hPa', 'Pressure');
INSERT INTO MEASUREMENT (DateTime, SensorID, MeasValue) VALUES (TO_DATE('10/05/18 13:41', 'DD/MM/YY HH24:MI'), 31939, 1006.8);
INSERT INTO SENSOR (SerialNumber, CityPlaced, SensorModel, MinimValue, MaximValue, Unit, SensorType) VALUES (74744, 'Πεντάλοφος SV2BZQ', 'PVLR-8351', 0.0, 24.9, 'km/h', 'Wind');
INSERT INTO MEASUREMENT (DateTime, SensorID, MeasValue) VALUES (TO_DATE('10/05/18 13:41', 'DD/MM/YY HH24:MI'), 74744, 7.0);
INSERT INTO SENSOR (SerialNumber, CityPlaced, SensorModel, MinimValue, MaximValue, Unit, SensorType) VALUES (792260, 'Πυλαία SV2HUI', 'EXJNC-487', -51.0, 66.9, '°C', 'Temperature');
INSERT INTO MEASUREMENT (DateTime, SensorID, MeasValue) VALUES (TO_DATE('10/05/18 13:48', 'DD/MM/YY HH24:MI'), 792260, 14.4);
INSERT INTO SENSOR (SerialNumber, CityPlaced, SensorModel, MinimValue, MaximValue, Unit, SensorType) VALUES (494453, 'Πυλαία SV2HUI', 'LUIHU-6079', 0, 100, '%', 'Humidity');
INSERT INTO MEASUREMENT (DateTime, SensorID, MeasValue) VALUES (TO_DATE('10/05/18 13:48', 'DD/MM/YY HH24:MI'), 494453, 87);
INSERT INTO SENSOR (SerialNumber, CityPlaced, SensorModel, MinimValue, MaximValue, Unit, SensorType) VALUES (82739, 'Πυλαία SV2HUI', 'HLUH-458', 736.0, 1072.9, 'hPa', 'Pressure');
INSERT INTO MEASUREMENT (DateTime, SensorID, MeasValue) VALUES (TO_DATE('10/05/18 13:48', 'DD/MM/YY HH24:MI'), 82739, 1022.7);
INSERT INTO SENSOR (SerialNumber, CityPlaced, SensorModel, MinimValue, MaximValue, Unit, SensorType) VALUES (87156, 'Πυλαία SV2HUI', 'OKWD-3838', 0.0, 23.9, 'km/h', 'Wind');
INSERT INTO MEASUREMENT (DateTime, SensorID, MeasValue) VALUES (TO_DATE('10/05/18 13:48', 'DD/MM/YY HH24:MI'), 87156, 3.3);
INSERT INTO SENSOR (SerialNumber, CityPlaced, SensorModel, MinimValue, MaximValue, Unit, SensorType) VALUES (116254, 'Φίλυρο (Οικοισμος Γερακίνα)', 'PTGYQ-009', -56.0, 65.9, '°C', 'Temperature');
INSERT INTO MEASUREMENT (DateTime, SensorID, MeasValue) VALUES (TO_DATE('10/05/18 13:45', 'DD/MM/YY HH24:MI'), 116254, 12.9);
INSERT INTO SENSOR (SerialNumber, CityPlaced, SensorModel, MinimValue, MaximValue, Unit, SensorType) VALUES (771918, 'Φίλυρο (Οικοισμος Γερακίνα)', 'ZIYCY-5168', 0, 100, '%', 'Humidity');
INSERT INTO MEASUREMENT (DateTime, SensorID, MeasValue) VALUES (TO_DATE('10/05/18 13:45', 'DD/MM/YY HH24:MI'), 771918, 92);
INSERT INTO SENSOR (SerialNumber, CityPlaced, SensorModel, MinimValue, MaximValue, Unit, SensorType) VALUES (16928, 'Φίλυρο (Οικοισμος Γερακίνα)', 'BCKC-401', 727.0, 1076.9, 'hPa', 'Pressure');
INSERT INTO MEASUREMENT (DateTime, SensorID, MeasValue) VALUES (TO_DATE('10/05/18 13:45', 'DD/MM/YY HH24:MI'), 16928, 1007.1);
INSERT INTO SENSOR (SerialNumber, CityPlaced, SensorModel, MinimValue, MaximValue, Unit, SensorType) VALUES (51917, 'Φίλυρο (Οικοισμος Γερακίνα)', 'OFRO-4553', 0.0, 20.9, 'km/h', 'Wind');
INSERT INTO MEASUREMENT (DateTime, SensorID, MeasValue) VALUES (TO_DATE('10/05/18 13:45', 'DD/MM/YY HH24:MI'), 51917, 3.0);
INSERT INTO SENSOR (SerialNumber, CityPlaced, SensorModel, MinimValue, MaximValue, Unit, SensorType) VALUES (105947, 'Ωραιόκαστρο', 'EXWMZ-923', -60.0, 80.9, '°C', 'Temperature');
INSERT INTO MEASUREMENT (DateTime, SensorID, MeasValue) VALUES (TO_DATE('10/05/18 13:48', 'DD/MM/YY HH24:MI'), 105947, 14.4);
INSERT INTO SENSOR (SerialNumber, CityPlaced, SensorModel, MinimValue, MaximValue, Unit, SensorType) VALUES (946111, 'Ωραιόκαστρο', 'TFOEO-2768', 0, 100, '%', 'Humidity');
INSERT INTO MEASUREMENT (DateTime, SensorID, MeasValue) VALUES (TO_DATE('10/05/18 13:48', 'DD/MM/YY HH24:MI'), 946111, 91);
INSERT INTO SENSOR (SerialNumber, CityPlaced, SensorModel, MinimValue, MaximValue, Unit, SensorType) VALUES (84789, 'Ωραιόκαστρο', 'RCCJ-121', 720.0, 1095.9, 'hPa', 'Pressure');
INSERT INTO MEASUREMENT (DateTime, SensorID, MeasValue) VALUES (TO_DATE('10/05/18 13:48', 'DD/MM/YY HH24:MI'), 84789, 1007.3);
INSERT INTO SENSOR (SerialNumber, CityPlaced, SensorModel, MinimValue, MaximValue, Unit, SensorType) VALUES (50185, 'Ωραιόκαστρο', 'ZBAS-4774', 0.0, 21.9, 'km/h', 'Wind');
INSERT INTO MEASUREMENT (DateTime, SensorID, MeasValue) VALUES (TO_DATE('10/05/18 13:48', 'DD/MM/YY HH24:MI'), 50185, 2.4);
INSERT INTO SENSOR (SerialNumber, CityPlaced, SensorModel, MinimValue, MaximValue, Unit, SensorType) VALUES (930911, 'Βουνοχώρι', 'UATPM-841', -57.0, 78.9, '°C', 'Temperature');
INSERT INTO MEASUREMENT (DateTime, SensorID, MeasValue) VALUES (TO_DATE('10/05/18 13:45', 'DD/MM/YY HH24:MI'), 930911, 14.7);
INSERT INTO SENSOR (SerialNumber, CityPlaced, SensorModel, MinimValue, MaximValue, Unit, SensorType) VALUES (685198, 'Βουνοχώρι', 'WCZGY-9987', 0, 100, '%', 'Humidity');
INSERT INTO MEASUREMENT (DateTime, SensorID, MeasValue) VALUES (TO_DATE('10/05/18 13:45', 'DD/MM/YY HH24:MI'), 685198, 95);
INSERT INTO SENSOR (SerialNumber, CityPlaced, SensorModel, MinimValue, MaximValue, Unit, SensorType) VALUES (73675, 'Βουνοχώρι', 'YATN-534', 731.0, 1082.9, 'hPa', 'Pressure');
INSERT INTO MEASUREMENT (DateTime, SensorID, MeasValue) VALUES (TO_DATE('10/05/18 13:45', 'DD/MM/YY HH24:MI'), 73675, 1006.9);
INSERT INTO SENSOR (SerialNumber, CityPlaced, SensorModel, MinimValue, MaximValue, Unit, SensorType) VALUES (50599, 'Βουνοχώρι', 'TVCE-5278', 0.0, 20.9, 'km/h', 'Wind');
INSERT INTO MEASUREMENT (DateTime, SensorID, MeasValue) VALUES (TO_DATE('10/05/18 13:45', 'DD/MM/YY HH24:MI'), 50599, 4.3);
INSERT INTO SENSOR (SerialNumber, CityPlaced, SensorModel, MinimValue, MaximValue, Unit, SensorType) VALUES (794730, 'Ελευθερούπολη', 'ICANC-858', -51.0, 77.9, '°C', 'Temperature');
INSERT INTO MEASUREMENT (DateTime, SensorID, MeasValue) VALUES (TO_DATE('10/05/18 13:48', 'DD/MM/YY HH24:MI'), 794730, 25.3);
INSERT INTO SENSOR (SerialNumber, CityPlaced, SensorModel, MinimValue, MaximValue, Unit, SensorType) VALUES (410823, 'Ελευθερούπολη', 'RQZFE-5564', 0, 100, '%', 'Humidity');
INSERT INTO MEASUREMENT (DateTime, SensorID, MeasValue) VALUES (TO_DATE('10/05/18 13:48', 'DD/MM/YY HH24:MI'), 410823, 60);
INSERT INTO SENSOR (SerialNumber, CityPlaced, SensorModel, MinimValue, MaximValue, Unit, SensorType) VALUES (32284, 'Ελευθερούπολη', 'WHGR-581', 750.0, 1086.9, 'hPa', 'Pressure');
INSERT INTO MEASUREMENT (DateTime, SensorID, MeasValue) VALUES (TO_DATE('10/05/18 13:48', 'DD/MM/YY HH24:MI'), 32284, 1005.4);
INSERT INTO SENSOR (SerialNumber, CityPlaced, SensorModel, MinimValue, MaximValue, Unit, SensorType) VALUES (34649, 'Ελευθερούπολη', 'FEHX-4088', 0.0, 24.9, 'km/h', 'Wind');
INSERT INTO MEASUREMENT (DateTime, SensorID, MeasValue) VALUES (TO_DATE('10/05/18 13:48', 'DD/MM/YY HH24:MI'), 34649, 4.8);
INSERT INTO SENSOR (SerialNumber, CityPlaced, SensorModel, MinimValue, MaximValue, Unit, SensorType) VALUES (511189, 'Θάσος Λιμένας', 'YNFQP-764', -55.0, 64.9, '°C', 'Temperature');
INSERT INTO MEASUREMENT (DateTime, SensorID, MeasValue) VALUES (TO_DATE('10/05/18 13:40', 'DD/MM/YY HH24:MI'), 511189, 24.2);
INSERT INTO SENSOR (SerialNumber, CityPlaced, SensorModel, MinimValue, MaximValue, Unit, SensorType) VALUES (888709, 'Θάσος Λιμένας', 'IBVMU-1729', 0, 100, '%', 'Humidity');
INSERT INTO MEASUREMENT (DateTime, SensorID, MeasValue) VALUES (TO_DATE('10/05/18 13:40', 'DD/MM/YY HH24:MI'), 888709, 64);
INSERT INTO SENSOR (SerialNumber, CityPlaced, SensorModel, MinimValue, MaximValue, Unit, SensorType) VALUES (55435, 'Θάσος Λιμένας', 'XSPC-078', 740.0, 1098.9, 'hPa', 'Pressure');
INSERT INTO MEASUREMENT (DateTime, SensorID, MeasValue) VALUES (TO_DATE('10/05/18 13:40', 'DD/MM/YY HH24:MI'), 55435, 999.2);
INSERT INTO SENSOR (SerialNumber, CityPlaced, SensorModel, MinimValue, MaximValue, Unit, SensorType) VALUES (56947, 'Θάσος Λιμένας', 'VXNS-8963', 0.0, 22.9, 'km/h', 'Wind');
INSERT INTO MEASUREMENT (DateTime, SensorID, MeasValue) VALUES (TO_DATE('10/05/18 13:40', 'DD/MM/YY HH24:MI'), 56947, 4.3);
INSERT INTO SENSOR (SerialNumber, CityPlaced, SensorModel, MinimValue, MaximValue, Unit, SensorType) VALUES (494066, 'Καβάλα', 'KNZSV-517', -52.0, 67.9, '°C', 'Temperature');
INSERT INTO MEASUREMENT (DateTime, SensorID, MeasValue) VALUES (TO_DATE('10/05/18 13:45', 'DD/MM/YY HH24:MI'), 494066, 22.6);
INSERT INTO SENSOR (SerialNumber, CityPlaced, SensorModel, MinimValue, MaximValue, Unit, SensorType) VALUES (660459, 'Καβάλα', 'RZHDI-5203', 0, 100, '%', 'Humidity');
INSERT INTO MEASUREMENT (DateTime, SensorID, MeasValue) VALUES (TO_DATE('10/05/18 13:45', 'DD/MM/YY HH24:MI'), 660459, 76);
INSERT INTO SENSOR (SerialNumber, CityPlaced, SensorModel, MinimValue, MaximValue, Unit, SensorType) VALUES (25880, 'Καβάλα', 'PQIO-311', 732.0, 1089.9, 'hPa', 'Pressure');
INSERT INTO MEASUREMENT (DateTime, SensorID, MeasValue) VALUES (TO_DATE('10/05/18 13:45', 'DD/MM/YY HH24:MI'), 25880, 1006.7);
INSERT INTO SENSOR (SerialNumber, CityPlaced, SensorModel, MinimValue, MaximValue, Unit, SensorType) VALUES (32379, 'Καβάλα', 'LQUJ-4936', 0.0, 25.9, 'km/h', 'Wind');
INSERT INTO MEASUREMENT (DateTime, SensorID, MeasValue) VALUES (TO_DATE('10/05/18 13:45', 'DD/MM/YY HH24:MI'), 32379, 8.1);
INSERT INTO SENSOR (SerialNumber, CityPlaced, SensorModel, MinimValue, MaximValue, Unit, SensorType) VALUES (822619, 'Παλαιοχώρι Παγγαίο', 'DKMMJ-814', -50.0, 66.9, '°C', 'Temperature');
INSERT INTO MEASUREMENT (DateTime, SensorID, MeasValue) VALUES (TO_DATE('10/05/18 13:40', 'DD/MM/YY HH24:MI'), 822619, 27.1);
INSERT INTO SENSOR (SerialNumber, CityPlaced, SensorModel, MinimValue, MaximValue, Unit, SensorType) VALUES (517361, 'Παλαιοχώρι Παγγαίο', 'LDYIW-2267', 0, 100, '%', 'Humidity');
INSERT INTO MEASUREMENT (DateTime, SensorID, MeasValue) VALUES (TO_DATE('10/05/18 13:40', 'DD/MM/YY HH24:MI'), 517361, 53);
INSERT INTO SENSOR (SerialNumber, CityPlaced, SensorModel, MinimValue, MaximValue, Unit, SensorType) VALUES (24132, 'Παλαιοχώρι Παγγαίο', 'HZGA-600', 731.0, 1069.9, 'hPa', 'Pressure');
INSERT INTO MEASUREMENT (DateTime, SensorID, MeasValue) VALUES (TO_DATE('10/05/18 13:40', 'DD/MM/YY HH24:MI'), 24132, 1004.1);
INSERT INTO SENSOR (SerialNumber, CityPlaced, SensorModel, MinimValue, MaximValue, Unit, SensorType) VALUES (84029, 'Παλαιοχώρι Παγγαίο', 'FIXY-2821', 0.0, 21.9, 'km/h', 'Wind');
INSERT INTO MEASUREMENT (DateTime, SensorID, MeasValue) VALUES (TO_DATE('10/05/18 13:40', 'DD/MM/YY HH24:MI'), 84029, 0.8);
INSERT INTO SENSOR (SerialNumber, CityPlaced, SensorModel, MinimValue, MaximValue, Unit, SensorType) VALUES (432736, 'Βεγορίτιδα', 'XAKNS-023', -54.0, 60.9, '°C', 'Temperature');
INSERT INTO MEASUREMENT (DateTime, SensorID, MeasValue) VALUES (TO_DATE('10/05/18 13:37', 'DD/MM/YY HH24:MI'), 432736, 15.1);
INSERT INTO SENSOR (SerialNumber, CityPlaced, SensorModel, MinimValue, MaximValue, Unit, SensorType) VALUES (246530, 'Βεγορίτιδα', 'PFEXJ-7980', 0, 100, '%', 'Humidity');
INSERT INTO MEASUREMENT (DateTime, SensorID, MeasValue) VALUES (TO_DATE('10/05/18 13:37', 'DD/MM/YY HH24:MI'), 246530, 94);
INSERT INTO SENSOR (SerialNumber, CityPlaced, SensorModel, MinimValue, MaximValue, Unit, SensorType) VALUES (22577, 'Βεγορίτιδα', 'GTNV-272', 716.0, 1061.9, 'hPa', 'Pressure');
INSERT INTO MEASUREMENT (DateTime, SensorID, MeasValue) VALUES (TO_DATE('10/05/18 13:37', 'DD/MM/YY HH24:MI'), 22577, 1008.6);
INSERT INTO SENSOR (SerialNumber, CityPlaced, SensorModel, MinimValue, MaximValue, Unit, SensorType) VALUES (53521, 'Βεγορίτιδα', 'MRET-5917', 0.0, 20.9, 'km/h', 'Wind');
INSERT INTO MEASUREMENT (DateTime, SensorID, MeasValue) VALUES (TO_DATE('10/05/18 13:37', 'DD/MM/YY HH24:MI'), 53521, 1.9);
INSERT INTO SENSOR (SerialNumber, CityPlaced, SensorModel, MinimValue, MaximValue, Unit, SensorType) VALUES (768246, 'Μακρύγιαλος SV2BZQ', 'IWHYC-026', -52.0, 65.9, '°C', 'Temperature');
INSERT INTO MEASUREMENT (DateTime, SensorID, MeasValue) VALUES (TO_DATE('10/05/18 13:47', 'DD/MM/YY HH24:MI'), 768246, 17.0);
INSERT INTO SENSOR (SerialNumber, CityPlaced, SensorModel, MinimValue, MaximValue, Unit, SensorType) VALUES (506062, 'Μακρύγιαλος SV2BZQ', 'SXAIE-8463', 0, 100, '%', 'Humidity');
INSERT INTO MEASUREMENT (DateTime, SensorID, MeasValue) VALUES (TO_DATE('10/05/18 13:47', 'DD/MM/YY HH24:MI'), 506062, 94);
INSERT INTO SENSOR (SerialNumber, CityPlaced, SensorModel, MinimValue, MaximValue, Unit, SensorType) VALUES (66732, 'Μακρύγιαλος SV2BZQ', 'ELID-299', 737.0, 1087.9, 'hPa', 'Pressure');
INSERT INTO MEASUREMENT (DateTime, SensorID, MeasValue) VALUES (TO_DATE('10/05/18 13:47', 'DD/MM/YY HH24:MI'), 66732, 1006.7);
INSERT INTO SENSOR (SerialNumber, CityPlaced, SensorModel, MinimValue, MaximValue, Unit, SensorType) VALUES (58914, 'Μακρύγιαλος SV2BZQ', 'YYNN-4422', 0.0, 24.9, 'km/h', 'Wind');
INSERT INTO MEASUREMENT (DateTime, SensorID, MeasValue) VALUES (TO_DATE('10/05/18 13:47', 'DD/MM/YY HH24:MI'), 58914, 3.9);
INSERT INTO MEASUREMENT (DateTime, SensorID, MeasValue) VALUES (TO_DATE('10/05/18 13:30', 'DD/MM/YY HH24:MI'), 202028, 24.6);
INSERT INTO SENSOR (SerialNumber, CityPlaced, SensorModel, MinimValue, MaximValue, Unit, SensorType) VALUES (254557, 'Ηράκλεια Σέρρες', 'XUICE-7678', 0, 100, '%', 'Humidity');
INSERT INTO MEASUREMENT (DateTime, SensorID, MeasValue) VALUES (TO_DATE('10/05/18 13:30', 'DD/MM/YY HH24:MI'), 254557, 61);
INSERT INTO SENSOR (SerialNumber, CityPlaced, SensorModel, MinimValue, MaximValue, Unit, SensorType) VALUES (94627, 'Ηράκλεια Σέρρες', 'WTTO-097', 726.0, 1088.9, 'hPa', 'Pressure');
INSERT INTO MEASUREMENT (DateTime, SensorID, MeasValue) VALUES (TO_DATE('10/05/18 13:30', 'DD/MM/YY HH24:MI'), 94627, 1004.3);
INSERT INTO SENSOR (SerialNumber, CityPlaced, SensorModel, MinimValue, MaximValue, Unit, SensorType) VALUES (19661, 'Ηράκλεια Σέρρες', 'ELTA-7190', 0.0, 25.9, 'km/h', 'Wind');
INSERT INTO MEASUREMENT (DateTime, SensorID, MeasValue) VALUES (TO_DATE('10/05/18 13:30', 'DD/MM/YY HH24:MI'), 19661, 5.3);
INSERT INTO SENSOR (SerialNumber, CityPlaced, SensorModel, MinimValue, MaximValue, Unit, SensorType) VALUES (335308, 'Ροδολίβος', 'RWYIA-176', -57.0, 68.9, '°C', 'Temperature');
INSERT INTO MEASUREMENT (DateTime, SensorID, MeasValue) VALUES (TO_DATE('10/05/18 13:45', 'DD/MM/YY HH24:MI'), 335308, 18.8);
INSERT INTO SENSOR (SerialNumber, CityPlaced, SensorModel, MinimValue, MaximValue, Unit, SensorType) VALUES (802493, 'Ροδολίβος', 'HITDO-2163', 0, 100, '%', 'Humidity');
INSERT INTO MEASUREMENT (DateTime, SensorID, MeasValue) VALUES (TO_DATE('10/05/18 13:45', 'DD/MM/YY HH24:MI'), 802493, 87);
INSERT INTO SENSOR (SerialNumber, CityPlaced, SensorModel, MinimValue, MaximValue, Unit, SensorType) VALUES (91844, 'Ροδολίβος', 'RXMH-898', 740.0, 1071.9, 'hPa', 'Pressure');
INSERT INTO MEASUREMENT (DateTime, SensorID, MeasValue) VALUES (TO_DATE('10/05/18 13:45', 'DD/MM/YY HH24:MI'), 91844, 1006.0);
INSERT INTO SENSOR (SerialNumber, CityPlaced, SensorModel, MinimValue, MaximValue, Unit, SensorType) VALUES (50411, 'Ροδολίβος', 'LHDO-0474', 0.0, 24.9, 'km/h', 'Wind');
INSERT INTO MEASUREMENT (DateTime, SensorID, MeasValue) VALUES (TO_DATE('10/05/18 13:45', 'DD/MM/YY HH24:MI'), 50411, 1.5);
INSERT INTO SENSOR (SerialNumber, CityPlaced, SensorModel, MinimValue, MaximValue, Unit, SensorType) VALUES (633384, 'Χρυσοχώραφα Σέρρες', 'KMYVB-883', -56.0, 72.9, '°C', 'Temperature');
INSERT INTO MEASUREMENT (DateTime, SensorID, MeasValue) VALUES (TO_DATE('10/05/18 13:45', 'DD/MM/YY HH24:MI'), 633384, 25.9);
INSERT INTO SENSOR (SerialNumber, CityPlaced, SensorModel, MinimValue, MaximValue, Unit, SensorType) VALUES (913340, 'Χρυσοχώραφα Σέρρες', 'RCKJW-1414', 0, 100, '%', 'Humidity');
INSERT INTO MEASUREMENT (DateTime, SensorID, MeasValue) VALUES (TO_DATE('10/05/18 13:45', 'DD/MM/YY HH24:MI'), 913340, 59);
INSERT INTO SENSOR (SerialNumber, CityPlaced, SensorModel, MinimValue, MaximValue, Unit, SensorType) VALUES (79800, 'Χρυσοχώραφα Σέρρες', 'GTUQ-860', 726.0, 1093.9, 'hPa', 'Pressure');
INSERT INTO MEASUREMENT (DateTime, SensorID, MeasValue) VALUES (TO_DATE('10/05/18 13:45', 'DD/MM/YY HH24:MI'), 79800, 1004.3);
INSERT INTO SENSOR (SerialNumber, CityPlaced, SensorModel, MinimValue, MaximValue, Unit, SensorType) VALUES (90037, 'Χρυσοχώραφα Σέρρες', 'RSTG-0430', 0.0, 22.9, 'km/h', 'Wind');
INSERT INTO MEASUREMENT (DateTime, SensorID, MeasValue) VALUES (TO_DATE('10/05/18 13:45', 'DD/MM/YY HH24:MI'), 90037, 1.9);
INSERT INTO SENSOR (SerialNumber, CityPlaced, SensorModel, MinimValue, MaximValue, Unit, SensorType) VALUES (962142, 'Nέα Μουδανιά', 'JHSWF-118', -53.0, 61.9, '°C', 'Temperature');
INSERT INTO MEASUREMENT (DateTime, SensorID, MeasValue) VALUES (TO_DATE('10/05/18 13:48', 'DD/MM/YY HH24:MI'), 962142, 20.4);
INSERT INTO SENSOR (SerialNumber, CityPlaced, SensorModel, MinimValue, MaximValue, Unit, SensorType) VALUES (814400, 'Nέα Μουδανιά', 'CLVXB-5615', 0, 100, '%', 'Humidity');
INSERT INTO MEASUREMENT (DateTime, SensorID, MeasValue) VALUES (TO_DATE('10/05/18 13:48', 'DD/MM/YY HH24:MI'), 814400, 77);
INSERT INTO SENSOR (SerialNumber, CityPlaced, SensorModel, MinimValue, MaximValue, Unit, SensorType) VALUES (37390, 'Nέα Μουδανιά', 'HFCR-551', 708.0, 1080.9, 'hPa', 'Pressure');
INSERT INTO MEASUREMENT (DateTime, SensorID, MeasValue) VALUES (TO_DATE('10/05/18 13:48', 'DD/MM/YY HH24:MI'), 37390, 1006.1);
INSERT INTO SENSOR (SerialNumber, CityPlaced, SensorModel, MinimValue, MaximValue, Unit, SensorType) VALUES (14416, 'Nέα Μουδανιά', 'DCQP-7535', 0.0, 24.9, 'km/h', 'Wind');
INSERT INTO MEASUREMENT (DateTime, SensorID, MeasValue) VALUES (TO_DATE('10/05/18 13:48', 'DD/MM/YY HH24:MI'), 14416, 1.6);
INSERT INTO SENSOR (SerialNumber, CityPlaced, SensorModel, MinimValue, MaximValue, Unit, SensorType) VALUES (362523, 'Άγιος Νικόλαος', 'CKDTT-356', -59.0, 66.9, '°C', 'Temperature');
INSERT INTO MEASUREMENT (DateTime, SensorID, MeasValue) VALUES (TO_DATE('10/05/18 13:45', 'DD/MM/YY HH24:MI'), 362523, 22.6);
INSERT INTO SENSOR (SerialNumber, CityPlaced, SensorModel, MinimValue, MaximValue, Unit, SensorType) VALUES (307364, 'Άγιος Νικόλαος', 'LOYGI-0126', 0, 100, '%', 'Humidity');
INSERT INTO MEASUREMENT (DateTime, SensorID, MeasValue) VALUES (TO_DATE('10/05/18 13:45', 'DD/MM/YY HH24:MI'), 307364, 63);
INSERT INTO SENSOR (SerialNumber, CityPlaced, SensorModel, MinimValue, MaximValue, Unit, SensorType) VALUES (27546, 'Άγιος Νικόλαος', 'FVRF-073', 729.0, 1057.9, 'hPa', 'Pressure');
INSERT INTO MEASUREMENT (DateTime, SensorID, MeasValue) VALUES (TO_DATE('10/05/18 13:45', 'DD/MM/YY HH24:MI'), 27546, 1006.0);
INSERT INTO SENSOR (SerialNumber, CityPlaced, SensorModel, MinimValue, MaximValue, Unit, SensorType) VALUES (30169, 'Άγιος Νικόλαος', 'JNXX-4463', 0.0, 24.9, 'km/h', 'Wind');
INSERT INTO MEASUREMENT (DateTime, SensorID, MeasValue) VALUES (TO_DATE('10/05/18 13:45', 'DD/MM/YY HH24:MI'), 30169, 7.7);
INSERT INTO SENSOR (SerialNumber, CityPlaced, SensorModel, MinimValue, MaximValue, Unit, SensorType) VALUES (884818, 'Νέα Ηράκλεια', 'ISUXE-684', -59.0, 69.9, '°C', 'Temperature');
INSERT INTO MEASUREMENT (DateTime, SensorID, MeasValue) VALUES (TO_DATE('10/05/18 13:45', 'DD/MM/YY HH24:MI'), 884818, 18.3);
INSERT INTO SENSOR (SerialNumber, CityPlaced, SensorModel, MinimValue, MaximValue, Unit, SensorType) VALUES (928834, 'Νέα Ηράκλεια', 'UDPEG-9057', 0, 100, '%', 'Humidity');
INSERT INTO MEASUREMENT (DateTime, SensorID, MeasValue) VALUES (TO_DATE('10/05/18 13:45', 'DD/MM/YY HH24:MI'), 928834, 95);
INSERT INTO SENSOR (SerialNumber, CityPlaced, SensorModel, MinimValue, MaximValue, Unit, SensorType) VALUES (25415, 'Νέα Ηράκλεια', 'RPIW-614', 732.0, 1061.9, 'hPa', 'Pressure');
INSERT INTO MEASUREMENT (DateTime, SensorID, MeasValue) VALUES (TO_DATE('10/05/18 13:45', 'DD/MM/YY HH24:MI'), 25415, 1005.0);
INSERT INTO SENSOR (SerialNumber, CityPlaced, SensorModel, MinimValue, MaximValue, Unit, SensorType) VALUES (10548, 'Νέα Ηράκλεια', 'EQUD-1639', 0.0, 25.9, 'km/h', 'Wind');
INSERT INTO MEASUREMENT (DateTime, SensorID, MeasValue) VALUES (TO_DATE('10/05/18 13:45', 'DD/MM/YY HH24:MI'), 10548, 0.7);
INSERT INTO SENSOR (SerialNumber, CityPlaced, SensorModel, MinimValue, MaximValue, Unit, SensorType) VALUES (649942, 'Ναύπλιο', 'IVIQO-501', -51.0, 62.9, '°C', 'Temperature');
INSERT INTO MEASUREMENT (DateTime, SensorID, MeasValue) VALUES (TO_DATE('10/05/18 13:45', 'DD/MM/YY HH24:MI'), 649942, 24.3);
INSERT INTO SENSOR (SerialNumber, CityPlaced, SensorModel, MinimValue, MaximValue, Unit, SensorType) VALUES (514446, 'Ναύπλιο', 'OFQOH-4751', 0, 100, '%', 'Humidity');
INSERT INTO MEASUREMENT (DateTime, SensorID, MeasValue) VALUES (TO_DATE('10/05/18 13:45', 'DD/MM/YY HH24:MI'), 514446, 38);
INSERT INTO SENSOR (SerialNumber, CityPlaced, SensorModel, MinimValue, MaximValue, Unit, SensorType) VALUES (90575, 'Ναύπλιο', 'BMYD-054', 721.0, 1078.9, 'hPa', 'Pressure');
INSERT INTO MEASUREMENT (DateTime, SensorID, MeasValue) VALUES (TO_DATE('10/05/18 13:45', 'DD/MM/YY HH24:MI'), 90575, 1005.4);
INSERT INTO SENSOR (SerialNumber, CityPlaced, SensorModel, MinimValue, MaximValue, Unit, SensorType) VALUES (90164, 'Ναύπλιο', 'FOEK-0263', 0.0, 20.9, 'km/h', 'Wind');
INSERT INTO MEASUREMENT (DateTime, SensorID, MeasValue) VALUES (TO_DATE('10/05/18 13:45', 'DD/MM/YY HH24:MI'), 90164, 3.9);
INSERT INTO SENSOR (SerialNumber, CityPlaced, SensorModel, MinimValue, MaximValue, Unit, SensorType) VALUES (653103, 'Νεοχώρι Φαλαισία Β. Ταΰγετος', 'KVAHE-187', -50.0, 76.9, '°C', 'Temperature');
INSERT INTO MEASUREMENT (DateTime, SensorID, MeasValue) VALUES (TO_DATE('10/05/18 13:45', 'DD/MM/YY HH24:MI'), 653103, 12.7);
INSERT INTO SENSOR (SerialNumber, CityPlaced, SensorModel, MinimValue, MaximValue, Unit, SensorType) VALUES (165032, 'Νεοχώρι Φαλαισία Β. Ταΰγετος', 'YKPYH-8950', 0, 100, '%', 'Humidity');
INSERT INTO MEASUREMENT (DateTime, SensorID, MeasValue) VALUES (TO_DATE('10/05/18 13:45', 'DD/MM/YY HH24:MI'), 165032, 79);
INSERT INTO SENSOR (SerialNumber, CityPlaced, SensorModel, MinimValue, MaximValue, Unit, SensorType) VALUES (17577, 'Νεοχώρι Φαλαισία Β. Ταΰγετος', 'DVIY-247', 741.0, 1090.9, 'hPa', 'Pressure');
INSERT INTO MEASUREMENT (DateTime, SensorID, MeasValue) VALUES (TO_DATE('10/05/18 13:45', 'DD/MM/YY HH24:MI'), 17577, 1006.3);
INSERT INTO SENSOR (SerialNumber, CityPlaced, SensorModel, MinimValue, MaximValue, Unit, SensorType) VALUES (57372, 'Νεοχώρι Φαλαισία Β. Ταΰγετος', 'ELMF-5100', 0.0, 22.9, 'km/h', 'Wind');
INSERT INTO MEASUREMENT (DateTime, SensorID, MeasValue) VALUES (TO_DATE('10/05/18 13:45', 'DD/MM/YY HH24:MI'), 57372, 1.6);
INSERT INTO SENSOR (SerialNumber, CityPlaced, SensorModel, MinimValue, MaximValue, Unit, SensorType) VALUES (692516, 'Ακράτα Συλιβαινιώτικα', 'KPWBC-262', -57.0, 69.9, '°C', 'Temperature');
INSERT INTO MEASUREMENT (DateTime, SensorID, MeasValue) VALUES (TO_DATE('10/05/18 13:45', 'DD/MM/YY HH24:MI'), 692516, 19.9);
INSERT INTO SENSOR (SerialNumber, CityPlaced, SensorModel, MinimValue, MaximValue, Unit, SensorType) VALUES (215087, 'Ακράτα Συλιβαινιώτικα', 'DIBXJ-7850', 0, 100, '%', 'Humidity');
INSERT INTO MEASUREMENT (DateTime, SensorID, MeasValue) VALUES (TO_DATE('10/05/18 13:45', 'DD/MM/YY HH24:MI'), 215087, 76);
INSERT INTO SENSOR (SerialNumber, CityPlaced, SensorModel, MinimValue, MaximValue, Unit, SensorType) VALUES (90670, 'Ακράτα Συλιβαινιώτικα', 'DPVU-647', 708.0, 1095.9, 'hPa', 'Pressure');
INSERT INTO MEASUREMENT (DateTime, SensorID, MeasValue) VALUES (TO_DATE('10/05/18 13:45', 'DD/MM/YY HH24:MI'), 90670, 1005.9);
INSERT INTO SENSOR (SerialNumber, CityPlaced, SensorModel, MinimValue, MaximValue, Unit, SensorType) VALUES (12770, 'Ακράτα Συλιβαινιώτικα', 'ZWQH-5282', 0.0, 24.9, 'km/h', 'Wind');
INSERT INTO MEASUREMENT (DateTime, SensorID, MeasValue) VALUES (TO_DATE('10/05/18 13:45', 'DD/MM/YY HH24:MI'), 12770, 11.5);
INSERT INTO SENSOR (SerialNumber, CityPlaced, SensorModel, MinimValue, MaximValue, Unit, SensorType) VALUES (258613, 'Κάτω Βλασία', 'NPUGZ-971', -59.0, 61.9, '°C', 'Temperature');
INSERT INTO MEASUREMENT (DateTime, SensorID, MeasValue) VALUES (TO_DATE('10/05/18 13:44', 'DD/MM/YY HH24:MI'), 258613, 15.9);
INSERT INTO SENSOR (SerialNumber, CityPlaced, SensorModel, MinimValue, MaximValue, Unit, SensorType) VALUES (320404, 'Κάτω Βλασία', 'AENRH-6948', 0, 100, '%', 'Humidity');
INSERT INTO MEASUREMENT (DateTime, SensorID, MeasValue) VALUES (TO_DATE('10/05/18 13:44', 'DD/MM/YY HH24:MI'), 320404, 77);
INSERT INTO SENSOR (SerialNumber, CityPlaced, SensorModel, MinimValue, MaximValue, Unit, SensorType) VALUES (82810, 'Κάτω Βλασία', 'QSWT-861', 739.0, 1051.9, 'hPa', 'Pressure');
INSERT INTO MEASUREMENT (DateTime, SensorID, MeasValue) VALUES (TO_DATE('10/05/18 13:44', 'DD/MM/YY HH24:MI'), 82810, 1007.6);
INSERT INTO SENSOR (SerialNumber, CityPlaced, SensorModel, MinimValue, MaximValue, Unit, SensorType) VALUES (63044, 'Κάτω Βλασία', 'CDOY-8210', 0.0, 25.9, 'km/h', 'Wind');
INSERT INTO MEASUREMENT (DateTime, SensorID, MeasValue) VALUES (TO_DATE('10/05/18 13:44', 'DD/MM/YY HH24:MI'), 63044, 0.3);
INSERT INTO SENSOR (SerialNumber, CityPlaced, SensorModel, MinimValue, MaximValue, Unit, SensorType) VALUES (591035, 'Πάτρα Αγιά', 'MBXNZ-734', -51.0, 78.9, '°C', 'Temperature');
INSERT INTO MEASUREMENT (DateTime, SensorID, MeasValue) VALUES (TO_DATE('10/05/18 13:45', 'DD/MM/YY HH24:MI'), 591035, 22.1);
INSERT INTO SENSOR (SerialNumber, CityPlaced, SensorModel, MinimValue, MaximValue, Unit, SensorType) VALUES (724895, 'Πάτρα Αγιά', 'XLYSM-2256', 0, 100, '%', 'Humidity');
INSERT INTO MEASUREMENT (DateTime, SensorID, MeasValue) VALUES (TO_DATE('10/05/18 13:45', 'DD/MM/YY HH24:MI'), 724895, 69);
INSERT INTO SENSOR (SerialNumber, CityPlaced, SensorModel, MinimValue, MaximValue, Unit, SensorType) VALUES (99531, 'Πάτρα Αγιά', 'FYUB-399', 730.0, 1091.9, 'hPa', 'Pressure');
INSERT INTO MEASUREMENT (DateTime, SensorID, MeasValue) VALUES (TO_DATE('10/05/18 13:45', 'DD/MM/YY HH24:MI'), 99531, 1007.3);
INSERT INTO SENSOR (SerialNumber, CityPlaced, SensorModel, MinimValue, MaximValue, Unit, SensorType) VALUES (52914, 'Πάτρα Αγιά', 'KSSH-3231', 0.0, 24.9, 'km/h', 'Wind');
INSERT INTO MEASUREMENT (DateTime, SensorID, MeasValue) VALUES (TO_DATE('10/05/18 13:45', 'DD/MM/YY HH24:MI'), 52914, 6.2);
INSERT INTO SENSOR (SerialNumber, CityPlaced, SensorModel, MinimValue, MaximValue, Unit, SensorType) VALUES (979029, 'Πάτρα Δροσιά', 'FYEOC-401', -56.0, 72.9, '°C', 'Temperature');
INSERT INTO MEASUREMENT (DateTime, SensorID, MeasValue) VALUES (TO_DATE('10/05/18 13:45', 'DD/MM/YY HH24:MI'), 979029, 21.5);
INSERT INTO SENSOR (SerialNumber, CityPlaced, SensorModel, MinimValue, MaximValue, Unit, SensorType) VALUES (545702, 'Πάτρα Δροσιά', 'PGABD-2672', 0, 100, '%', 'Humidity');
INSERT INTO MEASUREMENT (DateTime, SensorID, MeasValue) VALUES (TO_DATE('10/05/18 13:45', 'DD/MM/YY HH24:MI'), 545702, 65);
INSERT INTO SENSOR (SerialNumber, CityPlaced, SensorModel, MinimValue, MaximValue, Unit, SensorType) VALUES (65548, 'Πάτρα Δροσιά', 'SMNX-607', 704.0, 1057.9, 'hPa', 'Pressure');
INSERT INTO MEASUREMENT (DateTime, SensorID, MeasValue) VALUES (TO_DATE('10/05/18 13:45', 'DD/MM/YY HH24:MI'), 65548, 1007.2);
INSERT INTO SENSOR (SerialNumber, CityPlaced, SensorModel, MinimValue, MaximValue, Unit, SensorType) VALUES (32668, 'Πάτρα Δροσιά', 'JNJA-2744', 0.0, 24.9, 'km/h', 'Wind');
INSERT INTO MEASUREMENT (DateTime, SensorID, MeasValue) VALUES (TO_DATE('10/05/18 13:45', 'DD/MM/YY HH24:MI'), 32668, 4.0);
INSERT INTO SENSOR (SerialNumber, CityPlaced, SensorModel, MinimValue, MaximValue, Unit, SensorType) VALUES (533209, 'Πάτρα Κετχ', 'BRIXJ-960', -56.0, 61.9, '°C', 'Temperature');
INSERT INTO MEASUREMENT (DateTime, SensorID, MeasValue) VALUES (TO_DATE('10/05/18 13:45', 'DD/MM/YY HH24:MI'), 533209, 21.9);
INSERT INTO SENSOR (SerialNumber, CityPlaced, SensorModel, MinimValue, MaximValue, Unit, SensorType) VALUES (241899, 'Πάτρα Κετχ', 'FCOUG-8945', 0, 100, '%', 'Humidity');
INSERT INTO MEASUREMENT (DateTime, SensorID, MeasValue) VALUES (TO_DATE('10/05/18 13:45', 'DD/MM/YY HH24:MI'), 241899, 64);
INSERT INTO SENSOR (SerialNumber, CityPlaced, SensorModel, MinimValue, MaximValue, Unit, SensorType) VALUES (68515, 'Πάτρα Κετχ', 'SNXE-901', 740.0, 1073.9, 'hPa', 'Pressure');
INSERT INTO MEASUREMENT (DateTime, SensorID, MeasValue) VALUES (TO_DATE('10/05/18 13:45', 'DD/MM/YY HH24:MI'), 68515, 1007.2);
INSERT INTO SENSOR (SerialNumber, CityPlaced, SensorModel, MinimValue, MaximValue, Unit, SensorType) VALUES (10999, 'Πάτρα Κετχ', 'MORI-7818', 0.0, 21.9, 'km/h', 'Wind');
INSERT INTO MEASUREMENT (DateTime, SensorID, MeasValue) VALUES (TO_DATE('10/05/18 13:45', 'DD/MM/YY HH24:MI'), 10999, 3.9);
INSERT INTO SENSOR (SerialNumber, CityPlaced, SensorModel, MinimValue, MaximValue, Unit, SensorType) VALUES (943261, 'Ρίο Καστελόκαμπος', 'JUVJR-335', -50.0, 73.9, '°C', 'Temperature');
INSERT INTO MEASUREMENT (DateTime, SensorID, MeasValue) VALUES (TO_DATE('10/05/18 13:45', 'DD/MM/YY HH24:MI'), 943261, 22.7);
INSERT INTO SENSOR (SerialNumber, CityPlaced, SensorModel, MinimValue, MaximValue, Unit, SensorType) VALUES (772623, 'Ρίο Καστελόκαμπος', 'HIVZL-4798', 0, 100, '%', 'Humidity');
INSERT INTO MEASUREMENT (DateTime, SensorID, MeasValue) VALUES (TO_DATE('10/05/18 13:45', 'DD/MM/YY HH24:MI'), 772623, 63);
INSERT INTO SENSOR (SerialNumber, CityPlaced, SensorModel, MinimValue, MaximValue, Unit, SensorType) VALUES (31526, 'Ρίο Καστελόκαμπος', 'GJSF-836', 747.0, 1067.9, 'hPa', 'Pressure');
INSERT INTO MEASUREMENT (DateTime, SensorID, MeasValue) VALUES (TO_DATE('10/05/18 13:45', 'DD/MM/YY HH24:MI'), 31526, 1008.1);
INSERT INTO SENSOR (SerialNumber, CityPlaced, SensorModel, MinimValue, MaximValue, Unit, SensorType) VALUES (28494, 'Ρίο Καστελόκαμπος', 'ZUYT-5442', 0.0, 23.9, 'km/h', 'Wind');
INSERT INTO MEASUREMENT (DateTime, SensorID, MeasValue) VALUES (TO_DATE('10/05/18 13:45', 'DD/MM/YY HH24:MI'), 28494, 7.5);
INSERT INTO SENSOR (SerialNumber, CityPlaced, SensorModel, MinimValue, MaximValue, Unit, SensorType) VALUES (892509, 'Καπελέτο Βάρδας', 'LGTNI-624', -53.0, 71.9, '°C', 'Temperature');
INSERT INTO MEASUREMENT (DateTime, SensorID, MeasValue) VALUES (TO_DATE('10/05/18 13:45', 'DD/MM/YY HH24:MI'), 892509, 22.6);
INSERT INTO SENSOR (SerialNumber, CityPlaced, SensorModel, MinimValue, MaximValue, Unit, SensorType) VALUES (797199, 'Καπελέτο Βάρδας', 'TXJCF-4033', 0, 100, '%', 'Humidity');
INSERT INTO MEASUREMENT (DateTime, SensorID, MeasValue) VALUES (TO_DATE('10/05/18 13:45', 'DD/MM/YY HH24:MI'), 797199, 65);
INSERT INTO SENSOR (SerialNumber, CityPlaced, SensorModel, MinimValue, MaximValue, Unit, SensorType) VALUES (89150, 'Καπελέτο Βάρδας', 'JGEM-026', 749.0, 1072.9, 'hPa', 'Pressure');
INSERT INTO MEASUREMENT (DateTime, SensorID, MeasValue) VALUES (TO_DATE('10/05/18 13:45', 'DD/MM/YY HH24:MI'), 89150, 1006.7);
INSERT INTO SENSOR (SerialNumber, CityPlaced, SensorModel, MinimValue, MaximValue, Unit, SensorType) VALUES (23399, 'Καπελέτο Βάρδας', 'RZYI-0188', 0.0, 25.9, 'km/h', 'Wind');
INSERT INTO MEASUREMENT (DateTime, SensorID, MeasValue) VALUES (TO_DATE('10/05/18 13:45', 'DD/MM/YY HH24:MI'), 23399, 5.1);
INSERT INTO SENSOR (SerialNumber, CityPlaced, SensorModel, MinimValue, MaximValue, Unit, SensorType) VALUES (498852, 'Πύργος Νεάπολη', 'BIYIM-125', -58.0, 62.9, '°C', 'Temperature');
INSERT INTO MEASUREMENT (DateTime, SensorID, MeasValue) VALUES (TO_DATE('10/05/18 13:48', 'DD/MM/YY HH24:MI'), 498852, 22.5);
INSERT INTO SENSOR (SerialNumber, CityPlaced, SensorModel, MinimValue, MaximValue, Unit, SensorType) VALUES (155603, 'Πύργος Νεάπολη', 'XXFRQ-7976', 0, 100, '%', 'Humidity');
INSERT INTO MEASUREMENT (DateTime, SensorID, MeasValue) VALUES (TO_DATE('10/05/18 13:48', 'DD/MM/YY HH24:MI'), 155603, 64);
INSERT INTO SENSOR (SerialNumber, CityPlaced, SensorModel, MinimValue, MaximValue, Unit, SensorType) VALUES (50390, 'Πύργος Νεάπολη', 'UYDV-906', 709.0, 1054.9, 'hPa', 'Pressure');
INSERT INTO MEASUREMENT (DateTime, SensorID, MeasValue) VALUES (TO_DATE('10/05/18 13:48', 'DD/MM/YY HH24:MI'), 50390, 1007.5);
INSERT INTO SENSOR (SerialNumber, CityPlaced, SensorModel, MinimValue, MaximValue, Unit, SensorType) VALUES (62426, 'Πύργος Νεάπολη', 'CHQK-4088', 0.0, 24.9, 'km/h', 'Wind');
INSERT INTO MEASUREMENT (DateTime, SensorID, MeasValue) VALUES (TO_DATE('10/05/18 13:48', 'DD/MM/YY HH24:MI'), 62426, 1.5);
INSERT INTO SENSOR (SerialNumber, CityPlaced, SensorModel, MinimValue, MaximValue, Unit, SensorType) VALUES (976854, 'Πύργος', 'VGHEC-177', -51.0, 65.9, '°C', 'Temperature');
INSERT INTO MEASUREMENT (DateTime, SensorID, MeasValue) VALUES (TO_DATE('10/05/18 13:46', 'DD/MM/YY HH24:MI'), 976854, 21.9);
INSERT INTO SENSOR (SerialNumber, CityPlaced, SensorModel, MinimValue, MaximValue, Unit, SensorType) VALUES (477738, 'Πύργος', 'JHVGL-5455', 0, 100, '%', 'Humidity');
INSERT INTO MEASUREMENT (DateTime, SensorID, MeasValue) VALUES (TO_DATE('10/05/18 13:46', 'DD/MM/YY HH24:MI'), 477738, 65);
INSERT INTO SENSOR (SerialNumber, CityPlaced, SensorModel, MinimValue, MaximValue, Unit, SensorType) VALUES (85472, 'Πύργος', 'JTIT-977', 712.0, 1056.9, 'hPa', 'Pressure');
INSERT INTO MEASUREMENT (DateTime, SensorID, MeasValue) VALUES (TO_DATE('10/05/18 13:46', 'DD/MM/YY HH24:MI'), 85472, 1006.9);
INSERT INTO SENSOR (SerialNumber, CityPlaced, SensorModel, MinimValue, MaximValue, Unit, SensorType) VALUES (46266, 'Πύργος', 'SSBB-0859', 0.0, 20.9, 'km/h', 'Wind');
INSERT INTO MEASUREMENT (DateTime, SensorID, MeasValue) VALUES (TO_DATE('10/05/18 13:46', 'DD/MM/YY HH24:MI'), 46266, 5.6);
INSERT INTO SENSOR (SerialNumber, CityPlaced, SensorModel, MinimValue, MaximValue, Unit, SensorType) VALUES (163638, 'Δερβένι', 'SXAPS-596', -54.0, 76.9, '°C', 'Temperature');
INSERT INTO MEASUREMENT (DateTime, SensorID, MeasValue) VALUES (TO_DATE('10/05/18 13:35', 'DD/MM/YY HH24:MI'), 163638, 20.0);
INSERT INTO SENSOR (SerialNumber, CityPlaced, SensorModel, MinimValue, MaximValue, Unit, SensorType) VALUES (549214, 'Δερβένι', 'WRFNX-0072', 0, 100, '%', 'Humidity');
INSERT INTO MEASUREMENT (DateTime, SensorID, MeasValue) VALUES (TO_DATE('10/05/18 13:35', 'DD/MM/YY HH24:MI'), 549214, 78);
INSERT INTO SENSOR (SerialNumber, CityPlaced, SensorModel, MinimValue, MaximValue, Unit, SensorType) VALUES (64134, 'Δερβένι', 'PKUP-904', 725.0, 1079.9, 'hPa', 'Pressure');
INSERT INTO MEASUREMENT (DateTime, SensorID, MeasValue) VALUES (TO_DATE('10/05/18 13:35', 'DD/MM/YY HH24:MI'), 64134, 1005.2);
INSERT INTO SENSOR (SerialNumber, CityPlaced, SensorModel, MinimValue, MaximValue, Unit, SensorType) VALUES (59173, 'Δερβένι', 'HXGP-3673', 0.0, 21.9, 'km/h', 'Wind');
INSERT INTO MEASUREMENT (DateTime, SensorID, MeasValue) VALUES (TO_DATE('10/05/18 13:35', 'DD/MM/YY HH24:MI'), 59173, 3.5);
INSERT INTO SENSOR (SerialNumber, CityPlaced, SensorModel, MinimValue, MaximValue, Unit, SensorType) VALUES (591199, 'Καίσαρι - Ζήρια', 'LSDSN-877', -55.0, 60.9, '°C', 'Temperature');
INSERT INTO MEASUREMENT (DateTime, SensorID, MeasValue) VALUES (TO_DATE('10/05/18 13:48', 'DD/MM/YY HH24:MI'), 591199, 20.1);
INSERT INTO SENSOR (SerialNumber, CityPlaced, SensorModel, MinimValue, MaximValue, Unit, SensorType) VALUES (828549, 'Καίσαρι - Ζήρια', 'KQFVA-7203', 0, 100, '%', 'Humidity');
INSERT INTO MEASUREMENT (DateTime, SensorID, MeasValue) VALUES (TO_DATE('10/05/18 13:48', 'DD/MM/YY HH24:MI'), 828549, 39);
INSERT INTO SENSOR (SerialNumber, CityPlaced, SensorModel, MinimValue, MaximValue, Unit, SensorType) VALUES (92498, 'Καίσαρι - Ζήρια', 'NRAQ-993', 736.0, 1091.9, 'hPa', 'Pressure');
INSERT INTO MEASUREMENT (DateTime, SensorID, MeasValue) VALUES (TO_DATE('10/05/18 13:48', 'DD/MM/YY HH24:MI'), 92498, 1008.4);
INSERT INTO SENSOR (SerialNumber, CityPlaced, SensorModel, MinimValue, MaximValue, Unit, SensorType) VALUES (89092, 'Καίσαρι - Ζήρια', 'MLZQ-0587', 0.0, 21.9, 'km/h', 'Wind');
INSERT INTO MEASUREMENT (DateTime, SensorID, MeasValue) VALUES (TO_DATE('10/05/18 13:48', 'DD/MM/YY HH24:MI'), 89092, 3.3);
INSERT INTO SENSOR (SerialNumber, CityPlaced, SensorModel, MinimValue, MaximValue, Unit, SensorType) VALUES (984678, 'Κόρινθος', 'TPBTI-147', -56.0, 63.9, '°C', 'Temperature');
INSERT INTO MEASUREMENT (DateTime, SensorID, MeasValue) VALUES (TO_DATE('10/05/18 13:47', 'DD/MM/YY HH24:MI'), 984678, 23.1);
INSERT INTO SENSOR (SerialNumber, CityPlaced, SensorModel, MinimValue, MaximValue, Unit, SensorType) VALUES (122027, 'Κόρινθος', 'YIMHO-9725', 0, 100, '%', 'Humidity');
INSERT INTO MEASUREMENT (DateTime, SensorID, MeasValue) VALUES (TO_DATE('10/05/18 13:47', 'DD/MM/YY HH24:MI'), 122027, 69);
INSERT INTO SENSOR (SerialNumber, CityPlaced, SensorModel, MinimValue, MaximValue, Unit, SensorType) VALUES (45167, 'Κόρινθος', 'BUWZ-678', 742.0, 1067.9, 'hPa', 'Pressure');
INSERT INTO MEASUREMENT (DateTime, SensorID, MeasValue) VALUES (TO_DATE('10/05/18 13:47', 'DD/MM/YY HH24:MI'), 45167, 1003.4);
INSERT INTO SENSOR (SerialNumber, CityPlaced, SensorModel, MinimValue, MaximValue, Unit, SensorType) VALUES (43542, 'Κόρινθος', 'YCJK-4463', 0.0, 20.9, 'km/h', 'Wind');
INSERT INTO MEASUREMENT (DateTime, SensorID, MeasValue) VALUES (TO_DATE('10/05/18 13:47', 'DD/MM/YY HH24:MI'), 43542, 0.0);
INSERT INTO SENSOR (SerialNumber, CityPlaced, SensorModel, MinimValue, MaximValue, Unit, SensorType) VALUES (104817, 'Λαλιώτη', 'INBCB-328', -51.0, 73.9, '°C', 'Temperature');
INSERT INTO MEASUREMENT (DateTime, SensorID, MeasValue) VALUES (TO_DATE('10/05/18 13:48', 'DD/MM/YY HH24:MI'), 104817, 21.3);
INSERT INTO SENSOR (SerialNumber, CityPlaced, SensorModel, MinimValue, MaximValue, Unit, SensorType) VALUES (274467, 'Λαλιώτη', 'QJACM-2771', 0, 100, '%', 'Humidity');
INSERT INTO MEASUREMENT (DateTime, SensorID, MeasValue) VALUES (TO_DATE('10/05/18 13:48', 'DD/MM/YY HH24:MI'), 274467, 64);
INSERT INTO SENSOR (SerialNumber, CityPlaced, SensorModel, MinimValue, MaximValue, Unit, SensorType) VALUES (59782, 'Λαλιώτη', 'ICNX-234', 743.0, 1066.9, 'hPa', 'Pressure');
INSERT INTO MEASUREMENT (DateTime, SensorID, MeasValue) VALUES (TO_DATE('10/05/18 13:48', 'DD/MM/YY HH24:MI'), 59782, 1005.3);
INSERT INTO SENSOR (SerialNumber, CityPlaced, SensorModel, MinimValue, MaximValue, Unit, SensorType) VALUES (86058, 'Λαλιώτη', 'UBDS-0751', 0.0, 21.9, 'km/h', 'Wind');
INSERT INTO MEASUREMENT (DateTime, SensorID, MeasValue) VALUES (TO_DATE('10/05/18 13:48', 'DD/MM/YY HH24:MI'), 86058, 8.7);
INSERT INTO SENSOR (SerialNumber, CityPlaced, SensorModel, MinimValue, MaximValue, Unit, SensorType) VALUES (948536, 'Συκιά', 'RTCPW-297', -52.0, 66.9, '°C', 'Temperature');
INSERT INTO MEASUREMENT (DateTime, SensorID, MeasValue) VALUES (TO_DATE('10/05/18 13:45', 'DD/MM/YY HH24:MI'), 948536, 21.3);
INSERT INTO SENSOR (SerialNumber, CityPlaced, SensorModel, MinimValue, MaximValue, Unit, SensorType) VALUES (973468, 'Συκιά', 'IBSOK-5974', 0, 100, '%', 'Humidity');
INSERT INTO MEASUREMENT (DateTime, SensorID, MeasValue) VALUES (TO_DATE('10/05/18 13:45', 'DD/MM/YY HH24:MI'), 973468, 71);
INSERT INTO SENSOR (SerialNumber, CityPlaced, SensorModel, MinimValue, MaximValue, Unit, SensorType) VALUES (36932, 'Συκιά', 'PJHO-643', 721.0, 1071.9, 'hPa', 'Pressure');
INSERT INTO MEASUREMENT (DateTime, SensorID, MeasValue) VALUES (TO_DATE('10/05/18 13:45', 'DD/MM/YY HH24:MI'), 36932, 1005.0);
INSERT INTO SENSOR (SerialNumber, CityPlaced, SensorModel, MinimValue, MaximValue, Unit, SensorType) VALUES (18937, 'Συκιά', 'NDIO-6431', 0.0, 25.9, 'km/h', 'Wind');
INSERT INTO MEASUREMENT (DateTime, SensorID, MeasValue) VALUES (TO_DATE('10/05/18 13:45', 'DD/MM/YY HH24:MI'), 18937, 11.8);
INSERT INTO SENSOR (SerialNumber, CityPlaced, SensorModel, MinimValue, MaximValue, Unit, SensorType) VALUES (226211, 'Βελανιδιά Κρεμμύδια', 'BFYCM-685', -55.0, 67.9, '°C', 'Temperature');
INSERT INTO MEASUREMENT (DateTime, SensorID, MeasValue) VALUES (TO_DATE('10/05/18 13:44', 'DD/MM/YY HH24:MI'), 226211, 21.2);
INSERT INTO SENSOR (SerialNumber, CityPlaced, SensorModel, MinimValue, MaximValue, Unit, SensorType) VALUES (597245, 'Βελανιδιά Κρεμμύδια', 'OQSPC-3631', 0, 100, '%', 'Humidity');
INSERT INTO MEASUREMENT (DateTime, SensorID, MeasValue) VALUES (TO_DATE('10/05/18 13:44', 'DD/MM/YY HH24:MI'), 597245, 72);
INSERT INTO SENSOR (SerialNumber, CityPlaced, SensorModel, MinimValue, MaximValue, Unit, SensorType) VALUES (28935, 'Βελανιδιά Κρεμμύδια', 'YEOL-534', 717.0, 1069.9, 'hPa', 'Pressure');
INSERT INTO MEASUREMENT (DateTime, SensorID, MeasValue) VALUES (TO_DATE('10/05/18 13:44', 'DD/MM/YY HH24:MI'), 28935, 1004.8);
INSERT INTO SENSOR (SerialNumber, CityPlaced, SensorModel, MinimValue, MaximValue, Unit, SensorType) VALUES (96426, 'Βελανιδιά Κρεμμύδια', 'PCSV-2221', 0.0, 21.9, 'km/h', 'Wind');
INSERT INTO MEASUREMENT (DateTime, SensorID, MeasValue) VALUES (TO_DATE('10/05/18 13:44', 'DD/MM/YY HH24:MI'), 96426, 5.1);
INSERT INTO SENSOR (SerialNumber, CityPlaced, SensorModel, MinimValue, MaximValue, Unit, SensorType) VALUES (687342, 'Καλαμάτα Κέντρο', 'ZRIZE-826', -60.0, 77.9, '°C', 'Temperature');
INSERT INTO MEASUREMENT (DateTime, SensorID, MeasValue) VALUES (TO_DATE('10/05/18 13:41', 'DD/MM/YY HH24:MI'), 687342, 22.3);
INSERT INTO SENSOR (SerialNumber, CityPlaced, SensorModel, MinimValue, MaximValue, Unit, SensorType) VALUES (854225, 'Καλαμάτα Κέντρο', 'XFLFI-6621', 0, 100, '%', 'Humidity');
INSERT INTO MEASUREMENT (DateTime, SensorID, MeasValue) VALUES (TO_DATE('10/05/18 13:41', 'DD/MM/YY HH24:MI'), 854225, 62);
INSERT INTO SENSOR (SerialNumber, CityPlaced, SensorModel, MinimValue, MaximValue, Unit, SensorType) VALUES (95596, 'Καλαμάτα Κέντρο', 'ILMP-905', 703.0, 1087.9, 'hPa', 'Pressure');
INSERT INTO MEASUREMENT (DateTime, SensorID, MeasValue) VALUES (TO_DATE('10/05/18 13:41', 'DD/MM/YY HH24:MI'), 95596, 1005.8);
INSERT INTO SENSOR (SerialNumber, CityPlaced, SensorModel, MinimValue, MaximValue, Unit, SensorType) VALUES (81116, 'Καλαμάτα Κέντρο', 'TQQT-1430', 0.0, 24.9, 'km/h', 'Wind');
INSERT INTO MEASUREMENT (DateTime, SensorID, MeasValue) VALUES (TO_DATE('10/05/18 13:41', 'DD/MM/YY HH24:MI'), 81116, 7.8);
INSERT INTO SENSOR (SerialNumber, CityPlaced, SensorModel, MinimValue, MaximValue, Unit, SensorType) VALUES (253459, 'Καλαμάτα Νησάκι', 'LOOIJ-915', -58.0, 70.9, '°C', 'Temperature');
INSERT INTO MEASUREMENT (DateTime, SensorID, MeasValue) VALUES (TO_DATE('10/05/18 13:45', 'DD/MM/YY HH24:MI'), 253459, 20.4);
INSERT INTO SENSOR (SerialNumber, CityPlaced, SensorModel, MinimValue, MaximValue, Unit, SensorType) VALUES (757981, 'Καλαμάτα Νησάκι', 'FOQMS-5510', 0, 100, '%', 'Humidity');
INSERT INTO MEASUREMENT (DateTime, SensorID, MeasValue) VALUES (TO_DATE('10/05/18 13:45', 'DD/MM/YY HH24:MI'), 757981, 59);
INSERT INTO SENSOR (SerialNumber, CityPlaced, SensorModel, MinimValue, MaximValue, Unit, SensorType) VALUES (11975, 'Καλαμάτα Νησάκι', 'QVBG-143', 707.0, 1070.9, 'hPa', 'Pressure');
INSERT INTO MEASUREMENT (DateTime, SensorID, MeasValue) VALUES (TO_DATE('10/05/18 13:45', 'DD/MM/YY HH24:MI'), 11975, 1005.1);
INSERT INTO SENSOR (SerialNumber, CityPlaced, SensorModel, MinimValue, MaximValue, Unit, SensorType) VALUES (68397, 'Καλαμάτα Νησάκι', 'CTZX-9508', 0.0, 21.9, 'km/h', 'Wind');
INSERT INTO MEASUREMENT (DateTime, SensorID, MeasValue) VALUES (TO_DATE('10/05/18 13:45', 'DD/MM/YY HH24:MI'), 68397, 9.9);
INSERT INTO SENSOR (SerialNumber, CityPlaced, SensorModel, MinimValue, MaximValue, Unit, SensorType) VALUES (396431, 'Κορομηλιά', 'OAYOA-561', -55.0, 60.9, '°C', 'Temperature');
INSERT INTO MEASUREMENT (DateTime, SensorID, MeasValue) VALUES (TO_DATE('10/05/18 13:45', 'DD/MM/YY HH24:MI'), 396431, 20.9);
INSERT INTO SENSOR (SerialNumber, CityPlaced, SensorModel, MinimValue, MaximValue, Unit, SensorType) VALUES (263853, 'Κορομηλιά', 'ITKBP-6206', 0, 100, '%', 'Humidity');
INSERT INTO MEASUREMENT (DateTime, SensorID, MeasValue) VALUES (TO_DATE('10/05/18 13:45', 'DD/MM/YY HH24:MI'), 263853, 64);
INSERT INTO SENSOR (SerialNumber, CityPlaced, SensorModel, MinimValue, MaximValue, Unit, SensorType) VALUES (38945, 'Κορομηλιά', 'SZHQ-793', 720.0, 1069.9, 'hPa', 'Pressure');
INSERT INTO MEASUREMENT (DateTime, SensorID, MeasValue) VALUES (TO_DATE('10/05/18 13:45', 'DD/MM/YY HH24:MI'), 38945, 1007.2);
INSERT INTO SENSOR (SerialNumber, CityPlaced, SensorModel, MinimValue, MaximValue, Unit, SensorType) VALUES (89149, 'Κορομηλιά', 'TBWK-8049', 0.0, 20.9, 'km/h', 'Wind');
INSERT INTO MEASUREMENT (DateTime, SensorID, MeasValue) VALUES (TO_DATE('10/05/18 13:45', 'DD/MM/YY HH24:MI'), 89149, 3.2);
INSERT INTO SENSOR (SerialNumber, CityPlaced, SensorModel, MinimValue, MaximValue, Unit, SensorType) VALUES (382049, 'Μάνεσης', 'PPMLA-411', -56.0, 68.9, '°C', 'Temperature');
INSERT INTO MEASUREMENT (DateTime, SensorID, MeasValue) VALUES (TO_DATE('10/05/18 13:40', 'DD/MM/YY HH24:MI'), 382049, 21.7);
INSERT INTO SENSOR (SerialNumber, CityPlaced, SensorModel, MinimValue, MaximValue, Unit, SensorType) VALUES (986341, 'Μάνεσης', 'PYROD-7521', 0, 100, '%', 'Humidity');
INSERT INTO MEASUREMENT (DateTime, SensorID, MeasValue) VALUES (TO_DATE('10/05/18 13:40', 'DD/MM/YY HH24:MI'), 986341, 62);
INSERT INTO SENSOR (SerialNumber, CityPlaced, SensorModel, MinimValue, MaximValue, Unit, SensorType) VALUES (78658, 'Μάνεσης', 'EALM-992', 738.0, 1097.9, 'hPa', 'Pressure');
INSERT INTO MEASUREMENT (DateTime, SensorID, MeasValue) VALUES (TO_DATE('10/05/18 13:40', 'DD/MM/YY HH24:MI'), 78658, 1006.9);
INSERT INTO SENSOR (SerialNumber, CityPlaced, SensorModel, MinimValue, MaximValue, Unit, SensorType) VALUES (64840, 'Μάνεσης', 'RIVR-3143', 0.0, 25.9, 'km/h', 'Wind');
INSERT INTO MEASUREMENT (DateTime, SensorID, MeasValue) VALUES (TO_DATE('10/05/18 13:40', 'DD/MM/YY HH24:MI'), 64840, 8.9);
INSERT INTO SENSOR (SerialNumber, CityPlaced, SensorModel, MinimValue, MaximValue, Unit, SensorType) VALUES (650307, 'Νέδουσα Ταϋγέτου', 'MQCRT-755', -57.0, 80.9, '°C', 'Temperature');
INSERT INTO MEASUREMENT (DateTime, SensorID, MeasValue) VALUES (TO_DATE('10/05/18 13:44', 'DD/MM/YY HH24:MI'), 650307, 17.4);
INSERT INTO SENSOR (SerialNumber, CityPlaced, SensorModel, MinimValue, MaximValue, Unit, SensorType) VALUES (517133, 'Νέδουσα Ταϋγέτου', 'QLFMC-7391', 0, 100, '%', 'Humidity');
INSERT INTO MEASUREMENT (DateTime, SensorID, MeasValue) VALUES (TO_DATE('10/05/18 13:44', 'DD/MM/YY HH24:MI'), 517133, 64);
INSERT INTO SENSOR (SerialNumber, CityPlaced, SensorModel, MinimValue, MaximValue, Unit, SensorType) VALUES (83784, 'Νέδουσα Ταϋγέτου', 'OYUS-870', 746.0, 1089.9, 'hPa', 'Pressure');
INSERT INTO MEASUREMENT (DateTime, SensorID, MeasValue) VALUES (TO_DATE('10/05/18 13:44', 'DD/MM/YY HH24:MI'), 83784, 1008.0);
INSERT INTO SENSOR (SerialNumber, CityPlaced, SensorModel, MinimValue, MaximValue, Unit, SensorType) VALUES (47136, 'Νέδουσα Ταϋγέτου', 'VTZI-2222', 0.0, 24.9, 'km/h', 'Wind');
INSERT INTO MEASUREMENT (DateTime, SensorID, MeasValue) VALUES (TO_DATE('10/05/18 13:44', 'DD/MM/YY HH24:MI'), 47136, 4.3);
INSERT INTO SENSOR (SerialNumber, CityPlaced, SensorModel, MinimValue, MaximValue, Unit, SensorType) VALUES (827812, 'Φοινικούντα', 'CDXTK-332', -57.0, 74.9, '°C', 'Temperature');
INSERT INTO MEASUREMENT (DateTime, SensorID, MeasValue) VALUES (TO_DATE('10/05/18 13:48', 'DD/MM/YY HH24:MI'), 827812, 22.7);
INSERT INTO SENSOR (SerialNumber, CityPlaced, SensorModel, MinimValue, MaximValue, Unit, SensorType) VALUES (751273, 'Φοινικούντα', 'BNFJC-4448', 0, 100, '%', 'Humidity');
INSERT INTO MEASUREMENT (DateTime, SensorID, MeasValue) VALUES (TO_DATE('10/05/18 13:48', 'DD/MM/YY HH24:MI'), 751273, 64);
INSERT INTO SENSOR (SerialNumber, CityPlaced, SensorModel, MinimValue, MaximValue, Unit, SensorType) VALUES (20300, 'Φοινικούντα', 'BYQN-047', 726.0, 1091.9, 'hPa', 'Pressure');
INSERT INTO MEASUREMENT (DateTime, SensorID, MeasValue) VALUES (TO_DATE('10/05/18 13:48', 'DD/MM/YY HH24:MI'), 20300, 1008.3);
INSERT INTO SENSOR (SerialNumber, CityPlaced, SensorModel, MinimValue, MaximValue, Unit, SensorType) VALUES (26029, 'Φοινικούντα', 'QKWX-5538', 0.0, 22.9, 'km/h', 'Wind');
INSERT INTO MEASUREMENT (DateTime, SensorID, MeasValue) VALUES (TO_DATE('10/05/18 13:48', 'DD/MM/YY HH24:MI'), 26029, 8.8);
INSERT INTO SENSOR (SerialNumber, CityPlaced, SensorModel, MinimValue, MaximValue, Unit, SensorType) VALUES (555491, 'Αμφιλοχία', 'YJEZB-658', -55.0, 63.9, '°C', 'Temperature');
INSERT INTO MEASUREMENT (DateTime, SensorID, MeasValue) VALUES (TO_DATE('10/05/18 13:44', 'DD/MM/YY HH24:MI'), 555491, 23.7);
INSERT INTO SENSOR (SerialNumber, CityPlaced, SensorModel, MinimValue, MaximValue, Unit, SensorType) VALUES (107438, 'Αμφιλοχία', 'IZWPM-8707', 0, 100, '%', 'Humidity');
INSERT INTO MEASUREMENT (DateTime, SensorID, MeasValue) VALUES (TO_DATE('10/05/18 13:44', 'DD/MM/YY HH24:MI'), 107438, 65);
INSERT INTO SENSOR (SerialNumber, CityPlaced, SensorModel, MinimValue, MaximValue, Unit, SensorType) VALUES (26734, 'Αμφιλοχία', 'OIRL-854', 729.0, 1063.9, 'hPa', 'Pressure');
INSERT INTO MEASUREMENT (DateTime, SensorID, MeasValue) VALUES (TO_DATE('10/05/18 13:44', 'DD/MM/YY HH24:MI'), 26734, 1006.9);
INSERT INTO SENSOR (SerialNumber, CityPlaced, SensorModel, MinimValue, MaximValue, Unit, SensorType) VALUES (78312, 'Αμφιλοχία', 'HVJX-4154', 0.0, 21.9, 'km/h', 'Wind');
INSERT INTO MEASUREMENT (DateTime, SensorID, MeasValue) VALUES (TO_DATE('10/05/18 13:44', 'DD/MM/YY HH24:MI'), 78312, 11.0);
INSERT INTO SENSOR (SerialNumber, CityPlaced, SensorModel, MinimValue, MaximValue, Unit, SensorType) VALUES (144568, 'Ναύπακτος', 'RDNMB-163', -52.0, 67.9, '°C', 'Temperature');
INSERT INTO MEASUREMENT (DateTime, SensorID, MeasValue) VALUES (TO_DATE('10/05/18 13:39', 'DD/MM/YY HH24:MI'), 144568, 21.7);
INSERT INTO SENSOR (SerialNumber, CityPlaced, SensorModel, MinimValue, MaximValue, Unit, SensorType) VALUES (642424, 'Ναύπακτος', 'DLUYK-4811', 0, 100, '%', 'Humidity');
INSERT INTO MEASUREMENT (DateTime, SensorID, MeasValue) VALUES (TO_DATE('10/05/18 13:39', 'DD/MM/YY HH24:MI'), 642424, 76);
INSERT INTO SENSOR (SerialNumber, CityPlaced, SensorModel, MinimValue, MaximValue, Unit, SensorType) VALUES (16527, 'Ναύπακτος', 'FUWX-559', 721.0, 1055.9, 'hPa', 'Pressure');
INSERT INTO MEASUREMENT (DateTime, SensorID, MeasValue) VALUES (TO_DATE('10/05/18 13:39', 'DD/MM/YY HH24:MI'), 16527, 1006.5);
INSERT INTO SENSOR (SerialNumber, CityPlaced, SensorModel, MinimValue, MaximValue, Unit, SensorType) VALUES (87217, 'Ναύπακτος', 'ALOS-7092', 0.0, 20.9, 'km/h', 'Wind');
INSERT INTO MEASUREMENT (DateTime, SensorID, MeasValue) VALUES (TO_DATE('10/05/18 13:39', 'DD/MM/YY HH24:MI'), 87217, 21.5);
INSERT INTO SENSOR (SerialNumber, CityPlaced, SensorModel, MinimValue, MaximValue, Unit, SensorType) VALUES (364527, 'Παναιτώλιο', 'DCWUE-901', -51.0, 72.9, '°C', 'Temperature');
INSERT INTO MEASUREMENT (DateTime, SensorID, MeasValue) VALUES (TO_DATE('10/05/18 13:45', 'DD/MM/YY HH24:MI'), 364527, 22.1);
INSERT INTO SENSOR (SerialNumber, CityPlaced, SensorModel, MinimValue, MaximValue, Unit, SensorType) VALUES (372811, 'Παναιτώλιο', 'VAGXX-4764', 0, 100, '%', 'Humidity');
INSERT INTO MEASUREMENT (DateTime, SensorID, MeasValue) VALUES (TO_DATE('10/05/18 13:45', 'DD/MM/YY HH24:MI'), 372811, 65);
INSERT INTO SENSOR (SerialNumber, CityPlaced, SensorModel, MinimValue, MaximValue, Unit, SensorType) VALUES (81972, 'Παναιτώλιο', 'ONHL-573', 712.0, 1050.9, 'hPa', 'Pressure');
INSERT INTO MEASUREMENT (DateTime, SensorID, MeasValue) VALUES (TO_DATE('10/05/18 13:45', 'DD/MM/YY HH24:MI'), 81972, 1005.4);
INSERT INTO MEASUREMENT (DateTime, SensorID, MeasValue) VALUES (TO_DATE('10/05/18 13:45', 'DD/MM/YY HH24:MI'), 16562, 11.3);
INSERT INTO SENSOR (SerialNumber, CityPlaced, SensorModel, MinimValue, MaximValue, Unit, SensorType) VALUES (490754, 'Άγιος Δημήτριος', 'CIMDH-329', -52.0, 65.9, '°C', 'Temperature');
INSERT INTO MEASUREMENT (DateTime, SensorID, MeasValue) VALUES (TO_DATE('10/05/18 13:48', 'DD/MM/YY HH24:MI'), 490754, 23.0);
INSERT INTO SENSOR (SerialNumber, CityPlaced, SensorModel, MinimValue, MaximValue, Unit, SensorType) VALUES (525883, 'Άγιος Δημήτριος', 'EUQHW-8619', 0, 100, '%', 'Humidity');
INSERT INTO MEASUREMENT (DateTime, SensorID, MeasValue) VALUES (TO_DATE('10/05/18 13:48', 'DD/MM/YY HH24:MI'), 525883, 62);
INSERT INTO SENSOR (SerialNumber, CityPlaced, SensorModel, MinimValue, MaximValue, Unit, SensorType) VALUES (14923, 'Άγιος Δημήτριος', 'MARY-968', 716.0, 1088.9, 'hPa', 'Pressure');
INSERT INTO MEASUREMENT (DateTime, SensorID, MeasValue) VALUES (TO_DATE('10/05/18 13:48', 'DD/MM/YY HH24:MI'), 14923, 1005.8);
INSERT INTO SENSOR (SerialNumber, CityPlaced, SensorModel, MinimValue, MaximValue, Unit, SensorType) VALUES (12045, 'Άγιος Δημήτριος', 'YOKJ-5757', 0.0, 23.9, 'km/h', 'Wind');
INSERT INTO MEASUREMENT (DateTime, SensorID, MeasValue) VALUES (TO_DATE('10/05/18 13:48', 'DD/MM/YY HH24:MI'), 12045, 11.6);
INSERT INTO SENSOR (SerialNumber, CityPlaced, SensorModel, MinimValue, MaximValue, Unit, SensorType) VALUES (302403, 'Άνω Μελίσσια', 'VMCKD-454', -54.0, 61.9, '°C', 'Temperature');
INSERT INTO MEASUREMENT (DateTime, SensorID, MeasValue) VALUES (TO_DATE('10/05/18 13:48', 'DD/MM/YY HH24:MI'), 302403, 20.9);
INSERT INTO SENSOR (SerialNumber, CityPlaced, SensorModel, MinimValue, MaximValue, Unit, SensorType) VALUES (678190, 'Άνω Μελίσσια', 'XUHWN-7905', 0, 100, '%', 'Humidity');
INSERT INTO MEASUREMENT (DateTime, SensorID, MeasValue) VALUES (TO_DATE('10/05/18 13:48', 'DD/MM/YY HH24:MI'), 678190, 57);
INSERT INTO SENSOR (SerialNumber, CityPlaced, SensorModel, MinimValue, MaximValue, Unit, SensorType) VALUES (64100, 'Άνω Μελίσσια', 'MOXT-692', 736.0, 1059.9, 'hPa', 'Pressure');
INSERT INTO MEASUREMENT (DateTime, SensorID, MeasValue) VALUES (TO_DATE('10/05/18 13:48', 'DD/MM/YY HH24:MI'), 64100, 1005.6);
INSERT INTO SENSOR (SerialNumber, CityPlaced, SensorModel, MinimValue, MaximValue, Unit, SensorType) VALUES (21316, 'Άνω Μελίσσια', 'BFAE-2500', 0.0, 22.9, 'km/h', 'Wind');
INSERT INTO MEASUREMENT (DateTime, SensorID, MeasValue) VALUES (TO_DATE('10/05/18 13:48', 'DD/MM/YY HH24:MI'), 21316, 7.2);
INSERT INTO SENSOR (SerialNumber, CityPlaced, SensorModel, MinimValue, MaximValue, Unit, SensorType) VALUES (849087, 'Ύδρα', 'IBGDL-536', -56.0, 72.9, '°C', 'Temperature');
INSERT INTO MEASUREMENT (DateTime, SensorID, MeasValue) VALUES (TO_DATE('10/05/18 13:47', 'DD/MM/YY HH24:MI'), 849087, 24.0);
INSERT INTO SENSOR (SerialNumber, CityPlaced, SensorModel, MinimValue, MaximValue, Unit, SensorType) VALUES (405347, 'Ύδρα', 'IQEYT-0110', 0, 100, '%', 'Humidity');
INSERT INTO MEASUREMENT (DateTime, SensorID, MeasValue) VALUES (TO_DATE('10/05/18 13:47', 'DD/MM/YY HH24:MI'), 405347, 63);
INSERT INTO SENSOR (SerialNumber, CityPlaced, SensorModel, MinimValue, MaximValue, Unit, SensorType) VALUES (82740, 'Ύδρα', 'HIUX-036', 737.0, 1073.9, 'hPa', 'Pressure');
INSERT INTO MEASUREMENT (DateTime, SensorID, MeasValue) VALUES (TO_DATE('10/05/18 13:47', 'DD/MM/YY HH24:MI'), 82740, 1005.5);
INSERT INTO SENSOR (SerialNumber, CityPlaced, SensorModel, MinimValue, MaximValue, Unit, SensorType) VALUES (90485, 'Ύδρα', 'ESSG-0090', 0.0, 24.9, 'km/h', 'Wind');
INSERT INTO MEASUREMENT (DateTime, SensorID, MeasValue) VALUES (TO_DATE('10/05/18 13:47', 'DD/MM/YY HH24:MI'), 90485, 2.4);
INSERT INTO SENSOR (SerialNumber, CityPlaced, SensorModel, MinimValue, MaximValue, Unit, SensorType) VALUES (201264, 'Αγία Παρασκευή', 'YTLLM-155', -55.0, 60.9, '°C', 'Temperature');
INSERT INTO MEASUREMENT (DateTime, SensorID, MeasValue) VALUES (TO_DATE('10/05/18 13:45', 'DD/MM/YY HH24:MI'), 201264, 21.6);
INSERT INTO SENSOR (SerialNumber, CityPlaced, SensorModel, MinimValue, MaximValue, Unit, SensorType) VALUES (238317, 'Αγία Παρασκευή', 'GIAZQ-1686', 0, 100, '%', 'Humidity');
INSERT INTO MEASUREMENT (DateTime, SensorID, MeasValue) VALUES (TO_DATE('10/05/18 13:45', 'DD/MM/YY HH24:MI'), 238317, 67);
INSERT INTO SENSOR (SerialNumber, CityPlaced, SensorModel, MinimValue, MaximValue, Unit, SensorType) VALUES (96109, 'Αγία Παρασκευή', 'ZFUU-553', 740.0, 1064.9, 'hPa', 'Pressure');
INSERT INTO MEASUREMENT (DateTime, SensorID, MeasValue) VALUES (TO_DATE('10/05/18 13:45', 'DD/MM/YY HH24:MI'), 96109, 1004.5);
INSERT INTO SENSOR (SerialNumber, CityPlaced, SensorModel, MinimValue, MaximValue, Unit, SensorType) VALUES (56097, 'Αγία Παρασκευή', 'DFYP-9692', 0.0, 22.9, 'km/h', 'Wind');
INSERT INTO MEASUREMENT (DateTime, SensorID, MeasValue) VALUES (TO_DATE('10/05/18 13:45', 'DD/MM/YY HH24:MI'), 56097, 5.9);
INSERT INTO SENSOR (SerialNumber, CityPlaced, SensorModel, MinimValue, MaximValue, Unit, SensorType) VALUES (330843, 'Αγιος Στέφανος 2', 'NGABO-712', -54.0, 77.9, '°C', 'Temperature');
INSERT INTO MEASUREMENT (DateTime, SensorID, MeasValue) VALUES (TO_DATE('10/05/18 13:47', 'DD/MM/YY HH24:MI'), 330843, 23.4);
INSERT INTO SENSOR (SerialNumber, CityPlaced, SensorModel, MinimValue, MaximValue, Unit, SensorType) VALUES (978181, 'Αγιος Στέφανος 2', 'CRUJN-3748', 0, 100, '%', 'Humidity');
INSERT INTO MEASUREMENT (DateTime, SensorID, MeasValue) VALUES (TO_DATE('10/05/18 13:47', 'DD/MM/YY HH24:MI'), 978181, 55);
INSERT INTO SENSOR (SerialNumber, CityPlaced, SensorModel, MinimValue, MaximValue, Unit, SensorType) VALUES (27600, 'Αγιος Στέφανος 2', 'BPCZ-944', 733.0, 1060.9, 'hPa', 'Pressure');
INSERT INTO MEASUREMENT (DateTime, SensorID, MeasValue) VALUES (TO_DATE('10/05/18 13:47', 'DD/MM/YY HH24:MI'), 27600, 1007.2);
INSERT INTO SENSOR (SerialNumber, CityPlaced, SensorModel, MinimValue, MaximValue, Unit, SensorType) VALUES (29617, 'Αγιος Στέφανος 2', 'UNIF-4238', 0.0, 21.9, 'km/h', 'Wind');
INSERT INTO MEASUREMENT (DateTime, SensorID, MeasValue) VALUES (TO_DATE('10/05/18 13:47', 'DD/MM/YY HH24:MI'), 29617, 0.0);
INSERT INTO SENSOR (SerialNumber, CityPlaced, SensorModel, MinimValue, MaximValue, Unit, SensorType) VALUES (947711, 'Αγιος Στέφανος', 'MGHMK-927', -59.0, 73.9, '°C', 'Temperature');
INSERT INTO MEASUREMENT (DateTime, SensorID, MeasValue) VALUES (TO_DATE('10/05/18 13:49', 'DD/MM/YY HH24:MI'), 947711, 21.3);
INSERT INTO SENSOR (SerialNumber, CityPlaced, SensorModel, MinimValue, MaximValue, Unit, SensorType) VALUES (396749, 'Αγιος Στέφανος', 'IPFUK-5460', 0, 100, '%', 'Humidity');
INSERT INTO MEASUREMENT (DateTime, SensorID, MeasValue) VALUES (TO_DATE('10/05/18 13:49', 'DD/MM/YY HH24:MI'), 396749, 62);
INSERT INTO SENSOR (SerialNumber, CityPlaced, SensorModel, MinimValue, MaximValue, Unit, SensorType) VALUES (26226, 'Αγιος Στέφανος', 'JBCV-219', 743.0, 1060.9, 'hPa', 'Pressure');
INSERT INTO MEASUREMENT (DateTime, SensorID, MeasValue) VALUES (TO_DATE('10/05/18 13:49', 'DD/MM/YY HH24:MI'), 26226, 1007.1);
INSERT INTO SENSOR (SerialNumber, CityPlaced, SensorModel, MinimValue, MaximValue, Unit, SensorType) VALUES (48531, 'Αγιος Στέφανος', 'UQTN-5122', 0.0, 25.9, 'km/h', 'Wind');
INSERT INTO MEASUREMENT (DateTime, SensorID, MeasValue) VALUES (TO_DATE('10/05/18 13:49', 'DD/MM/YY HH24:MI'), 48531, 3.0);
INSERT INTO SENSOR (SerialNumber, CityPlaced, SensorModel, MinimValue, MaximValue, Unit, SensorType) VALUES (438125, 'Αθήνα Άνω Κυψέλη', 'PNHRT-748', -58.0, 74.9, '°C', 'Temperature');
INSERT INTO MEASUREMENT (DateTime, SensorID, MeasValue) VALUES (TO_DATE('10/05/18 13:45', 'DD/MM/YY HH24:MI'), 438125, 25.7);
INSERT INTO SENSOR (SerialNumber, CityPlaced, SensorModel, MinimValue, MaximValue, Unit, SensorType) VALUES (754948, 'Αθήνα Άνω Κυψέλη', 'JYTWN-1733', 0, 100, '%', 'Humidity');
INSERT INTO MEASUREMENT (DateTime, SensorID, MeasValue) VALUES (TO_DATE('10/05/18 13:45', 'DD/MM/YY HH24:MI'), 754948, 48);
INSERT INTO SENSOR (SerialNumber, CityPlaced, SensorModel, MinimValue, MaximValue, Unit, SensorType) VALUES (77937, 'Αθήνα Άνω Κυψέλη', 'VBBM-356', 701.0, 1062.9, 'hPa', 'Pressure');
INSERT INTO MEASUREMENT (DateTime, SensorID, MeasValue) VALUES (TO_DATE('10/05/18 13:45', 'DD/MM/YY HH24:MI'), 77937, 1005.4);
INSERT INTO SENSOR (SerialNumber, CityPlaced, SensorModel, MinimValue, MaximValue, Unit, SensorType) VALUES (31047, 'Αθήνα Άνω Κυψέλη', 'WHOF-4305', 0.0, 20.9, 'km/h', 'Wind');
INSERT INTO MEASUREMENT (DateTime, SensorID, MeasValue) VALUES (TO_DATE('10/05/18 13:45', 'DD/MM/YY HH24:MI'), 31047, 0.0);
INSERT INTO SENSOR (SerialNumber, CityPlaced, SensorModel, MinimValue, MaximValue, Unit, SensorType) VALUES (250110, 'Αθήνα Χαροκόπειο Πανεπιστήμιο', 'EAKNP-071', -52.0, 76.9, '°C', 'Temperature');
INSERT INTO MEASUREMENT (DateTime, SensorID, MeasValue) VALUES (TO_DATE('10/05/18 13:42', 'DD/MM/YY HH24:MI'), 250110, 23.5);
INSERT INTO SENSOR (SerialNumber, CityPlaced, SensorModel, MinimValue, MaximValue, Unit, SensorType) VALUES (900738, 'Αθήνα Χαροκόπειο Πανεπιστήμιο', 'RCSJA-8280', 0, 100, '%', 'Humidity');
INSERT INTO MEASUREMENT (DateTime, SensorID, MeasValue) VALUES (TO_DATE('10/05/18 13:42', 'DD/MM/YY HH24:MI'), 900738, 57);
INSERT INTO SENSOR (SerialNumber, CityPlaced, SensorModel, MinimValue, MaximValue, Unit, SensorType) VALUES (64896, 'Αθήνα Χαροκόπειο Πανεπιστήμιο', 'HTRF-308', 734.0, 1065.9, 'hPa', 'Pressure');
INSERT INTO MEASUREMENT (DateTime, SensorID, MeasValue) VALUES (TO_DATE('10/05/18 13:42', 'DD/MM/YY HH24:MI'), 64896, 1005.6);
INSERT INTO SENSOR (SerialNumber, CityPlaced, SensorModel, MinimValue, MaximValue, Unit, SensorType) VALUES (58387, 'Αθήνα Χαροκόπειο Πανεπιστήμιο', 'XKTV-4908', 0.0, 22.9, 'km/h', 'Wind');
INSERT INTO MEASUREMENT (DateTime, SensorID, MeasValue) VALUES (TO_DATE('10/05/18 13:42', 'DD/MM/YY HH24:MI'), 58387, 4.3);
INSERT INTO SENSOR (SerialNumber, CityPlaced, SensorModel, MinimValue, MaximValue, Unit, SensorType) VALUES (772162, 'Αιγάλεω 2', 'UFIMK-512', -58.0, 71.9, '°C', 'Temperature');
INSERT INTO MEASUREMENT (DateTime, SensorID, MeasValue) VALUES (TO_DATE('10/05/18 13:48', 'DD/MM/YY HH24:MI'), 772162, 23.1);
INSERT INTO SENSOR (SerialNumber, CityPlaced, SensorModel, MinimValue, MaximValue, Unit, SensorType) VALUES (102329, 'Αιγάλεω 2', 'NVPOO-1766', 0, 100, '%', 'Humidity');
INSERT INTO MEASUREMENT (DateTime, SensorID, MeasValue) VALUES (TO_DATE('10/05/18 13:48', 'DD/MM/YY HH24:MI'), 102329, 50);
INSERT INTO SENSOR (SerialNumber, CityPlaced, SensorModel, MinimValue, MaximValue, Unit, SensorType) VALUES (75557, 'Αιγάλεω 2', 'DBAZ-304', 731.0, 1056.9, 'hPa', 'Pressure');
INSERT INTO MEASUREMENT (DateTime, SensorID, MeasValue) VALUES (TO_DATE('10/05/18 13:48', 'DD/MM/YY HH24:MI'), 75557, 1006.6);
INSERT INTO SENSOR (SerialNumber, CityPlaced, SensorModel, MinimValue, MaximValue, Unit, SensorType) VALUES (88909, 'Αιγάλεω 2', 'RRPR-5376', 0.0, 21.9, 'km/h', 'Wind');
INSERT INTO MEASUREMENT (DateTime, SensorID, MeasValue) VALUES (TO_DATE('10/05/18 13:48', 'DD/MM/YY HH24:MI'), 88909, 4.2);
INSERT INTO SENSOR (SerialNumber, CityPlaced, SensorModel, MinimValue, MaximValue, Unit, SensorType) VALUES (260968, 'Αιγάλεω', 'JXDLU-301', -54.0, 65.9, '°C', 'Temperature');
INSERT INTO MEASUREMENT (DateTime, SensorID, MeasValue) VALUES (TO_DATE('10/05/18 13:43', 'DD/MM/YY HH24:MI'), 260968, 23.8);
INSERT INTO SENSOR (SerialNumber, CityPlaced, SensorModel, MinimValue, MaximValue, Unit, SensorType) VALUES (717071, 'Αιγάλεω', 'SXKBS-3054', 0, 100, '%', 'Humidity');
INSERT INTO MEASUREMENT (DateTime, SensorID, MeasValue) VALUES (TO_DATE('10/05/18 13:43', 'DD/MM/YY HH24:MI'), 717071, 51);
INSERT INTO SENSOR (SerialNumber, CityPlaced, SensorModel, MinimValue, MaximValue, Unit, SensorType) VALUES (27414, 'Αιγάλεω', 'RRSS-109', 707.0, 1081.9, 'hPa', 'Pressure');
INSERT INTO MEASUREMENT (DateTime, SensorID, MeasValue) VALUES (TO_DATE('10/05/18 13:43', 'DD/MM/YY HH24:MI'), 27414, 1006.8);
INSERT INTO SENSOR (SerialNumber, CityPlaced, SensorModel, MinimValue, MaximValue, Unit, SensorType) VALUES (76917, 'Αιγάλεω', 'UYNX-5147', 0.0, 24.9, 'km/h', 'Wind');
INSERT INTO MEASUREMENT (DateTime, SensorID, MeasValue) VALUES (TO_DATE('10/05/18 13:43', 'DD/MM/YY HH24:MI'), 76917, 9.4);
INSERT INTO SENSOR (SerialNumber, CityPlaced, SensorModel, MinimValue, MaximValue, Unit, SensorType) VALUES (587506, 'Ανάβυσσος', 'WVXER-852', -56.0, 66.9, '°C', 'Temperature');
INSERT INTO MEASUREMENT (DateTime, SensorID, MeasValue) VALUES (TO_DATE('10/05/18 13:39', 'DD/MM/YY HH24:MI'), 587506, 22.8);
INSERT INTO SENSOR (SerialNumber, CityPlaced, SensorModel, MinimValue, MaximValue, Unit, SensorType) VALUES (710672, 'Ανάβυσσος', 'XASJJ-7205', 0, 100, '%', 'Humidity');
INSERT INTO MEASUREMENT (DateTime, SensorID, MeasValue) VALUES (TO_DATE('10/05/18 13:39', 'DD/MM/YY HH24:MI'), 710672, 68);
INSERT INTO SENSOR (SerialNumber, CityPlaced, SensorModel, MinimValue, MaximValue, Unit, SensorType) VALUES (56514, 'Ανάβυσσος', 'OOUT-058', 736.0, 1090.9, 'hPa', 'Pressure');
INSERT INTO MEASUREMENT (DateTime, SensorID, MeasValue) VALUES (TO_DATE('10/05/18 13:39', 'DD/MM/YY HH24:MI'), 56514, 1004.4);
INSERT INTO MEASUREMENT (DateTime, SensorID, MeasValue) VALUES (TO_DATE('10/05/18 13:39', 'DD/MM/YY HH24:MI'), 14059, 0.8);
INSERT INTO SENSOR (SerialNumber, CityPlaced, SensorModel, MinimValue, MaximValue, Unit, SensorType) VALUES (350865, 'Ασπρόπυργος SV1EJD', 'KJNNJ-061', -58.0, 70.9, '°C', 'Temperature');
INSERT INTO MEASUREMENT (DateTime, SensorID, MeasValue) VALUES (TO_DATE('10/05/18 13:30', 'DD/MM/YY HH24:MI'), 350865, 24.4);
INSERT INTO SENSOR (SerialNumber, CityPlaced, SensorModel, MinimValue, MaximValue, Unit, SensorType) VALUES (685038, 'Ασπρόπυργος SV1EJD', 'JIEHB-7654', 0, 100, '%', 'Humidity');
INSERT INTO MEASUREMENT (DateTime, SensorID, MeasValue) VALUES (TO_DATE('10/05/18 13:30', 'DD/MM/YY HH24:MI'), 685038, 44);
INSERT INTO SENSOR (SerialNumber, CityPlaced, SensorModel, MinimValue, MaximValue, Unit, SensorType) VALUES (33621, 'Ασπρόπυργος SV1EJD', 'EFNF-322', 702.0, 1075.9, 'hPa', 'Pressure');
INSERT INTO MEASUREMENT (DateTime, SensorID, MeasValue) VALUES (TO_DATE('10/05/18 13:30', 'DD/MM/YY HH24:MI'), 33621, 1005.0);
INSERT INTO SENSOR (SerialNumber, CityPlaced, SensorModel, MinimValue, MaximValue, Unit, SensorType) VALUES (97740, 'Ασπρόπυργος SV1EJD', 'RCZW-7700', 0.0, 25.9, 'km/h', 'Wind');
INSERT INTO MEASUREMENT (DateTime, SensorID, MeasValue) VALUES (TO_DATE('10/05/18 13:30', 'DD/MM/YY HH24:MI'), 97740, 10.2);
INSERT INTO SENSOR (SerialNumber, CityPlaced, SensorModel, MinimValue, MaximValue, Unit, SensorType) VALUES (715078, 'Αυλώνας', 'FWAZH-715', -56.0, 73.9, '°C', 'Temperature');
INSERT INTO MEASUREMENT (DateTime, SensorID, MeasValue) VALUES (TO_DATE('10/05/18 13:48', 'DD/MM/YY HH24:MI'), 715078, 23.4);
INSERT INTO SENSOR (SerialNumber, CityPlaced, SensorModel, MinimValue, MaximValue, Unit, SensorType) VALUES (553487, 'Αυλώνας', 'QCQWW-7801', 0, 100, '%', 'Humidity');
INSERT INTO MEASUREMENT (DateTime, SensorID, MeasValue) VALUES (TO_DATE('10/05/18 13:48', 'DD/MM/YY HH24:MI'), 553487, 49);
INSERT INTO SENSOR (SerialNumber, CityPlaced, SensorModel, MinimValue, MaximValue, Unit, SensorType) VALUES (60549, 'Αυλώνας', 'DKER-351', 750.0, 1092.9, 'hPa', 'Pressure');
INSERT INTO MEASUREMENT (DateTime, SensorID, MeasValue) VALUES (TO_DATE('10/05/18 13:48', 'DD/MM/YY HH24:MI'), 60549, 1005.6);
INSERT INTO SENSOR (SerialNumber, CityPlaced, SensorModel, MinimValue, MaximValue, Unit, SensorType) VALUES (39863, 'Αυλώνας', 'WSXZ-1306', 0.0, 21.9, 'km/h', 'Wind');
INSERT INTO MEASUREMENT (DateTime, SensorID, MeasValue) VALUES (TO_DATE('10/05/18 13:48', 'DD/MM/YY HH24:MI'), 39863, 5.7);
INSERT INTO SENSOR (SerialNumber, CityPlaced, SensorModel, MinimValue, MaximValue, Unit, SensorType) VALUES (598845, 'Αχαρναί Άγιος Πέτρος', 'JKZQX-099', -59.0, 61.9, '°C', 'Temperature');
INSERT INTO MEASUREMENT (DateTime, SensorID, MeasValue) VALUES (TO_DATE('10/05/18 13:48', 'DD/MM/YY HH24:MI'), 598845, 22.3);
INSERT INTO SENSOR (SerialNumber, CityPlaced, SensorModel, MinimValue, MaximValue, Unit, SensorType) VALUES (284153, 'Αχαρναί Άγιος Πέτρος', 'JJAMW-7392', 0, 100, '%', 'Humidity');
INSERT INTO MEASUREMENT (DateTime, SensorID, MeasValue) VALUES (TO_DATE('10/05/18 13:48', 'DD/MM/YY HH24:MI'), 284153, 54);
INSERT INTO SENSOR (SerialNumber, CityPlaced, SensorModel, MinimValue, MaximValue, Unit, SensorType) VALUES (83714, 'Αχαρναί Άγιος Πέτρος', 'NRMT-762', 737.0, 1060.9, 'hPa', 'Pressure');
INSERT INTO MEASUREMENT (DateTime, SensorID, MeasValue) VALUES (TO_DATE('10/05/18 13:48', 'DD/MM/YY HH24:MI'), 83714, 1005.6);
INSERT INTO SENSOR (SerialNumber, CityPlaced, SensorModel, MinimValue, MaximValue, Unit, SensorType) VALUES (98258, 'Αχαρναί Άγιος Πέτρος', 'DJHO-9218', 0.0, 21.9, 'km/h', 'Wind');
INSERT INTO MEASUREMENT (DateTime, SensorID, MeasValue) VALUES (TO_DATE('10/05/18 13:48', 'DD/MM/YY HH24:MI'), 98258, 10.0);
INSERT INTO SENSOR (SerialNumber, CityPlaced, SensorModel, MinimValue, MaximValue, Unit, SensorType) VALUES (908428, 'Αχαρναί 2', 'AOMXY-668', -50.0, 66.9, '°C', 'Temperature');
INSERT INTO MEASUREMENT (DateTime, SensorID, MeasValue) VALUES (TO_DATE('10/05/18 13:45', 'DD/MM/YY HH24:MI'), 908428, 22.9);
INSERT INTO SENSOR (SerialNumber, CityPlaced, SensorModel, MinimValue, MaximValue, Unit, SensorType) VALUES (386551, 'Αχαρναί 2', 'GESPA-2699', 0, 100, '%', 'Humidity');
INSERT INTO MEASUREMENT (DateTime, SensorID, MeasValue) VALUES (TO_DATE('10/05/18 13:45', 'DD/MM/YY HH24:MI'), 386551, 60);
INSERT INTO SENSOR (SerialNumber, CityPlaced, SensorModel, MinimValue, MaximValue, Unit, SensorType) VALUES (15015, 'Αχαρναί 2', 'SPJB-728', 738.0, 1087.9, 'hPa', 'Pressure');
INSERT INTO MEASUREMENT (DateTime, SensorID, MeasValue) VALUES (TO_DATE('10/05/18 13:45', 'DD/MM/YY HH24:MI'), 15015, 1006.0);
INSERT INTO SENSOR (SerialNumber, CityPlaced, SensorModel, MinimValue, MaximValue, Unit, SensorType) VALUES (74578, 'Αχαρναί 2', 'RLPX-0047', 0.0, 21.9, 'km/h', 'Wind');
INSERT INTO MEASUREMENT (DateTime, SensorID, MeasValue) VALUES (TO_DATE('10/05/18 13:45', 'DD/MM/YY HH24:MI'), 74578, 6.1);
INSERT INTO SENSOR (SerialNumber, CityPlaced, SensorModel, MinimValue, MaximValue, Unit, SensorType) VALUES (334849, 'Αχαρναί', 'JRAWZ-423', -56.0, 75.9, '°C', 'Temperature');
INSERT INTO MEASUREMENT (DateTime, SensorID, MeasValue) VALUES (TO_DATE('10/05/18 13:48', 'DD/MM/YY HH24:MI'), 334849, 22.4);
INSERT INTO SENSOR (SerialNumber, CityPlaced, SensorModel, MinimValue, MaximValue, Unit, SensorType) VALUES (996808, 'Αχαρναί', 'KVJDY-7236', 0, 100, '%', 'Humidity');
INSERT INTO MEASUREMENT (DateTime, SensorID, MeasValue) VALUES (TO_DATE('10/05/18 13:48', 'DD/MM/YY HH24:MI'), 996808, 54);
INSERT INTO SENSOR (SerialNumber, CityPlaced, SensorModel, MinimValue, MaximValue, Unit, SensorType) VALUES (68704, 'Αχαρναί', 'VFEZ-993', 742.0, 1077.9, 'hPa', 'Pressure');
INSERT INTO MEASUREMENT (DateTime, SensorID, MeasValue) VALUES (TO_DATE('10/05/18 13:48', 'DD/MM/YY HH24:MI'), 68704, 1005.3);
INSERT INTO SENSOR (SerialNumber, CityPlaced, SensorModel, MinimValue, MaximValue, Unit, SensorType) VALUES (37742, 'Αχαρναί', 'CPZH-2423', 0.0, 25.9, 'km/h', 'Wind');
INSERT INTO MEASUREMENT (DateTime, SensorID, MeasValue) VALUES (TO_DATE('10/05/18 13:48', 'DD/MM/YY HH24:MI'), 37742, 2.8);
INSERT INTO SENSOR (SerialNumber, CityPlaced, SensorModel, MinimValue, MaximValue, Unit, SensorType) VALUES (576999, 'Βάρκιζα', 'RSSJY-417', -60.0, 60.9, '°C', 'Temperature');
INSERT INTO MEASUREMENT (DateTime, SensorID, MeasValue) VALUES (TO_DATE('10/05/18 13:46', 'DD/MM/YY HH24:MI'), 576999, 21.7);
INSERT INTO SENSOR (SerialNumber, CityPlaced, SensorModel, MinimValue, MaximValue, Unit, SensorType) VALUES (129930, 'Βάρκιζα', 'BFIFK-3807', 0, 100, '%', 'Humidity');
INSERT INTO MEASUREMENT (DateTime, SensorID, MeasValue) VALUES (TO_DATE('10/05/18 13:46', 'DD/MM/YY HH24:MI'), 129930, 66);
INSERT INTO SENSOR (SerialNumber, CityPlaced, SensorModel, MinimValue, MaximValue, Unit, SensorType) VALUES (52030, 'Βάρκιζα', 'ANHY-783', 716.0, 1080.9, 'hPa', 'Pressure');
INSERT INTO MEASUREMENT (DateTime, SensorID, MeasValue) VALUES (TO_DATE('10/05/18 13:46', 'DD/MM/YY HH24:MI'), 52030, 1006.2);
INSERT INTO SENSOR (SerialNumber, CityPlaced, SensorModel, MinimValue, MaximValue, Unit, SensorType) VALUES (35117, 'Βάρκιζα', 'RMTD-2848', 0.0, 21.9, 'km/h', 'Wind');
INSERT INTO MEASUREMENT (DateTime, SensorID, MeasValue) VALUES (TO_DATE('10/05/18 13:46', 'DD/MM/YY HH24:MI'), 35117, 4.5);
INSERT INTO SENSOR (SerialNumber, CityPlaced, SensorModel, MinimValue, MaximValue, Unit, SensorType) VALUES (186647, 'Βύρωνας', 'CLGZI-856', -60.0, 70.9, '°C', 'Temperature');
INSERT INTO MEASUREMENT (DateTime, SensorID, MeasValue) VALUES (TO_DATE('10/05/18 13:47', 'DD/MM/YY HH24:MI'), 186647, 22.6);
INSERT INTO SENSOR (SerialNumber, CityPlaced, SensorModel, MinimValue, MaximValue, Unit, SensorType) VALUES (967946, 'Βύρωνας', 'AFDAK-4400', 0, 100, '%', 'Humidity');
INSERT INTO MEASUREMENT (DateTime, SensorID, MeasValue) VALUES (TO_DATE('10/05/18 13:47', 'DD/MM/YY HH24:MI'), 967946, 48);
INSERT INTO SENSOR (SerialNumber, CityPlaced, SensorModel, MinimValue, MaximValue, Unit, SensorType) VALUES (98929, 'Βύρωνας', 'IUUX-488', 719.0, 1056.9, 'hPa', 'Pressure');
INSERT INTO MEASUREMENT (DateTime, SensorID, MeasValue) VALUES (TO_DATE('10/05/18 13:47', 'DD/MM/YY HH24:MI'), 98929, 1008.0);
INSERT INTO MEASUREMENT (DateTime, SensorID, MeasValue) VALUES (TO_DATE('10/05/18 13:47', 'DD/MM/YY HH24:MI'), 66483, 4.2);
INSERT INTO SENSOR (SerialNumber, CityPlaced, SensorModel, MinimValue, MaximValue, Unit, SensorType) VALUES (316801, 'Γαλάτσι 2', 'EUWSC-261', -56.0, 66.9, '°C', 'Temperature');
INSERT INTO MEASUREMENT (DateTime, SensorID, MeasValue) VALUES (TO_DATE('10/05/18 13:40', 'DD/MM/YY HH24:MI'), 316801, 22.7);
INSERT INTO SENSOR (SerialNumber, CityPlaced, SensorModel, MinimValue, MaximValue, Unit, SensorType) VALUES (890934, 'Γαλάτσι 2', 'PYLON-4485', 0, 100, '%', 'Humidity');
INSERT INTO MEASUREMENT (DateTime, SensorID, MeasValue) VALUES (TO_DATE('10/05/18 13:40', 'DD/MM/YY HH24:MI'), 890934, 58);
INSERT INTO SENSOR (SerialNumber, CityPlaced, SensorModel, MinimValue, MaximValue, Unit, SensorType) VALUES (85694, 'Γαλάτσι 2', 'MNDF-398', 710.0, 1060.9, 'hPa', 'Pressure');
INSERT INTO MEASUREMENT (DateTime, SensorID, MeasValue) VALUES (TO_DATE('10/05/18 13:40', 'DD/MM/YY HH24:MI'), 85694, 1006.1);
INSERT INTO SENSOR (SerialNumber, CityPlaced, SensorModel, MinimValue, MaximValue, Unit, SensorType) VALUES (25672, 'Γαλάτσι 2', 'OAMF-8547', 0.0, 25.9, 'km/h', 'Wind');
INSERT INTO MEASUREMENT (DateTime, SensorID, MeasValue) VALUES (TO_DATE('10/05/18 13:40', 'DD/MM/YY HH24:MI'), 25672, 4.8);
INSERT INTO SENSOR (SerialNumber, CityPlaced, SensorModel, MinimValue, MaximValue, Unit, SensorType) VALUES (686732, 'Γαλάτσι', 'STOPH-074', -57.0, 69.9, '°C', 'Temperature');
INSERT INTO MEASUREMENT (DateTime, SensorID, MeasValue) VALUES (TO_DATE('10/05/18 13:48', 'DD/MM/YY HH24:MI'), 686732, 25.7);
INSERT INTO SENSOR (SerialNumber, CityPlaced, SensorModel, MinimValue, MaximValue, Unit, SensorType) VALUES (318545, 'Γαλάτσι', 'ACVMQ-5412', 0, 100, '%', 'Humidity');
INSERT INTO MEASUREMENT (DateTime, SensorID, MeasValue) VALUES (TO_DATE('10/05/18 13:48', 'DD/MM/YY HH24:MI'), 318545, 66);
INSERT INTO SENSOR (SerialNumber, CityPlaced, SensorModel, MinimValue, MaximValue, Unit, SensorType) VALUES (12712, 'Γαλάτσι', 'BMEB-848', 732.0, 1091.9, 'hPa', 'Pressure');
INSERT INTO MEASUREMENT (DateTime, SensorID, MeasValue) VALUES (TO_DATE('10/05/18 13:48', 'DD/MM/YY HH24:MI'), 12712, 1004.6);
INSERT INTO SENSOR (SerialNumber, CityPlaced, SensorModel, MinimValue, MaximValue, Unit, SensorType) VALUES (18514, 'Γαλάτσι', 'IPBO-0797', 0.0, 24.9, 'km/h', 'Wind');
INSERT INTO MEASUREMENT (DateTime, SensorID, MeasValue) VALUES (TO_DATE('10/05/18 13:48', 'DD/MM/YY HH24:MI'), 18514, 6.5);
INSERT INTO SENSOR (SerialNumber, CityPlaced, SensorModel, MinimValue, MaximValue, Unit, SensorType) VALUES (457051, 'Διόνυσσος 2', 'AQDKK-290', -51.0, 60.9, '°C', 'Temperature');
INSERT INTO MEASUREMENT (DateTime, SensorID, MeasValue) VALUES (TO_DATE('10/05/18 13:44', 'DD/MM/YY HH24:MI'), 457051, 20.3);
INSERT INTO SENSOR (SerialNumber, CityPlaced, SensorModel, MinimValue, MaximValue, Unit, SensorType) VALUES (867065, 'Διόνυσσος 2', 'ANUFT-1069', 0, 100, '%', 'Humidity');
INSERT INTO MEASUREMENT (DateTime, SensorID, MeasValue) VALUES (TO_DATE('10/05/18 13:44', 'DD/MM/YY HH24:MI'), 867065, 69);
INSERT INTO SENSOR (SerialNumber, CityPlaced, SensorModel, MinimValue, MaximValue, Unit, SensorType) VALUES (66923, 'Διόνυσσος 2', 'HVLG-776', 746.0, 1095.9, 'hPa', 'Pressure');
INSERT INTO MEASUREMENT (DateTime, SensorID, MeasValue) VALUES (TO_DATE('10/05/18 13:44', 'DD/MM/YY HH24:MI'), 66923, 1006.0);
INSERT INTO SENSOR (SerialNumber, CityPlaced, SensorModel, MinimValue, MaximValue, Unit, SensorType) VALUES (94736, 'Διόνυσσος 2', 'DTLM-3615', 0.0, 23.9, 'km/h', 'Wind');
INSERT INTO MEASUREMENT (DateTime, SensorID, MeasValue) VALUES (TO_DATE('10/05/18 13:44', 'DD/MM/YY HH24:MI'), 94736, 3.5);
INSERT INTO SENSOR (SerialNumber, CityPlaced, SensorModel, MinimValue, MaximValue, Unit, SensorType) VALUES (352285, 'Διόνυσσος', 'ZHWMG-722', -57.0, 75.9, '°C', 'Temperature');
INSERT INTO MEASUREMENT (DateTime, SensorID, MeasValue) VALUES (TO_DATE('10/05/18 13:36', 'DD/MM/YY HH24:MI'), 352285, 20.2);
INSERT INTO SENSOR (SerialNumber, CityPlaced, SensorModel, MinimValue, MaximValue, Unit, SensorType) VALUES (410042, 'Διόνυσσος', 'VBFEO-0894', 0, 100, '%', 'Humidity');
INSERT INTO MEASUREMENT (DateTime, SensorID, MeasValue) VALUES (TO_DATE('10/05/18 13:36', 'DD/MM/YY HH24:MI'), 410042, 62);
INSERT INTO SENSOR (SerialNumber, CityPlaced, SensorModel, MinimValue, MaximValue, Unit, SensorType) VALUES (77985, 'Διόνυσσος', 'BCGL-148', 735.0, 1100.9, 'hPa', 'Pressure');
INSERT INTO MEASUREMENT (DateTime, SensorID, MeasValue) VALUES (TO_DATE('10/05/18 13:36', 'DD/MM/YY HH24:MI'), 77985, 1007.7);
INSERT INTO SENSOR (SerialNumber, CityPlaced, SensorModel, MinimValue, MaximValue, Unit, SensorType) VALUES (62051, 'Διόνυσσος', 'AVMW-9040', 0.0, 22.9, 'km/h', 'Wind');
INSERT INTO MEASUREMENT (DateTime, SensorID, MeasValue) VALUES (TO_DATE('10/05/18 13:36', 'DD/MM/YY HH24:MI'), 62051, 7.0);
INSERT INTO SENSOR (SerialNumber, CityPlaced, SensorModel, MinimValue, MaximValue, Unit, SensorType) VALUES (695976, 'Δροσιά', 'GYATN-637', -52.0, 65.9, '°C', 'Temperature');
INSERT INTO MEASUREMENT (DateTime, SensorID, MeasValue) VALUES (TO_DATE('10/05/18 13:44', 'DD/MM/YY HH24:MI'), 695976, 22.4);
INSERT INTO SENSOR (SerialNumber, CityPlaced, SensorModel, MinimValue, MaximValue, Unit, SensorType) VALUES (327043, 'Δροσιά', 'YZFQK-6639', 0, 100, '%', 'Humidity');
INSERT INTO MEASUREMENT (DateTime, SensorID, MeasValue) VALUES (TO_DATE('10/05/18 13:44', 'DD/MM/YY HH24:MI'), 327043, 56);
INSERT INTO SENSOR (SerialNumber, CityPlaced, SensorModel, MinimValue, MaximValue, Unit, SensorType) VALUES (92174, 'Δροσιά', 'CNQG-758', 739.0, 1083.9, 'hPa', 'Pressure');
INSERT INTO MEASUREMENT (DateTime, SensorID, MeasValue) VALUES (TO_DATE('10/05/18 13:44', 'DD/MM/YY HH24:MI'), 92174, 1005.2);
INSERT INTO SENSOR (SerialNumber, CityPlaced, SensorModel, MinimValue, MaximValue, Unit, SensorType) VALUES (27249, 'Δροσιά', 'GOAL-4123', 0.0, 23.9, 'km/h', 'Wind');
INSERT INTO MEASUREMENT (DateTime, SensorID, MeasValue) VALUES (TO_DATE('10/05/18 13:44', 'DD/MM/YY HH24:MI'), 27249, 3.2);
INSERT INTO SENSOR (SerialNumber, CityPlaced, SensorModel, MinimValue, MaximValue, Unit, SensorType) VALUES (670871, 'Εκάλη', 'OKJJP-651', -53.0, 77.9, '°C', 'Temperature');
INSERT INTO MEASUREMENT (DateTime, SensorID, MeasValue) VALUES (TO_DATE('10/05/18 13:40', 'DD/MM/YY HH24:MI'), 670871, 21.5);
INSERT INTO SENSOR (SerialNumber, CityPlaced, SensorModel, MinimValue, MaximValue, Unit, SensorType) VALUES (491532, 'Εκάλη', 'RHNIS-7620', 0, 100, '%', 'Humidity');
INSERT INTO MEASUREMENT (DateTime, SensorID, MeasValue) VALUES (TO_DATE('10/05/18 13:40', 'DD/MM/YY HH24:MI'), 491532, 57);
INSERT INTO SENSOR (SerialNumber, CityPlaced, SensorModel, MinimValue, MaximValue, Unit, SensorType) VALUES (12576, 'Εκάλη', 'VCVB-897', 737.0, 1098.9, 'hPa', 'Pressure');
INSERT INTO MEASUREMENT (DateTime, SensorID, MeasValue) VALUES (TO_DATE('10/05/18 13:40', 'DD/MM/YY HH24:MI'), 12576, 1006.4);
INSERT INTO SENSOR (SerialNumber, CityPlaced, SensorModel, MinimValue, MaximValue, Unit, SensorType) VALUES (89283, 'Εκάλη', 'LKRV-4575', 0.0, 20.9, 'km/h', 'Wind');
INSERT INTO MEASUREMENT (DateTime, SensorID, MeasValue) VALUES (TO_DATE('10/05/18 13:40', 'DD/MM/YY HH24:MI'), 89283, 6.7);
INSERT INTO SENSOR (SerialNumber, CityPlaced, SensorModel, MinimValue, MaximValue, Unit, SensorType) VALUES (316815, 'Ζωγράφου - Ε.Μ.Π. - Σχολή Τοπογράφων', 'OJPRB-722', -53.0, 74.9, '°C', 'Temperature');
INSERT INTO MEASUREMENT (DateTime, SensorID, MeasValue) VALUES (TO_DATE('10/05/18 13:45', 'DD/MM/YY HH24:MI'), 316815, 22.4);
INSERT INTO SENSOR (SerialNumber, CityPlaced, SensorModel, MinimValue, MaximValue, Unit, SensorType) VALUES (320359, 'Ζωγράφου - Ε.Μ.Π. - Σχολή Τοπογράφων', 'OVULL-3620', 0, 100, '%', 'Humidity');
INSERT INTO MEASUREMENT (DateTime, SensorID, MeasValue) VALUES (TO_DATE('10/05/18 13:45', 'DD/MM/YY HH24:MI'), 320359, 58);
INSERT INTO SENSOR (SerialNumber, CityPlaced, SensorModel, MinimValue, MaximValue, Unit, SensorType) VALUES (64918, 'Ζωγράφου - Ε.Μ.Π. - Σχολή Τοπογράφων', 'MTAJ-956', 703.0, 1100.9, 'hPa', 'Pressure');
INSERT INTO MEASUREMENT (DateTime, SensorID, MeasValue) VALUES (TO_DATE('10/05/18 13:45', 'DD/MM/YY HH24:MI'), 64918, 1006.5);
INSERT INTO SENSOR (SerialNumber, CityPlaced, SensorModel, MinimValue, MaximValue, Unit, SensorType) VALUES (91416, 'Ζωγράφου - Ε.Μ.Π. - Σχολή Τοπογράφων', 'UUVO-9645', 0.0, 24.9, 'km/h', 'Wind');
INSERT INTO MEASUREMENT (DateTime, SensorID, MeasValue) VALUES (TO_DATE('10/05/18 13:45', 'DD/MM/YY HH24:MI'), 91416, 3.8);
INSERT INTO SENSOR (SerialNumber, CityPlaced, SensorModel, MinimValue, MaximValue, Unit, SensorType) VALUES (334499, 'Ηλιούπολη', 'PNFZY-618', -54.0, 74.9, '°C', 'Temperature');
INSERT INTO MEASUREMENT (DateTime, SensorID, MeasValue) VALUES (TO_DATE('10/05/18 13:47', 'DD/MM/YY HH24:MI'), 334499, 22.2);
INSERT INTO SENSOR (SerialNumber, CityPlaced, SensorModel, MinimValue, MaximValue, Unit, SensorType) VALUES (885563, 'Ηλιούπολη', 'REQJX-0307', 0, 100, '%', 'Humidity');
INSERT INTO MEASUREMENT (DateTime, SensorID, MeasValue) VALUES (TO_DATE('10/05/18 13:47', 'DD/MM/YY HH24:MI'), 885563, 62);
INSERT INTO SENSOR (SerialNumber, CityPlaced, SensorModel, MinimValue, MaximValue, Unit, SensorType) VALUES (98387, 'Ηλιούπολη', 'FSCC-164', 713.0, 1058.9, 'hPa', 'Pressure');
INSERT INTO MEASUREMENT (DateTime, SensorID, MeasValue) VALUES (TO_DATE('10/05/18 13:47', 'DD/MM/YY HH24:MI'), 98387, 1006.9);
INSERT INTO SENSOR (SerialNumber, CityPlaced, SensorModel, MinimValue, MaximValue, Unit, SensorType) VALUES (37431, 'Ηλιούπολη', 'FUZP-4878', 0.0, 24.9, 'km/h', 'Wind');
INSERT INTO MEASUREMENT (DateTime, SensorID, MeasValue) VALUES (TO_DATE('10/05/18 13:47', 'DD/MM/YY HH24:MI'), 37431, 0.3);
INSERT INTO SENSOR (SerialNumber, CityPlaced, SensorModel, MinimValue, MaximValue, Unit, SensorType) VALUES (281732, 'Καλαμάκι - AirMar', 'ZBEMT-423', -51.0, 78.9, '°C', 'Temperature');
INSERT INTO MEASUREMENT (DateTime, SensorID, MeasValue) VALUES (TO_DATE('10/05/18 13:48', 'DD/MM/YY HH24:MI'), 281732, 21.2);
INSERT INTO SENSOR (SerialNumber, CityPlaced, SensorModel, MinimValue, MaximValue, Unit, SensorType) VALUES (305677, 'Καλαμάκι - AirMar', 'JZIYQ-0589', 0, 100, '%', 'Humidity');
INSERT INTO MEASUREMENT (DateTime, SensorID, MeasValue) VALUES (TO_DATE('10/05/18 13:48', 'DD/MM/YY HH24:MI'), 305677, 64);
INSERT INTO SENSOR (SerialNumber, CityPlaced, SensorModel, MinimValue, MaximValue, Unit, SensorType) VALUES (69494, 'Καλαμάκι - AirMar', 'PBXN-246', 706.0, 1096.9, 'hPa', 'Pressure');
INSERT INTO MEASUREMENT (DateTime, SensorID, MeasValue) VALUES (TO_DATE('10/05/18 13:48', 'DD/MM/YY HH24:MI'), 69494, 1005.7);
INSERT INTO SENSOR (SerialNumber, CityPlaced, SensorModel, MinimValue, MaximValue, Unit, SensorType) VALUES (84817, 'Καλαμάκι - AirMar', 'PZAT-9173', 0.0, 22.9, 'km/h', 'Wind');
INSERT INTO MEASUREMENT (DateTime, SensorID, MeasValue) VALUES (TO_DATE('10/05/18 13:48', 'DD/MM/YY HH24:MI'), 84817, 2.8);
INSERT INTO SENSOR (SerialNumber, CityPlaced, SensorModel, MinimValue, MaximValue, Unit, SensorType) VALUES (288065, 'Καλύβια Θορικού', 'VCZHJ-026', -55.0, 67.9, '°C', 'Temperature');
INSERT INTO MEASUREMENT (DateTime, SensorID, MeasValue) VALUES (TO_DATE('10/05/18 13:46', 'DD/MM/YY HH24:MI'), 288065, 23.9);
INSERT INTO SENSOR (SerialNumber, CityPlaced, SensorModel, MinimValue, MaximValue, Unit, SensorType) VALUES (833374, 'Καλύβια Θορικού', 'YBGEV-1526', 0, 100, '%', 'Humidity');
INSERT INTO MEASUREMENT (DateTime, SensorID, MeasValue) VALUES (TO_DATE('10/05/18 13:46', 'DD/MM/YY HH24:MI'), 833374, 53);
INSERT INTO SENSOR (SerialNumber, CityPlaced, SensorModel, MinimValue, MaximValue, Unit, SensorType) VALUES (95501, 'Καλύβια Θορικού', 'BYTV-188', 714.0, 1072.9, 'hPa', 'Pressure');
INSERT INTO MEASUREMENT (DateTime, SensorID, MeasValue) VALUES (TO_DATE('10/05/18 13:46', 'DD/MM/YY HH24:MI'), 95501, 1007.0);
INSERT INTO SENSOR (SerialNumber, CityPlaced, SensorModel, MinimValue, MaximValue, Unit, SensorType) VALUES (61912, 'Καλύβια Θορικού', 'KTEO-5402', 0.0, 22.9, 'km/h', 'Wind');
INSERT INTO MEASUREMENT (DateTime, SensorID, MeasValue) VALUES (TO_DATE('10/05/18 13:46', 'DD/MM/YY HH24:MI'), 61912, 5.9);
INSERT INTO SENSOR (SerialNumber, CityPlaced, SensorModel, MinimValue, MaximValue, Unit, SensorType) VALUES (322958, 'Κορυδαλλός', 'XPHEX-122', -54.0, 70.9, '°C', 'Temperature');
INSERT INTO MEASUREMENT (DateTime, SensorID, MeasValue) VALUES (TO_DATE('10/05/18 13:48', 'DD/MM/YY HH24:MI'), 322958, 21.9);
INSERT INTO SENSOR (SerialNumber, CityPlaced, SensorModel, MinimValue, MaximValue, Unit, SensorType) VALUES (444206, 'Κορυδαλλός', 'EHGBF-2155', 0, 100, '%', 'Humidity');
INSERT INTO MEASUREMENT (DateTime, SensorID, MeasValue) VALUES (TO_DATE('10/05/18 13:48', 'DD/MM/YY HH24:MI'), 444206, 58);
INSERT INTO SENSOR (SerialNumber, CityPlaced, SensorModel, MinimValue, MaximValue, Unit, SensorType) VALUES (72081, 'Κορυδαλλός', 'OUNO-501', 706.0, 1056.9, 'hPa', 'Pressure');
INSERT INTO MEASUREMENT (DateTime, SensorID, MeasValue) VALUES (TO_DATE('10/05/18 13:48', 'DD/MM/YY HH24:MI'), 72081, 1007.1);
INSERT INTO SENSOR (SerialNumber, CityPlaced, SensorModel, MinimValue, MaximValue, Unit, SensorType) VALUES (13651, 'Κορυδαλλός', 'UPZH-4044', 0.0, 22.9, 'km/h', 'Wind');
INSERT INTO MEASUREMENT (DateTime, SensorID, MeasValue) VALUES (TO_DATE('10/05/18 13:48', 'DD/MM/YY HH24:MI'), 13651, 11.7);
INSERT INTO SENSOR (SerialNumber, CityPlaced, SensorModel, MinimValue, MaximValue, Unit, SensorType) VALUES (423689, 'Λαύριο 2', 'LGVXT-156', -56.0, 72.9, '°C', 'Temperature');
INSERT INTO MEASUREMENT (DateTime, SensorID, MeasValue) VALUES (TO_DATE('10/05/18 13:45', 'DD/MM/YY HH24:MI'), 423689, 24.7);
INSERT INTO SENSOR (SerialNumber, CityPlaced, SensorModel, MinimValue, MaximValue, Unit, SensorType) VALUES (844462, 'Λαύριο 2', 'OXSTN-9978', 0, 100, '%', 'Humidity');
INSERT INTO MEASUREMENT (DateTime, SensorID, MeasValue) VALUES (TO_DATE('10/05/18 13:45', 'DD/MM/YY HH24:MI'), 844462, 49);
INSERT INTO SENSOR (SerialNumber, CityPlaced, SensorModel, MinimValue, MaximValue, Unit, SensorType) VALUES (94650, 'Λαύριο 2', 'GGYM-362', 738.0, 1094.9, 'hPa', 'Pressure');
INSERT INTO MEASUREMENT (DateTime, SensorID, MeasValue) VALUES (TO_DATE('10/05/18 13:45', 'DD/MM/YY HH24:MI'), 94650, 1005.2);
INSERT INTO SENSOR (SerialNumber, CityPlaced, SensorModel, MinimValue, MaximValue, Unit, SensorType) VALUES (97025, 'Λαύριο 2', 'FBIR-5042', 0.0, 22.9, 'km/h', 'Wind');
INSERT INTO MEASUREMENT (DateTime, SensorID, MeasValue) VALUES (TO_DATE('10/05/18 13:45', 'DD/MM/YY HH24:MI'), 97025, 4.0);
INSERT INTO SENSOR (SerialNumber, CityPlaced, SensorModel, MinimValue, MaximValue, Unit, SensorType) VALUES (317916, 'Λαύριο', 'RZFXQ-118', -59.0, 68.9, '°C', 'Temperature');
INSERT INTO MEASUREMENT (DateTime, SensorID, MeasValue) VALUES (TO_DATE('10/05/18 13:38', 'DD/MM/YY HH24:MI'), 317916, 23.9);
INSERT INTO SENSOR (SerialNumber, CityPlaced, SensorModel, MinimValue, MaximValue, Unit, SensorType) VALUES (486786, 'Λαύριο', 'CQSHU-8785', 0, 100, '%', 'Humidity');
INSERT INTO MEASUREMENT (DateTime, SensorID, MeasValue) VALUES (TO_DATE('10/05/18 13:38', 'DD/MM/YY HH24:MI'), 486786, 58);
INSERT INTO SENSOR (SerialNumber, CityPlaced, SensorModel, MinimValue, MaximValue, Unit, SensorType) VALUES (26267, 'Λαύριο', 'FXNH-408', 709.0, 1089.9, 'hPa', 'Pressure');
INSERT INTO MEASUREMENT (DateTime, SensorID, MeasValue) VALUES (TO_DATE('10/05/18 13:38', 'DD/MM/YY HH24:MI'), 26267, 1003.6);
INSERT INTO SENSOR (SerialNumber, CityPlaced, SensorModel, MinimValue, MaximValue, Unit, SensorType) VALUES (14757, 'Λαύριο', 'APSN-0112', 0.0, 24.9, 'km/h', 'Wind');
INSERT INTO MEASUREMENT (DateTime, SensorID, MeasValue) VALUES (TO_DATE('10/05/18 13:38', 'DD/MM/YY HH24:MI'), 14757, 6.4);
INSERT INTO SENSOR (SerialNumber, CityPlaced, SensorModel, MinimValue, MaximValue, Unit, SensorType) VALUES (635195, 'Λυκόβρυση', 'RGJKN-148', -60.0, 76.9, '°C', 'Temperature');
INSERT INTO MEASUREMENT (DateTime, SensorID, MeasValue) VALUES (TO_DATE('10/05/18 13:45', 'DD/MM/YY HH24:MI'), 635195, 21.8);
INSERT INTO SENSOR (SerialNumber, CityPlaced, SensorModel, MinimValue, MaximValue, Unit, SensorType) VALUES (933084, 'Λυκόβρυση', 'XHVYY-0542', 0, 100, '%', 'Humidity');
INSERT INTO MEASUREMENT (DateTime, SensorID, MeasValue) VALUES (TO_DATE('10/05/18 13:45', 'DD/MM/YY HH24:MI'), 933084, 60);
INSERT INTO SENSOR (SerialNumber, CityPlaced, SensorModel, MinimValue, MaximValue, Unit, SensorType) VALUES (31762, 'Λυκόβρυση', 'KTUG-242', 744.0, 1054.9, 'hPa', 'Pressure');
INSERT INTO MEASUREMENT (DateTime, SensorID, MeasValue) VALUES (TO_DATE('10/05/18 13:45', 'DD/MM/YY HH24:MI'), 31762, 1006.5);
INSERT INTO SENSOR (SerialNumber, CityPlaced, SensorModel, MinimValue, MaximValue, Unit, SensorType) VALUES (76631, 'Λυκόβρυση', 'XNVM-6689', 0.0, 22.9, 'km/h', 'Wind');
INSERT INTO MEASUREMENT (DateTime, SensorID, MeasValue) VALUES (TO_DATE('10/05/18 13:45', 'DD/MM/YY HH24:MI'), 76631, 7.4);
INSERT INTO SENSOR (SerialNumber, CityPlaced, SensorModel, MinimValue, MaximValue, Unit, SensorType) VALUES (887366, 'Μαραθώνας Παραλία', 'GOWFB-063', -55.0, 63.9, '°C', 'Temperature');
INSERT INTO MEASUREMENT (DateTime, SensorID, MeasValue) VALUES (TO_DATE('10/05/18 13:47', 'DD/MM/YY HH24:MI'), 887366, 22.6);
INSERT INTO SENSOR (SerialNumber, CityPlaced, SensorModel, MinimValue, MaximValue, Unit, SensorType) VALUES (338865, 'Μαραθώνας Παραλία', 'TFEOI-8335', 0, 100, '%', 'Humidity');
INSERT INTO MEASUREMENT (DateTime, SensorID, MeasValue) VALUES (TO_DATE('10/05/18 13:47', 'DD/MM/YY HH24:MI'), 338865, 75);
INSERT INTO SENSOR (SerialNumber, CityPlaced, SensorModel, MinimValue, MaximValue, Unit, SensorType) VALUES (35521, 'Μαραθώνας Παραλία', 'DCUE-048', 747.0, 1078.9, 'hPa', 'Pressure');
INSERT INTO MEASUREMENT (DateTime, SensorID, MeasValue) VALUES (TO_DATE('10/05/18 13:47', 'DD/MM/YY HH24:MI'), 35521, 1007.1);
INSERT INTO SENSOR (SerialNumber, CityPlaced, SensorModel, MinimValue, MaximValue, Unit, SensorType) VALUES (71970, 'Μαραθώνας Παραλία', 'OLPZ-1502', 0.0, 23.9, 'km/h', 'Wind');
INSERT INTO MEASUREMENT (DateTime, SensorID, MeasValue) VALUES (TO_DATE('10/05/18 13:47', 'DD/MM/YY HH24:MI'), 71970, 5.3);
INSERT INTO SENSOR (SerialNumber, CityPlaced, SensorModel, MinimValue, MaximValue, Unit, SensorType) VALUES (863867, 'Μαρούσι Κοκκινιά', 'QCRWN-591', -52.0, 78.9, '°C', 'Temperature');
INSERT INTO MEASUREMENT (DateTime, SensorID, MeasValue) VALUES (TO_DATE('10/05/18 13:45', 'DD/MM/YY HH24:MI'), 863867, 22.7);
INSERT INTO SENSOR (SerialNumber, CityPlaced, SensorModel, MinimValue, MaximValue, Unit, SensorType) VALUES (148030, 'Μαρούσι Κοκκινιά', 'AVXYB-3302', 0, 100, '%', 'Humidity');
INSERT INTO MEASUREMENT (DateTime, SensorID, MeasValue) VALUES (TO_DATE('10/05/18 13:45', 'DD/MM/YY HH24:MI'), 148030, 56);
INSERT INTO SENSOR (SerialNumber, CityPlaced, SensorModel, MinimValue, MaximValue, Unit, SensorType) VALUES (19596, 'Μαρούσι Κοκκινιά', 'CSPP-658', 729.0, 1081.9, 'hPa', 'Pressure');
INSERT INTO MEASUREMENT (DateTime, SensorID, MeasValue) VALUES (TO_DATE('10/05/18 13:45', 'DD/MM/YY HH24:MI'), 19596, 1007.5);
INSERT INTO SENSOR (SerialNumber, CityPlaced, SensorModel, MinimValue, MaximValue, Unit, SensorType) VALUES (51802, 'Μαρούσι Κοκκινιά', 'ZZPQ-0222', 0.0, 25.9, 'km/h', 'Wind');
INSERT INTO MEASUREMENT (DateTime, SensorID, MeasValue) VALUES (TO_DATE('10/05/18 13:45', 'DD/MM/YY HH24:MI'), 51802, 5.1);
INSERT INTO SENSOR (SerialNumber, CityPlaced, SensorModel, MinimValue, MaximValue, Unit, SensorType) VALUES (664148, 'Μενίδι', 'UYLMR-139', -57.0, 64.9, '°C', 'Temperature');
INSERT INTO MEASUREMENT (DateTime, SensorID, MeasValue) VALUES (TO_DATE('10/05/18 13:44', 'DD/MM/YY HH24:MI'), 664148, 23.8);
INSERT INTO SENSOR (SerialNumber, CityPlaced, SensorModel, MinimValue, MaximValue, Unit, SensorType) VALUES (557927, 'Μενίδι', 'VSJTR-6914', 0, 100, '%', 'Humidity');
INSERT INTO MEASUREMENT (DateTime, SensorID, MeasValue) VALUES (TO_DATE('10/05/18 13:44', 'DD/MM/YY HH24:MI'), 557927, 51);
INSERT INTO SENSOR (SerialNumber, CityPlaced, SensorModel, MinimValue, MaximValue, Unit, SensorType) VALUES (77594, 'Μενίδι', 'HLTI-965', 739.0, 1061.9, 'hPa', 'Pressure');
INSERT INTO MEASUREMENT (DateTime, SensorID, MeasValue) VALUES (TO_DATE('10/05/18 13:44', 'DD/MM/YY HH24:MI'), 77594, 1005.1);
INSERT INTO SENSOR (SerialNumber, CityPlaced, SensorModel, MinimValue, MaximValue, Unit, SensorType) VALUES (92229, 'Μενίδι', 'RQZS-5666', 0.0, 20.9, 'km/h', 'Wind');
INSERT INTO MEASUREMENT (DateTime, SensorID, MeasValue) VALUES (TO_DATE('10/05/18 13:44', 'DD/MM/YY HH24:MI'), 92229, 9.7);
INSERT INTO SENSOR (SerialNumber, CityPlaced, SensorModel, MinimValue, MaximValue, Unit, SensorType) VALUES (941092, 'Νέα Κηφισιά', 'CYTIV-066', -54.0, 78.9, '°C', 'Temperature');
INSERT INTO MEASUREMENT (DateTime, SensorID, MeasValue) VALUES (TO_DATE('10/05/18 13:47', 'DD/MM/YY HH24:MI'), 941092, 22.3);
INSERT INTO SENSOR (SerialNumber, CityPlaced, SensorModel, MinimValue, MaximValue, Unit, SensorType) VALUES (399934, 'Νέα Κηφισιά', 'VIPWO-4873', 0, 100, '%', 'Humidity');
INSERT INTO MEASUREMENT (DateTime, SensorID, MeasValue) VALUES (TO_DATE('10/05/18 13:47', 'DD/MM/YY HH24:MI'), 399934, 59);
INSERT INTO SENSOR (SerialNumber, CityPlaced, SensorModel, MinimValue, MaximValue, Unit, SensorType) VALUES (43378, 'Νέα Κηφισιά', 'LTNB-158', 718.0, 1076.9, 'hPa', 'Pressure');
INSERT INTO MEASUREMENT (DateTime, SensorID, MeasValue) VALUES (TO_DATE('10/05/18 13:47', 'DD/MM/YY HH24:MI'), 43378, 1004.8);
INSERT INTO SENSOR (SerialNumber, CityPlaced, SensorModel, MinimValue, MaximValue, Unit, SensorType) VALUES (22175, 'Νέα Κηφισιά', 'DVWB-3054', 0.0, 24.9, 'km/h', 'Wind');
INSERT INTO MEASUREMENT (DateTime, SensorID, MeasValue) VALUES (TO_DATE('10/05/18 13:47', 'DD/MM/YY HH24:MI'), 22175, 10.2);
INSERT INTO SENSOR (SerialNumber, CityPlaced, SensorModel, MinimValue, MaximValue, Unit, SensorType) VALUES (937367, 'Νέο Φάληρο 2', 'GFGRR-363', -60.0, 62.9, '°C', 'Temperature');
INSERT INTO MEASUREMENT (DateTime, SensorID, MeasValue) VALUES (TO_DATE('10/05/18 13:45', 'DD/MM/YY HH24:MI'), 937367, 24.1);
INSERT INTO SENSOR (SerialNumber, CityPlaced, SensorModel, MinimValue, MaximValue, Unit, SensorType) VALUES (381178, 'Νέο Φάληρο 2', 'TGSII-0492', 0, 100, '%', 'Humidity');
INSERT INTO MEASUREMENT (DateTime, SensorID, MeasValue) VALUES (TO_DATE('10/05/18 13:45', 'DD/MM/YY HH24:MI'), 381178, 53);
INSERT INTO SENSOR (SerialNumber, CityPlaced, SensorModel, MinimValue, MaximValue, Unit, SensorType) VALUES (39427, 'Νέο Φάληρο 2', 'UJXZ-884', 733.0, 1068.9, 'hPa', 'Pressure');
INSERT INTO MEASUREMENT (DateTime, SensorID, MeasValue) VALUES (TO_DATE('10/05/18 13:45', 'DD/MM/YY HH24:MI'), 39427, 1003.0);
INSERT INTO SENSOR (SerialNumber, CityPlaced, SensorModel, MinimValue, MaximValue, Unit, SensorType) VALUES (43109, 'Νέο Φάληρο 2', 'EFYE-5703', 0.0, 23.9, 'km/h', 'Wind');
INSERT INTO MEASUREMENT (DateTime, SensorID, MeasValue) VALUES (TO_DATE('10/05/18 13:45', 'DD/MM/YY HH24:MI'), 43109, 13.2);
INSERT INTO SENSOR (SerialNumber, CityPlaced, SensorModel, MinimValue, MaximValue, Unit, SensorType) VALUES (934221, 'Νίκαια Περιβολάκι', 'FGNUO-703', -55.0, 64.9, '°C', 'Temperature');
INSERT INTO MEASUREMENT (DateTime, SensorID, MeasValue) VALUES (TO_DATE('10/05/18 13:47', 'DD/MM/YY HH24:MI'), 934221, 23.6);
INSERT INTO SENSOR (SerialNumber, CityPlaced, SensorModel, MinimValue, MaximValue, Unit, SensorType) VALUES (561575, 'Νίκαια Περιβολάκι', 'GBATU-1202', 0, 100, '%', 'Humidity');
INSERT INTO MEASUREMENT (DateTime, SensorID, MeasValue) VALUES (TO_DATE('10/05/18 13:47', 'DD/MM/YY HH24:MI'), 561575, 71);
INSERT INTO SENSOR (SerialNumber, CityPlaced, SensorModel, MinimValue, MaximValue, Unit, SensorType) VALUES (88476, 'Νίκαια Περιβολάκι', 'WNYN-215', 738.0, 1083.9, 'hPa', 'Pressure');
INSERT INTO MEASUREMENT (DateTime, SensorID, MeasValue) VALUES (TO_DATE('10/05/18 13:47', 'DD/MM/YY HH24:MI'), 88476, 1004.5);
INSERT INTO SENSOR (SerialNumber, CityPlaced, SensorModel, MinimValue, MaximValue, Unit, SensorType) VALUES (89737, 'Νίκαια Περιβολάκι', 'KFGU-5206', 0.0, 25.9, 'km/h', 'Wind');
INSERT INTO MEASUREMENT (DateTime, SensorID, MeasValue) VALUES (TO_DATE('10/05/18 13:47', 'DD/MM/YY HH24:MI'), 89737, 10.9);
INSERT INTO SENSOR (SerialNumber, CityPlaced, SensorModel, MinimValue, MaximValue, Unit, SensorType) VALUES (328963, 'Παλαιό Φάληρο 2', 'IMWEP-999', -56.0, 66.9, '°C', 'Temperature');
INSERT INTO MEASUREMENT (DateTime, SensorID, MeasValue) VALUES (TO_DATE('10/05/18 13:45', 'DD/MM/YY HH24:MI'), 328963, 22.3);
INSERT INTO SENSOR (SerialNumber, CityPlaced, SensorModel, MinimValue, MaximValue, Unit, SensorType) VALUES (787328, 'Παλαιό Φάληρο 2', 'CMUPW-7936', 0, 100, '%', 'Humidity');
INSERT INTO MEASUREMENT (DateTime, SensorID, MeasValue) VALUES (TO_DATE('10/05/18 13:45', 'DD/MM/YY HH24:MI'), 787328, 62);
INSERT INTO SENSOR (SerialNumber, CityPlaced, SensorModel, MinimValue, MaximValue, Unit, SensorType) VALUES (12239, 'Παλαιό Φάληρο 2', 'KCQL-960', 703.0, 1070.9, 'hPa', 'Pressure');
INSERT INTO MEASUREMENT (DateTime, SensorID, MeasValue) VALUES (TO_DATE('10/05/18 13:45', 'DD/MM/YY HH24:MI'), 12239, 1004.8);
INSERT INTO MEASUREMENT (DateTime, SensorID, MeasValue) VALUES (TO_DATE('10/05/18 13:45', 'DD/MM/YY HH24:MI'), 98258, 3.8);
INSERT INTO SENSOR (SerialNumber, CityPlaced, SensorModel, MinimValue, MaximValue, Unit, SensorType) VALUES (325411, 'Παλλήνη Κάντζα', 'NIRON-127', -60.0, 69.9, '°C', 'Temperature');
INSERT INTO MEASUREMENT (DateTime, SensorID, MeasValue) VALUES (TO_DATE('10/05/18 13:40', 'DD/MM/YY HH24:MI'), 325411, 23.4);
INSERT INTO SENSOR (SerialNumber, CityPlaced, SensorModel, MinimValue, MaximValue, Unit, SensorType) VALUES (576979, 'Παλλήνη Κάντζα', 'PBVMN-3726', 0, 100, '%', 'Humidity');
INSERT INTO MEASUREMENT (DateTime, SensorID, MeasValue) VALUES (TO_DATE('10/05/18 13:40', 'DD/MM/YY HH24:MI'), 576979, 48);
INSERT INTO SENSOR (SerialNumber, CityPlaced, SensorModel, MinimValue, MaximValue, Unit, SensorType) VALUES (95215, 'Παλλήνη Κάντζα', 'SQSX-189', 722.0, 1085.9, 'hPa', 'Pressure');
INSERT INTO MEASUREMENT (DateTime, SensorID, MeasValue) VALUES (TO_DATE('10/05/18 13:40', 'DD/MM/YY HH24:MI'), 95215, 1005.1);
INSERT INTO MEASUREMENT (DateTime, SensorID, MeasValue) VALUES (TO_DATE('10/05/18 13:40', 'DD/MM/YY HH24:MI'), 38848, 2.3);
INSERT INTO SENSOR (SerialNumber, CityPlaced, SensorModel, MinimValue, MaximValue, Unit, SensorType) VALUES (810866, 'Πειραιάς Λόφος Βώκου', 'CHWOC-913', -56.0, 76.9, '°C', 'Temperature');
INSERT INTO MEASUREMENT (DateTime, SensorID, MeasValue) VALUES (TO_DATE('10/05/18 13:43', 'DD/MM/YY HH24:MI'), 810866, 23.6);
INSERT INTO SENSOR (SerialNumber, CityPlaced, SensorModel, MinimValue, MaximValue, Unit, SensorType) VALUES (995835, 'Πειραιάς Λόφος Βώκου', 'URYLG-1935', 0, 100, '%', 'Humidity');
INSERT INTO MEASUREMENT (DateTime, SensorID, MeasValue) VALUES (TO_DATE('10/05/18 13:43', 'DD/MM/YY HH24:MI'), 995835, 52);
INSERT INTO SENSOR (SerialNumber, CityPlaced, SensorModel, MinimValue, MaximValue, Unit, SensorType) VALUES (40937, 'Πειραιάς Λόφος Βώκου', 'HEDO-235', 750.0, 1078.9, 'hPa', 'Pressure');
INSERT INTO MEASUREMENT (DateTime, SensorID, MeasValue) VALUES (TO_DATE('10/05/18 13:43', 'DD/MM/YY HH24:MI'), 40937, 1006.8);
INSERT INTO SENSOR (SerialNumber, CityPlaced, SensorModel, MinimValue, MaximValue, Unit, SensorType) VALUES (44345, 'Πειραιάς Λόφος Βώκου', 'WAZL-8657', 0.0, 24.9, 'km/h', 'Wind');
INSERT INTO MEASUREMENT (DateTime, SensorID, MeasValue) VALUES (TO_DATE('10/05/18 13:43', 'DD/MM/YY HH24:MI'), 44345, 3.2);
INSERT INTO SENSOR (SerialNumber, CityPlaced, SensorModel, MinimValue, MaximValue, Unit, SensorType) VALUES (894793, 'Πειραιάς', 'HTBWW-623', -58.0, 73.9, '°C', 'Temperature');
INSERT INTO MEASUREMENT (DateTime, SensorID, MeasValue) VALUES (TO_DATE('10/05/18 13:48', 'DD/MM/YY HH24:MI'), 894793, 23.2);
INSERT INTO SENSOR (SerialNumber, CityPlaced, SensorModel, MinimValue, MaximValue, Unit, SensorType) VALUES (334181, 'Πειραιάς', 'MCMBP-8991', 0, 100, '%', 'Humidity');
INSERT INTO MEASUREMENT (DateTime, SensorID, MeasValue) VALUES (TO_DATE('10/05/18 13:48', 'DD/MM/YY HH24:MI'), 334181, 58);
INSERT INTO SENSOR (SerialNumber, CityPlaced, SensorModel, MinimValue, MaximValue, Unit, SensorType) VALUES (67649, 'Πειραιάς', 'ALSD-740', 703.0, 1080.9, 'hPa', 'Pressure');
INSERT INTO MEASUREMENT (DateTime, SensorID, MeasValue) VALUES (TO_DATE('10/05/18 13:48', 'DD/MM/YY HH24:MI'), 67649, 1005.9);
INSERT INTO SENSOR (SerialNumber, CityPlaced, SensorModel, MinimValue, MaximValue, Unit, SensorType) VALUES (71275, 'Πειραιάς', 'KJQK-8874', 0.0, 21.9, 'km/h', 'Wind');
INSERT INTO MEASUREMENT (DateTime, SensorID, MeasValue) VALUES (TO_DATE('10/05/18 13:48', 'DD/MM/YY HH24:MI'), 71275, 6.1);
INSERT INTO SENSOR (SerialNumber, CityPlaced, SensorModel, MinimValue, MaximValue, Unit, SensorType) VALUES (981548, 'Περαμα', 'CSGWW-217', -57.0, 77.9, '°C', 'Temperature');
INSERT INTO MEASUREMENT (DateTime, SensorID, MeasValue) VALUES (TO_DATE('10/05/18 13:45', 'DD/MM/YY HH24:MI'), 981548, 23.8);
INSERT INTO SENSOR (SerialNumber, CityPlaced, SensorModel, MinimValue, MaximValue, Unit, SensorType) VALUES (963740, 'Περαμα', 'JBUVS-3861', 0, 100, '%', 'Humidity');
INSERT INTO MEASUREMENT (DateTime, SensorID, MeasValue) VALUES (TO_DATE('10/05/18 13:45', 'DD/MM/YY HH24:MI'), 963740, 47);
INSERT INTO SENSOR (SerialNumber, CityPlaced, SensorModel, MinimValue, MaximValue, Unit, SensorType) VALUES (80474, 'Περαμα', 'AGUU-314', 718.0, 1062.9, 'hPa', 'Pressure');
INSERT INTO MEASUREMENT (DateTime, SensorID, MeasValue) VALUES (TO_DATE('10/05/18 13:45', 'DD/MM/YY HH24:MI'), 80474, 1006.6);
INSERT INTO SENSOR (SerialNumber, CityPlaced, SensorModel, MinimValue, MaximValue, Unit, SensorType) VALUES (94602, 'Περαμα', 'DPTX-4300', 0.0, 23.9, 'km/h', 'Wind');
INSERT INTO MEASUREMENT (DateTime, SensorID, MeasValue) VALUES (TO_DATE('10/05/18 13:45', 'DD/MM/YY HH24:MI'), 94602, 15.5);
INSERT INTO SENSOR (SerialNumber, CityPlaced, SensorModel, MinimValue, MaximValue, Unit, SensorType) VALUES (879545, 'Πόρτο Ράφτη Λιμικό', 'UYHHA-247', -53.0, 79.9, '°C', 'Temperature');
INSERT INTO MEASUREMENT (DateTime, SensorID, MeasValue) VALUES (TO_DATE('10/05/18 13:48', 'DD/MM/YY HH24:MI'), 879545, 24.3);
INSERT INTO SENSOR (SerialNumber, CityPlaced, SensorModel, MinimValue, MaximValue, Unit, SensorType) VALUES (499831, 'Πόρτο Ράφτη Λιμικό', 'YNAHH-2814', 0, 100, '%', 'Humidity');
INSERT INTO MEASUREMENT (DateTime, SensorID, MeasValue) VALUES (TO_DATE('10/05/18 13:48', 'DD/MM/YY HH24:MI'), 499831, 51);
INSERT INTO SENSOR (SerialNumber, CityPlaced, SensorModel, MinimValue, MaximValue, Unit, SensorType) VALUES (21595, 'Πόρτο Ράφτη Λιμικό', 'IWNN-572', 704.0, 1080.9, 'hPa', 'Pressure');
INSERT INTO MEASUREMENT (DateTime, SensorID, MeasValue) VALUES (TO_DATE('10/05/18 13:48', 'DD/MM/YY HH24:MI'), 21595, 1002.7);
INSERT INTO SENSOR (SerialNumber, CityPlaced, SensorModel, MinimValue, MaximValue, Unit, SensorType) VALUES (25112, 'Πόρτο Ράφτη Λιμικό', 'ERBZ-5078', 0.0, 24.9, 'km/h', 'Wind');
INSERT INTO MEASUREMENT (DateTime, SensorID, MeasValue) VALUES (TO_DATE('10/05/18 13:48', 'DD/MM/YY HH24:MI'), 25112, 8.6);
INSERT INTO SENSOR (SerialNumber, CityPlaced, SensorModel, MinimValue, MaximValue, Unit, SensorType) VALUES (165219, 'Ρέα', 'KITUS-938', -50.0, 63.9, '°C', 'Temperature');
INSERT INTO MEASUREMENT (DateTime, SensorID, MeasValue) VALUES (TO_DATE('10/05/18 13:45', 'DD/MM/YY HH24:MI'), 165219, 21.1);
INSERT INTO SENSOR (SerialNumber, CityPlaced, SensorModel, MinimValue, MaximValue, Unit, SensorType) VALUES (844113, 'Ρέα', 'VLYCZ-5022', 0, 100, '%', 'Humidity');
INSERT INTO MEASUREMENT (DateTime, SensorID, MeasValue) VALUES (TO_DATE('10/05/18 13:45', 'DD/MM/YY HH24:MI'), 844113, 61);
INSERT INTO SENSOR (SerialNumber, CityPlaced, SensorModel, MinimValue, MaximValue, Unit, SensorType) VALUES (11781, 'Ρέα', 'YLBC-594', 715.0, 1076.9, 'hPa', 'Pressure');
INSERT INTO MEASUREMENT (DateTime, SensorID, MeasValue) VALUES (TO_DATE('10/05/18 13:45', 'DD/MM/YY HH24:MI'), 11781, 1004.4);
INSERT INTO SENSOR (SerialNumber, CityPlaced, SensorModel, MinimValue, MaximValue, Unit, SensorType) VALUES (96065, 'Ρέα', 'VZRJ-5987', 0.0, 24.9, 'km/h', 'Wind');
INSERT INTO MEASUREMENT (DateTime, SensorID, MeasValue) VALUES (TO_DATE('10/05/18 13:45', 'DD/MM/YY HH24:MI'), 96065, 1.3);
INSERT INTO SENSOR (SerialNumber, CityPlaced, SensorModel, MinimValue, MaximValue, Unit, SensorType) VALUES (991570, 'Σαλαμίνα', 'CUDPR-999', -51.0, 79.9, '°C', 'Temperature');
INSERT INTO MEASUREMENT (DateTime, SensorID, MeasValue) VALUES (TO_DATE('10/05/18 13:39', 'DD/MM/YY HH24:MI'), 991570, 24.0);
INSERT INTO SENSOR (SerialNumber, CityPlaced, SensorModel, MinimValue, MaximValue, Unit, SensorType) VALUES (247205, 'Σαλαμίνα', 'DLMUV-0906', 0, 100, '%', 'Humidity');
INSERT INTO MEASUREMENT (DateTime, SensorID, MeasValue) VALUES (TO_DATE('10/05/18 13:39', 'DD/MM/YY HH24:MI'), 247205, 59);
INSERT INTO SENSOR (SerialNumber, CityPlaced, SensorModel, MinimValue, MaximValue, Unit, SensorType) VALUES (69604, 'Σαλαμίνα', 'NRPT-222', 717.0, 1072.9, 'hPa', 'Pressure');
INSERT INTO MEASUREMENT (DateTime, SensorID, MeasValue) VALUES (TO_DATE('10/05/18 13:39', 'DD/MM/YY HH24:MI'), 69604, 1005.0);
INSERT INTO SENSOR (SerialNumber, CityPlaced, SensorModel, MinimValue, MaximValue, Unit, SensorType) VALUES (35528, 'Σαλαμίνα', 'PXGD-8983', 0.0, 21.9, 'km/h', 'Wind');
INSERT INTO MEASUREMENT (DateTime, SensorID, MeasValue) VALUES (TO_DATE('10/05/18 13:39', 'DD/MM/YY HH24:MI'), 35528, 4.3);
INSERT INTO SENSOR (SerialNumber, CityPlaced, SensorModel, MinimValue, MaximValue, Unit, SensorType) VALUES (586428, 'Σχινιάς', 'SFHQR-521', -53.0, 61.9, '°C', 'Temperature');
INSERT INTO MEASUREMENT (DateTime, SensorID, MeasValue) VALUES (TO_DATE('10/05/18 13:40', 'DD/MM/YY HH24:MI'), 586428, 20.3);
INSERT INTO SENSOR (SerialNumber, CityPlaced, SensorModel, MinimValue, MaximValue, Unit, SensorType) VALUES (206125, 'Σχινιάς', 'PAJOH-9599', 0, 100, '%', 'Humidity');
INSERT INTO MEASUREMENT (DateTime, SensorID, MeasValue) VALUES (TO_DATE('10/05/18 13:40', 'DD/MM/YY HH24:MI'), 206125, 0);
INSERT INTO MEASUREMENT (DateTime, SensorID, MeasValue) VALUES (TO_DATE('10/05/18 13:40', 'DD/MM/YY HH24:MI'), 49780, 1005.4);
INSERT INTO SENSOR (SerialNumber, CityPlaced, SensorModel, MinimValue, MaximValue, Unit, SensorType) VALUES (34212, 'Σχινιάς', 'CLIL-9627', 0.0, 25.9, 'km/h', 'Wind');
INSERT INTO MEASUREMENT (DateTime, SensorID, MeasValue) VALUES (TO_DATE('10/05/18 13:40', 'DD/MM/YY HH24:MI'), 34212, 6.5);
INSERT INTO SENSOR (SerialNumber, CityPlaced, SensorModel, MinimValue, MaximValue, Unit, SensorType) VALUES (642349, 'Υμηττός', 'JQMOB-146', -56.0, 74.9, '°C', 'Temperature');
INSERT INTO MEASUREMENT (DateTime, SensorID, MeasValue) VALUES (TO_DATE('10/05/18 13:44', 'DD/MM/YY HH24:MI'), 642349, 22.7);
INSERT INTO SENSOR (SerialNumber, CityPlaced, SensorModel, MinimValue, MaximValue, Unit, SensorType) VALUES (752185, 'Υμηττός', 'QJMXC-4932', 0, 100, '%', 'Humidity');
INSERT INTO MEASUREMENT (DateTime, SensorID, MeasValue) VALUES (TO_DATE('10/05/18 13:44', 'DD/MM/YY HH24:MI'), 752185, 65);
INSERT INTO SENSOR (SerialNumber, CityPlaced, SensorModel, MinimValue, MaximValue, Unit, SensorType) VALUES (26181, 'Υμηττός', 'YJDR-057', 703.0, 1082.9, 'hPa', 'Pressure');
INSERT INTO MEASUREMENT (DateTime, SensorID, MeasValue) VALUES (TO_DATE('10/05/18 13:44', 'DD/MM/YY HH24:MI'), 26181, 753.9);
INSERT INTO SENSOR (SerialNumber, CityPlaced, SensorModel, MinimValue, MaximValue, Unit, SensorType) VALUES (29583, 'Υμηττός', 'RDZH-1713', 0.0, 22.9, 'km/h', 'Wind');
INSERT INTO MEASUREMENT (DateTime, SensorID, MeasValue) VALUES (TO_DATE('10/05/18 13:44', 'DD/MM/YY HH24:MI'), 29583, 9.1);
INSERT INTO SENSOR (SerialNumber, CityPlaced, SensorModel, MinimValue, MaximValue, Unit, SensorType) VALUES (476215, 'Χαλάνδρι 2', 'KAOYC-753', -56.0, 72.9, '°C', 'Temperature');
INSERT INTO MEASUREMENT (DateTime, SensorID, MeasValue) VALUES (TO_DATE('10/05/18 13:48', 'DD/MM/YY HH24:MI'), 476215, 22.2);
INSERT INTO SENSOR (SerialNumber, CityPlaced, SensorModel, MinimValue, MaximValue, Unit, SensorType) VALUES (858768, 'Χαλάνδρι 2', 'MODZI-9877', 0, 100, '%', 'Humidity');
INSERT INTO MEASUREMENT (DateTime, SensorID, MeasValue) VALUES (TO_DATE('10/05/18 13:48', 'DD/MM/YY HH24:MI'), 858768, 57);
INSERT INTO SENSOR (SerialNumber, CityPlaced, SensorModel, MinimValue, MaximValue, Unit, SensorType) VALUES (30736, 'Χαλάνδρι 2', 'STMI-656', 715.0, 1081.9, 'hPa', 'Pressure');
INSERT INTO MEASUREMENT (DateTime, SensorID, MeasValue) VALUES (TO_DATE('10/05/18 13:48', 'DD/MM/YY HH24:MI'), 30736, 1005.4);
INSERT INTO SENSOR (SerialNumber, CityPlaced, SensorModel, MinimValue, MaximValue, Unit, SensorType) VALUES (50487, 'Χαλάνδρι 2', 'EPLH-3653', 0.0, 23.9, 'km/h', 'Wind');
INSERT INTO MEASUREMENT (DateTime, SensorID, MeasValue) VALUES (TO_DATE('10/05/18 13:48', 'DD/MM/YY HH24:MI'), 50487, 9.0);
INSERT INTO SENSOR (SerialNumber, CityPlaced, SensorModel, MinimValue, MaximValue, Unit, SensorType) VALUES (462205, 'Αράχωβα', 'NRWFY-858', -55.0, 73.9, '°C', 'Temperature');
INSERT INTO MEASUREMENT (DateTime, SensorID, MeasValue) VALUES (TO_DATE('10/05/18 13:40', 'DD/MM/YY HH24:MI'), 462205, 16.2);
INSERT INTO SENSOR (SerialNumber, CityPlaced, SensorModel, MinimValue, MaximValue, Unit, SensorType) VALUES (542103, 'Αράχωβα', 'WAYYL-8909', 0, 100, '%', 'Humidity');
INSERT INTO MEASUREMENT (DateTime, SensorID, MeasValue) VALUES (TO_DATE('10/05/18 13:40', 'DD/MM/YY HH24:MI'), 542103, 53);
INSERT INTO SENSOR (SerialNumber, CityPlaced, SensorModel, MinimValue, MaximValue, Unit, SensorType) VALUES (96517, 'Αράχωβα', 'AOWW-192', 718.0, 1069.9, 'hPa', 'Pressure');
INSERT INTO MEASUREMENT (DateTime, SensorID, MeasValue) VALUES (TO_DATE('10/05/18 13:40', 'DD/MM/YY HH24:MI'), 96517, 1005.2);
INSERT INTO SENSOR (SerialNumber, CityPlaced, SensorModel, MinimValue, MaximValue, Unit, SensorType) VALUES (61482, 'Αράχωβα', 'KJQZ-1013', 0.0, 21.9, 'km/h', 'Wind');
INSERT INTO MEASUREMENT (DateTime, SensorID, MeasValue) VALUES (TO_DATE('10/05/18 13:40', 'DD/MM/YY HH24:MI'), 61482, 0.0);
INSERT INTO SENSOR (SerialNumber, CityPlaced, SensorModel, MinimValue, MaximValue, Unit, SensorType) VALUES (515143, 'Λιβαδειά', 'PDHIV-466', -52.0, 65.9, '°C', 'Temperature');
INSERT INTO MEASUREMENT (DateTime, SensorID, MeasValue) VALUES (TO_DATE('10/05/18 13:40', 'DD/MM/YY HH24:MI'), 515143, 23.2);
INSERT INTO SENSOR (SerialNumber, CityPlaced, SensorModel, MinimValue, MaximValue, Unit, SensorType) VALUES (290165, 'Λιβαδειά', 'FKIMU-8862', 0, 100, '%', 'Humidity');
INSERT INTO MEASUREMENT (DateTime, SensorID, MeasValue) VALUES (TO_DATE('10/05/18 13:40', 'DD/MM/YY HH24:MI'), 290165, 48);
INSERT INTO SENSOR (SerialNumber, CityPlaced, SensorModel, MinimValue, MaximValue, Unit, SensorType) VALUES (56404, 'Λιβαδειά', 'LLDR-845', 724.0, 1056.9, 'hPa', 'Pressure');
INSERT INTO MEASUREMENT (DateTime, SensorID, MeasValue) VALUES (TO_DATE('10/05/18 13:40', 'DD/MM/YY HH24:MI'), 56404, 1006.0);
INSERT INTO SENSOR (SerialNumber, CityPlaced, SensorModel, MinimValue, MaximValue, Unit, SensorType) VALUES (95221, 'Λιβαδειά', 'DMXQ-2305', 0.0, 22.9, 'km/h', 'Wind');
INSERT INTO MEASUREMENT (DateTime, SensorID, MeasValue) VALUES (TO_DATE('10/05/18 13:40', 'DD/MM/YY HH24:MI'), 95221, 1.9);
INSERT INTO SENSOR (SerialNumber, CityPlaced, SensorModel, MinimValue, MaximValue, Unit, SensorType) VALUES (842982, 'Οινόφυτα', 'PVCZI-098', -60.0, 68.9, '°C', 'Temperature');
INSERT INTO MEASUREMENT (DateTime, SensorID, MeasValue) VALUES (TO_DATE('10/05/18 13:48', 'DD/MM/YY HH24:MI'), 842982, 18.1);
INSERT INTO SENSOR (SerialNumber, CityPlaced, SensorModel, MinimValue, MaximValue, Unit, SensorType) VALUES (245302, 'Οινόφυτα', 'QHIMJ-2042', 0, 100, '%', 'Humidity');
INSERT INTO MEASUREMENT (DateTime, SensorID, MeasValue) VALUES (TO_DATE('10/05/18 13:48', 'DD/MM/YY HH24:MI'), 245302, 83);
INSERT INTO SENSOR (SerialNumber, CityPlaced, SensorModel, MinimValue, MaximValue, Unit, SensorType) VALUES (15099, 'Οινόφυτα', 'WULZ-806', 702.0, 1064.9, 'hPa', 'Pressure');
INSERT INTO MEASUREMENT (DateTime, SensorID, MeasValue) VALUES (TO_DATE('10/05/18 13:48', 'DD/MM/YY HH24:MI'), 15099, 1006.1);
INSERT INTO SENSOR (SerialNumber, CityPlaced, SensorModel, MinimValue, MaximValue, Unit, SensorType) VALUES (38225, 'Οινόφυτα', 'IEEB-1152', 0.0, 22.9, 'km/h', 'Wind');
INSERT INTO MEASUREMENT (DateTime, SensorID, MeasValue) VALUES (TO_DATE('10/05/18 13:48', 'DD/MM/YY HH24:MI'), 38225, 1.1);
INSERT INTO SENSOR (SerialNumber, CityPlaced, SensorModel, MinimValue, MaximValue, Unit, SensorType) VALUES (177281, 'Παρνασσός Σκαμνός', 'TDOOA-010', -53.0, 77.9, '°C', 'Temperature');
INSERT INTO MEASUREMENT (DateTime, SensorID, MeasValue) VALUES (TO_DATE('10/05/18 13:44', 'DD/MM/YY HH24:MI'), 177281, 11.0);
INSERT INTO SENSOR (SerialNumber, CityPlaced, SensorModel, MinimValue, MaximValue, Unit, SensorType) VALUES (443219, 'Παρνασσός Σκαμνός', 'XZZRX-7048', 0, 100, '%', 'Humidity');
INSERT INTO MEASUREMENT (DateTime, SensorID, MeasValue) VALUES (TO_DATE('10/05/18 13:44', 'DD/MM/YY HH24:MI'), 443219, 87);
INSERT INTO SENSOR (SerialNumber, CityPlaced, SensorModel, MinimValue, MaximValue, Unit, SensorType) VALUES (76625, 'Παρνασσός Σκαμνός', 'CEWD-014', 711.0, 1075.9, 'hPa', 'Pressure');
INSERT INTO MEASUREMENT (DateTime, SensorID, MeasValue) VALUES (TO_DATE('10/05/18 13:44', 'DD/MM/YY HH24:MI'), 76625, 1017.7);
INSERT INTO SENSOR (SerialNumber, CityPlaced, SensorModel, MinimValue, MaximValue, Unit, SensorType) VALUES (14992, 'Παρνασσός Σκαμνός', 'QITJ-2792', 0.0, 23.9, 'km/h', 'Wind');
INSERT INTO MEASUREMENT (DateTime, SensorID, MeasValue) VALUES (TO_DATE('10/05/18 13:44', 'DD/MM/YY HH24:MI'), 14992, 0.0);
INSERT INTO SENSOR (SerialNumber, CityPlaced, SensorModel, MinimValue, MaximValue, Unit, SensorType) VALUES (588479, 'Ιστιαία', 'ISXWS-348', -55.0, 67.9, '°C', 'Temperature');
INSERT INTO MEASUREMENT (DateTime, SensorID, MeasValue) VALUES (TO_DATE('10/05/18 13:45', 'DD/MM/YY HH24:MI'), 588479, 20.8);
INSERT INTO SENSOR (SerialNumber, CityPlaced, SensorModel, MinimValue, MaximValue, Unit, SensorType) VALUES (521342, 'Ιστιαία', 'ELOBR-2381', 0, 100, '%', 'Humidity');
INSERT INTO MEASUREMENT (DateTime, SensorID, MeasValue) VALUES (TO_DATE('10/05/18 13:45', 'DD/MM/YY HH24:MI'), 521342, 74);
INSERT INTO SENSOR (SerialNumber, CityPlaced, SensorModel, MinimValue, MaximValue, Unit, SensorType) VALUES (20294, 'Ιστιαία', 'RZOX-647', 700.0, 1100.9, 'hPa', 'Pressure');
INSERT INTO MEASUREMENT (DateTime, SensorID, MeasValue) VALUES (TO_DATE('10/05/18 13:45', 'DD/MM/YY HH24:MI'), 20294, 1006.9);
INSERT INTO SENSOR (SerialNumber, CityPlaced, SensorModel, MinimValue, MaximValue, Unit, SensorType) VALUES (37050, 'Ιστιαία', 'MVJR-1113', 0.0, 22.9, 'km/h', 'Wind');
INSERT INTO MEASUREMENT (DateTime, SensorID, MeasValue) VALUES (TO_DATE('10/05/18 13:45', 'DD/MM/YY HH24:MI'), 37050, 4.8);
INSERT INTO SENSOR (SerialNumber, CityPlaced, SensorModel, MinimValue, MaximValue, Unit, SensorType) VALUES (416615, 'Κάρυστος', 'BDQQI-426', -50.0, 76.9, '°C', 'Temperature');
INSERT INTO MEASUREMENT (DateTime, SensorID, MeasValue) VALUES (TO_DATE('10/05/18 13:39', 'DD/MM/YY HH24:MI'), 416615, 22.3);
INSERT INTO SENSOR (SerialNumber, CityPlaced, SensorModel, MinimValue, MaximValue, Unit, SensorType) VALUES (237662, 'Κάρυστος', 'QMZGL-4000', 0, 100, '%', 'Humidity');
INSERT INTO MEASUREMENT (DateTime, SensorID, MeasValue) VALUES (TO_DATE('10/05/18 13:39', 'DD/MM/YY HH24:MI'), 237662, 74);
INSERT INTO SENSOR (SerialNumber, CityPlaced, SensorModel, MinimValue, MaximValue, Unit, SensorType) VALUES (40929, 'Κάρυστος', 'TTRN-976', 740.0, 1085.9, 'hPa', 'Pressure');
INSERT INTO MEASUREMENT (DateTime, SensorID, MeasValue) VALUES (TO_DATE('10/05/18 13:39', 'DD/MM/YY HH24:MI'), 40929, 1007.3);
INSERT INTO SENSOR (SerialNumber, CityPlaced, SensorModel, MinimValue, MaximValue, Unit, SensorType) VALUES (18999, 'Κάρυστος', 'LYYY-0910', 0.0, 23.9, 'km/h', 'Wind');
INSERT INTO MEASUREMENT (DateTime, SensorID, MeasValue) VALUES (TO_DATE('10/05/18 13:39', 'DD/MM/YY HH24:MI'), 18999, 6.2);
INSERT INTO SENSOR (SerialNumber, CityPlaced, SensorModel, MinimValue, MaximValue, Unit, SensorType) VALUES (432298, 'Καβοντόρος Πρινιά', 'GLENM-754', -55.0, 78.9, '°C', 'Temperature');
INSERT INTO MEASUREMENT (DateTime, SensorID, MeasValue) VALUES (TO_DATE('10/05/18 13:44', 'DD/MM/YY HH24:MI'), 432298, 18.5);
INSERT INTO SENSOR (SerialNumber, CityPlaced, SensorModel, MinimValue, MaximValue, Unit, SensorType) VALUES (709208, 'Καβοντόρος Πρινιά', 'ZVKTC-5548', 0, 100, '%', 'Humidity');
INSERT INTO MEASUREMENT (DateTime, SensorID, MeasValue) VALUES (TO_DATE('10/05/18 13:44', 'DD/MM/YY HH24:MI'), 709208, 85);
INSERT INTO SENSOR (SerialNumber, CityPlaced, SensorModel, MinimValue, MaximValue, Unit, SensorType) VALUES (54009, 'Καβοντόρος Πρινιά', 'RDYZ-586', 722.0, 1059.9, 'hPa', 'Pressure');
INSERT INTO MEASUREMENT (DateTime, SensorID, MeasValue) VALUES (TO_DATE('10/05/18 13:44', 'DD/MM/YY HH24:MI'), 54009, 1005.1);
INSERT INTO SENSOR (SerialNumber, CityPlaced, SensorModel, MinimValue, MaximValue, Unit, SensorType) VALUES (23216, 'Καβοντόρος Πρινιά', 'ODBV-3831', 0.0, 25.9, 'km/h', 'Wind');
INSERT INTO MEASUREMENT (DateTime, SensorID, MeasValue) VALUES (TO_DATE('10/05/18 13:44', 'DD/MM/YY HH24:MI'), 23216, 18.2);
INSERT INTO SENSOR (SerialNumber, CityPlaced, SensorModel, MinimValue, MaximValue, Unit, SensorType) VALUES (449172, 'Σέττα', 'IJHHS-478', -56.0, 79.9, '°C', 'Temperature');
INSERT INTO MEASUREMENT (DateTime, SensorID, MeasValue) VALUES (TO_DATE('10/05/18 13:43', 'DD/MM/YY HH24:MI'), 449172, 13.2);
INSERT INTO SENSOR (SerialNumber, CityPlaced, SensorModel, MinimValue, MaximValue, Unit, SensorType) VALUES (239626, 'Σέττα', 'MZVJU-9250', 0, 100, '%', 'Humidity');
INSERT INTO MEASUREMENT (DateTime, SensorID, MeasValue) VALUES (TO_DATE('10/05/18 13:43', 'DD/MM/YY HH24:MI'), 239626, 83);
INSERT INTO MEASUREMENT (DateTime, SensorID, MeasValue) VALUES (TO_DATE('10/05/18 13:43', 'DD/MM/YY HH24:MI'), 47184, 1006.3);
INSERT INTO SENSOR (SerialNumber, CityPlaced, SensorModel, MinimValue, MaximValue, Unit, SensorType) VALUES (47655, 'Σέττα', 'HDTX-3488', 0.0, 22.9, 'km/h', 'Wind');
INSERT INTO MEASUREMENT (DateTime, SensorID, MeasValue) VALUES (TO_DATE('10/05/18 13:43', 'DD/MM/YY HH24:MI'), 47655, 0.3);
INSERT INTO SENSOR (SerialNumber, CityPlaced, SensorModel, MinimValue, MaximValue, Unit, SensorType) VALUES (186892, 'Χαλκίδα, Δροσιά Ανθηδώνος', 'XXBAN-146', -52.0, 76.9, '°C', 'Temperature');
INSERT INTO MEASUREMENT (DateTime, SensorID, MeasValue) VALUES (TO_DATE('10/05/18 13:37', 'DD/MM/YY HH24:MI'), 186892, 19.9);
INSERT INTO SENSOR (SerialNumber, CityPlaced, SensorModel, MinimValue, MaximValue, Unit, SensorType) VALUES (385287, 'Χαλκίδα, Δροσιά Ανθηδώνος', 'MAQOY-4116', 0, 100, '%', 'Humidity');
INSERT INTO MEASUREMENT (DateTime, SensorID, MeasValue) VALUES (TO_DATE('10/05/18 13:37', 'DD/MM/YY HH24:MI'), 385287, 77);
INSERT INTO SENSOR (SerialNumber, CityPlaced, SensorModel, MinimValue, MaximValue, Unit, SensorType) VALUES (44955, 'Χαλκίδα, Δροσιά Ανθηδώνος', 'FRYQ-515', 744.0, 1067.9, 'hPa', 'Pressure');
INSERT INTO MEASUREMENT (DateTime, SensorID, MeasValue) VALUES (TO_DATE('10/05/18 13:37', 'DD/MM/YY HH24:MI'), 44955, 1004.9);
INSERT INTO SENSOR (SerialNumber, CityPlaced, SensorModel, MinimValue, MaximValue, Unit, SensorType) VALUES (19280, 'Χαλκίδα, Δροσιά Ανθηδώνος', 'JAQT-0309', 0.0, 24.9, 'km/h', 'Wind');
INSERT INTO MEASUREMENT (DateTime, SensorID, MeasValue) VALUES (TO_DATE('10/05/18 13:37', 'DD/MM/YY HH24:MI'), 19280, 5.6);
INSERT INTO SENSOR (SerialNumber, CityPlaced, SensorModel, MinimValue, MaximValue, Unit, SensorType) VALUES (243704, 'Χαλκίδα', 'JDIMI-445', -50.0, 60.9, '°C', 'Temperature');
INSERT INTO MEASUREMENT (DateTime, SensorID, MeasValue) VALUES (TO_DATE('10/05/18 13:45', 'DD/MM/YY HH24:MI'), 243704, 19.5);
INSERT INTO SENSOR (SerialNumber, CityPlaced, SensorModel, MinimValue, MaximValue, Unit, SensorType) VALUES (604085, 'Χαλκίδα', 'ZLCAW-3582', 0, 100, '%', 'Humidity');
INSERT INTO MEASUREMENT (DateTime, SensorID, MeasValue) VALUES (TO_DATE('10/05/18 13:45', 'DD/MM/YY HH24:MI'), 604085, 79);
INSERT INTO SENSOR (SerialNumber, CityPlaced, SensorModel, MinimValue, MaximValue, Unit, SensorType) VALUES (97513, 'Χαλκίδα', 'OZZX-233', 726.0, 1052.9, 'hPa', 'Pressure');
INSERT INTO MEASUREMENT (DateTime, SensorID, MeasValue) VALUES (TO_DATE('10/05/18 13:45', 'DD/MM/YY HH24:MI'), 97513, 1006.1);
INSERT INTO SENSOR (SerialNumber, CityPlaced, SensorModel, MinimValue, MaximValue, Unit, SensorType) VALUES (96914, 'Χαλκίδα', 'QWVP-9371', 0.0, 22.9, 'km/h', 'Wind');
INSERT INTO MEASUREMENT (DateTime, SensorID, MeasValue) VALUES (TO_DATE('10/05/18 13:45', 'DD/MM/YY HH24:MI'), 96914, 8.1);
INSERT INTO SENSOR (SerialNumber, CityPlaced, SensorModel, MinimValue, MaximValue, Unit, SensorType) VALUES (267583, 'Ωρεοί', 'DQYEM-017', -59.0, 76.9, '°C', 'Temperature');
INSERT INTO MEASUREMENT (DateTime, SensorID, MeasValue) VALUES (TO_DATE('10/05/18 13:45', 'DD/MM/YY HH24:MI'), 267583, 21.6);
INSERT INTO SENSOR (SerialNumber, CityPlaced, SensorModel, MinimValue, MaximValue, Unit, SensorType) VALUES (924250, 'Ωρεοί', 'TKTEI-8639', 0, 100, '%', 'Humidity');
INSERT INTO MEASUREMENT (DateTime, SensorID, MeasValue) VALUES (TO_DATE('10/05/18 13:45', 'DD/MM/YY HH24:MI'), 924250, 64);
INSERT INTO SENSOR (SerialNumber, CityPlaced, SensorModel, MinimValue, MaximValue, Unit, SensorType) VALUES (62778, 'Ωρεοί', 'BNBC-289', 711.0, 1070.9, 'hPa', 'Pressure');
INSERT INTO MEASUREMENT (DateTime, SensorID, MeasValue) VALUES (TO_DATE('10/05/18 13:45', 'DD/MM/YY HH24:MI'), 62778, 1003.9);
INSERT INTO SENSOR (SerialNumber, CityPlaced, SensorModel, MinimValue, MaximValue, Unit, SensorType) VALUES (73404, 'Ωρεοί', 'DWOS-1558', 0.0, 24.9, 'km/h', 'Wind');
INSERT INTO MEASUREMENT (DateTime, SensorID, MeasValue) VALUES (TO_DATE('10/05/18 13:45', 'DD/MM/YY HH24:MI'), 73404, 4.6);
INSERT INTO SENSOR (SerialNumber, CityPlaced, SensorModel, MinimValue, MaximValue, Unit, SensorType) VALUES (837316, 'Αμφίκλεια Δαδί', 'JYZFS-149', -51.0, 65.9, '°C', 'Temperature');
INSERT INTO MEASUREMENT (DateTime, SensorID, MeasValue) VALUES (TO_DATE('10/05/18 13:45', 'DD/MM/YY HH24:MI'), 837316, 19.1);
INSERT INTO SENSOR (SerialNumber, CityPlaced, SensorModel, MinimValue, MaximValue, Unit, SensorType) VALUES (964786, 'Αμφίκλεια Δαδί', 'RGTGV-2234', 0, 100, '%', 'Humidity');
INSERT INTO MEASUREMENT (DateTime, SensorID, MeasValue) VALUES (TO_DATE('10/05/18 13:45', 'DD/MM/YY HH24:MI'), 964786, 53);
INSERT INTO SENSOR (SerialNumber, CityPlaced, SensorModel, MinimValue, MaximValue, Unit, SensorType) VALUES (11545, 'Αμφίκλεια Δαδί', 'FUTA-881', 737.0, 1066.9, 'hPa', 'Pressure');
INSERT INTO MEASUREMENT (DateTime, SensorID, MeasValue) VALUES (TO_DATE('10/05/18 13:45', 'DD/MM/YY HH24:MI'), 11545, 1006.0);
INSERT INTO SENSOR (SerialNumber, CityPlaced, SensorModel, MinimValue, MaximValue, Unit, SensorType) VALUES (91944, 'Αμφίκλεια Δαδί', 'PDGG-3547', 0.0, 21.9, 'km/h', 'Wind');
INSERT INTO MEASUREMENT (DateTime, SensorID, MeasValue) VALUES (TO_DATE('10/05/18 13:45', 'DD/MM/YY HH24:MI'), 91944, 5.4);
INSERT INTO SENSOR (SerialNumber, CityPlaced, SensorModel, MinimValue, MaximValue, Unit, SensorType) VALUES (136105, 'Καμμένα Βούρλα, Καινούργιο', 'KDSUN-985', -55.0, 74.9, '°C', 'Temperature');
INSERT INTO MEASUREMENT (DateTime, SensorID, MeasValue) VALUES (TO_DATE('10/05/18 13:43', 'DD/MM/YY HH24:MI'), 136105, 21.7);
INSERT INTO SENSOR (SerialNumber, CityPlaced, SensorModel, MinimValue, MaximValue, Unit, SensorType) VALUES (904948, 'Καμμένα Βούρλα, Καινούργιο', 'IAHIU-8312', 0, 100, '%', 'Humidity');
INSERT INTO MEASUREMENT (DateTime, SensorID, MeasValue) VALUES (TO_DATE('10/05/18 13:43', 'DD/MM/YY HH24:MI'), 904948, 69);
INSERT INTO SENSOR (SerialNumber, CityPlaced, SensorModel, MinimValue, MaximValue, Unit, SensorType) VALUES (47493, 'Καμμένα Βούρλα, Καινούργιο', 'VYNJ-801', 703.0, 1051.9, 'hPa', 'Pressure');
INSERT INTO MEASUREMENT (DateTime, SensorID, MeasValue) VALUES (TO_DATE('10/05/18 13:43', 'DD/MM/YY HH24:MI'), 47493, 1005.8);
INSERT INTO SENSOR (SerialNumber, CityPlaced, SensorModel, MinimValue, MaximValue, Unit, SensorType) VALUES (30192, 'Καμμένα Βούρλα, Καινούργιο', 'RIQR-6367', 0.0, 22.9, 'km/h', 'Wind');
INSERT INTO MEASUREMENT (DateTime, SensorID, MeasValue) VALUES (TO_DATE('10/05/18 13:43', 'DD/MM/YY HH24:MI'), 30192, 4.0);
INSERT INTO SENSOR (SerialNumber, CityPlaced, SensorModel, MinimValue, MaximValue, Unit, SensorType) VALUES (113801, 'Λαμία Άμπλιανη', 'LNXQW-802', -51.0, 62.9, '°C', 'Temperature');
INSERT INTO MEASUREMENT (DateTime, SensorID, MeasValue) VALUES (TO_DATE('10/05/18 13:40', 'DD/MM/YY HH24:MI'), 113801, 22.6);
INSERT INTO SENSOR (SerialNumber, CityPlaced, SensorModel, MinimValue, MaximValue, Unit, SensorType) VALUES (184249, 'Λαμία Άμπλιανη', 'LROJL-3099', 0, 100, '%', 'Humidity');
INSERT INTO MEASUREMENT (DateTime, SensorID, MeasValue) VALUES (TO_DATE('10/05/18 13:40', 'DD/MM/YY HH24:MI'), 184249, 49);
INSERT INTO SENSOR (SerialNumber, CityPlaced, SensorModel, MinimValue, MaximValue, Unit, SensorType) VALUES (69330, 'Λαμία Άμπλιανη', 'IRCF-758', 723.0, 1068.9, 'hPa', 'Pressure');
INSERT INTO MEASUREMENT (DateTime, SensorID, MeasValue) VALUES (TO_DATE('10/05/18 13:40', 'DD/MM/YY HH24:MI'), 69330, 1004.8);
INSERT INTO SENSOR (SerialNumber, CityPlaced, SensorModel, MinimValue, MaximValue, Unit, SensorType) VALUES (38689, 'Λαμία Άμπλιανη', 'FGNZ-0435', 0.0, 20.9, 'km/h', 'Wind');
INSERT INTO MEASUREMENT (DateTime, SensorID, MeasValue) VALUES (TO_DATE('10/05/18 13:40', 'DD/MM/YY HH24:MI'), 38689, 12.3);
INSERT INTO SENSOR (SerialNumber, CityPlaced, SensorModel, MinimValue, MaximValue, Unit, SensorType) VALUES (739766, 'Ράχες', 'VJGGK-162', -57.0, 64.9, '°C', 'Temperature');
INSERT INTO MEASUREMENT (DateTime, SensorID, MeasValue) VALUES (TO_DATE('10/05/18 13:45', 'DD/MM/YY HH24:MI'), 739766, 22.9);
INSERT INTO SENSOR (SerialNumber, CityPlaced, SensorModel, MinimValue, MaximValue, Unit, SensorType) VALUES (919833, 'Ράχες', 'CRNXZ-1787', 0, 100, '%', 'Humidity');
INSERT INTO MEASUREMENT (DateTime, SensorID, MeasValue) VALUES (TO_DATE('10/05/18 13:45', 'DD/MM/YY HH24:MI'), 919833, 62);
INSERT INTO SENSOR (SerialNumber, CityPlaced, SensorModel, MinimValue, MaximValue, Unit, SensorType) VALUES (17568, 'Ράχες', 'CSPU-483', 716.0, 1061.9, 'hPa', 'Pressure');
INSERT INTO MEASUREMENT (DateTime, SensorID, MeasValue) VALUES (TO_DATE('10/05/18 13:45', 'DD/MM/YY HH24:MI'), 17568, 1005.8);
INSERT INTO SENSOR (SerialNumber, CityPlaced, SensorModel, MinimValue, MaximValue, Unit, SensorType) VALUES (32145, 'Ράχες', 'ZPFS-3865', 0.0, 20.9, 'km/h', 'Wind');
INSERT INTO MEASUREMENT (DateTime, SensorID, MeasValue) VALUES (TO_DATE('10/05/18 13:45', 'DD/MM/YY HH24:MI'), 32145, 10.1);
INSERT INTO SENSOR (SerialNumber, CityPlaced, SensorModel, MinimValue, MaximValue, Unit, SensorType) VALUES (293893, 'Παρνασσός Πολύδροσο', 'BNOYF-360', -58.0, 63.9, '°C', 'Temperature');
INSERT INTO MEASUREMENT (DateTime, SensorID, MeasValue) VALUES (TO_DATE('10/05/18 13:48', 'DD/MM/YY HH24:MI'), 293893, 19.9);
INSERT INTO SENSOR (SerialNumber, CityPlaced, SensorModel, MinimValue, MaximValue, Unit, SensorType) VALUES (892995, 'Παρνασσός Πολύδροσο', 'LBXZZ-3765', 0, 100, '%', 'Humidity');
INSERT INTO MEASUREMENT (DateTime, SensorID, MeasValue) VALUES (TO_DATE('10/05/18 13:48', 'DD/MM/YY HH24:MI'), 892995, 50);
INSERT INTO SENSOR (SerialNumber, CityPlaced, SensorModel, MinimValue, MaximValue, Unit, SensorType) VALUES (71161, 'Παρνασσός Πολύδροσο', 'JOFE-195', 737.0, 1050.9, 'hPa', 'Pressure');
INSERT INTO MEASUREMENT (DateTime, SensorID, MeasValue) VALUES (TO_DATE('10/05/18 13:48', 'DD/MM/YY HH24:MI'), 71161, 1000.8);
INSERT INTO SENSOR (SerialNumber, CityPlaced, SensorModel, MinimValue, MaximValue, Unit, SensorType) VALUES (73633, 'Παρνασσός Πολύδροσο', 'MOLE-7716', 0.0, 25.9, 'km/h', 'Wind');
INSERT INTO MEASUREMENT (DateTime, SensorID, MeasValue) VALUES (TO_DATE('10/05/18 13:48', 'DD/MM/YY HH24:MI'), 73633, 1.2);

COMMIT;

MERGE INTO MONTHLY_STATISTICS
USING (SELECT S.CITYPLACED AS City, MIN(M.MEASVALUE) AS Minim, MAX(M.MEASVALUE) AS Maxim, ROUND(AVG(M.MEASVALUE),1) AS Avrg, S.SENSORTYPE AS S_Type, TO_CHAR(M.DATETIME, 'MM/YY') AS CurDate
FROM MEASUREMENT M INNER JOIN SENSOR S ON M.SENSORID = S.SERIALNUMBER
WHERE TO_CHAR(M.DATETIME, 'MM/YY') = '05/18'
GROUP BY S.CITYPLACED, S.SENSORTYPE, TO_CHAR(M.DATETIME, 'MM/YY')) TMP
ON (TMP.City = M_STATCITY AND TMP.CurDate = TO_CHAR(MONTHID, 'MM/YY') AND TMP.S_Type = M_STATTYPE)
WHEN NOT MATCHED THEN INSERT (MONTHID, M_STATCITY, M_STATMIN, M_STATMAX, M_STATAVG, M_STATTYPE) VALUES (TO_DATE(TMP.CurDate, 'MM/YY'), TMP.City, TMP.Minim, TMP.Maxim, TMP.Avrg, TMP.S_Type)
WHEN MATCHED THEN UPDATE SET M_STATMIN = TMP.Minim, M_STATMAX = TMP.Maxim, M_STATAVG = TMP.Avrg;

MERGE INTO DAILY_STATISTICS
USING (SELECT S.CITYPLACED AS City, MIN(M.MEASVALUE) AS Minim, MAX(M.MEASVALUE) AS Maxim, ROUND(AVG(M.MEASVALUE),1) AS Avrg, S.SENSORTYPE AS S_Type, TO_CHAR(M.DATETIME, 'DD/MM/YY') AS CurDate
FROM MEASUREMENT M INNER JOIN SENSOR S ON M.SENSORID = S.SERIALNUMBER
WHERE TO_CHAR(M.DATETIME, 'DD/MM/YY') = '10/05/18'
GROUP BY S.CITYPLACED, S.SENSORTYPE, TO_CHAR(M.DATETIME, 'DD/MM/YY')) TMP
ON (TMP.City = D_STATCITY AND TMP.CurDate = TO_CHAR(DAYID, 'DD/MM/YY') AND TMP.S_Type = D_STATTYPE)
WHEN NOT MATCHED THEN INSERT (DAYID, D_STATCITY, D_STATMIN, D_STATMAX, D_STATAVG, D_STATTYPE) VALUES (TO_DATE(TMP.CurDate, 'DD/MM/YY'), TMP.City, TMP.Minim, TMP.Maxim, TMP.Avrg, TMP.S_Type)
WHEN MATCHED THEN UPDATE SET D_STATMIN = TMP.Minim, D_STATMAX = TMP.Maxim, D_STATAVG = TMP.Avrg;

COMMIT;

INSERT INTO SENSOR (SerialNumber, CityPlaced, SensorModel, MinimValue, MaximValue, Unit, SensorType) VALUES (543389, 'Νάξος Γαλανάδον', 'MZSST-959', -55.0, 66.9, '°C', 'Temperature');
INSERT INTO MEASUREMENT (DateTime, SensorID, MeasValue) VALUES (TO_DATE('10/05/18 14:45', 'DD/MM/YY HH24:MI'), 543389, 25.0);
INSERT INTO SENSOR (SerialNumber, CityPlaced, SensorModel, MinimValue, MaximValue, Unit, SensorType) VALUES (938678, 'Νάξος Γαλανάδον', 'YWWVO-7888', 0, 100, '%', 'Humidity');
INSERT INTO MEASUREMENT (DateTime, SensorID, MeasValue) VALUES (TO_DATE('10/05/18 14:45', 'DD/MM/YY HH24:MI'), 938678, 52);
INSERT INTO SENSOR (SerialNumber, CityPlaced, SensorModel, MinimValue, MaximValue, Unit, SensorType) VALUES (94307, 'Νάξος Γαλανάδον', 'HUVT-481', 703.0, 1063.9, 'hPa', 'Pressure');
INSERT INTO MEASUREMENT (DateTime, SensorID, MeasValue) VALUES (TO_DATE('10/05/18 14:45', 'DD/MM/YY HH24:MI'), 94307, 1008.3);
INSERT INTO SENSOR (SerialNumber, CityPlaced, SensorModel, MinimValue, MaximValue, Unit, SensorType) VALUES (60551, 'Νάξος Γαλανάδον', 'ZRYA-2889', 0.0, 24.9, 'km/h', 'Wind');
INSERT INTO MEASUREMENT (DateTime, SensorID, MeasValue) VALUES (TO_DATE('10/05/18 14:45', 'DD/MM/YY HH24:MI'), 60551, 7.7);
INSERT INTO SENSOR (SerialNumber, CityPlaced, SensorModel, MinimValue, MaximValue, Unit, SensorType) VALUES (242920, 'Αρτα', 'WRHEE-729', -55.0, 71.9, '°C', 'Temperature');
INSERT INTO MEASUREMENT (DateTime, SensorID, MeasValue) VALUES (TO_DATE('10/05/18 13:54', 'DD/MM/YY HH24:MI'), 242920, 22.7);
INSERT INTO SENSOR (SerialNumber, CityPlaced, SensorModel, MinimValue, MaximValue, Unit, SensorType) VALUES (663384, 'Αρτα', 'ASGFD-4567', 0, 100, '%', 'Humidity');
INSERT INTO MEASUREMENT (DateTime, SensorID, MeasValue) VALUES (TO_DATE('10/05/18 13:54', 'DD/MM/YY HH24:MI'), 663384, 67);
INSERT INTO SENSOR (SerialNumber, CityPlaced, SensorModel, MinimValue, MaximValue, Unit, SensorType) VALUES (94835, 'Αρτα', 'AWYK-114', 727.0, 1082.9, 'hPa', 'Pressure');
INSERT INTO MEASUREMENT (DateTime, SensorID, MeasValue) VALUES (TO_DATE('10/05/18 13:54', 'DD/MM/YY HH24:MI'), 94835, 1007.6);
INSERT INTO SENSOR (SerialNumber, CityPlaced, SensorModel, MinimValue, MaximValue, Unit, SensorType) VALUES (92122, 'Αρτα', 'KCGI-8666', 0.0, 20.9, 'km/h', 'Wind');
INSERT INTO MEASUREMENT (DateTime, SensorID, MeasValue) VALUES (TO_DATE('10/05/18 13:54', 'DD/MM/YY HH24:MI'), 92122, 1.9);
INSERT INTO SENSOR (SerialNumber, CityPlaced, SensorModel, MinimValue, MaximValue, Unit, SensorType) VALUES (610749, 'Θεοδώριανα', 'BAFDN-397', -52.0, 70.9, '°C', 'Temperature');
INSERT INTO MEASUREMENT (DateTime, SensorID, MeasValue) VALUES (TO_DATE('10/05/18 14:43', 'DD/MM/YY HH24:MI'), 610749, 14.4);
INSERT INTO SENSOR (SerialNumber, CityPlaced, SensorModel, MinimValue, MaximValue, Unit, SensorType) VALUES (477890, 'Θεοδώριανα', 'LAPUN-6266', 0, 100, '%', 'Humidity');
INSERT INTO MEASUREMENT (DateTime, SensorID, MeasValue) VALUES (TO_DATE('10/05/18 14:43', 'DD/MM/YY HH24:MI'), 477890, 70);
INSERT INTO SENSOR (SerialNumber, CityPlaced, SensorModel, MinimValue, MaximValue, Unit, SensorType) VALUES (91987, 'Θεοδώριανα', 'WUGK-108', 724.0, 1077.9, 'hPa', 'Pressure');
INSERT INTO MEASUREMENT (DateTime, SensorID, MeasValue) VALUES (TO_DATE('10/05/18 14:43', 'DD/MM/YY HH24:MI'), 91987, 1006.8);
INSERT INTO SENSOR (SerialNumber, CityPlaced, SensorModel, MinimValue, MaximValue, Unit, SensorType) VALUES (11015, 'Θεοδώριανα', 'VXAJ-7659', 0.0, 20.9, 'km/h', 'Wind');
INSERT INTO MEASUREMENT (DateTime, SensorID, MeasValue) VALUES (TO_DATE('10/05/18 14:43', 'DD/MM/YY HH24:MI'), 11015, 7.5);
INSERT INTO SENSOR (SerialNumber, CityPlaced, SensorModel, MinimValue, MaximValue, Unit, SensorType) VALUES (692111, 'Κομπότι', 'GRRJY-990', -57.0, 64.9, '°C', 'Temperature');
INSERT INTO MEASUREMENT (DateTime, SensorID, MeasValue) VALUES (TO_DATE('10/05/18 14:45', 'DD/MM/YY HH24:MI'), 692111, 22.1);
INSERT INTO SENSOR (SerialNumber, CityPlaced, SensorModel, MinimValue, MaximValue, Unit, SensorType) VALUES (850230, 'Κομπότι', 'YFOVI-8120', 0, 100, '%', 'Humidity');
INSERT INTO MEASUREMENT (DateTime, SensorID, MeasValue) VALUES (TO_DATE('10/05/18 14:45', 'DD/MM/YY HH24:MI'), 850230, 72);
INSERT INTO SENSOR (SerialNumber, CityPlaced, SensorModel, MinimValue, MaximValue, Unit, SensorType) VALUES (74604, 'Κομπότι', 'OTON-446', 742.0, 1066.9, 'hPa', 'Pressure');
INSERT INTO MEASUREMENT (DateTime, SensorID, MeasValue) VALUES (TO_DATE('10/05/18 14:45', 'DD/MM/YY HH24:MI'), 74604, 1007.2);
INSERT INTO SENSOR (SerialNumber, CityPlaced, SensorModel, MinimValue, MaximValue, Unit, SensorType) VALUES (63365, 'Κομπότι', 'NJCS-6776', 0.0, 24.9, 'km/h', 'Wind');
INSERT INTO MEASUREMENT (DateTime, SensorID, MeasValue) VALUES (TO_DATE('10/05/18 14:45', 'DD/MM/YY HH24:MI'), 63365, 8.1);
INSERT INTO SENSOR (SerialNumber, CityPlaced, SensorModel, MinimValue, MaximValue, Unit, SensorType) VALUES (849744, 'Λεπιανά', 'TXYOV-054', -52.0, 72.9, '°C', 'Temperature');
INSERT INTO MEASUREMENT (DateTime, SensorID, MeasValue) VALUES (TO_DATE('10/05/18 14:46', 'DD/MM/YY HH24:MI'), 849744, 16.1);
INSERT INTO SENSOR (SerialNumber, CityPlaced, SensorModel, MinimValue, MaximValue, Unit, SensorType) VALUES (381766, 'Λεπιανά', 'HSVDM-1345', 0, 100, '%', 'Humidity');
INSERT INTO MEASUREMENT (DateTime, SensorID, MeasValue) VALUES (TO_DATE('10/05/18 14:46', 'DD/MM/YY HH24:MI'), 381766, 86);
INSERT INTO SENSOR (SerialNumber, CityPlaced, SensorModel, MinimValue, MaximValue, Unit, SensorType) VALUES (65045, 'Λεπιανά', 'IBPP-331', 749.0, 1070.9, 'hPa', 'Pressure');
INSERT INTO MEASUREMENT (DateTime, SensorID, MeasValue) VALUES (TO_DATE('10/05/18 14:46', 'DD/MM/YY HH24:MI'), 65045, 1005.7);
INSERT INTO SENSOR (SerialNumber, CityPlaced, SensorModel, MinimValue, MaximValue, Unit, SensorType) VALUES (81068, 'Λεπιανά', 'MVFN-7027', 0.0, 23.9, 'km/h', 'Wind');
INSERT INTO MEASUREMENT (DateTime, SensorID, MeasValue) VALUES (TO_DATE('10/05/18 14:46', 'DD/MM/YY HH24:MI'), 81068, 2.1);
INSERT INTO SENSOR (SerialNumber, CityPlaced, SensorModel, MinimValue, MaximValue, Unit, SensorType) VALUES (829596, 'Ηγουμενίτσα', 'GHJEP-490', -53.0, 71.9, '°C', 'Temperature');
INSERT INTO MEASUREMENT (DateTime, SensorID, MeasValue) VALUES (TO_DATE('10/05/18 14:43', 'DD/MM/YY HH24:MI'), 829596, 21.4);
INSERT INTO SENSOR (SerialNumber, CityPlaced, SensorModel, MinimValue, MaximValue, Unit, SensorType) VALUES (376141, 'Ηγουμενίτσα', 'NGYTT-6538', 0, 100, '%', 'Humidity');
INSERT INTO MEASUREMENT (DateTime, SensorID, MeasValue) VALUES (TO_DATE('10/05/18 14:43', 'DD/MM/YY HH24:MI'), 376141, 68);
INSERT INTO SENSOR (SerialNumber, CityPlaced, SensorModel, MinimValue, MaximValue, Unit, SensorType) VALUES (89435, 'Ηγουμενίτσα', 'ONKA-135', 737.0, 1079.9, 'hPa', 'Pressure');
INSERT INTO MEASUREMENT (DateTime, SensorID, MeasValue) VALUES (TO_DATE('10/05/18 14:43', 'DD/MM/YY HH24:MI'), 89435, 1007.8);
INSERT INTO SENSOR (SerialNumber, CityPlaced, SensorModel, MinimValue, MaximValue, Unit, SensorType) VALUES (63631, 'Ηγουμενίτσα', 'AZXQ-0524', 0.0, 23.9, 'km/h', 'Wind');
INSERT INTO MEASUREMENT (DateTime, SensorID, MeasValue) VALUES (TO_DATE('10/05/18 14:43', 'DD/MM/YY HH24:MI'), 63631, 9.1);
INSERT INTO SENSOR (SerialNumber, CityPlaced, SensorModel, MinimValue, MaximValue, Unit, SensorType) VALUES (769766, 'Φιλοθέη', 'JBHLT-341', -56.0, 78.9, '°C', 'Temperature');
INSERT INTO MEASUREMENT (DateTime, SensorID, MeasValue) VALUES (TO_DATE('10/05/18 14:48', 'DD/MM/YY HH24:MI'), 769766, 21.7);
INSERT INTO SENSOR (SerialNumber, CityPlaced, SensorModel, MinimValue, MaximValue, Unit, SensorType) VALUES (226234, 'Φιλοθέη', 'XFRSE-9215', 0, 100, '%', 'Humidity');
INSERT INTO MEASUREMENT (DateTime, SensorID, MeasValue) VALUES (TO_DATE('10/05/18 14:48', 'DD/MM/YY HH24:MI'), 226234, 91);
INSERT INTO SENSOR (SerialNumber, CityPlaced, SensorModel, MinimValue, MaximValue, Unit, SensorType) VALUES (64847, 'Φιλοθέη', 'RGMG-944', 711.0, 1080.9, 'hPa', 'Pressure');
INSERT INTO MEASUREMENT (DateTime, SensorID, MeasValue) VALUES (TO_DATE('10/05/18 14:48', 'DD/MM/YY HH24:MI'), 64847, 1009.1);
INSERT INTO SENSOR (SerialNumber, CityPlaced, SensorModel, MinimValue, MaximValue, Unit, SensorType) VALUES (63006, 'Φιλοθέη', 'EOVF-5591', 0.0, 23.9, 'km/h', 'Wind');
INSERT INTO MEASUREMENT (DateTime, SensorID, MeasValue) VALUES (TO_DATE('10/05/18 14:48', 'DD/MM/YY HH24:MI'), 63006, 9.2);
INSERT INTO SENSOR (SerialNumber, CityPlaced, SensorModel, MinimValue, MaximValue, Unit, SensorType) VALUES (346841, 'Αγία Κυριακή', 'TOPFR-802', -58.0, 60.9, '°C', 'Temperature');
INSERT INTO MEASUREMENT (DateTime, SensorID, MeasValue) VALUES (TO_DATE('10/05/18 14:46', 'DD/MM/YY HH24:MI'), 346841, 16.5);
INSERT INTO SENSOR (SerialNumber, CityPlaced, SensorModel, MinimValue, MaximValue, Unit, SensorType) VALUES (425254, 'Αγία Κυριακή', 'BIKFL-0115', 0, 100, '%', 'Humidity');
INSERT INTO MEASUREMENT (DateTime, SensorID, MeasValue) VALUES (TO_DATE('10/05/18 14:46', 'DD/MM/YY HH24:MI'), 425254, 85);
INSERT INTO SENSOR (SerialNumber, CityPlaced, SensorModel, MinimValue, MaximValue, Unit, SensorType) VALUES (68959, 'Αγία Κυριακή', 'UBTT-636', 729.0, 1067.9, 'hPa', 'Pressure');
INSERT INTO MEASUREMENT (DateTime, SensorID, MeasValue) VALUES (TO_DATE('10/05/18 14:46', 'DD/MM/YY HH24:MI'), 68959, 1009.4);
INSERT INTO SENSOR (SerialNumber, CityPlaced, SensorModel, MinimValue, MaximValue, Unit, SensorType) VALUES (87347, 'Αγία Κυριακή', 'BYLY-5269', 0.0, 23.9, 'km/h', 'Wind');
INSERT INTO MEASUREMENT (DateTime, SensorID, MeasValue) VALUES (TO_DATE('10/05/18 14:46', 'DD/MM/YY HH24:MI'), 87347, 6.7);
INSERT INTO SENSOR (SerialNumber, CityPlaced, SensorModel, MinimValue, MaximValue, Unit, SensorType) VALUES (190595, 'Ανατολή Κέντρο', 'IEHUV-704', -57.0, 79.9, '°C', 'Temperature');
INSERT INTO MEASUREMENT (DateTime, SensorID, MeasValue) VALUES (TO_DATE('10/05/18 14:45', 'DD/MM/YY HH24:MI'), 190595, 12.6);
INSERT INTO SENSOR (SerialNumber, CityPlaced, SensorModel, MinimValue, MaximValue, Unit, SensorType) VALUES (706497, 'Ανατολή Κέντρο', 'ZSGYM-8048', 0, 100, '%', 'Humidity');
INSERT INTO MEASUREMENT (DateTime, SensorID, MeasValue) VALUES (TO_DATE('10/05/18 14:45', 'DD/MM/YY HH24:MI'), 706497, 94);
INSERT INTO SENSOR (SerialNumber, CityPlaced, SensorModel, MinimValue, MaximValue, Unit, SensorType) VALUES (53590, 'Ανατολή Κέντρο', 'UKEZ-431', 733.0, 1066.9, 'hPa', 'Pressure');
INSERT INTO MEASUREMENT (DateTime, SensorID, MeasValue) VALUES (TO_DATE('10/05/18 14:45', 'DD/MM/YY HH24:MI'), 53590, 1010.8);
INSERT INTO SENSOR (SerialNumber, CityPlaced, SensorModel, MinimValue, MaximValue, Unit, SensorType) VALUES (71512, 'Ανατολή Κέντρο', 'CVCL-5504', 0.0, 25.9, 'km/h', 'Wind');
INSERT INTO MEASUREMENT (DateTime, SensorID, MeasValue) VALUES (TO_DATE('10/05/18 14:45', 'DD/MM/YY HH24:MI'), 71512, 12.5);
INSERT INTO SENSOR (SerialNumber, CityPlaced, SensorModel, MinimValue, MaximValue, Unit, SensorType) VALUES (469341, 'Δερβίζιανα', 'ZDURA-033', -50.0, 69.9, '°C', 'Temperature');
INSERT INTO MEASUREMENT (DateTime, SensorID, MeasValue) VALUES (TO_DATE('10/05/18 14:41', 'DD/MM/YY HH24:MI'), 469341, 16.2);
INSERT INTO SENSOR (SerialNumber, CityPlaced, SensorModel, MinimValue, MaximValue, Unit, SensorType) VALUES (700328, 'Δερβίζιανα', 'RSUAH-5146', 0, 100, '%', 'Humidity');
INSERT INTO MEASUREMENT (DateTime, SensorID, MeasValue) VALUES (TO_DATE('10/05/18 14:41', 'DD/MM/YY HH24:MI'), 700328, 84);
INSERT INTO SENSOR (SerialNumber, CityPlaced, SensorModel, MinimValue, MaximValue, Unit, SensorType) VALUES (91244, 'Δερβίζιανα', 'GPFC-358', 710.0, 1080.9, 'hPa', 'Pressure');
INSERT INTO MEASUREMENT (DateTime, SensorID, MeasValue) VALUES (TO_DATE('10/05/18 14:41', 'DD/MM/YY HH24:MI'), 91244, 1006.9);
INSERT INTO SENSOR (SerialNumber, CityPlaced, SensorModel, MinimValue, MaximValue, Unit, SensorType) VALUES (50011, 'Δερβίζιανα', 'WTQU-3373', 0.0, 25.9, 'km/h', 'Wind');
INSERT INTO MEASUREMENT (DateTime, SensorID, MeasValue) VALUES (TO_DATE('10/05/18 14:41', 'DD/MM/YY HH24:MI'), 50011, 2.2);
INSERT INTO SENSOR (SerialNumber, CityPlaced, SensorModel, MinimValue, MaximValue, Unit, SensorType) VALUES (575828, 'Δωδώνη', 'NIZSA-860', -50.0, 79.9, '°C', 'Temperature');
INSERT INTO MEASUREMENT (DateTime, SensorID, MeasValue) VALUES (TO_DATE('10/05/18 14:45', 'DD/MM/YY HH24:MI'), 575828, 16.2);
INSERT INTO SENSOR (SerialNumber, CityPlaced, SensorModel, MinimValue, MaximValue, Unit, SensorType) VALUES (637694, 'Δωδώνη', 'RHDXB-8643', 0, 100, '%', 'Humidity');
INSERT INTO MEASUREMENT (DateTime, SensorID, MeasValue) VALUES (TO_DATE('10/05/18 14:45', 'DD/MM/YY HH24:MI'), 637694, 83);
INSERT INTO SENSOR (SerialNumber, CityPlaced, SensorModel, MinimValue, MaximValue, Unit, SensorType) VALUES (22957, 'Δωδώνη', 'KJJF-273', 718.0, 1062.9, 'hPa', 'Pressure');
INSERT INTO MEASUREMENT (DateTime, SensorID, MeasValue) VALUES (TO_DATE('10/05/18 14:45', 'DD/MM/YY HH24:MI'), 22957, 1007.6);
INSERT INTO SENSOR (SerialNumber, CityPlaced, SensorModel, MinimValue, MaximValue, Unit, SensorType) VALUES (20042, 'Δωδώνη', 'OYSG-4422', 0.0, 22.9, 'km/h', 'Wind');
INSERT INTO MEASUREMENT (DateTime, SensorID, MeasValue) VALUES (TO_DATE('10/05/18 14:45', 'DD/MM/YY HH24:MI'), 20042, 2.7);
INSERT INTO SENSOR (SerialNumber, CityPlaced, SensorModel, MinimValue, MaximValue, Unit, SensorType) VALUES (937897, 'Ελεούσα', 'INFQC-012', -59.0, 78.9, '°C', 'Temperature');
INSERT INTO MEASUREMENT (DateTime, SensorID, MeasValue) VALUES (TO_DATE('10/05/18 14:48', 'DD/MM/YY HH24:MI'), 937897, 19.9);
INSERT INTO SENSOR (SerialNumber, CityPlaced, SensorModel, MinimValue, MaximValue, Unit, SensorType) VALUES (831924, 'Ελεούσα', 'GLLTY-6402', 0, 100, '%', 'Humidity');
INSERT INTO MEASUREMENT (DateTime, SensorID, MeasValue) VALUES (TO_DATE('10/05/18 14:48', 'DD/MM/YY HH24:MI'), 831924, 80);
INSERT INTO SENSOR (SerialNumber, CityPlaced, SensorModel, MinimValue, MaximValue, Unit, SensorType) VALUES (23405, 'Ελεούσα', 'RFEL-053', 739.0, 1083.9, 'hPa', 'Pressure');
INSERT INTO MEASUREMENT (DateTime, SensorID, MeasValue) VALUES (TO_DATE('10/05/18 14:48', 'DD/MM/YY HH24:MI'), 23405, 1013.2);
INSERT INTO SENSOR (SerialNumber, CityPlaced, SensorModel, MinimValue, MaximValue, Unit, SensorType) VALUES (69228, 'Ελεούσα', 'LANT-4523', 0.0, 23.9, 'km/h', 'Wind');
INSERT INTO MEASUREMENT (DateTime, SensorID, MeasValue) VALUES (TO_DATE('10/05/18 14:48', 'DD/MM/YY HH24:MI'), 69228, 0.0);
INSERT INTO SENSOR (SerialNumber, CityPlaced, SensorModel, MinimValue, MaximValue, Unit, SensorType) VALUES (780809, 'Ζίτσα', 'MMLIH-681', -59.0, 74.9, '°C', 'Temperature');
INSERT INTO MEASUREMENT (DateTime, SensorID, MeasValue) VALUES (TO_DATE('10/05/18 14:46', 'DD/MM/YY HH24:MI'), 780809, 17.3);
INSERT INTO SENSOR (SerialNumber, CityPlaced, SensorModel, MinimValue, MaximValue, Unit, SensorType) VALUES (155560, 'Ζίτσα', 'EEUBF-9078', 0, 100, '%', 'Humidity');
INSERT INTO MEASUREMENT (DateTime, SensorID, MeasValue) VALUES (TO_DATE('10/05/18 14:46', 'DD/MM/YY HH24:MI'), 155560, 86);
INSERT INTO SENSOR (SerialNumber, CityPlaced, SensorModel, MinimValue, MaximValue, Unit, SensorType) VALUES (24398, 'Ζίτσα', 'RCIB-765', 746.0, 1071.9, 'hPa', 'Pressure');
INSERT INTO MEASUREMENT (DateTime, SensorID, MeasValue) VALUES (TO_DATE('10/05/18 14:46', 'DD/MM/YY HH24:MI'), 24398, 1007.6);
INSERT INTO SENSOR (SerialNumber, CityPlaced, SensorModel, MinimValue, MaximValue, Unit, SensorType) VALUES (97753, 'Ζίτσα', 'JWSE-2640', 0.0, 20.9, 'km/h', 'Wind');
INSERT INTO MEASUREMENT (DateTime, SensorID, MeasValue) VALUES (TO_DATE('10/05/18 14:46', 'DD/MM/YY HH24:MI'), 97753, 0.0);
INSERT INTO SENSOR (SerialNumber, CityPlaced, SensorModel, MinimValue, MaximValue, Unit, SensorType) VALUES (528423, 'Ζαγοροχώρια Βωβούσα', 'CSEIB-228', -55.0, 65.9, '°C', 'Temperature');
INSERT INTO MEASUREMENT (DateTime, SensorID, MeasValue) VALUES (TO_DATE('10/05/18 14:11', 'DD/MM/YY HH24:MI'), 528423, 10.6);
INSERT INTO SENSOR (SerialNumber, CityPlaced, SensorModel, MinimValue, MaximValue, Unit, SensorType) VALUES (839393, 'Ζαγοροχώρια Βωβούσα', 'YZBIE-3685', 0, 100, '%', 'Humidity');
INSERT INTO MEASUREMENT (DateTime, SensorID, MeasValue) VALUES (TO_DATE('10/05/18 14:11', 'DD/MM/YY HH24:MI'), 839393, 93);
INSERT INTO SENSOR (SerialNumber, CityPlaced, SensorModel, MinimValue, MaximValue, Unit, SensorType) VALUES (28608, 'Ζαγοροχώρια Βωβούσα', 'APSS-559', 720.0, 1072.9, 'hPa', 'Pressure');
INSERT INTO MEASUREMENT (DateTime, SensorID, MeasValue) VALUES (TO_DATE('10/05/18 14:11', 'DD/MM/YY HH24:MI'), 28608, 1009.5);
INSERT INTO SENSOR (SerialNumber, CityPlaced, SensorModel, MinimValue, MaximValue, Unit, SensorType) VALUES (28865, 'Ζαγοροχώρια Βωβούσα', 'FNWH-0298', 0.0, 20.9, 'km/h', 'Wind');
INSERT INTO MEASUREMENT (DateTime, SensorID, MeasValue) VALUES (TO_DATE('10/05/18 14:11', 'DD/MM/YY HH24:MI'), 28865, 2.9);
INSERT INTO SENSOR (SerialNumber, CityPlaced, SensorModel, MinimValue, MaximValue, Unit, SensorType) VALUES (965256, 'Ζαγοροχώρια Πέτρα', 'HEBKA-088', -55.0, 73.9, '°C', 'Temperature');
INSERT INTO MEASUREMENT (DateTime, SensorID, MeasValue) VALUES (TO_DATE('10/05/18 14:48', 'DD/MM/YY HH24:MI'), 965256, 10.8);
INSERT INTO SENSOR (SerialNumber, CityPlaced, SensorModel, MinimValue, MaximValue, Unit, SensorType) VALUES (679371, 'Ζαγοροχώρια Πέτρα', 'WRIFQ-9070', 0, 100, '%', 'Humidity');
INSERT INTO MEASUREMENT (DateTime, SensorID, MeasValue) VALUES (TO_DATE('10/05/18 14:48', 'DD/MM/YY HH24:MI'), 679371, 95);
INSERT INTO SENSOR (SerialNumber, CityPlaced, SensorModel, MinimValue, MaximValue, Unit, SensorType) VALUES (36244, 'Ζαγοροχώρια Πέτρα', 'NQRW-892', 732.0, 1080.9, 'hPa', 'Pressure');
INSERT INTO MEASUREMENT (DateTime, SensorID, MeasValue) VALUES (TO_DATE('10/05/18 14:48', 'DD/MM/YY HH24:MI'), 36244, 1004.9);
INSERT INTO SENSOR (SerialNumber, CityPlaced, SensorModel, MinimValue, MaximValue, Unit, SensorType) VALUES (79329, 'Ζαγοροχώρια Πέτρα', 'QYKO-7882', 0.0, 25.9, 'km/h', 'Wind');
INSERT INTO MEASUREMENT (DateTime, SensorID, MeasValue) VALUES (TO_DATE('10/05/18 14:48', 'DD/MM/YY HH24:MI'), 79329, 1.7);
INSERT INTO SENSOR (SerialNumber, CityPlaced, SensorModel, MinimValue, MaximValue, Unit, SensorType) VALUES (786529, 'Ζαγοροχώρια Τρίστενο', 'OVPFG-347', -58.0, 78.9, '°C', 'Temperature');
INSERT INTO MEASUREMENT (DateTime, SensorID, MeasValue) VALUES (TO_DATE('10/05/18 14:42', 'DD/MM/YY HH24:MI'), 786529, 11.5);
INSERT INTO SENSOR (SerialNumber, CityPlaced, SensorModel, MinimValue, MaximValue, Unit, SensorType) VALUES (976517, 'Ζαγοροχώρια Τρίστενο', 'VQPMX-3721', 0, 100, '%', 'Humidity');
INSERT INTO MEASUREMENT (DateTime, SensorID, MeasValue) VALUES (TO_DATE('10/05/18 14:42', 'DD/MM/YY HH24:MI'), 976517, 90);
INSERT INTO MEASUREMENT (DateTime, SensorID, MeasValue) VALUES (TO_DATE('10/05/18 14:42', 'DD/MM/YY HH24:MI'), 18311, 1008.1);
INSERT INTO SENSOR (SerialNumber, CityPlaced, SensorModel, MinimValue, MaximValue, Unit, SensorType) VALUES (65879, 'Ζαγοροχώρια Τρίστενο', 'BAEH-4962', 0.0, 24.9, 'km/h', 'Wind');
INSERT INTO MEASUREMENT (DateTime, SensorID, MeasValue) VALUES (TO_DATE('10/05/18 14:42', 'DD/MM/YY HH24:MI'), 65879, 3.2);
INSERT INTO SENSOR (SerialNumber, CityPlaced, SensorModel, MinimValue, MaximValue, Unit, SensorType) VALUES (795909, 'Ιωάννινα Αμπελόκηποι', 'QBXAJ-671', -59.0, 61.9, '°C', 'Temperature');
INSERT INTO MEASUREMENT (DateTime, SensorID, MeasValue) VALUES (TO_DATE('10/05/18 14:45', 'DD/MM/YY HH24:MI'), 795909, 16.4);
INSERT INTO SENSOR (SerialNumber, CityPlaced, SensorModel, MinimValue, MaximValue, Unit, SensorType) VALUES (114653, 'Ιωάννινα Αμπελόκηποι', 'YUGPN-2895', 0, 100, '%', 'Humidity');
INSERT INTO MEASUREMENT (DateTime, SensorID, MeasValue) VALUES (TO_DATE('10/05/18 14:45', 'DD/MM/YY HH24:MI'), 114653, 79);
INSERT INTO SENSOR (SerialNumber, CityPlaced, SensorModel, MinimValue, MaximValue, Unit, SensorType) VALUES (35803, 'Ιωάννινα Αμπελόκηποι', 'PTEP-768', 732.0, 1056.9, 'hPa', 'Pressure');
INSERT INTO MEASUREMENT (DateTime, SensorID, MeasValue) VALUES (TO_DATE('10/05/18 14:45', 'DD/MM/YY HH24:MI'), 35803, 1006.3);
INSERT INTO SENSOR (SerialNumber, CityPlaced, SensorModel, MinimValue, MaximValue, Unit, SensorType) VALUES (30430, 'Ιωάννινα Αμπελόκηποι', 'PYOT-1035', 0.0, 20.9, 'km/h', 'Wind');
INSERT INTO MEASUREMENT (DateTime, SensorID, MeasValue) VALUES (TO_DATE('10/05/18 14:45', 'DD/MM/YY HH24:MI'), 30430, 2.3);
INSERT INTO SENSOR (SerialNumber, CityPlaced, SensorModel, MinimValue, MaximValue, Unit, SensorType) VALUES (534504, 'Ιωάννινα Κέντρο', 'IIBWD-669', -57.0, 66.9, '°C', 'Temperature');
INSERT INTO MEASUREMENT (DateTime, SensorID, MeasValue) VALUES (TO_DATE('10/05/18 14:45', 'DD/MM/YY HH24:MI'), 534504, 16.1);
INSERT INTO SENSOR (SerialNumber, CityPlaced, SensorModel, MinimValue, MaximValue, Unit, SensorType) VALUES (633535, 'Ιωάννινα Κέντρο', 'VOOLT-1867', 0, 100, '%', 'Humidity');
INSERT INTO MEASUREMENT (DateTime, SensorID, MeasValue) VALUES (TO_DATE('10/05/18 14:45', 'DD/MM/YY HH24:MI'), 633535, 84);
INSERT INTO SENSOR (SerialNumber, CityPlaced, SensorModel, MinimValue, MaximValue, Unit, SensorType) VALUES (13825, 'Ιωάννινα Κέντρο', 'XJZR-3563', 0.0, 25.9, 'km/h', 'Wind');
INSERT INTO MEASUREMENT (DateTime, SensorID, MeasValue) VALUES (TO_DATE('10/05/18 14:45', 'DD/MM/YY HH24:MI'), 13825, 3.5);
INSERT INTO SENSOR (SerialNumber, CityPlaced, SensorModel, MinimValue, MaximValue, Unit, SensorType) VALUES (644945, 'Καρδαμίτσια', 'BHLRE-126', -52.0, 66.9, '°C', 'Temperature');
INSERT INTO MEASUREMENT (DateTime, SensorID, MeasValue) VALUES (TO_DATE('10/05/18 14:44', 'DD/MM/YY HH24:MI'), 644945, 16.2);
INSERT INTO SENSOR (SerialNumber, CityPlaced, SensorModel, MinimValue, MaximValue, Unit, SensorType) VALUES (457991, 'Καρδαμίτσια', 'WGLTO-0094', 0, 100, '%', 'Humidity');
INSERT INTO MEASUREMENT (DateTime, SensorID, MeasValue) VALUES (TO_DATE('10/05/18 14:44', 'DD/MM/YY HH24:MI'), 457991, 95);
INSERT INTO SENSOR (SerialNumber, CityPlaced, SensorModel, MinimValue, MaximValue, Unit, SensorType) VALUES (21705, 'Καρδαμίτσια', 'EUAL-656', 750.0, 1057.9, 'hPa', 'Pressure');
INSERT INTO MEASUREMENT (DateTime, SensorID, MeasValue) VALUES (TO_DATE('10/05/18 14:44', 'DD/MM/YY HH24:MI'), 21705, 1005.3);
INSERT INTO SENSOR (SerialNumber, CityPlaced, SensorModel, MinimValue, MaximValue, Unit, SensorType) VALUES (69762, 'Καρδαμίτσια', 'FTDP-2020', 0.0, 20.9, 'km/h', 'Wind');
INSERT INTO MEASUREMENT (DateTime, SensorID, MeasValue) VALUES (TO_DATE('10/05/18 14:44', 'DD/MM/YY HH24:MI'), 69762, 1.1);
INSERT INTO SENSOR (SerialNumber, CityPlaced, SensorModel, MinimValue, MaximValue, Unit, SensorType) VALUES (523548, 'Κόνιτσα', 'RQMEX-613', -57.0, 76.9, '°C', 'Temperature');
INSERT INTO MEASUREMENT (DateTime, SensorID, MeasValue) VALUES (TO_DATE('10/05/18 14:47', 'DD/MM/YY HH24:MI'), 523548, 14.8);
INSERT INTO SENSOR (SerialNumber, CityPlaced, SensorModel, MinimValue, MaximValue, Unit, SensorType) VALUES (430489, 'Κόνιτσα', 'TQQVQ-4207', 0, 100, '%', 'Humidity');
INSERT INTO MEASUREMENT (DateTime, SensorID, MeasValue) VALUES (TO_DATE('10/05/18 14:47', 'DD/MM/YY HH24:MI'), 430489, 87);
INSERT INTO SENSOR (SerialNumber, CityPlaced, SensorModel, MinimValue, MaximValue, Unit, SensorType) VALUES (73190, 'Κόνιτσα', 'NZHE-357', 747.0, 1063.9, 'hPa', 'Pressure');
INSERT INTO MEASUREMENT (DateTime, SensorID, MeasValue) VALUES (TO_DATE('10/05/18 14:47', 'DD/MM/YY HH24:MI'), 73190, 1009.4);
INSERT INTO SENSOR (SerialNumber, CityPlaced, SensorModel, MinimValue, MaximValue, Unit, SensorType) VALUES (39368, 'Κόνιτσα', 'GELP-3157', 0.0, 24.9, 'km/h', 'Wind');
INSERT INTO MEASUREMENT (DateTime, SensorID, MeasValue) VALUES (TO_DATE('10/05/18 14:47', 'DD/MM/YY HH24:MI'), 39368, 2.4);
INSERT INTO SENSOR (SerialNumber, CityPlaced, SensorModel, MinimValue, MaximValue, Unit, SensorType) VALUES (657137, 'Μέτσοβο', 'XTEGF-676', -54.0, 68.9, '°C', 'Temperature');
INSERT INTO MEASUREMENT (DateTime, SensorID, MeasValue) VALUES (TO_DATE('10/05/18 14:44', 'DD/MM/YY HH24:MI'), 657137, 8.4);
INSERT INTO SENSOR (SerialNumber, CityPlaced, SensorModel, MinimValue, MaximValue, Unit, SensorType) VALUES (212761, 'Μέτσοβο', 'HVRHD-8898', 0, 100, '%', 'Humidity');
INSERT INTO MEASUREMENT (DateTime, SensorID, MeasValue) VALUES (TO_DATE('10/05/18 14:44', 'DD/MM/YY HH24:MI'), 212761, 92);
INSERT INTO SENSOR (SerialNumber, CityPlaced, SensorModel, MinimValue, MaximValue, Unit, SensorType) VALUES (89719, 'Μέτσοβο', 'LIBD-236', 730.0, 1056.9, 'hPa', 'Pressure');
INSERT INTO MEASUREMENT (DateTime, SensorID, MeasValue) VALUES (TO_DATE('10/05/18 14:44', 'DD/MM/YY HH24:MI'), 89719, 1009.2);
INSERT INTO SENSOR (SerialNumber, CityPlaced, SensorModel, MinimValue, MaximValue, Unit, SensorType) VALUES (25520, 'Μέτσοβο', 'JXYF-3931', 0.0, 22.9, 'km/h', 'Wind');
INSERT INTO MEASUREMENT (DateTime, SensorID, MeasValue) VALUES (TO_DATE('10/05/18 14:44', 'DD/MM/YY HH24:MI'), 25520, 0.8);
INSERT INTO SENSOR (SerialNumber, CityPlaced, SensorModel, MinimValue, MaximValue, Unit, SensorType) VALUES (531507, 'Πληκάτι', 'SLERM-616', -55.0, 72.9, '°C', 'Temperature');
INSERT INTO MEASUREMENT (DateTime, SensorID, MeasValue) VALUES (TO_DATE('10/05/18 14:44', 'DD/MM/YY HH24:MI'), 531507, 12.2);
INSERT INTO SENSOR (SerialNumber, CityPlaced, SensorModel, MinimValue, MaximValue, Unit, SensorType) VALUES (436676, 'Πληκάτι', 'QJOTR-3488', 0, 100, '%', 'Humidity');
INSERT INTO MEASUREMENT (DateTime, SensorID, MeasValue) VALUES (TO_DATE('10/05/18 14:44', 'DD/MM/YY HH24:MI'), 436676, 93);
INSERT INTO SENSOR (SerialNumber, CityPlaced, SensorModel, MinimValue, MaximValue, Unit, SensorType) VALUES (16629, 'Πληκάτι', 'MYCS-035', 733.0, 1052.9, 'hPa', 'Pressure');
INSERT INTO MEASUREMENT (DateTime, SensorID, MeasValue) VALUES (TO_DATE('10/05/18 14:44', 'DD/MM/YY HH24:MI'), 16629, 1008.6);
INSERT INTO SENSOR (SerialNumber, CityPlaced, SensorModel, MinimValue, MaximValue, Unit, SensorType) VALUES (62852, 'Πληκάτι', 'FQBE-2838', 0.0, 20.9, 'km/h', 'Wind');
INSERT INTO MEASUREMENT (DateTime, SensorID, MeasValue) VALUES (TO_DATE('10/05/18 14:44', 'DD/MM/YY HH24:MI'), 62852, 0.3);
INSERT INTO SENSOR (SerialNumber, CityPlaced, SensorModel, MinimValue, MaximValue, Unit, SensorType) VALUES (539665, 'Πράμαντα', 'UMYKF-081', -52.0, 68.9, '°C', 'Temperature');
INSERT INTO MEASUREMENT (DateTime, SensorID, MeasValue) VALUES (TO_DATE('10/05/18 14:32', 'DD/MM/YY HH24:MI'), 539665, 14.2);
INSERT INTO SENSOR (SerialNumber, CityPlaced, SensorModel, MinimValue, MaximValue, Unit, SensorType) VALUES (713125, 'Πράμαντα', 'QFGXI-4032', 0, 100, '%', 'Humidity');
INSERT INTO MEASUREMENT (DateTime, SensorID, MeasValue) VALUES (TO_DATE('10/05/18 14:32', 'DD/MM/YY HH24:MI'), 713125, 91);
INSERT INTO SENSOR (SerialNumber, CityPlaced, SensorModel, MinimValue, MaximValue, Unit, SensorType) VALUES (79374, 'Πράμαντα', 'RZHD-131', 743.0, 1065.9, 'hPa', 'Pressure');
INSERT INTO MEASUREMENT (DateTime, SensorID, MeasValue) VALUES (TO_DATE('10/05/18 14:32', 'DD/MM/YY HH24:MI'), 79374, 1009.5);
INSERT INTO SENSOR (SerialNumber, CityPlaced, SensorModel, MinimValue, MaximValue, Unit, SensorType) VALUES (58121, 'Πράμαντα', 'QQTC-2307', 0.0, 20.9, 'km/h', 'Wind');
INSERT INTO MEASUREMENT (DateTime, SensorID, MeasValue) VALUES (TO_DATE('10/05/18 14:32', 'DD/MM/YY HH24:MI'), 58121, 3.0);
INSERT INTO SENSOR (SerialNumber, CityPlaced, SensorModel, MinimValue, MaximValue, Unit, SensorType) VALUES (405979, 'Τύρια', 'MSPMB-009', -59.0, 65.9, '°C', 'Temperature');
INSERT INTO MEASUREMENT (DateTime, SensorID, MeasValue) VALUES (TO_DATE('10/05/18 14:41', 'DD/MM/YY HH24:MI'), 405979, 19.1);
INSERT INTO SENSOR (SerialNumber, CityPlaced, SensorModel, MinimValue, MaximValue, Unit, SensorType) VALUES (203155, 'Τύρια', 'ASTYQ-8761', 0, 100, '%', 'Humidity');
INSERT INTO MEASUREMENT (DateTime, SensorID, MeasValue) VALUES (TO_DATE('10/05/18 14:41', 'DD/MM/YY HH24:MI'), 203155, 77);
INSERT INTO SENSOR (SerialNumber, CityPlaced, SensorModel, MinimValue, MaximValue, Unit, SensorType) VALUES (40260, 'Τύρια', 'PKQR-455', 731.0, 1097.9, 'hPa', 'Pressure');
INSERT INTO MEASUREMENT (DateTime, SensorID, MeasValue) VALUES (TO_DATE('10/05/18 14:41', 'DD/MM/YY HH24:MI'), 40260, 1007.2);
INSERT INTO SENSOR (SerialNumber, CityPlaced, SensorModel, MinimValue, MaximValue, Unit, SensorType) VALUES (58792, 'Τύρια', 'FNSN-2144', 0.0, 25.9, 'km/h', 'Wind');
INSERT INTO MEASUREMENT (DateTime, SensorID, MeasValue) VALUES (TO_DATE('10/05/18 14:41', 'DD/MM/YY HH24:MI'), 58792, 0.5);
INSERT INTO SENSOR (SerialNumber, CityPlaced, SensorModel, MinimValue, MaximValue, Unit, SensorType) VALUES (829128, 'Καστροσυκιά', 'WQFKL-426', -59.0, 77.9, '°C', 'Temperature');
INSERT INTO MEASUREMENT (DateTime, SensorID, MeasValue) VALUES (TO_DATE('10/05/18 14:47', 'DD/MM/YY HH24:MI'), 829128, 20.0);
INSERT INTO SENSOR (SerialNumber, CityPlaced, SensorModel, MinimValue, MaximValue, Unit, SensorType) VALUES (971905, 'Καστροσυκιά', 'VCXGL-2695', 0, 100, '%', 'Humidity');
INSERT INTO MEASUREMENT (DateTime, SensorID, MeasValue) VALUES (TO_DATE('10/05/18 14:47', 'DD/MM/YY HH24:MI'), 971905, 82);
INSERT INTO SENSOR (SerialNumber, CityPlaced, SensorModel, MinimValue, MaximValue, Unit, SensorType) VALUES (69660, 'Καστροσυκιά', 'TGLI-645', 738.0, 1059.9, 'hPa', 'Pressure');
INSERT INTO MEASUREMENT (DateTime, SensorID, MeasValue) VALUES (TO_DATE('10/05/18 14:47', 'DD/MM/YY HH24:MI'), 69660, 1006.4);
INSERT INTO SENSOR (SerialNumber, CityPlaced, SensorModel, MinimValue, MaximValue, Unit, SensorType) VALUES (91017, 'Καστροσυκιά', 'OKRX-0297', 0.0, 20.9, 'km/h', 'Wind');
INSERT INTO MEASUREMENT (DateTime, SensorID, MeasValue) VALUES (TO_DATE('10/05/18 14:47', 'DD/MM/YY HH24:MI'), 91017, 11.3);
INSERT INTO SENSOR (SerialNumber, CityPlaced, SensorModel, MinimValue, MaximValue, Unit, SensorType) VALUES (856120, 'Πάργα', 'RADZC-370', -58.0, 67.9, '°C', 'Temperature');
INSERT INTO MEASUREMENT (DateTime, SensorID, MeasValue) VALUES (TO_DATE('10/05/18 14:46', 'DD/MM/YY HH24:MI'), 856120, 21.2);
INSERT INTO SENSOR (SerialNumber, CityPlaced, SensorModel, MinimValue, MaximValue, Unit, SensorType) VALUES (274598, 'Πάργα', 'XJIGH-2467', 0, 100, '%', 'Humidity');
INSERT INTO MEASUREMENT (DateTime, SensorID, MeasValue) VALUES (TO_DATE('10/05/18 14:46', 'DD/MM/YY HH24:MI'), 274598, 75);
INSERT INTO SENSOR (SerialNumber, CityPlaced, SensorModel, MinimValue, MaximValue, Unit, SensorType) VALUES (19614, 'Πάργα', 'QHCV-289', 739.0, 1096.9, 'hPa', 'Pressure');
INSERT INTO MEASUREMENT (DateTime, SensorID, MeasValue) VALUES (TO_DATE('10/05/18 14:46', 'DD/MM/YY HH24:MI'), 19614, 1009.1);
INSERT INTO SENSOR (SerialNumber, CityPlaced, SensorModel, MinimValue, MaximValue, Unit, SensorType) VALUES (21549, 'Πάργα', 'OFLQ-7009', 0.0, 25.9, 'km/h', 'Wind');
INSERT INTO MEASUREMENT (DateTime, SensorID, MeasValue) VALUES (TO_DATE('10/05/18 14:46', 'DD/MM/YY HH24:MI'), 21549, 14.0);
INSERT INTO SENSOR (SerialNumber, CityPlaced, SensorModel, MinimValue, MaximValue, Unit, SensorType) VALUES (558012, 'Φυλακτή Λίμνη Πλαστήρα', 'IUXPF-317', -57.0, 77.9, '°C', 'Temperature');
INSERT INTO MEASUREMENT (DateTime, SensorID, MeasValue) VALUES (TO_DATE('10/05/18 14:45', 'DD/MM/YY HH24:MI'), 558012, 18.3);
INSERT INTO SENSOR (SerialNumber, CityPlaced, SensorModel, MinimValue, MaximValue, Unit, SensorType) VALUES (679912, 'Φυλακτή Λίμνη Πλαστήρα', 'MHKRS-2430', 0, 100, '%', 'Humidity');
INSERT INTO MEASUREMENT (DateTime, SensorID, MeasValue) VALUES (TO_DATE('10/05/18 14:45', 'DD/MM/YY HH24:MI'), 679912, 26);
INSERT INTO SENSOR (SerialNumber, CityPlaced, SensorModel, MinimValue, MaximValue, Unit, SensorType) VALUES (26820, 'Φυλακτή Λίμνη Πλαστήρα', 'NJUU-353', 748.0, 1061.9, 'hPa', 'Pressure');
INSERT INTO MEASUREMENT (DateTime, SensorID, MeasValue) VALUES (TO_DATE('10/05/18 14:45', 'DD/MM/YY HH24:MI'), 26820, 1007.3);
INSERT INTO SENSOR (SerialNumber, CityPlaced, SensorModel, MinimValue, MaximValue, Unit, SensorType) VALUES (91125, 'Φυλακτή Λίμνη Πλαστήρα', 'LASE-1720', 0.0, 24.9, 'km/h', 'Wind');
INSERT INTO MEASUREMENT (DateTime, SensorID, MeasValue) VALUES (TO_DATE('10/05/18 14:45', 'DD/MM/YY HH24:MI'), 91125, 6.4);
INSERT INTO SENSOR (SerialNumber, CityPlaced, SensorModel, MinimValue, MaximValue, Unit, SensorType) VALUES (848840, 'Βελίκα', 'BULAG-066', -57.0, 70.9, '°C', 'Temperature');
INSERT INTO MEASUREMENT (DateTime, SensorID, MeasValue) VALUES (TO_DATE('10/05/18 14:47', 'DD/MM/YY HH24:MI'), 848840, 23.3);
INSERT INTO SENSOR (SerialNumber, CityPlaced, SensorModel, MinimValue, MaximValue, Unit, SensorType) VALUES (201505, 'Βελίκα', 'ELPBL-6765', 0, 100, '%', 'Humidity');
INSERT INTO MEASUREMENT (DateTime, SensorID, MeasValue) VALUES (TO_DATE('10/05/18 14:47', 'DD/MM/YY HH24:MI'), 201505, 68);
INSERT INTO SENSOR (SerialNumber, CityPlaced, SensorModel, MinimValue, MaximValue, Unit, SensorType) VALUES (63057, 'Βελίκα', 'WNJH-010', 735.0, 1089.9, 'hPa', 'Pressure');
INSERT INTO MEASUREMENT (DateTime, SensorID, MeasValue) VALUES (TO_DATE('10/05/18 14:47', 'DD/MM/YY HH24:MI'), 63057, 1007.1);
INSERT INTO SENSOR (SerialNumber, CityPlaced, SensorModel, MinimValue, MaximValue, Unit, SensorType) VALUES (35692, 'Βελίκα', 'BCZR-0869', 0.0, 20.9, 'km/h', 'Wind');
INSERT INTO MEASUREMENT (DateTime, SensorID, MeasValue) VALUES (TO_DATE('10/05/18 14:47', 'DD/MM/YY HH24:MI'), 35692, 3.5);
INSERT INTO SENSOR (SerialNumber, CityPlaced, SensorModel, MinimValue, MaximValue, Unit, SensorType) VALUES (282055, 'Λάρισα 6 Δρόμοι', 'BJOGT-679', -56.0, 65.9, '°C', 'Temperature');
INSERT INTO MEASUREMENT (DateTime, SensorID, MeasValue) VALUES (TO_DATE('10/05/18 14:44', 'DD/MM/YY HH24:MI'), 282055, 21.6);
INSERT INTO SENSOR (SerialNumber, CityPlaced, SensorModel, MinimValue, MaximValue, Unit, SensorType) VALUES (872029, 'Λάρισα 6 Δρόμοι', 'KYLWT-6133', 0, 100, '%', 'Humidity');
INSERT INTO MEASUREMENT (DateTime, SensorID, MeasValue) VALUES (TO_DATE('10/05/18 14:44', 'DD/MM/YY HH24:MI'), 872029, 64);
INSERT INTO SENSOR (SerialNumber, CityPlaced, SensorModel, MinimValue, MaximValue, Unit, SensorType) VALUES (10124, 'Λάρισα 6 Δρόμοι', 'JHFF-740', 734.0, 1051.9, 'hPa', 'Pressure');
INSERT INTO MEASUREMENT (DateTime, SensorID, MeasValue) VALUES (TO_DATE('10/05/18 14:44', 'DD/MM/YY HH24:MI'), 10124, 1005.9);
INSERT INTO SENSOR (SerialNumber, CityPlaced, SensorModel, MinimValue, MaximValue, Unit, SensorType) VALUES (54426, 'Λάρισα 6 Δρόμοι', 'LOAJ-1612', 0.0, 21.9, 'km/h', 'Wind');
INSERT INTO MEASUREMENT (DateTime, SensorID, MeasValue) VALUES (TO_DATE('10/05/18 14:44', 'DD/MM/YY HH24:MI'), 54426, 3.7);
INSERT INTO SENSOR (SerialNumber, CityPlaced, SensorModel, MinimValue, MaximValue, Unit, SensorType) VALUES (220966, 'Λάρισα ΑΤΑ', 'AOCYL-382', -56.0, 78.9, '°C', 'Temperature');
INSERT INTO MEASUREMENT (DateTime, SensorID, MeasValue) VALUES (TO_DATE('10/05/18 14:42', 'DD/MM/YY HH24:MI'), 220966, 22.0);
INSERT INTO SENSOR (SerialNumber, CityPlaced, SensorModel, MinimValue, MaximValue, Unit, SensorType) VALUES (879569, 'Λάρισα ΑΤΑ', 'DINLD-9054', 0, 100, '%', 'Humidity');
INSERT INTO MEASUREMENT (DateTime, SensorID, MeasValue) VALUES (TO_DATE('10/05/18 14:42', 'DD/MM/YY HH24:MI'), 879569, 61);
INSERT INTO SENSOR (SerialNumber, CityPlaced, SensorModel, MinimValue, MaximValue, Unit, SensorType) VALUES (19745, 'Λάρισα ΑΤΑ', 'WJBW-270', 730.0, 1054.9, 'hPa', 'Pressure');
INSERT INTO MEASUREMENT (DateTime, SensorID, MeasValue) VALUES (TO_DATE('10/05/18 14:42', 'DD/MM/YY HH24:MI'), 19745, 1004.1);
INSERT INTO SENSOR (SerialNumber, CityPlaced, SensorModel, MinimValue, MaximValue, Unit, SensorType) VALUES (51444, 'Λάρισα ΑΤΑ', 'GMAF-4810', 0.0, 24.9, 'km/h', 'Wind');
INSERT INTO MEASUREMENT (DateTime, SensorID, MeasValue) VALUES (TO_DATE('10/05/18 14:42', 'DD/MM/YY HH24:MI'), 51444, 5.4);
INSERT INTO SENSOR (SerialNumber, CityPlaced, SensorModel, MinimValue, MaximValue, Unit, SensorType) VALUES (810096, 'Λάρισα Σίφνου', 'RDQJK-874', -51.0, 61.9, '°C', 'Temperature');
INSERT INTO MEASUREMENT (DateTime, SensorID, MeasValue) VALUES (TO_DATE('10/05/18 14:48', 'DD/MM/YY HH24:MI'), 810096, 21.2);
INSERT INTO SENSOR (SerialNumber, CityPlaced, SensorModel, MinimValue, MaximValue, Unit, SensorType) VALUES (524500, 'Λάρισα Σίφνου', 'DCXXR-0468', 0, 100, '%', 'Humidity');
INSERT INTO MEASUREMENT (DateTime, SensorID, MeasValue) VALUES (TO_DATE('10/05/18 14:48', 'DD/MM/YY HH24:MI'), 524500, 61);
INSERT INTO SENSOR (SerialNumber, CityPlaced, SensorModel, MinimValue, MaximValue, Unit, SensorType) VALUES (56054, 'Λάρισα Σίφνου', 'QVPW-478', 724.0, 1063.9, 'hPa', 'Pressure');
INSERT INTO MEASUREMENT (DateTime, SensorID, MeasValue) VALUES (TO_DATE('10/05/18 14:48', 'DD/MM/YY HH24:MI'), 56054, 1006.4);
INSERT INTO SENSOR (SerialNumber, CityPlaced, SensorModel, MinimValue, MaximValue, Unit, SensorType) VALUES (37212, 'Λάρισα Σίφνου', 'RCAN-0629', 0.0, 22.9, 'km/h', 'Wind');
INSERT INTO MEASUREMENT (DateTime, SensorID, MeasValue) VALUES (TO_DATE('10/05/18 14:48', 'DD/MM/YY HH24:MI'), 37212, 11.7);
INSERT INTO SENSOR (SerialNumber, CityPlaced, SensorModel, MinimValue, MaximValue, Unit, SensorType) VALUES (638601, 'Συκούριο', 'WCXUW-120', -53.0, 74.9, '°C', 'Temperature');
INSERT INTO MEASUREMENT (DateTime, SensorID, MeasValue) VALUES (TO_DATE('10/05/18 14:48', 'DD/MM/YY HH24:MI'), 638601, 18.1);
INSERT INTO SENSOR (SerialNumber, CityPlaced, SensorModel, MinimValue, MaximValue, Unit, SensorType) VALUES (543696, 'Συκούριο', 'UNLRR-1059', 0, 100, '%', 'Humidity');
INSERT INTO MEASUREMENT (DateTime, SensorID, MeasValue) VALUES (TO_DATE('10/05/18 14:48', 'DD/MM/YY HH24:MI'), 543696, 78);
INSERT INTO SENSOR (SerialNumber, CityPlaced, SensorModel, MinimValue, MaximValue, Unit, SensorType) VALUES (49949, 'Συκούριο', 'QUFN-278', 744.0, 1078.9, 'hPa', 'Pressure');
INSERT INTO MEASUREMENT (DateTime, SensorID, MeasValue) VALUES (TO_DATE('10/05/18 14:48', 'DD/MM/YY HH24:MI'), 49949, 1005.1);
INSERT INTO SENSOR (SerialNumber, CityPlaced, SensorModel, MinimValue, MaximValue, Unit, SensorType) VALUES (72817, 'Συκούριο', 'BKPK-2658', 0.0, 20.9, 'km/h', 'Wind');
INSERT INTO MEASUREMENT (DateTime, SensorID, MeasValue) VALUES (TO_DATE('10/05/18 14:48', 'DD/MM/YY HH24:MI'), 72817, 7.3);
INSERT INTO SENSOR (SerialNumber, CityPlaced, SensorModel, MinimValue, MaximValue, Unit, SensorType) VALUES (936011, 'Μπασίτσι', 'WFGST-552', -52.0, 66.9, '°C', 'Temperature');
INSERT INTO MEASUREMENT (DateTime, SensorID, MeasValue) VALUES (TO_DATE('10/05/18 14:48', 'DD/MM/YY HH24:MI'), 936011, 12.6);
INSERT INTO SENSOR (SerialNumber, CityPlaced, SensorModel, MinimValue, MaximValue, Unit, SensorType) VALUES (842572, 'Μπασίτσι', 'RCIEM-9640', 0, 100, '%', 'Humidity');
INSERT INTO MEASUREMENT (DateTime, SensorID, MeasValue) VALUES (TO_DATE('10/05/18 14:48', 'DD/MM/YY HH24:MI'), 842572, 88);
INSERT INTO SENSOR (SerialNumber, CityPlaced, SensorModel, MinimValue, MaximValue, Unit, SensorType) VALUES (10754, 'Μπασίτσι', 'VVZH-302', 703.0, 1057.9, 'hPa', 'Pressure');
INSERT INTO MEASUREMENT (DateTime, SensorID, MeasValue) VALUES (TO_DATE('10/05/18 14:48', 'DD/MM/YY HH24:MI'), 10754, 1006.4);
INSERT INTO SENSOR (SerialNumber, CityPlaced, SensorModel, MinimValue, MaximValue, Unit, SensorType) VALUES (10859, 'Μπασίτσι', 'YWDX-9340', 0.0, 25.9, 'km/h', 'Wind');
INSERT INTO MEASUREMENT (DateTime, SensorID, MeasValue) VALUES (TO_DATE('10/05/18 14:48', 'DD/MM/YY HH24:MI'), 10859, 12.5);
INSERT INTO SENSOR (SerialNumber, CityPlaced, SensorModel, MinimValue, MaximValue, Unit, SensorType) VALUES (202740, 'Πηγάδι', 'XABOR-670', -55.0, 78.9, '°C', 'Temperature');
INSERT INTO MEASUREMENT (DateTime, SensorID, MeasValue) VALUES (TO_DATE('10/05/18 14:35', 'DD/MM/YY HH24:MI'), 202740, 19.3);
INSERT INTO SENSOR (SerialNumber, CityPlaced, SensorModel, MinimValue, MaximValue, Unit, SensorType) VALUES (489591, 'Πηγάδι', 'STRVD-9178', 0, 100, '%', 'Humidity');
INSERT INTO MEASUREMENT (DateTime, SensorID, MeasValue) VALUES (TO_DATE('10/05/18 14:35', 'DD/MM/YY HH24:MI'), 489591, 85);
INSERT INTO SENSOR (SerialNumber, CityPlaced, SensorModel, MinimValue, MaximValue, Unit, SensorType) VALUES (77491, 'Πηγάδι', 'UJVD-997', 714.0, 1084.9, 'hPa', 'Pressure');
INSERT INTO MEASUREMENT (DateTime, SensorID, MeasValue) VALUES (TO_DATE('10/05/18 14:35', 'DD/MM/YY HH24:MI'), 77491, 1005.0);
INSERT INTO SENSOR (SerialNumber, CityPlaced, SensorModel, MinimValue, MaximValue, Unit, SensorType) VALUES (98488, 'Πηγάδι', 'JZHE-8464', 0.0, 22.9, 'km/h', 'Wind');
INSERT INTO MEASUREMENT (DateTime, SensorID, MeasValue) VALUES (TO_DATE('10/05/18 14:35', 'DD/MM/YY HH24:MI'), 98488, 0.0);
INSERT INTO SENSOR (SerialNumber, CityPlaced, SensorModel, MinimValue, MaximValue, Unit, SensorType) VALUES (471141, 'Πορταριά', 'TGWGT-150', -53.0, 67.9, '°C', 'Temperature');
INSERT INTO MEASUREMENT (DateTime, SensorID, MeasValue) VALUES (TO_DATE('10/05/18 14:45', 'DD/MM/YY HH24:MI'), 471141, 13.0);
INSERT INTO SENSOR (SerialNumber, CityPlaced, SensorModel, MinimValue, MaximValue, Unit, SensorType) VALUES (408871, 'Πορταριά', 'GTYZE-9978', 0, 100, '%', 'Humidity');
INSERT INTO MEASUREMENT (DateTime, SensorID, MeasValue) VALUES (TO_DATE('10/05/18 14:45', 'DD/MM/YY HH24:MI'), 408871, 26);
INSERT INTO SENSOR (SerialNumber, CityPlaced, SensorModel, MinimValue, MaximValue, Unit, SensorType) VALUES (27681, 'Πορταριά', 'CHOE-293', 709.0, 1081.9, 'hPa', 'Pressure');
INSERT INTO MEASUREMENT (DateTime, SensorID, MeasValue) VALUES (TO_DATE('10/05/18 14:45', 'DD/MM/YY HH24:MI'), 27681, 1003.2);
INSERT INTO SENSOR (SerialNumber, CityPlaced, SensorModel, MinimValue, MaximValue, Unit, SensorType) VALUES (45497, 'Πορταριά', 'LWZE-2991', 0.0, 22.9, 'km/h', 'Wind');
INSERT INTO MEASUREMENT (DateTime, SensorID, MeasValue) VALUES (TO_DATE('10/05/18 14:45', 'DD/MM/YY HH24:MI'), 45497, 4.3);
INSERT INTO SENSOR (SerialNumber, CityPlaced, SensorModel, MinimValue, MaximValue, Unit, SensorType) VALUES (279633, 'Σκιάθος Ερασιτεχνικό Αστεροσκοπείο', 'LOWHL-333', -55.0, 78.9, '°C', 'Temperature');
INSERT INTO MEASUREMENT (DateTime, SensorID, MeasValue) VALUES (TO_DATE('10/05/18 14:47', 'DD/MM/YY HH24:MI'), 279633, 20.8);
INSERT INTO SENSOR (SerialNumber, CityPlaced, SensorModel, MinimValue, MaximValue, Unit, SensorType) VALUES (692162, 'Σκιάθος Ερασιτεχνικό Αστεροσκοπείο', 'CSLDO-9668', 0, 100, '%', 'Humidity');
INSERT INTO MEASUREMENT (DateTime, SensorID, MeasValue) VALUES (TO_DATE('10/05/18 14:47', 'DD/MM/YY HH24:MI'), 692162, 83);
INSERT INTO SENSOR (SerialNumber, CityPlaced, SensorModel, MinimValue, MaximValue, Unit, SensorType) VALUES (56793, 'Σκιάθος Ερασιτεχνικό Αστεροσκοπείο', 'LVWU-624', 711.0, 1056.9, 'hPa', 'Pressure');
INSERT INTO MEASUREMENT (DateTime, SensorID, MeasValue) VALUES (TO_DATE('10/05/18 14:47', 'DD/MM/YY HH24:MI'), 56793, 1005.7);
INSERT INTO SENSOR (SerialNumber, CityPlaced, SensorModel, MinimValue, MaximValue, Unit, SensorType) VALUES (18115, 'Σκιάθος Ερασιτεχνικό Αστεροσκοπείο', 'VMHE-8867', 0.0, 24.9, 'km/h', 'Wind');
INSERT INTO MEASUREMENT (DateTime, SensorID, MeasValue) VALUES (TO_DATE('10/05/18 14:47', 'DD/MM/YY HH24:MI'), 18115, 9.4);
INSERT INTO SENSOR (SerialNumber, CityPlaced, SensorModel, MinimValue, MaximValue, Unit, SensorType) VALUES (803163, 'Σκόπελος', 'NNSPZ-807', -59.0, 61.9, '°C', 'Temperature');
INSERT INTO MEASUREMENT (DateTime, SensorID, MeasValue) VALUES (TO_DATE('10/05/18 14:40', 'DD/MM/YY HH24:MI'), 803163, 20.6);
INSERT INTO SENSOR (SerialNumber, CityPlaced, SensorModel, MinimValue, MaximValue, Unit, SensorType) VALUES (752766, 'Σκόπελος', 'ZOUDI-5494', 0, 100, '%', 'Humidity');
INSERT INTO MEASUREMENT (DateTime, SensorID, MeasValue) VALUES (TO_DATE('10/05/18 14:40', 'DD/MM/YY HH24:MI'), 752766, 88);
INSERT INTO SENSOR (SerialNumber, CityPlaced, SensorModel, MinimValue, MaximValue, Unit, SensorType) VALUES (10633, 'Σκόπελος', 'TBDV-131', 717.0, 1099.9, 'hPa', 'Pressure');
INSERT INTO MEASUREMENT (DateTime, SensorID, MeasValue) VALUES (TO_DATE('10/05/18 14:40', 'DD/MM/YY HH24:MI'), 10633, 1008.4);
INSERT INTO SENSOR (SerialNumber, CityPlaced, SensorModel, MinimValue, MaximValue, Unit, SensorType) VALUES (74094, 'Σκόπελος', 'AJAE-3873', 0.0, 21.9, 'km/h', 'Wind');
INSERT INTO MEASUREMENT (DateTime, SensorID, MeasValue) VALUES (TO_DATE('10/05/18 14:40', 'DD/MM/YY HH24:MI'), 74094, 7.5);
INSERT INTO SENSOR (SerialNumber, CityPlaced, SensorModel, MinimValue, MaximValue, Unit, SensorType) VALUES (407431, 'Καλαμπάκα', 'ICYPU-360', -52.0, 73.9, '°C', 'Temperature');
INSERT INTO MEASUREMENT (DateTime, SensorID, MeasValue) VALUES (TO_DATE('10/05/18 14:46', 'DD/MM/YY HH24:MI'), 407431, 16.7);
INSERT INTO SENSOR (SerialNumber, CityPlaced, SensorModel, MinimValue, MaximValue, Unit, SensorType) VALUES (345837, 'Καλαμπάκα', 'NFKWP-4264', 0, 100, '%', 'Humidity');
INSERT INTO MEASUREMENT (DateTime, SensorID, MeasValue) VALUES (TO_DATE('10/05/18 14:46', 'DD/MM/YY HH24:MI'), 345837, 43);
INSERT INTO SENSOR (SerialNumber, CityPlaced, SensorModel, MinimValue, MaximValue, Unit, SensorType) VALUES (92025, 'Καλαμπάκα', 'QDKM-955', 708.0, 1054.9, 'hPa', 'Pressure');
INSERT INTO MEASUREMENT (DateTime, SensorID, MeasValue) VALUES (TO_DATE('10/05/18 14:46', 'DD/MM/YY HH24:MI'), 92025, 1007.0);
INSERT INTO SENSOR (SerialNumber, CityPlaced, SensorModel, MinimValue, MaximValue, Unit, SensorType) VALUES (40672, 'Καλαμπάκα', 'MBLS-2751', 0.0, 23.9, 'km/h', 'Wind');
INSERT INTO MEASUREMENT (DateTime, SensorID, MeasValue) VALUES (TO_DATE('10/05/18 14:46', 'DD/MM/YY HH24:MI'), 40672, 10.0);
INSERT INTO SENSOR (SerialNumber, CityPlaced, SensorModel, MinimValue, MaximValue, Unit, SensorType) VALUES (467211, 'Γέρακας', 'NYFBW-864', -52.0, 76.9, '°C', 'Temperature');
INSERT INTO MEASUREMENT (DateTime, SensorID, MeasValue) VALUES (TO_DATE('10/05/18 14:47', 'DD/MM/YY HH24:MI'), 467211, 14.2);
INSERT INTO SENSOR (SerialNumber, CityPlaced, SensorModel, MinimValue, MaximValue, Unit, SensorType) VALUES (305954, 'Γέρακας', 'QOGXA-6531', 0, 100, '%', 'Humidity');
INSERT INTO MEASUREMENT (DateTime, SensorID, MeasValue) VALUES (TO_DATE('10/05/18 14:47', 'DD/MM/YY HH24:MI'), 305954, 92);
INSERT INTO SENSOR (SerialNumber, CityPlaced, SensorModel, MinimValue, MaximValue, Unit, SensorType) VALUES (35426, 'Γέρακας', 'LOPP-020', 740.0, 1097.9, 'hPa', 'Pressure');
INSERT INTO MEASUREMENT (DateTime, SensorID, MeasValue) VALUES (TO_DATE('10/05/18 14:47', 'DD/MM/YY HH24:MI'), 35426, 1009.9);
INSERT INTO SENSOR (SerialNumber, CityPlaced, SensorModel, MinimValue, MaximValue, Unit, SensorType) VALUES (42089, 'Γέρακας', 'TMQF-7229', 0.0, 22.9, 'km/h', 'Wind');
INSERT INTO MEASUREMENT (DateTime, SensorID, MeasValue) VALUES (TO_DATE('10/05/18 14:47', 'DD/MM/YY HH24:MI'), 42089, 1.2);
INSERT INTO SENSOR (SerialNumber, CityPlaced, SensorModel, MinimValue, MaximValue, Unit, SensorType) VALUES (171784, 'Αιολικό Πάρκο Μοναστήρι I', 'PQCQS-414', -54.0, 63.9, '°C', 'Temperature');
INSERT INTO MEASUREMENT (DateTime, SensorID, MeasValue) VALUES (TO_DATE('10/05/18 14:48', 'DD/MM/YY HH24:MI'), 171784, 14.7);
INSERT INTO SENSOR (SerialNumber, CityPlaced, SensorModel, MinimValue, MaximValue, Unit, SensorType) VALUES (135143, 'Αιολικό Πάρκο Μοναστήρι I', 'PYBUU-3355', 0, 100, '%', 'Humidity');
INSERT INTO MEASUREMENT (DateTime, SensorID, MeasValue) VALUES (TO_DATE('10/05/18 14:48', 'DD/MM/YY HH24:MI'), 135143, 44);
INSERT INTO SENSOR (SerialNumber, CityPlaced, SensorModel, MinimValue, MaximValue, Unit, SensorType) VALUES (11178, 'Αιολικό Πάρκο Μοναστήρι I', 'BAER-159', 741.0, 1053.9, 'hPa', 'Pressure');
INSERT INTO MEASUREMENT (DateTime, SensorID, MeasValue) VALUES (TO_DATE('10/05/18 14:48', 'DD/MM/YY HH24:MI'), 11178, 1001.4);
INSERT INTO SENSOR (SerialNumber, CityPlaced, SensorModel, MinimValue, MaximValue, Unit, SensorType) VALUES (63171, 'Αιολικό Πάρκο Μοναστήρι I', 'BZAL-0205', 0.0, 25.9, 'km/h', 'Wind');
INSERT INTO MEASUREMENT (DateTime, SensorID, MeasValue) VALUES (TO_DATE('10/05/18 14:48', 'DD/MM/YY HH24:MI'), 63171, 7.7);
INSERT INTO SENSOR (SerialNumber, CityPlaced, SensorModel, MinimValue, MaximValue, Unit, SensorType) VALUES (968726, 'Κομοτηνή', 'TLGWM-822', -59.0, 75.9, '°C', 'Temperature');
INSERT INTO MEASUREMENT (DateTime, SensorID, MeasValue) VALUES (TO_DATE('10/05/18 14:40', 'DD/MM/YY HH24:MI'), 968726, 17.0);
INSERT INTO SENSOR (SerialNumber, CityPlaced, SensorModel, MinimValue, MaximValue, Unit, SensorType) VALUES (535754, 'Κομοτηνή', 'ELVJH-8808', 0, 100, '%', 'Humidity');
INSERT INTO MEASUREMENT (DateTime, SensorID, MeasValue) VALUES (TO_DATE('10/05/18 14:40', 'DD/MM/YY HH24:MI'), 535754, 86);
INSERT INTO SENSOR (SerialNumber, CityPlaced, SensorModel, MinimValue, MaximValue, Unit, SensorType) VALUES (54516, 'Κομοτηνή', 'VCFY-936', 728.0, 1099.9, 'hPa', 'Pressure');
INSERT INTO MEASUREMENT (DateTime, SensorID, MeasValue) VALUES (TO_DATE('10/05/18 14:40', 'DD/MM/YY HH24:MI'), 54516, 1006.2);
INSERT INTO SENSOR (SerialNumber, CityPlaced, SensorModel, MinimValue, MaximValue, Unit, SensorType) VALUES (99024, 'Κομοτηνή', 'ARFB-9528', 0.0, 22.9, 'km/h', 'Wind');
INSERT INTO MEASUREMENT (DateTime, SensorID, MeasValue) VALUES (TO_DATE('10/05/18 14:40', 'DD/MM/YY HH24:MI'), 99024, 5.5);
INSERT INTO SENSOR (SerialNumber, CityPlaced, SensorModel, MinimValue, MaximValue, Unit, SensorType) VALUES (901045, 'Βαλανειό', 'CLAWB-177', -53.0, 72.9, '°C', 'Temperature');
INSERT INTO MEASUREMENT (DateTime, SensorID, MeasValue) VALUES (TO_DATE('10/05/18 14:43', 'DD/MM/YY HH24:MI'), 901045, 20.5);
INSERT INTO SENSOR (SerialNumber, CityPlaced, SensorModel, MinimValue, MaximValue, Unit, SensorType) VALUES (752196, 'Βαλανειό', 'APVZE-6001', 0, 100, '%', 'Humidity');
INSERT INTO MEASUREMENT (DateTime, SensorID, MeasValue) VALUES (TO_DATE('10/05/18 14:43', 'DD/MM/YY HH24:MI'), 752196, 72);
INSERT INTO SENSOR (SerialNumber, CityPlaced, SensorModel, MinimValue, MaximValue, Unit, SensorType) VALUES (71874, 'Βαλανειό', 'WVKM-909', 730.0, 1051.9, 'hPa', 'Pressure');
INSERT INTO MEASUREMENT (DateTime, SensorID, MeasValue) VALUES (TO_DATE('10/05/18 14:43', 'DD/MM/YY HH24:MI'), 71874, 1006.2);
INSERT INTO SENSOR (SerialNumber, CityPlaced, SensorModel, MinimValue, MaximValue, Unit, SensorType) VALUES (90903, 'Βαλανειό', 'WEQO-0986', 0.0, 23.9, 'km/h', 'Wind');
INSERT INTO MEASUREMENT (DateTime, SensorID, MeasValue) VALUES (TO_DATE('10/05/18 14:43', 'DD/MM/YY HH24:MI'), 90903, 2.4);
INSERT INTO SENSOR (SerialNumber, CityPlaced, SensorModel, MinimValue, MaximValue, Unit, SensorType) VALUES (437347, 'Παντοκράτορας', 'TRZUJ-007', -55.0, 74.9, '°C', 'Temperature');
INSERT INTO MEASUREMENT (DateTime, SensorID, MeasValue) VALUES (TO_DATE('10/05/18 14:48', 'DD/MM/YY HH24:MI'), 437347, 16.6);
INSERT INTO SENSOR (SerialNumber, CityPlaced, SensorModel, MinimValue, MaximValue, Unit, SensorType) VALUES (449278, 'Παντοκράτορας', 'HLHXQ-2185', 0, 100, '%', 'Humidity');
INSERT INTO MEASUREMENT (DateTime, SensorID, MeasValue) VALUES (TO_DATE('10/05/18 14:48', 'DD/MM/YY HH24:MI'), 449278, 87);
INSERT INTO SENSOR (SerialNumber, CityPlaced, SensorModel, MinimValue, MaximValue, Unit, SensorType) VALUES (71229, 'Παντοκράτορας', 'RFAE-117', 746.0, 1081.9, 'hPa', 'Pressure');
INSERT INTO MEASUREMENT (DateTime, SensorID, MeasValue) VALUES (TO_DATE('10/05/18 14:48', 'DD/MM/YY HH24:MI'), 71229, 1011.0);
INSERT INTO SENSOR (SerialNumber, CityPlaced, SensorModel, MinimValue, MaximValue, Unit, SensorType) VALUES (32833, 'Παντοκράτορας', 'GNSV-9350', 0.0, 23.9, 'km/h', 'Wind');
INSERT INTO MEASUREMENT (DateTime, SensorID, MeasValue) VALUES (TO_DATE('10/05/18 14:48', 'DD/MM/YY HH24:MI'), 32833, 4.0);
INSERT INTO SENSOR (SerialNumber, CityPlaced, SensorModel, MinimValue, MaximValue, Unit, SensorType) VALUES (810500, 'Ιθάκη', 'CHYLZ-559', -57.0, 63.9, '°C', 'Temperature');
INSERT INTO MEASUREMENT (DateTime, SensorID, MeasValue) VALUES (TO_DATE('10/05/18 14:38', 'DD/MM/YY HH24:MI'), 810500, 22.2);
INSERT INTO SENSOR (SerialNumber, CityPlaced, SensorModel, MinimValue, MaximValue, Unit, SensorType) VALUES (692569, 'Ιθάκη', 'ZXWVK-1786', 0, 100, '%', 'Humidity');
INSERT INTO MEASUREMENT (DateTime, SensorID, MeasValue) VALUES (TO_DATE('10/05/18 14:38', 'DD/MM/YY HH24:MI'), 692569, 65);
INSERT INTO SENSOR (SerialNumber, CityPlaced, SensorModel, MinimValue, MaximValue, Unit, SensorType) VALUES (15858, 'Ιθάκη', 'CEAM-173', 700.0, 1054.9, 'hPa', 'Pressure');
INSERT INTO MEASUREMENT (DateTime, SensorID, MeasValue) VALUES (TO_DATE('10/05/18 14:38', 'DD/MM/YY HH24:MI'), 15858, 1007.8);
INSERT INTO SENSOR (SerialNumber, CityPlaced, SensorModel, MinimValue, MaximValue, Unit, SensorType) VALUES (84185, 'Ιθάκη', 'JXWR-5705', 0.0, 23.9, 'km/h', 'Wind');
INSERT INTO MEASUREMENT (DateTime, SensorID, MeasValue) VALUES (TO_DATE('10/05/18 14:38', 'DD/MM/YY HH24:MI'), 84185, 3.2);
INSERT INTO SENSOR (SerialNumber, CityPlaced, SensorModel, MinimValue, MaximValue, Unit, SensorType) VALUES (694631, 'Λαχός Ιθάκη', 'RADFQ-934', -52.0, 63.9, '°C', 'Temperature');
INSERT INTO MEASUREMENT (DateTime, SensorID, MeasValue) VALUES (TO_DATE('10/05/18 14:47', 'DD/MM/YY HH24:MI'), 694631, 22.9);
INSERT INTO SENSOR (SerialNumber, CityPlaced, SensorModel, MinimValue, MaximValue, Unit, SensorType) VALUES (216342, 'Λαχός Ιθάκη', 'CYCAT-5135', 0, 100, '%', 'Humidity');
INSERT INTO MEASUREMENT (DateTime, SensorID, MeasValue) VALUES (TO_DATE('10/05/18 14:47', 'DD/MM/YY HH24:MI'), 216342, 68);
INSERT INTO SENSOR (SerialNumber, CityPlaced, SensorModel, MinimValue, MaximValue, Unit, SensorType) VALUES (16953, 'Λαχός Ιθάκη', 'BEWK-437', 745.0, 1061.9, 'hPa', 'Pressure');
INSERT INTO MEASUREMENT (DateTime, SensorID, MeasValue) VALUES (TO_DATE('10/05/18 14:47', 'DD/MM/YY HH24:MI'), 16953, 1006.5);
INSERT INTO SENSOR (SerialNumber, CityPlaced, SensorModel, MinimValue, MaximValue, Unit, SensorType) VALUES (77466, 'Λαχός Ιθάκη', 'UIPU-3358', 0.0, 24.9, 'km/h', 'Wind');
INSERT INTO MEASUREMENT (DateTime, SensorID, MeasValue) VALUES (TO_DATE('10/05/18 14:47', 'DD/MM/YY HH24:MI'), 77466, 0.0);
INSERT INTO SENSOR (SerialNumber, CityPlaced, SensorModel, MinimValue, MaximValue, Unit, SensorType) VALUES (940522, 'Πλατρειθιάς Ιθάκη', 'AKMHL-128', -54.0, 60.9, '°C', 'Temperature');
INSERT INTO MEASUREMENT (DateTime, SensorID, MeasValue) VALUES (TO_DATE('10/05/18 14:40', 'DD/MM/YY HH24:MI'), 940522, 21.7);
INSERT INTO SENSOR (SerialNumber, CityPlaced, SensorModel, MinimValue, MaximValue, Unit, SensorType) VALUES (925010, 'Πλατρειθιάς Ιθάκη', 'EZDPT-8772', 0, 100, '%', 'Humidity');
INSERT INTO MEASUREMENT (DateTime, SensorID, MeasValue) VALUES (TO_DATE('10/05/18 14:40', 'DD/MM/YY HH24:MI'), 925010, 73);
INSERT INTO SENSOR (SerialNumber, CityPlaced, SensorModel, MinimValue, MaximValue, Unit, SensorType) VALUES (99428, 'Πλατρειθιάς Ιθάκη', 'EGNC-281', 738.0, 1089.9, 'hPa', 'Pressure');
INSERT INTO MEASUREMENT (DateTime, SensorID, MeasValue) VALUES (TO_DATE('10/05/18 14:40', 'DD/MM/YY HH24:MI'), 99428, 1007.7);
INSERT INTO SENSOR (SerialNumber, CityPlaced, SensorModel, MinimValue, MaximValue, Unit, SensorType) VALUES (13914, 'Πλατρειθιάς Ιθάκη', 'UNPJ-4588', 0.0, 20.9, 'km/h', 'Wind');
INSERT INTO MEASUREMENT (DateTime, SensorID, MeasValue) VALUES (TO_DATE('10/05/18 14:40', 'DD/MM/YY HH24:MI'), 13914, 7.0);
INSERT INTO SENSOR (SerialNumber, CityPlaced, SensorModel, MinimValue, MaximValue, Unit, SensorType) VALUES (964053, 'Σπαρτιά', 'WEJQH-005', -53.0, 73.9, '°C', 'Temperature');
INSERT INTO MEASUREMENT (DateTime, SensorID, MeasValue) VALUES (TO_DATE('10/05/18 14:48', 'DD/MM/YY HH24:MI'), 964053, 21.4);
INSERT INTO SENSOR (SerialNumber, CityPlaced, SensorModel, MinimValue, MaximValue, Unit, SensorType) VALUES (648739, 'Σπαρτιά', 'AYSXK-0740', 0, 100, '%', 'Humidity');
INSERT INTO MEASUREMENT (DateTime, SensorID, MeasValue) VALUES (TO_DATE('10/05/18 14:48', 'DD/MM/YY HH24:MI'), 648739, 71);
INSERT INTO SENSOR (SerialNumber, CityPlaced, SensorModel, MinimValue, MaximValue, Unit, SensorType) VALUES (57073, 'Σπαρτιά', 'OZUG-856', 734.0, 1087.9, 'hPa', 'Pressure');
INSERT INTO MEASUREMENT (DateTime, SensorID, MeasValue) VALUES (TO_DATE('10/05/18 14:48', 'DD/MM/YY HH24:MI'), 57073, 1082.6);
INSERT INTO SENSOR (SerialNumber, CityPlaced, SensorModel, MinimValue, MaximValue, Unit, SensorType) VALUES (10376, 'Σπαρτιά', 'GHHD-6921', 0.0, 23.9, 'km/h', 'Wind');
INSERT INTO MEASUREMENT (DateTime, SensorID, MeasValue) VALUES (TO_DATE('10/05/18 14:48', 'DD/MM/YY HH24:MI'), 10376, 6.5);
INSERT INTO SENSOR (SerialNumber, CityPlaced, SensorModel, MinimValue, MaximValue, Unit, SensorType) VALUES (844071, 'Λευκάδα', 'KHGKL-740', -55.0, 70.9, '°C', 'Temperature');
INSERT INTO MEASUREMENT (DateTime, SensorID, MeasValue) VALUES (TO_DATE('10/05/18 14:39', 'DD/MM/YY HH24:MI'), 844071, 22.0);
INSERT INTO SENSOR (SerialNumber, CityPlaced, SensorModel, MinimValue, MaximValue, Unit, SensorType) VALUES (411354, 'Λευκάδα', 'YTBII-3313', 0, 100, '%', 'Humidity');
INSERT INTO MEASUREMENT (DateTime, SensorID, MeasValue) VALUES (TO_DATE('10/05/18 14:39', 'DD/MM/YY HH24:MI'), 411354, 70);
INSERT INTO SENSOR (SerialNumber, CityPlaced, SensorModel, MinimValue, MaximValue, Unit, SensorType) VALUES (67615, 'Λευκάδα', 'LDFD-535', 727.0, 1098.9, 'hPa', 'Pressure');
INSERT INTO MEASUREMENT (DateTime, SensorID, MeasValue) VALUES (TO_DATE('10/05/18 14:39', 'DD/MM/YY HH24:MI'), 67615, 1007.4);
INSERT INTO SENSOR (SerialNumber, CityPlaced, SensorModel, MinimValue, MaximValue, Unit, SensorType) VALUES (82092, 'Λευκάδα', 'BYOM-5453', 0.0, 21.9, 'km/h', 'Wind');
INSERT INTO MEASUREMENT (DateTime, SensorID, MeasValue) VALUES (TO_DATE('10/05/18 14:39', 'DD/MM/YY HH24:MI'), 82092, 14.0);
INSERT INTO SENSOR (SerialNumber, CityPlaced, SensorModel, MinimValue, MaximValue, Unit, SensorType) VALUES (141893, 'Πλατύστομα', 'BFDLQ-698', -52.0, 64.9, '°C', 'Temperature');
INSERT INTO MEASUREMENT (DateTime, SensorID, MeasValue) VALUES (TO_DATE('10/05/18 14:44', 'DD/MM/YY HH24:MI'), 141893, 19.4);
INSERT INTO SENSOR (SerialNumber, CityPlaced, SensorModel, MinimValue, MaximValue, Unit, SensorType) VALUES (277393, 'Πλατύστομα', 'LDEAN-4932', 0, 100, '%', 'Humidity');
INSERT INTO MEASUREMENT (DateTime, SensorID, MeasValue) VALUES (TO_DATE('10/05/18 14:44', 'DD/MM/YY HH24:MI'), 277393, 59);
INSERT INTO SENSOR (SerialNumber, CityPlaced, SensorModel, MinimValue, MaximValue, Unit, SensorType) VALUES (42653, 'Πλατύστομα', 'DORO-073', 729.0, 1066.9, 'hPa', 'Pressure');
INSERT INTO MEASUREMENT (DateTime, SensorID, MeasValue) VALUES (TO_DATE('10/05/18 14:44', 'DD/MM/YY HH24:MI'), 42653, 1007.5);
INSERT INTO SENSOR (SerialNumber, CityPlaced, SensorModel, MinimValue, MaximValue, Unit, SensorType) VALUES (24756, 'Πλατύστομα', 'XWIV-3993', 0.0, 22.9, 'km/h', 'Wind');
INSERT INTO MEASUREMENT (DateTime, SensorID, MeasValue) VALUES (TO_DATE('10/05/18 14:44', 'DD/MM/YY HH24:MI'), 24756, 8.2);
INSERT INTO SENSOR (SerialNumber, CityPlaced, SensorModel, MinimValue, MaximValue, Unit, SensorType) VALUES (519541, 'Σταυράκια', 'WLEHR-488', -50.0, 70.9, '°C', 'Temperature');
INSERT INTO MEASUREMENT (DateTime, SensorID, MeasValue) VALUES (TO_DATE('10/05/18 14:45', 'DD/MM/YY HH24:MI'), 519541, 20.2);
INSERT INTO SENSOR (SerialNumber, CityPlaced, SensorModel, MinimValue, MaximValue, Unit, SensorType) VALUES (492494, 'Σταυράκια', 'IMSEY-7386', 0, 100, '%', 'Humidity');
INSERT INTO MEASUREMENT (DateTime, SensorID, MeasValue) VALUES (TO_DATE('10/05/18 14:45', 'DD/MM/YY HH24:MI'), 492494, 78);
INSERT INTO SENSOR (SerialNumber, CityPlaced, SensorModel, MinimValue, MaximValue, Unit, SensorType) VALUES (15821, 'Σταυράκια', 'PYTR-421', 726.0, 1094.9, 'hPa', 'Pressure');
INSERT INTO MEASUREMENT (DateTime, SensorID, MeasValue) VALUES (TO_DATE('10/05/18 14:45', 'DD/MM/YY HH24:MI'), 15821, 1007.3);
INSERT INTO SENSOR (SerialNumber, CityPlaced, SensorModel, MinimValue, MaximValue, Unit, SensorType) VALUES (42689, 'Σταυράκια', 'HUUU-7014', 0.0, 21.9, 'km/h', 'Wind');
INSERT INTO MEASUREMENT (DateTime, SensorID, MeasValue) VALUES (TO_DATE('10/05/18 14:45', 'DD/MM/YY HH24:MI'), 42689, 7.3);
INSERT INTO SENSOR (SerialNumber, CityPlaced, SensorModel, MinimValue, MaximValue, Unit, SensorType) VALUES (310794, 'Ελούντα', 'YCKFN-744', -59.0, 76.9, '°C', 'Temperature');
INSERT INTO MEASUREMENT (DateTime, SensorID, MeasValue) VALUES (TO_DATE('10/05/18 14:48', 'DD/MM/YY HH24:MI'), 310794, 0.0);
INSERT INTO SENSOR (SerialNumber, CityPlaced, SensorModel, MinimValue, MaximValue, Unit, SensorType) VALUES (701026, 'Ελούντα', 'CKSXZ-3284', 0, 100, '%', 'Humidity');
INSERT INTO MEASUREMENT (DateTime, SensorID, MeasValue) VALUES (TO_DATE('10/05/18 14:48', 'DD/MM/YY HH24:MI'), 701026, 0);
INSERT INTO SENSOR (SerialNumber, CityPlaced, SensorModel, MinimValue, MaximValue, Unit, SensorType) VALUES (50171, 'Ελούντα', 'QJGO-671', 718.0, 1099.9, 'hPa', 'Pressure');
INSERT INTO MEASUREMENT (DateTime, SensorID, MeasValue) VALUES (TO_DATE('10/05/18 14:48', 'DD/MM/YY HH24:MI'), 50171, 1008.2);
INSERT INTO SENSOR (SerialNumber, CityPlaced, SensorModel, MinimValue, MaximValue, Unit, SensorType) VALUES (37509, 'Ελούντα', 'PMLF-3379', 0.0, 23.9, 'km/h', 'Wind');
INSERT INTO MEASUREMENT (DateTime, SensorID, MeasValue) VALUES (TO_DATE('10/05/18 14:48', 'DD/MM/YY HH24:MI'), 37509, 8.4);
INSERT INTO SENSOR (SerialNumber, CityPlaced, SensorModel, MinimValue, MaximValue, Unit, SensorType) VALUES (384678, 'Ρούστικα', 'OLXJO-178', -60.0, 69.9, '°C', 'Temperature');
INSERT INTO MEASUREMENT (DateTime, SensorID, MeasValue) VALUES (TO_DATE('10/05/18 14:48', 'DD/MM/YY HH24:MI'), 384678, 25.1);
INSERT INTO SENSOR (SerialNumber, CityPlaced, SensorModel, MinimValue, MaximValue, Unit, SensorType) VALUES (349626, 'Ρούστικα', 'AIUFN-6916', 0, 100, '%', 'Humidity');
INSERT INTO MEASUREMENT (DateTime, SensorID, MeasValue) VALUES (TO_DATE('10/05/18 14:48', 'DD/MM/YY HH24:MI'), 349626, 55);
INSERT INTO SENSOR (SerialNumber, CityPlaced, SensorModel, MinimValue, MaximValue, Unit, SensorType) VALUES (52419, 'Ρούστικα', 'WJNM-822', 721.0, 1086.9, 'hPa', 'Pressure');
INSERT INTO MEASUREMENT (DateTime, SensorID, MeasValue) VALUES (TO_DATE('10/05/18 14:48', 'DD/MM/YY HH24:MI'), 52419, 1005.2);
INSERT INTO SENSOR (SerialNumber, CityPlaced, SensorModel, MinimValue, MaximValue, Unit, SensorType) VALUES (63198, 'Ρούστικα', 'HOHH-0784', 0.0, 23.9, 'km/h', 'Wind');
INSERT INTO MEASUREMENT (DateTime, SensorID, MeasValue) VALUES (TO_DATE('10/05/18 14:48', 'DD/MM/YY HH24:MI'), 63198, 3.7);
INSERT INTO SENSOR (SerialNumber, CityPlaced, SensorModel, MinimValue, MaximValue, Unit, SensorType) VALUES (902818, 'Κουντούρα', 'SPOUI-432', -54.0, 71.9, '°C', 'Temperature');
INSERT INTO MEASUREMENT (DateTime, SensorID, MeasValue) VALUES (TO_DATE('10/05/18 14:41', 'DD/MM/YY HH24:MI'), 902818, 24.4);
INSERT INTO SENSOR (SerialNumber, CityPlaced, SensorModel, MinimValue, MaximValue, Unit, SensorType) VALUES (160827, 'Κουντούρα', 'ALZPE-7517', 0, 100, '%', 'Humidity');
INSERT INTO MEASUREMENT (DateTime, SensorID, MeasValue) VALUES (TO_DATE('10/05/18 14:41', 'DD/MM/YY HH24:MI'), 160827, 57);
INSERT INTO SENSOR (SerialNumber, CityPlaced, SensorModel, MinimValue, MaximValue, Unit, SensorType) VALUES (52005, 'Κουντούρα', 'GNKG-881', 733.0, 1091.9, 'hPa', 'Pressure');
INSERT INTO MEASUREMENT (DateTime, SensorID, MeasValue) VALUES (TO_DATE('10/05/18 14:41', 'DD/MM/YY HH24:MI'), 52005, 1008.9);
INSERT INTO SENSOR (SerialNumber, CityPlaced, SensorModel, MinimValue, MaximValue, Unit, SensorType) VALUES (65439, 'Κουντούρα', 'GVTR-1173', 0.0, 25.9, 'km/h', 'Wind');
INSERT INTO MEASUREMENT (DateTime, SensorID, MeasValue) VALUES (TO_DATE('10/05/18 14:41', 'DD/MM/YY HH24:MI'), 65439, 9.7);
INSERT INTO SENSOR (SerialNumber, CityPlaced, SensorModel, MinimValue, MaximValue, Unit, SensorType) VALUES (686219, 'Δράμα Νέα Αμισός  Δράμα', 'XXMYC-581', -52.0, 73.9, '°C', 'Temperature');
INSERT INTO MEASUREMENT (DateTime, SensorID, MeasValue) VALUES (TO_DATE('10/05/18 14:45', 'DD/MM/YY HH24:MI'), 686219, 15.3);
INSERT INTO SENSOR (SerialNumber, CityPlaced, SensorModel, MinimValue, MaximValue, Unit, SensorType) VALUES (266947, 'Δράμα Νέα Αμισός  Δράμα', 'ACRDF-0565', 0, 100, '%', 'Humidity');
INSERT INTO MEASUREMENT (DateTime, SensorID, MeasValue) VALUES (TO_DATE('10/05/18 14:45', 'DD/MM/YY HH24:MI'), 266947, 87);
INSERT INTO MEASUREMENT (DateTime, SensorID, MeasValue) VALUES (TO_DATE('10/05/18 14:45', 'DD/MM/YY HH24:MI'), 97642, 1007.1);
INSERT INTO SENSOR (SerialNumber, CityPlaced, SensorModel, MinimValue, MaximValue, Unit, SensorType) VALUES (54629, 'Δράμα Νέα Αμισός  Δράμα', 'IVVC-1078', 0.0, 23.9, 'km/h', 'Wind');
INSERT INTO MEASUREMENT (DateTime, SensorID, MeasValue) VALUES (TO_DATE('10/05/18 14:45', 'DD/MM/YY HH24:MI'), 54629, 8.9);
INSERT INTO SENSOR (SerialNumber, CityPlaced, SensorModel, MinimValue, MaximValue, Unit, SensorType) VALUES (993849, 'Δράμα Αμπελόκηποι', 'LNKDD-788', -55.0, 63.9, '°C', 'Temperature');
INSERT INTO MEASUREMENT (DateTime, SensorID, MeasValue) VALUES (TO_DATE('10/05/18 14:48', 'DD/MM/YY HH24:MI'), 993849, 16.2);
INSERT INTO SENSOR (SerialNumber, CityPlaced, SensorModel, MinimValue, MaximValue, Unit, SensorType) VALUES (714638, 'Δράμα Αμπελόκηποι', 'KDQGL-2505', 0, 100, '%', 'Humidity');
INSERT INTO MEASUREMENT (DateTime, SensorID, MeasValue) VALUES (TO_DATE('10/05/18 14:48', 'DD/MM/YY HH24:MI'), 714638, 82);
INSERT INTO SENSOR (SerialNumber, CityPlaced, SensorModel, MinimValue, MaximValue, Unit, SensorType) VALUES (23961, 'Δράμα Αμπελόκηποι', 'HOQD-221', 733.0, 1084.9, 'hPa', 'Pressure');
INSERT INTO MEASUREMENT (DateTime, SensorID, MeasValue) VALUES (TO_DATE('10/05/18 14:48', 'DD/MM/YY HH24:MI'), 23961, 1006.7);
INSERT INTO SENSOR (SerialNumber, CityPlaced, SensorModel, MinimValue, MaximValue, Unit, SensorType) VALUES (26918, 'Δράμα Αμπελόκηποι', 'OSPS-8955', 0.0, 21.9, 'km/h', 'Wind');
INSERT INTO MEASUREMENT (DateTime, SensorID, MeasValue) VALUES (TO_DATE('10/05/18 14:48', 'DD/MM/YY HH24:MI'), 26918, 5.0);
INSERT INTO SENSOR (SerialNumber, CityPlaced, SensorModel, MinimValue, MaximValue, Unit, SensorType) VALUES (462546, 'Δράμα Κέντρο', 'QPYXH-898', -52.0, 66.9, '°C', 'Temperature');
INSERT INTO MEASUREMENT (DateTime, SensorID, MeasValue) VALUES (TO_DATE('10/05/18 14:46', 'DD/MM/YY HH24:MI'), 462546, 16.1);
INSERT INTO SENSOR (SerialNumber, CityPlaced, SensorModel, MinimValue, MaximValue, Unit, SensorType) VALUES (781327, 'Δράμα Κέντρο', 'EHZJR-0398', 0, 100, '%', 'Humidity');
INSERT INTO MEASUREMENT (DateTime, SensorID, MeasValue) VALUES (TO_DATE('10/05/18 14:46', 'DD/MM/YY HH24:MI'), 781327, 83);
INSERT INTO SENSOR (SerialNumber, CityPlaced, SensorModel, MinimValue, MaximValue, Unit, SensorType) VALUES (69504, 'Δράμα Κέντρο', 'QJFQ-002', 723.0, 1082.9, 'hPa', 'Pressure');
INSERT INTO MEASUREMENT (DateTime, SensorID, MeasValue) VALUES (TO_DATE('10/05/18 14:46', 'DD/MM/YY HH24:MI'), 69504, 1006.1);
INSERT INTO SENSOR (SerialNumber, CityPlaced, SensorModel, MinimValue, MaximValue, Unit, SensorType) VALUES (59901, 'Δράμα Κέντρο', 'DEYO-7963', 0.0, 24.9, 'km/h', 'Wind');
INSERT INTO MEASUREMENT (DateTime, SensorID, MeasValue) VALUES (TO_DATE('10/05/18 14:46', 'DD/MM/YY HH24:MI'), 59901, 7.5);
INSERT INTO SENSOR (SerialNumber, CityPlaced, SensorModel, MinimValue, MaximValue, Unit, SensorType) VALUES (401248, 'Καλαμώνας', 'QXPBG-666', -51.0, 64.9, '°C', 'Temperature');
INSERT INTO MEASUREMENT (DateTime, SensorID, MeasValue) VALUES (TO_DATE('10/05/18 14:45', 'DD/MM/YY HH24:MI'), 401248, 23.1);
INSERT INTO SENSOR (SerialNumber, CityPlaced, SensorModel, MinimValue, MaximValue, Unit, SensorType) VALUES (354020, 'Καλαμώνας', 'VSORB-2447', 0, 100, '%', 'Humidity');
INSERT INTO MEASUREMENT (DateTime, SensorID, MeasValue) VALUES (TO_DATE('10/05/18 14:45', 'DD/MM/YY HH24:MI'), 354020, 62);
INSERT INTO SENSOR (SerialNumber, CityPlaced, SensorModel, MinimValue, MaximValue, Unit, SensorType) VALUES (34196, 'Καλαμώνας', 'NYYG-635', 722.0, 1056.9, 'hPa', 'Pressure');
INSERT INTO MEASUREMENT (DateTime, SensorID, MeasValue) VALUES (TO_DATE('10/05/18 14:45', 'DD/MM/YY HH24:MI'), 34196, 1002.6);
INSERT INTO SENSOR (SerialNumber, CityPlaced, SensorModel, MinimValue, MaximValue, Unit, SensorType) VALUES (46259, 'Καλαμώνας', 'TCMB-5180', 0.0, 25.9, 'km/h', 'Wind');
INSERT INTO MEASUREMENT (DateTime, SensorID, MeasValue) VALUES (TO_DATE('10/05/18 14:45', 'DD/MM/YY HH24:MI'), 46259, 0.6);
INSERT INTO SENSOR (SerialNumber, CityPlaced, SensorModel, MinimValue, MaximValue, Unit, SensorType) VALUES (504909, 'Βέροια', 'SWDJP-632', -54.0, 67.9, '°C', 'Temperature');
INSERT INTO MEASUREMENT (DateTime, SensorID, MeasValue) VALUES (TO_DATE('10/05/18 14:45', 'DD/MM/YY HH24:MI'), 504909, 18.2);
INSERT INTO SENSOR (SerialNumber, CityPlaced, SensorModel, MinimValue, MaximValue, Unit, SensorType) VALUES (344093, 'Βέροια', 'RSZUS-4356', 0, 100, '%', 'Humidity');
INSERT INTO MEASUREMENT (DateTime, SensorID, MeasValue) VALUES (TO_DATE('10/05/18 14:45', 'DD/MM/YY HH24:MI'), 344093, 81);
INSERT INTO SENSOR (SerialNumber, CityPlaced, SensorModel, MinimValue, MaximValue, Unit, SensorType) VALUES (90702, 'Βέροια', 'MACH-510', 729.0, 1068.9, 'hPa', 'Pressure');
INSERT INTO MEASUREMENT (DateTime, SensorID, MeasValue) VALUES (TO_DATE('10/05/18 14:45', 'DD/MM/YY HH24:MI'), 90702, 1004.0);
INSERT INTO SENSOR (SerialNumber, CityPlaced, SensorModel, MinimValue, MaximValue, Unit, SensorType) VALUES (35785, 'Βέροια', 'EDVX-6121', 0.0, 20.9, 'km/h', 'Wind');
INSERT INTO MEASUREMENT (DateTime, SensorID, MeasValue) VALUES (TO_DATE('10/05/18 14:45', 'DD/MM/YY HH24:MI'), 35785, 11.5);
INSERT INTO SENSOR (SerialNumber, CityPlaced, SensorModel, MinimValue, MaximValue, Unit, SensorType) VALUES (203490, 'Στενήμαχος', 'WTRLO-096', -58.0, 72.9, '°C', 'Temperature');
INSERT INTO MEASUREMENT (DateTime, SensorID, MeasValue) VALUES (TO_DATE('10/05/18 14:45', 'DD/MM/YY HH24:MI'), 203490, 19.5);
INSERT INTO SENSOR (SerialNumber, CityPlaced, SensorModel, MinimValue, MaximValue, Unit, SensorType) VALUES (546320, 'Στενήμαχος', 'JUOMZ-3746', 0, 100, '%', 'Humidity');
INSERT INTO MEASUREMENT (DateTime, SensorID, MeasValue) VALUES (TO_DATE('10/05/18 14:45', 'DD/MM/YY HH24:MI'), 546320, 74);
INSERT INTO SENSOR (SerialNumber, CityPlaced, SensorModel, MinimValue, MaximValue, Unit, SensorType) VALUES (28399, 'Στενήμαχος', 'WWYJ-891', 722.0, 1069.9, 'hPa', 'Pressure');
INSERT INTO MEASUREMENT (DateTime, SensorID, MeasValue) VALUES (TO_DATE('10/05/18 14:45', 'DD/MM/YY HH24:MI'), 28399, 1005.0);
INSERT INTO SENSOR (SerialNumber, CityPlaced, SensorModel, MinimValue, MaximValue, Unit, SensorType) VALUES (41491, 'Στενήμαχος', 'WOGW-6493', 0.0, 20.9, 'km/h', 'Wind');
INSERT INTO MEASUREMENT (DateTime, SensorID, MeasValue) VALUES (TO_DATE('10/05/18 14:45', 'DD/MM/YY HH24:MI'), 41491, 2.2);
INSERT INTO SENSOR (SerialNumber, CityPlaced, SensorModel, MinimValue, MaximValue, Unit, SensorType) VALUES (434039, 'Επταπύργιο', 'AVPXE-620', -50.0, 74.9, '°C', 'Temperature');
INSERT INTO MEASUREMENT (DateTime, SensorID, MeasValue) VALUES (TO_DATE('10/05/18 14:48', 'DD/MM/YY HH24:MI'), 434039, 14.4);
INSERT INTO SENSOR (SerialNumber, CityPlaced, SensorModel, MinimValue, MaximValue, Unit, SensorType) VALUES (843579, 'Επταπύργιο', 'LJGWE-0196', 0, 100, '%', 'Humidity');
INSERT INTO MEASUREMENT (DateTime, SensorID, MeasValue) VALUES (TO_DATE('10/05/18 14:48', 'DD/MM/YY HH24:MI'), 843579, 91);
INSERT INTO SENSOR (SerialNumber, CityPlaced, SensorModel, MinimValue, MaximValue, Unit, SensorType) VALUES (26539, 'Επταπύργιο', 'CKAS-941', 719.0, 1084.9, 'hPa', 'Pressure');
INSERT INTO MEASUREMENT (DateTime, SensorID, MeasValue) VALUES (TO_DATE('10/05/18 14:48', 'DD/MM/YY HH24:MI'), 26539, 1007.8);
INSERT INTO SENSOR (SerialNumber, CityPlaced, SensorModel, MinimValue, MaximValue, Unit, SensorType) VALUES (14403, 'Επταπύργιο', 'VNQN-0108', 0.0, 20.9, 'km/h', 'Wind');
INSERT INTO MEASUREMENT (DateTime, SensorID, MeasValue) VALUES (TO_DATE('10/05/18 14:48', 'DD/MM/YY HH24:MI'), 14403, 2.9);
INSERT INTO SENSOR (SerialNumber, CityPlaced, SensorModel, MinimValue, MaximValue, Unit, SensorType) VALUES (593459, 'Θεσσαλονίκη Ευκαρπία', 'WWZKX-187', -55.0, 66.9, '°C', 'Temperature');
INSERT INTO MEASUREMENT (DateTime, SensorID, MeasValue) VALUES (TO_DATE('10/05/18 14:48', 'DD/MM/YY HH24:MI'), 593459, 15.7);
INSERT INTO SENSOR (SerialNumber, CityPlaced, SensorModel, MinimValue, MaximValue, Unit, SensorType) VALUES (350130, 'Θεσσαλονίκη Ευκαρπία', 'ILEPS-4145', 0, 100, '%', 'Humidity');
INSERT INTO MEASUREMENT (DateTime, SensorID, MeasValue) VALUES (TO_DATE('10/05/18 14:48', 'DD/MM/YY HH24:MI'), 350130, 92);
INSERT INTO SENSOR (SerialNumber, CityPlaced, SensorModel, MinimValue, MaximValue, Unit, SensorType) VALUES (56882, 'Θεσσαλονίκη Ευκαρπία', 'KTWH-078', 740.0, 1054.9, 'hPa', 'Pressure');
INSERT INTO MEASUREMENT (DateTime, SensorID, MeasValue) VALUES (TO_DATE('10/05/18 14:48', 'DD/MM/YY HH24:MI'), 56882, 1006.6);
INSERT INTO MEASUREMENT (DateTime, SensorID, MeasValue) VALUES (TO_DATE('10/05/18 14:48', 'DD/MM/YY HH24:MI'), 37050, 2.5);
INSERT INTO SENSOR (SerialNumber, CityPlaced, SensorModel, MinimValue, MaximValue, Unit, SensorType) VALUES (484598, 'Θεσσαλονίκη Κέντρο', 'PVIDS-049', -55.0, 60.9, '°C', 'Temperature');
INSERT INTO MEASUREMENT (DateTime, SensorID, MeasValue) VALUES (TO_DATE('10/05/18 14:45', 'DD/MM/YY HH24:MI'), 484598, 17.3);
INSERT INTO SENSOR (SerialNumber, CityPlaced, SensorModel, MinimValue, MaximValue, Unit, SensorType) VALUES (784279, 'Θεσσαλονίκη Κέντρο', 'MLHML-8408', 0, 100, '%', 'Humidity');
INSERT INTO MEASUREMENT (DateTime, SensorID, MeasValue) VALUES (TO_DATE('10/05/18 14:45', 'DD/MM/YY HH24:MI'), 784279, 87);
INSERT INTO SENSOR (SerialNumber, CityPlaced, SensorModel, MinimValue, MaximValue, Unit, SensorType) VALUES (30392, 'Θεσσαλονίκη Κέντρο', 'GSMZ-478', 729.0, 1087.9, 'hPa', 'Pressure');
INSERT INTO MEASUREMENT (DateTime, SensorID, MeasValue) VALUES (TO_DATE('10/05/18 14:45', 'DD/MM/YY HH24:MI'), 30392, 1006.5);
INSERT INTO SENSOR (SerialNumber, CityPlaced, SensorModel, MinimValue, MaximValue, Unit, SensorType) VALUES (52484, 'Θεσσαλονίκη Κέντρο', 'DVXI-6404', 0.0, 25.9, 'km/h', 'Wind');
INSERT INTO MEASUREMENT (DateTime, SensorID, MeasValue) VALUES (TO_DATE('10/05/18 14:45', 'DD/MM/YY HH24:MI'), 52484, 5.7);
INSERT INTO SENSOR (SerialNumber, CityPlaced, SensorModel, MinimValue, MaximValue, Unit, SensorType) VALUES (832528, 'Ιωνία SV2BZQ', 'SLVSK-158', -58.0, 73.9, '°C', 'Temperature');
INSERT INTO MEASUREMENT (DateTime, SensorID, MeasValue) VALUES (TO_DATE('10/05/18 14:44', 'DD/MM/YY HH24:MI'), 832528, 16.7);
INSERT INTO SENSOR (SerialNumber, CityPlaced, SensorModel, MinimValue, MaximValue, Unit, SensorType) VALUES (368562, 'Ιωνία SV2BZQ', 'AXPMN-5470', 0, 100, '%', 'Humidity');
INSERT INTO MEASUREMENT (DateTime, SensorID, MeasValue) VALUES (TO_DATE('10/05/18 14:44', 'DD/MM/YY HH24:MI'), 368562, 93);
INSERT INTO SENSOR (SerialNumber, CityPlaced, SensorModel, MinimValue, MaximValue, Unit, SensorType) VALUES (95858, 'Ιωνία SV2BZQ', 'EFWJ-507', 716.0, 1068.9, 'hPa', 'Pressure');
INSERT INTO MEASUREMENT (DateTime, SensorID, MeasValue) VALUES (TO_DATE('10/05/18 14:44', 'DD/MM/YY HH24:MI'), 95858, 1005.8);
INSERT INTO SENSOR (SerialNumber, CityPlaced, SensorModel, MinimValue, MaximValue, Unit, SensorType) VALUES (15360, 'Ιωνία SV2BZQ', 'RFSW-1264', 0.0, 25.9, 'km/h', 'Wind');
INSERT INTO MEASUREMENT (DateTime, SensorID, MeasValue) VALUES (TO_DATE('10/05/18 14:44', 'DD/MM/YY HH24:MI'), 15360, 1.3);
INSERT INTO MEASUREMENT (DateTime, SensorID, MeasValue) VALUES (TO_DATE('10/05/18 14:45', 'DD/MM/YY HH24:MI'), 483195, 15.7);
INSERT INTO SENSOR (SerialNumber, CityPlaced, SensorModel, MinimValue, MaximValue, Unit, SensorType) VALUES (250114, 'Κάτω Πυλαία', 'FZZUP-3542', 0, 100, '%', 'Humidity');
INSERT INTO MEASUREMENT (DateTime, SensorID, MeasValue) VALUES (TO_DATE('10/05/18 14:45', 'DD/MM/YY HH24:MI'), 250114, 90);
INSERT INTO SENSOR (SerialNumber, CityPlaced, SensorModel, MinimValue, MaximValue, Unit, SensorType) VALUES (99243, 'Κάτω Πυλαία', 'NYVX-630', 736.0, 1060.9, 'hPa', 'Pressure');
INSERT INTO MEASUREMENT (DateTime, SensorID, MeasValue) VALUES (TO_DATE('10/05/18 14:45', 'DD/MM/YY HH24:MI'), 99243, 1006.6);
INSERT INTO SENSOR (SerialNumber, CityPlaced, SensorModel, MinimValue, MaximValue, Unit, SensorType) VALUES (17240, 'Κάτω Πυλαία', 'RCKR-9850', 0.0, 20.9, 'km/h', 'Wind');
INSERT INTO MEASUREMENT (DateTime, SensorID, MeasValue) VALUES (TO_DATE('10/05/18 14:45', 'DD/MM/YY HH24:MI'), 17240, 4.9);
INSERT INTO SENSOR (SerialNumber, CityPlaced, SensorModel, MinimValue, MaximValue, Unit, SensorType) VALUES (775521, 'Καλαμαριά 2', 'ELAKA-752', -58.0, 76.9, '°C', 'Temperature');
INSERT INTO MEASUREMENT (DateTime, SensorID, MeasValue) VALUES (TO_DATE('10/05/18 14:44', 'DD/MM/YY HH24:MI'), 775521, 15.5);
INSERT INTO SENSOR (SerialNumber, CityPlaced, SensorModel, MinimValue, MaximValue, Unit, SensorType) VALUES (975454, 'Καλαμαριά 2', 'CQNHG-9568', 0, 100, '%', 'Humidity');
INSERT INTO MEASUREMENT (DateTime, SensorID, MeasValue) VALUES (TO_DATE('10/05/18 14:44', 'DD/MM/YY HH24:MI'), 975454, 96);
INSERT INTO SENSOR (SerialNumber, CityPlaced, SensorModel, MinimValue, MaximValue, Unit, SensorType) VALUES (18963, 'Καλαμαριά 2', 'ECXX-531', 718.0, 1055.9, 'hPa', 'Pressure');
INSERT INTO MEASUREMENT (DateTime, SensorID, MeasValue) VALUES (TO_DATE('10/05/18 14:44', 'DD/MM/YY HH24:MI'), 18963, 1006.5);
INSERT INTO SENSOR (SerialNumber, CityPlaced, SensorModel, MinimValue, MaximValue, Unit, SensorType) VALUES (48252, 'Καλαμαριά 2', 'KOBA-9581', 0.0, 23.9, 'km/h', 'Wind');
INSERT INTO MEASUREMENT (DateTime, SensorID, MeasValue) VALUES (TO_DATE('10/05/18 14:44', 'DD/MM/YY HH24:MI'), 48252, 2.8);
INSERT INTO SENSOR (SerialNumber, CityPlaced, SensorModel, MinimValue, MaximValue, Unit, SensorType) VALUES (813625, 'Καρδία SV2HNE', 'AEPZY-475', -52.0, 69.9, '°C', 'Temperature');
INSERT INTO MEASUREMENT (DateTime, SensorID, MeasValue) VALUES (TO_DATE('10/05/18 14:45', 'DD/MM/YY HH24:MI'), 813625, 14.6);
INSERT INTO SENSOR (SerialNumber, CityPlaced, SensorModel, MinimValue, MaximValue, Unit, SensorType) VALUES (813745, 'Καρδία SV2HNE', 'XWMJA-0569', 0, 100, '%', 'Humidity');
INSERT INTO MEASUREMENT (DateTime, SensorID, MeasValue) VALUES (TO_DATE('10/05/18 14:45', 'DD/MM/YY HH24:MI'), 813745, 90);
INSERT INTO SENSOR (SerialNumber, CityPlaced, SensorModel, MinimValue, MaximValue, Unit, SensorType) VALUES (68524, 'Καρδία SV2HNE', 'RZKB-896', 717.0, 1079.9, 'hPa', 'Pressure');
INSERT INTO MEASUREMENT (DateTime, SensorID, MeasValue) VALUES (TO_DATE('10/05/18 14:45', 'DD/MM/YY HH24:MI'), 68524, 1006.0);
INSERT INTO SENSOR (SerialNumber, CityPlaced, SensorModel, MinimValue, MaximValue, Unit, SensorType) VALUES (77124, 'Καρδία SV2HNE', 'AZKF-0038', 0.0, 23.9, 'km/h', 'Wind');
INSERT INTO MEASUREMENT (DateTime, SensorID, MeasValue) VALUES (TO_DATE('10/05/18 14:45', 'DD/MM/YY HH24:MI'), 77124, 0.0);
INSERT INTO SENSOR (SerialNumber, CityPlaced, SensorModel, MinimValue, MaximValue, Unit, SensorType) VALUES (196922, 'Νέα Κρήνη', 'TQCNI-089', -55.0, 68.9, '°C', 'Temperature');
INSERT INTO MEASUREMENT (DateTime, SensorID, MeasValue) VALUES (TO_DATE('10/05/18 14:48', 'DD/MM/YY HH24:MI'), 196922, 16.9);
INSERT INTO SENSOR (SerialNumber, CityPlaced, SensorModel, MinimValue, MaximValue, Unit, SensorType) VALUES (435899, 'Νέα Κρήνη', 'OEOWN-0841', 0, 100, '%', 'Humidity');
INSERT INTO MEASUREMENT (DateTime, SensorID, MeasValue) VALUES (TO_DATE('10/05/18 14:48', 'DD/MM/YY HH24:MI'), 435899, 85);
INSERT INTO SENSOR (SerialNumber, CityPlaced, SensorModel, MinimValue, MaximValue, Unit, SensorType) VALUES (36422, 'Νέα Κρήνη', 'XGIA-079', 720.0, 1092.9, 'hPa', 'Pressure');
INSERT INTO MEASUREMENT (DateTime, SensorID, MeasValue) VALUES (TO_DATE('10/05/18 14:48', 'DD/MM/YY HH24:MI'), 36422, 1007.0);
INSERT INTO SENSOR (SerialNumber, CityPlaced, SensorModel, MinimValue, MaximValue, Unit, SensorType) VALUES (40143, 'Νέα Κρήνη', 'BCKL-1448', 0.0, 20.9, 'km/h', 'Wind');
INSERT INTO MEASUREMENT (DateTime, SensorID, MeasValue) VALUES (TO_DATE('10/05/18 14:48', 'DD/MM/YY HH24:MI'), 40143, 0.0);
INSERT INTO SENSOR (SerialNumber, CityPlaced, SensorModel, MinimValue, MaximValue, Unit, SensorType) VALUES (765622, 'Πεντάλοφος SV2BZQ', 'HNBZO-022', -52.0, 72.9, '°C', 'Temperature');
INSERT INTO MEASUREMENT (DateTime, SensorID, MeasValue) VALUES (TO_DATE('10/05/18 14:42', 'DD/MM/YY HH24:MI'), 765622, 16.4);
INSERT INTO SENSOR (SerialNumber, CityPlaced, SensorModel, MinimValue, MaximValue, Unit, SensorType) VALUES (493697, 'Πεντάλοφος SV2BZQ', 'EFCKV-1508', 0, 100, '%', 'Humidity');
INSERT INTO MEASUREMENT (DateTime, SensorID, MeasValue) VALUES (TO_DATE('10/05/18 14:42', 'DD/MM/YY HH24:MI'), 493697, 83);
INSERT INTO SENSOR (SerialNumber, CityPlaced, SensorModel, MinimValue, MaximValue, Unit, SensorType) VALUES (87117, 'Πεντάλοφος SV2BZQ', 'DXNO-221', 746.0, 1067.9, 'hPa', 'Pressure');
INSERT INTO MEASUREMENT (DateTime, SensorID, MeasValue) VALUES (TO_DATE('10/05/18 14:42', 'DD/MM/YY HH24:MI'), 87117, 1006.6);
INSERT INTO SENSOR (SerialNumber, CityPlaced, SensorModel, MinimValue, MaximValue, Unit, SensorType) VALUES (35658, 'Πεντάλοφος SV2BZQ', 'IEBY-8048', 0.0, 25.9, 'km/h', 'Wind');
INSERT INTO MEASUREMENT (DateTime, SensorID, MeasValue) VALUES (TO_DATE('10/05/18 14:42', 'DD/MM/YY HH24:MI'), 35658, 4.1);
INSERT INTO SENSOR (SerialNumber, CityPlaced, SensorModel, MinimValue, MaximValue, Unit, SensorType) VALUES (916605, 'Πυλαία SV2HUI', 'XPVEH-230', -57.0, 65.9, '°C', 'Temperature');
INSERT INTO MEASUREMENT (DateTime, SensorID, MeasValue) VALUES (TO_DATE('10/05/18 14:48', 'DD/MM/YY HH24:MI'), 916605, 15.7);
INSERT INTO SENSOR (SerialNumber, CityPlaced, SensorModel, MinimValue, MaximValue, Unit, SensorType) VALUES (103750, 'Πυλαία SV2HUI', 'CEOEE-1170', 0, 100, '%', 'Humidity');
INSERT INTO MEASUREMENT (DateTime, SensorID, MeasValue) VALUES (TO_DATE('10/05/18 14:48', 'DD/MM/YY HH24:MI'), 103750, 85);
INSERT INTO MEASUREMENT (DateTime, SensorID, MeasValue) VALUES (TO_DATE('10/05/18 14:48', 'DD/MM/YY HH24:MI'), 45731, 1022.0);
INSERT INTO SENSOR (SerialNumber, CityPlaced, SensorModel, MinimValue, MaximValue, Unit, SensorType) VALUES (33329, 'Πυλαία SV2HUI', 'LFYV-2139', 0.0, 23.9, 'km/h', 'Wind');
INSERT INTO MEASUREMENT (DateTime, SensorID, MeasValue) VALUES (TO_DATE('10/05/18 14:48', 'DD/MM/YY HH24:MI'), 33329, 4.0);
INSERT INTO SENSOR (SerialNumber, CityPlaced, SensorModel, MinimValue, MaximValue, Unit, SensorType) VALUES (477050, 'Φίλυρο (Οικοισμος Γερακίνα)', 'BVXUM-671', -55.0, 68.9, '°C', 'Temperature');
INSERT INTO MEASUREMENT (DateTime, SensorID, MeasValue) VALUES (TO_DATE('10/05/18 14:45', 'DD/MM/YY HH24:MI'), 477050, 14.2);
INSERT INTO SENSOR (SerialNumber, CityPlaced, SensorModel, MinimValue, MaximValue, Unit, SensorType) VALUES (749975, 'Φίλυρο (Οικοισμος Γερακίνα)', 'VWRIN-4841', 0, 100, '%', 'Humidity');
INSERT INTO MEASUREMENT (DateTime, SensorID, MeasValue) VALUES (TO_DATE('10/05/18 14:45', 'DD/MM/YY HH24:MI'), 749975, 95);
INSERT INTO SENSOR (SerialNumber, CityPlaced, SensorModel, MinimValue, MaximValue, Unit, SensorType) VALUES (27933, 'Φίλυρο (Οικοισμος Γερακίνα)', 'BHKG-684', 718.0, 1072.9, 'hPa', 'Pressure');
INSERT INTO MEASUREMENT (DateTime, SensorID, MeasValue) VALUES (TO_DATE('10/05/18 14:45', 'DD/MM/YY HH24:MI'), 27933, 1006.4);
INSERT INTO SENSOR (SerialNumber, CityPlaced, SensorModel, MinimValue, MaximValue, Unit, SensorType) VALUES (31333, 'Φίλυρο (Οικοισμος Γερακίνα)', 'ODXI-4401', 0.0, 24.9, 'km/h', 'Wind');
INSERT INTO MEASUREMENT (DateTime, SensorID, MeasValue) VALUES (TO_DATE('10/05/18 14:45', 'DD/MM/YY HH24:MI'), 31333, 1.3);
INSERT INTO SENSOR (SerialNumber, CityPlaced, SensorModel, MinimValue, MaximValue, Unit, SensorType) VALUES (937054, 'Ωραιόκαστρο', 'YOFJC-305', -54.0, 78.9, '°C', 'Temperature');
INSERT INTO MEASUREMENT (DateTime, SensorID, MeasValue) VALUES (TO_DATE('10/05/18 14:48', 'DD/MM/YY HH24:MI'), 937054, 15.8);
INSERT INTO SENSOR (SerialNumber, CityPlaced, SensorModel, MinimValue, MaximValue, Unit, SensorType) VALUES (755804, 'Ωραιόκαστρο', 'XCYQS-2060', 0, 100, '%', 'Humidity');
INSERT INTO MEASUREMENT (DateTime, SensorID, MeasValue) VALUES (TO_DATE('10/05/18 14:48', 'DD/MM/YY HH24:MI'), 755804, 92);
INSERT INTO SENSOR (SerialNumber, CityPlaced, SensorModel, MinimValue, MaximValue, Unit, SensorType) VALUES (48532, 'Ωραιόκαστρο', 'NEBO-950', 749.0, 1057.9, 'hPa', 'Pressure');
INSERT INTO MEASUREMENT (DateTime, SensorID, MeasValue) VALUES (TO_DATE('10/05/18 14:48', 'DD/MM/YY HH24:MI'), 48532, 1006.8);
INSERT INTO SENSOR (SerialNumber, CityPlaced, SensorModel, MinimValue, MaximValue, Unit, SensorType) VALUES (46410, 'Ωραιόκαστρο', 'DRGG-1980', 0.0, 23.9, 'km/h', 'Wind');
INSERT INTO MEASUREMENT (DateTime, SensorID, MeasValue) VALUES (TO_DATE('10/05/18 14:48', 'DD/MM/YY HH24:MI'), 46410, 0.0);
INSERT INTO SENSOR (SerialNumber, CityPlaced, SensorModel, MinimValue, MaximValue, Unit, SensorType) VALUES (437510, 'Βουνοχώρι', 'UEWTU-818', -54.0, 77.9, '°C', 'Temperature');
INSERT INTO MEASUREMENT (DateTime, SensorID, MeasValue) VALUES (TO_DATE('10/05/18 14:45', 'DD/MM/YY HH24:MI'), 437510, 13.7);
INSERT INTO SENSOR (SerialNumber, CityPlaced, SensorModel, MinimValue, MaximValue, Unit, SensorType) VALUES (952132, 'Βουνοχώρι', 'GNMOO-7005', 0, 100, '%', 'Humidity');
INSERT INTO MEASUREMENT (DateTime, SensorID, MeasValue) VALUES (TO_DATE('10/05/18 14:45', 'DD/MM/YY HH24:MI'), 952132, 94);
INSERT INTO SENSOR (SerialNumber, CityPlaced, SensorModel, MinimValue, MaximValue, Unit, SensorType) VALUES (48242, 'Βουνοχώρι', 'CBUV-726', 746.0, 1062.9, 'hPa', 'Pressure');
INSERT INTO MEASUREMENT (DateTime, SensorID, MeasValue) VALUES (TO_DATE('10/05/18 14:45', 'DD/MM/YY HH24:MI'), 48242, 1008.0);
INSERT INTO SENSOR (SerialNumber, CityPlaced, SensorModel, MinimValue, MaximValue, Unit, SensorType) VALUES (21813, 'Βουνοχώρι', 'LUOW-7430', 0.0, 24.9, 'km/h', 'Wind');
INSERT INTO MEASUREMENT (DateTime, SensorID, MeasValue) VALUES (TO_DATE('10/05/18 14:45', 'DD/MM/YY HH24:MI'), 21813, 2.1);
INSERT INTO SENSOR (SerialNumber, CityPlaced, SensorModel, MinimValue, MaximValue, Unit, SensorType) VALUES (565700, 'Ελευθερούπολη', 'JGBLG-335', -51.0, 72.9, '°C', 'Temperature');
INSERT INTO MEASUREMENT (DateTime, SensorID, MeasValue) VALUES (TO_DATE('10/05/18 14:48', 'DD/MM/YY HH24:MI'), 565700, 23.2);
INSERT INTO SENSOR (SerialNumber, CityPlaced, SensorModel, MinimValue, MaximValue, Unit, SensorType) VALUES (258388, 'Ελευθερούπολη', 'NEUSW-6711', 0, 100, '%', 'Humidity');
INSERT INTO MEASUREMENT (DateTime, SensorID, MeasValue) VALUES (TO_DATE('10/05/18 14:48', 'DD/MM/YY HH24:MI'), 258388, 69);
INSERT INTO SENSOR (SerialNumber, CityPlaced, SensorModel, MinimValue, MaximValue, Unit, SensorType) VALUES (82990, 'Ελευθερούπολη', 'YPTP-266', 731.0, 1058.9, 'hPa', 'Pressure');
INSERT INTO MEASUREMENT (DateTime, SensorID, MeasValue) VALUES (TO_DATE('10/05/18 14:48', 'DD/MM/YY HH24:MI'), 82990, 1006.3);
INSERT INTO SENSOR (SerialNumber, CityPlaced, SensorModel, MinimValue, MaximValue, Unit, SensorType) VALUES (36907, 'Ελευθερούπολη', 'BVFA-9690', 0.0, 23.9, 'km/h', 'Wind');
INSERT INTO MEASUREMENT (DateTime, SensorID, MeasValue) VALUES (TO_DATE('10/05/18 14:48', 'DD/MM/YY HH24:MI'), 36907, 6.2);
INSERT INTO SENSOR (SerialNumber, CityPlaced, SensorModel, MinimValue, MaximValue, Unit, SensorType) VALUES (483051, 'Θάσος Λιμένας', 'DMELU-146', -54.0, 60.9, '°C', 'Temperature');
INSERT INTO MEASUREMENT (DateTime, SensorID, MeasValue) VALUES (TO_DATE('10/05/18 14:40', 'DD/MM/YY HH24:MI'), 483051, 24.2);
INSERT INTO SENSOR (SerialNumber, CityPlaced, SensorModel, MinimValue, MaximValue, Unit, SensorType) VALUES (305423, 'Θάσος Λιμένας', 'BMTWB-0210', 0, 100, '%', 'Humidity');
INSERT INTO MEASUREMENT (DateTime, SensorID, MeasValue) VALUES (TO_DATE('10/05/18 14:40', 'DD/MM/YY HH24:MI'), 305423, 68);
INSERT INTO SENSOR (SerialNumber, CityPlaced, SensorModel, MinimValue, MaximValue, Unit, SensorType) VALUES (68016, 'Θάσος Λιμένας', 'EFQX-061', 750.0, 1060.9, 'hPa', 'Pressure');
INSERT INTO MEASUREMENT (DateTime, SensorID, MeasValue) VALUES (TO_DATE('10/05/18 14:40', 'DD/MM/YY HH24:MI'), 68016, 1000.0);
INSERT INTO SENSOR (SerialNumber, CityPlaced, SensorModel, MinimValue, MaximValue, Unit, SensorType) VALUES (95357, 'Θάσος Λιμένας', 'IRBL-8399', 0.0, 24.9, 'km/h', 'Wind');
INSERT INTO MEASUREMENT (DateTime, SensorID, MeasValue) VALUES (TO_DATE('10/05/18 14:40', 'DD/MM/YY HH24:MI'), 95357, 3.1);
INSERT INTO SENSOR (SerialNumber, CityPlaced, SensorModel, MinimValue, MaximValue, Unit, SensorType) VALUES (461336, 'Καβάλα', 'TUCMP-011', -51.0, 71.9, '°C', 'Temperature');
INSERT INTO MEASUREMENT (DateTime, SensorID, MeasValue) VALUES (TO_DATE('10/05/18 14:45', 'DD/MM/YY HH24:MI'), 461336, 20.8);
INSERT INTO SENSOR (SerialNumber, CityPlaced, SensorModel, MinimValue, MaximValue, Unit, SensorType) VALUES (351449, 'Καβάλα', 'UHCKZ-2231', 0, 100, '%', 'Humidity');
INSERT INTO MEASUREMENT (DateTime, SensorID, MeasValue) VALUES (TO_DATE('10/05/18 14:45', 'DD/MM/YY HH24:MI'), 351449, 80);
INSERT INTO SENSOR (SerialNumber, CityPlaced, SensorModel, MinimValue, MaximValue, Unit, SensorType) VALUES (73545, 'Καβάλα', 'XJTO-564', 722.0, 1085.9, 'hPa', 'Pressure');
INSERT INTO MEASUREMENT (DateTime, SensorID, MeasValue) VALUES (TO_DATE('10/05/18 14:45', 'DD/MM/YY HH24:MI'), 73545, 1007.4);
INSERT INTO SENSOR (SerialNumber, CityPlaced, SensorModel, MinimValue, MaximValue, Unit, SensorType) VALUES (84040, 'Καβάλα', 'AAXP-6205', 0.0, 25.9, 'km/h', 'Wind');
INSERT INTO MEASUREMENT (DateTime, SensorID, MeasValue) VALUES (TO_DATE('10/05/18 14:45', 'DD/MM/YY HH24:MI'), 84040, 7.2);
INSERT INTO SENSOR (SerialNumber, CityPlaced, SensorModel, MinimValue, MaximValue, Unit, SensorType) VALUES (153471, 'Παλαιοχώρι Παγγαίο', 'LERCK-762', -51.0, 73.9, '°C', 'Temperature');
INSERT INTO MEASUREMENT (DateTime, SensorID, MeasValue) VALUES (TO_DATE('10/05/18 14:40', 'DD/MM/YY HH24:MI'), 153471, 23.9);
INSERT INTO SENSOR (SerialNumber, CityPlaced, SensorModel, MinimValue, MaximValue, Unit, SensorType) VALUES (945727, 'Παλαιοχώρι Παγγαίο', 'RDZLU-0005', 0, 100, '%', 'Humidity');
INSERT INTO MEASUREMENT (DateTime, SensorID, MeasValue) VALUES (TO_DATE('10/05/18 14:40', 'DD/MM/YY HH24:MI'), 945727, 59);
INSERT INTO MEASUREMENT (DateTime, SensorID, MeasValue) VALUES (TO_DATE('10/05/18 14:40', 'DD/MM/YY HH24:MI'), 53254, 1004.8);
INSERT INTO SENSOR (SerialNumber, CityPlaced, SensorModel, MinimValue, MaximValue, Unit, SensorType) VALUES (28949, 'Παλαιοχώρι Παγγαίο', 'GCQT-6609', 0.0, 25.9, 'km/h', 'Wind');
INSERT INTO MEASUREMENT (DateTime, SensorID, MeasValue) VALUES (TO_DATE('10/05/18 14:40', 'DD/MM/YY HH24:MI'), 28949, 1.0);
INSERT INTO SENSOR (SerialNumber, CityPlaced, SensorModel, MinimValue, MaximValue, Unit, SensorType) VALUES (382613, 'Βεγορίτιδα', 'TQAXQ-329', -50.0, 61.9, '°C', 'Temperature');
INSERT INTO MEASUREMENT (DateTime, SensorID, MeasValue) VALUES (TO_DATE('10/05/18 14:37', 'DD/MM/YY HH24:MI'), 382613, 16.4);
INSERT INTO SENSOR (SerialNumber, CityPlaced, SensorModel, MinimValue, MaximValue, Unit, SensorType) VALUES (891510, 'Βεγορίτιδα', 'GITII-6268', 0, 100, '%', 'Humidity');
INSERT INTO MEASUREMENT (DateTime, SensorID, MeasValue) VALUES (TO_DATE('10/05/18 14:37', 'DD/MM/YY HH24:MI'), 891510, 84);
INSERT INTO SENSOR (SerialNumber, CityPlaced, SensorModel, MinimValue, MaximValue, Unit, SensorType) VALUES (51006, 'Βεγορίτιδα', 'KFKJ-063', 727.0, 1071.9, 'hPa', 'Pressure');
INSERT INTO MEASUREMENT (DateTime, SensorID, MeasValue) VALUES (TO_DATE('10/05/18 14:37', 'DD/MM/YY HH24:MI'), 51006, 1008.3);
INSERT INTO SENSOR (SerialNumber, CityPlaced, SensorModel, MinimValue, MaximValue, Unit, SensorType) VALUES (86030, 'Βεγορίτιδα', 'OVZY-3614', 0.0, 24.9, 'km/h', 'Wind');
INSERT INTO MEASUREMENT (DateTime, SensorID, MeasValue) VALUES (TO_DATE('10/05/18 14:37', 'DD/MM/YY HH24:MI'), 86030, 2.7);
INSERT INTO SENSOR (SerialNumber, CityPlaced, SensorModel, MinimValue, MaximValue, Unit, SensorType) VALUES (277381, 'Μακρύγιαλος SV2BZQ', 'QVMGB-415', -60.0, 77.9, '°C', 'Temperature');
INSERT INTO MEASUREMENT (DateTime, SensorID, MeasValue) VALUES (TO_DATE('10/05/18 14:42', 'DD/MM/YY HH24:MI'), 277381, 16.8);
INSERT INTO SENSOR (SerialNumber, CityPlaced, SensorModel, MinimValue, MaximValue, Unit, SensorType) VALUES (984312, 'Μακρύγιαλος SV2BZQ', 'UNSRV-6029', 0, 100, '%', 'Humidity');
INSERT INTO MEASUREMENT (DateTime, SensorID, MeasValue) VALUES (TO_DATE('10/05/18 14:42', 'DD/MM/YY HH24:MI'), 984312, 96);
INSERT INTO SENSOR (SerialNumber, CityPlaced, SensorModel, MinimValue, MaximValue, Unit, SensorType) VALUES (12237, 'Μακρύγιαλος SV2BZQ', 'PFXD-418', 740.0, 1086.9, 'hPa', 'Pressure');
INSERT INTO MEASUREMENT (DateTime, SensorID, MeasValue) VALUES (TO_DATE('10/05/18 14:42', 'DD/MM/YY HH24:MI'), 12237, 1006.2);
INSERT INTO SENSOR (SerialNumber, CityPlaced, SensorModel, MinimValue, MaximValue, Unit, SensorType) VALUES (48044, 'Μακρύγιαλος SV2BZQ', 'SGFW-5216', 0.0, 20.9, 'km/h', 'Wind');
INSERT INTO MEASUREMENT (DateTime, SensorID, MeasValue) VALUES (TO_DATE('10/05/18 14:42', 'DD/MM/YY HH24:MI'), 48044, 1.3);
INSERT INTO SENSOR (SerialNumber, CityPlaced, SensorModel, MinimValue, MaximValue, Unit, SensorType) VALUES (885622, 'Ηράκλεια Σέρρες', 'AJYLX-799', -52.0, 79.9, '°C', 'Temperature');
INSERT INTO MEASUREMENT (DateTime, SensorID, MeasValue) VALUES (TO_DATE('10/05/18 14:45', 'DD/MM/YY HH24:MI'), 885622, 23.4);
INSERT INTO SENSOR (SerialNumber, CityPlaced, SensorModel, MinimValue, MaximValue, Unit, SensorType) VALUES (851321, 'Ηράκλεια Σέρρες', 'REJPQ-5659', 0, 100, '%', 'Humidity');
INSERT INTO MEASUREMENT (DateTime, SensorID, MeasValue) VALUES (TO_DATE('10/05/18 14:45', 'DD/MM/YY HH24:MI'), 851321, 65);
INSERT INTO SENSOR (SerialNumber, CityPlaced, SensorModel, MinimValue, MaximValue, Unit, SensorType) VALUES (87759, 'Ηράκλεια Σέρρες', 'SJIN-745', 744.0, 1088.9, 'hPa', 'Pressure');
INSERT INTO MEASUREMENT (DateTime, SensorID, MeasValue) VALUES (TO_DATE('10/05/18 14:45', 'DD/MM/YY HH24:MI'), 87759, 1004.8);
INSERT INTO SENSOR (SerialNumber, CityPlaced, SensorModel, MinimValue, MaximValue, Unit, SensorType) VALUES (36607, 'Ηράκλεια Σέρρες', 'AVNN-6695', 0.0, 21.9, 'km/h', 'Wind');
INSERT INTO MEASUREMENT (DateTime, SensorID, MeasValue) VALUES (TO_DATE('10/05/18 14:45', 'DD/MM/YY HH24:MI'), 36607, 6.0);
INSERT INTO SENSOR (SerialNumber, CityPlaced, SensorModel, MinimValue, MaximValue, Unit, SensorType) VALUES (816441, 'Πρόποδες Παγγαίου Πρώτη', 'XYUHP-032', -53.0, 73.9, '°C', 'Temperature');
INSERT INTO MEASUREMENT (DateTime, SensorID, MeasValue) VALUES (TO_DATE('10/05/18 14:46', 'DD/MM/YY HH24:MI'), 816441, 21.8);
INSERT INTO SENSOR (SerialNumber, CityPlaced, SensorModel, MinimValue, MaximValue, Unit, SensorType) VALUES (561767, 'Πρόποδες Παγγαίου Πρώτη', 'FMJGZ-1930', 0, 100, '%', 'Humidity');
INSERT INTO MEASUREMENT (DateTime, SensorID, MeasValue) VALUES (TO_DATE('10/05/18 14:46', 'DD/MM/YY HH24:MI'), 561767, 73);
INSERT INTO SENSOR (SerialNumber, CityPlaced, SensorModel, MinimValue, MaximValue, Unit, SensorType) VALUES (19267, 'Πρόποδες Παγγαίου Πρώτη', 'HRYU-154', 737.0, 1083.9, 'hPa', 'Pressure');
INSERT INTO MEASUREMENT (DateTime, SensorID, MeasValue) VALUES (TO_DATE('10/05/18 14:46', 'DD/MM/YY HH24:MI'), 19267, 1005.2);
INSERT INTO SENSOR (SerialNumber, CityPlaced, SensorModel, MinimValue, MaximValue, Unit, SensorType) VALUES (89387, 'Πρόποδες Παγγαίου Πρώτη', 'NOYT-9215', 0.0, 22.9, 'km/h', 'Wind');
INSERT INTO MEASUREMENT (DateTime, SensorID, MeasValue) VALUES (TO_DATE('10/05/18 14:46', 'DD/MM/YY HH24:MI'), 89387, 2.7);
INSERT INTO SENSOR (SerialNumber, CityPlaced, SensorModel, MinimValue, MaximValue, Unit, SensorType) VALUES (865341, 'Πρώτη', 'WQKDT-229', -51.0, 71.9, '°C', 'Temperature');
INSERT INTO MEASUREMENT (DateTime, SensorID, MeasValue) VALUES (TO_DATE('10/05/18 14:45', 'DD/MM/YY HH24:MI'), 865341, 21.3);
INSERT INTO SENSOR (SerialNumber, CityPlaced, SensorModel, MinimValue, MaximValue, Unit, SensorType) VALUES (537410, 'Πρώτη', 'LUKUM-5526', 0, 100, '%', 'Humidity');
INSERT INTO MEASUREMENT (DateTime, SensorID, MeasValue) VALUES (TO_DATE('10/05/18 14:45', 'DD/MM/YY HH24:MI'), 537410, 68);
INSERT INTO SENSOR (SerialNumber, CityPlaced, SensorModel, MinimValue, MaximValue, Unit, SensorType) VALUES (68593, 'Πρώτη', 'FXVE-477', 714.0, 1092.9, 'hPa', 'Pressure');
INSERT INTO MEASUREMENT (DateTime, SensorID, MeasValue) VALUES (TO_DATE('10/05/18 14:45', 'DD/MM/YY HH24:MI'), 68593, 1004.1);
INSERT INTO SENSOR (SerialNumber, CityPlaced, SensorModel, MinimValue, MaximValue, Unit, SensorType) VALUES (74881, 'Πρώτη', 'LUAM-5153', 0.0, 20.9, 'km/h', 'Wind');
INSERT INTO MEASUREMENT (DateTime, SensorID, MeasValue) VALUES (TO_DATE('10/05/18 14:45', 'DD/MM/YY HH24:MI'), 74881, 2.1);
INSERT INTO SENSOR (SerialNumber, CityPlaced, SensorModel, MinimValue, MaximValue, Unit, SensorType) VALUES (824768, 'Ροδολίβος', 'SMYWY-564', -59.0, 65.9, '°C', 'Temperature');
INSERT INTO MEASUREMENT (DateTime, SensorID, MeasValue) VALUES (TO_DATE('10/05/18 14:45', 'DD/MM/YY HH24:MI'), 824768, 22.8);
INSERT INTO SENSOR (SerialNumber, CityPlaced, SensorModel, MinimValue, MaximValue, Unit, SensorType) VALUES (537192, 'Ροδολίβος', 'GUPVN-7538', 0, 100, '%', 'Humidity');
INSERT INTO MEASUREMENT (DateTime, SensorID, MeasValue) VALUES (TO_DATE('10/05/18 14:45', 'DD/MM/YY HH24:MI'), 537192, 73);
INSERT INTO SENSOR (SerialNumber, CityPlaced, SensorModel, MinimValue, MaximValue, Unit, SensorType) VALUES (32823, 'Ροδολίβος', 'DWMA-187', 715.0, 1051.9, 'hPa', 'Pressure');
INSERT INTO MEASUREMENT (DateTime, SensorID, MeasValue) VALUES (TO_DATE('10/05/18 14:45', 'DD/MM/YY HH24:MI'), 32823, 1006.8);
INSERT INTO SENSOR (SerialNumber, CityPlaced, SensorModel, MinimValue, MaximValue, Unit, SensorType) VALUES (17293, 'Ροδολίβος', 'TNBM-0262', 0.0, 21.9, 'km/h', 'Wind');
INSERT INTO MEASUREMENT (DateTime, SensorID, MeasValue) VALUES (TO_DATE('10/05/18 14:45', 'DD/MM/YY HH24:MI'), 17293, 1.3);
INSERT INTO SENSOR (SerialNumber, CityPlaced, SensorModel, MinimValue, MaximValue, Unit, SensorType) VALUES (948074, 'Χρυσοχώραφα Σέρρες', 'JVVYA-682', -50.0, 71.9, '°C', 'Temperature');
INSERT INTO MEASUREMENT (DateTime, SensorID, MeasValue) VALUES (TO_DATE('10/05/18 14:25', 'DD/MM/YY HH24:MI'), 948074, 24.1);
INSERT INTO SENSOR (SerialNumber, CityPlaced, SensorModel, MinimValue, MaximValue, Unit, SensorType) VALUES (960558, 'Χρυσοχώραφα Σέρρες', 'BABMS-1588', 0, 100, '%', 'Humidity');
INSERT INTO MEASUREMENT (DateTime, SensorID, MeasValue) VALUES (TO_DATE('10/05/18 14:25', 'DD/MM/YY HH24:MI'), 960558, 63);
INSERT INTO SENSOR (SerialNumber, CityPlaced, SensorModel, MinimValue, MaximValue, Unit, SensorType) VALUES (67848, 'Χρυσοχώραφα Σέρρες', 'QWHE-214', 734.0, 1089.9, 'hPa', 'Pressure');
INSERT INTO MEASUREMENT (DateTime, SensorID, MeasValue) VALUES (TO_DATE('10/05/18 14:25', 'DD/MM/YY HH24:MI'), 67848, 1004.0);
INSERT INTO SENSOR (SerialNumber, CityPlaced, SensorModel, MinimValue, MaximValue, Unit, SensorType) VALUES (99310, 'Χρυσοχώραφα Σέρρες', 'ROZE-3879', 0.0, 25.9, 'km/h', 'Wind');
INSERT INTO MEASUREMENT (DateTime, SensorID, MeasValue) VALUES (TO_DATE('10/05/18 14:25', 'DD/MM/YY HH24:MI'), 99310, 1.3);
INSERT INTO SENSOR (SerialNumber, CityPlaced, SensorModel, MinimValue, MaximValue, Unit, SensorType) VALUES (633101, 'Nέα Μουδανιά', 'IZAPF-252', -53.0, 80.9, '°C', 'Temperature');
INSERT INTO MEASUREMENT (DateTime, SensorID, MeasValue) VALUES (TO_DATE('10/05/18 14:48', 'DD/MM/YY HH24:MI'), 633101, 21.4);
INSERT INTO SENSOR (SerialNumber, CityPlaced, SensorModel, MinimValue, MaximValue, Unit, SensorType) VALUES (988810, 'Nέα Μουδανιά', 'PITPG-0758', 0, 100, '%', 'Humidity');
INSERT INTO MEASUREMENT (DateTime, SensorID, MeasValue) VALUES (TO_DATE('10/05/18 14:48', 'DD/MM/YY HH24:MI'), 988810, 74);
INSERT INTO SENSOR (SerialNumber, CityPlaced, SensorModel, MinimValue, MaximValue, Unit, SensorType) VALUES (31477, 'Nέα Μουδανιά', 'PDUP-234', 743.0, 1097.9, 'hPa', 'Pressure');
INSERT INTO MEASUREMENT (DateTime, SensorID, MeasValue) VALUES (TO_DATE('10/05/18 14:48', 'DD/MM/YY HH24:MI'), 31477, 1005.4);
INSERT INTO SENSOR (SerialNumber, CityPlaced, SensorModel, MinimValue, MaximValue, Unit, SensorType) VALUES (81350, 'Nέα Μουδανιά', 'ICRG-5897', 0.0, 22.9, 'km/h', 'Wind');
INSERT INTO MEASUREMENT (DateTime, SensorID, MeasValue) VALUES (TO_DATE('10/05/18 14:48', 'DD/MM/YY HH24:MI'), 81350, 5.5);
INSERT INTO SENSOR (SerialNumber, CityPlaced, SensorModel, MinimValue, MaximValue, Unit, SensorType) VALUES (856465, 'Άγιος Νικόλαος', 'UDYWF-466', -55.0, 74.9, '°C', 'Temperature');
INSERT INTO MEASUREMENT (DateTime, SensorID, MeasValue) VALUES (TO_DATE('10/05/18 14:40', 'DD/MM/YY HH24:MI'), 856465, 18.4);
INSERT INTO SENSOR (SerialNumber, CityPlaced, SensorModel, MinimValue, MaximValue, Unit, SensorType) VALUES (441259, 'Άγιος Νικόλαος', 'VKWPM-4759', 0, 100, '%', 'Humidity');
INSERT INTO MEASUREMENT (DateTime, SensorID, MeasValue) VALUES (TO_DATE('10/05/18 14:40', 'DD/MM/YY HH24:MI'), 441259, 83);
INSERT INTO SENSOR (SerialNumber, CityPlaced, SensorModel, MinimValue, MaximValue, Unit, SensorType) VALUES (26921, 'Άγιος Νικόλαος', 'KYGM-454', 702.0, 1082.9, 'hPa', 'Pressure');
INSERT INTO MEASUREMENT (DateTime, SensorID, MeasValue) VALUES (TO_DATE('10/05/18 14:40', 'DD/MM/YY HH24:MI'), 26921, 1006.7);
INSERT INTO SENSOR (SerialNumber, CityPlaced, SensorModel, MinimValue, MaximValue, Unit, SensorType) VALUES (23762, 'Άγιος Νικόλαος', 'HICG-3056', 0.0, 21.9, 'km/h', 'Wind');
INSERT INTO MEASUREMENT (DateTime, SensorID, MeasValue) VALUES (TO_DATE('10/05/18 14:40', 'DD/MM/YY HH24:MI'), 23762, 4.5);
INSERT INTO SENSOR (SerialNumber, CityPlaced, SensorModel, MinimValue, MaximValue, Unit, SensorType) VALUES (818475, 'Νέα Ηράκλεια', 'KWGOD-089', -51.0, 76.9, '°C', 'Temperature');
INSERT INTO MEASUREMENT (DateTime, SensorID, MeasValue) VALUES (TO_DATE('10/05/18 14:40', 'DD/MM/YY HH24:MI'), 818475, 17.6);
INSERT INTO SENSOR (SerialNumber, CityPlaced, SensorModel, MinimValue, MaximValue, Unit, SensorType) VALUES (123986, 'Νέα Ηράκλεια', 'AZQUT-9376', 0, 100, '%', 'Humidity');
INSERT INTO MEASUREMENT (DateTime, SensorID, MeasValue) VALUES (TO_DATE('10/05/18 14:40', 'DD/MM/YY HH24:MI'), 123986, 92);
INSERT INTO SENSOR (SerialNumber, CityPlaced, SensorModel, MinimValue, MaximValue, Unit, SensorType) VALUES (23242, 'Νέα Ηράκλεια', 'DMYV-435', 728.0, 1080.9, 'hPa', 'Pressure');
INSERT INTO MEASUREMENT (DateTime, SensorID, MeasValue) VALUES (TO_DATE('10/05/18 14:40', 'DD/MM/YY HH24:MI'), 23242, 1004.5);
INSERT INTO SENSOR (SerialNumber, CityPlaced, SensorModel, MinimValue, MaximValue, Unit, SensorType) VALUES (79823, 'Νέα Ηράκλεια', 'SVOQ-7341', 0.0, 22.9, 'km/h', 'Wind');
INSERT INTO MEASUREMENT (DateTime, SensorID, MeasValue) VALUES (TO_DATE('10/05/18 14:40', 'DD/MM/YY HH24:MI'), 79823, 1.4);
INSERT INTO SENSOR (SerialNumber, CityPlaced, SensorModel, MinimValue, MaximValue, Unit, SensorType) VALUES (723084, 'Ναύπλιο', 'EWDFQ-279', -58.0, 62.9, '°C', 'Temperature');
INSERT INTO MEASUREMENT (DateTime, SensorID, MeasValue) VALUES (TO_DATE('10/05/18 14:45', 'DD/MM/YY HH24:MI'), 723084, 17.6);
INSERT INTO SENSOR (SerialNumber, CityPlaced, SensorModel, MinimValue, MaximValue, Unit, SensorType) VALUES (708783, 'Ναύπλιο', 'MLOJP-4972', 0, 100, '%', 'Humidity');
INSERT INTO MEASUREMENT (DateTime, SensorID, MeasValue) VALUES (TO_DATE('10/05/18 14:45', 'DD/MM/YY HH24:MI'), 708783, 70);
INSERT INTO SENSOR (SerialNumber, CityPlaced, SensorModel, MinimValue, MaximValue, Unit, SensorType) VALUES (68328, 'Ναύπλιο', 'EFQG-905', 729.0, 1081.9, 'hPa', 'Pressure');
INSERT INTO MEASUREMENT (DateTime, SensorID, MeasValue) VALUES (TO_DATE('10/05/18 14:45', 'DD/MM/YY HH24:MI'), 68328, 1006.4);
INSERT INTO SENSOR (SerialNumber, CityPlaced, SensorModel, MinimValue, MaximValue, Unit, SensorType) VALUES (56786, 'Ναύπλιο', 'KRSP-5556', 0.0, 22.9, 'km/h', 'Wind');
INSERT INTO MEASUREMENT (DateTime, SensorID, MeasValue) VALUES (TO_DATE('10/05/18 14:45', 'DD/MM/YY HH24:MI'), 56786, 6.3);
INSERT INTO SENSOR (SerialNumber, CityPlaced, SensorModel, MinimValue, MaximValue, Unit, SensorType) VALUES (283598, 'Νεοχώρι Φαλαισία Β. Ταΰγετος', 'CLAOY-642', -53.0, 61.9, '°C', 'Temperature');
INSERT INTO MEASUREMENT (DateTime, SensorID, MeasValue) VALUES (TO_DATE('10/05/18 14:45', 'DD/MM/YY HH24:MI'), 283598, 12.8);
INSERT INTO SENSOR (SerialNumber, CityPlaced, SensorModel, MinimValue, MaximValue, Unit, SensorType) VALUES (771281, 'Νεοχώρι Φαλαισία Β. Ταΰγετος', 'JIUXG-7671', 0, 100, '%', 'Humidity');
INSERT INTO MEASUREMENT (DateTime, SensorID, MeasValue) VALUES (TO_DATE('10/05/18 14:45', 'DD/MM/YY HH24:MI'), 771281, 84);
INSERT INTO MEASUREMENT (DateTime, SensorID, MeasValue) VALUES (TO_DATE('10/05/18 14:45', 'DD/MM/YY HH24:MI'), 94645, 1005.9);
INSERT INTO SENSOR (SerialNumber, CityPlaced, SensorModel, MinimValue, MaximValue, Unit, SensorType) VALUES (99175, 'Νεοχώρι Φαλαισία Β. Ταΰγετος', 'KBND-4113', 0.0, 20.9, 'km/h', 'Wind');
INSERT INTO MEASUREMENT (DateTime, SensorID, MeasValue) VALUES (TO_DATE('10/05/18 14:45', 'DD/MM/YY HH24:MI'), 99175, 2.4);
INSERT INTO SENSOR (SerialNumber, CityPlaced, SensorModel, MinimValue, MaximValue, Unit, SensorType) VALUES (990067, 'Ακράτα Συλιβαινιώτικα', 'KDSBF-507', -56.0, 75.9, '°C', 'Temperature');
INSERT INTO MEASUREMENT (DateTime, SensorID, MeasValue) VALUES (TO_DATE('10/05/18 14:45', 'DD/MM/YY HH24:MI'), 990067, 21.3);
INSERT INTO SENSOR (SerialNumber, CityPlaced, SensorModel, MinimValue, MaximValue, Unit, SensorType) VALUES (792637, 'Ακράτα Συλιβαινιώτικα', 'UBWJK-3992', 0, 100, '%', 'Humidity');
INSERT INTO MEASUREMENT (DateTime, SensorID, MeasValue) VALUES (TO_DATE('10/05/18 14:45', 'DD/MM/YY HH24:MI'), 792637, 63);
INSERT INTO SENSOR (SerialNumber, CityPlaced, SensorModel, MinimValue, MaximValue, Unit, SensorType) VALUES (86155, 'Ακράτα Συλιβαινιώτικα', 'OTHP-316', 714.0, 1077.9, 'hPa', 'Pressure');
INSERT INTO MEASUREMENT (DateTime, SensorID, MeasValue) VALUES (TO_DATE('10/05/18 14:45', 'DD/MM/YY HH24:MI'), 86155, 1006.4);
INSERT INTO SENSOR (SerialNumber, CityPlaced, SensorModel, MinimValue, MaximValue, Unit, SensorType) VALUES (23143, 'Ακράτα Συλιβαινιώτικα', 'XWEE-9922', 0.0, 25.9, 'km/h', 'Wind');
INSERT INTO MEASUREMENT (DateTime, SensorID, MeasValue) VALUES (TO_DATE('10/05/18 14:45', 'DD/MM/YY HH24:MI'), 23143, 11.8);
INSERT INTO SENSOR (SerialNumber, CityPlaced, SensorModel, MinimValue, MaximValue, Unit, SensorType) VALUES (866807, 'Κάτω Βλασία', 'FORQM-222', -56.0, 68.9, '°C', 'Temperature');
INSERT INTO MEASUREMENT (DateTime, SensorID, MeasValue) VALUES (TO_DATE('10/05/18 14:44', 'DD/MM/YY HH24:MI'), 866807, 17.1);
INSERT INTO SENSOR (SerialNumber, CityPlaced, SensorModel, MinimValue, MaximValue, Unit, SensorType) VALUES (264044, 'Κάτω Βλασία', 'ORTZC-1698', 0, 100, '%', 'Humidity');
INSERT INTO MEASUREMENT (DateTime, SensorID, MeasValue) VALUES (TO_DATE('10/05/18 14:44', 'DD/MM/YY HH24:MI'), 264044, 73);
INSERT INTO SENSOR (SerialNumber, CityPlaced, SensorModel, MinimValue, MaximValue, Unit, SensorType) VALUES (28524, 'Κάτω Βλασία', 'EOKY-860', 710.0, 1071.9, 'hPa', 'Pressure');
INSERT INTO MEASUREMENT (DateTime, SensorID, MeasValue) VALUES (TO_DATE('10/05/18 14:44', 'DD/MM/YY HH24:MI'), 28524, 1007.7);
INSERT INTO SENSOR (SerialNumber, CityPlaced, SensorModel, MinimValue, MaximValue, Unit, SensorType) VALUES (23267, 'Κάτω Βλασία', 'NDKK-1240', 0.0, 24.9, 'km/h', 'Wind');
INSERT INTO MEASUREMENT (DateTime, SensorID, MeasValue) VALUES (TO_DATE('10/05/18 14:44', 'DD/MM/YY HH24:MI'), 23267, 6.5);
INSERT INTO SENSOR (SerialNumber, CityPlaced, SensorModel, MinimValue, MaximValue, Unit, SensorType) VALUES (767581, 'Πάτρα Αγιά', 'TAABG-301', -53.0, 66.9, '°C', 'Temperature');
INSERT INTO MEASUREMENT (DateTime, SensorID, MeasValue) VALUES (TO_DATE('10/05/18 14:45', 'DD/MM/YY HH24:MI'), 767581, 21.3);
INSERT INTO SENSOR (SerialNumber, CityPlaced, SensorModel, MinimValue, MaximValue, Unit, SensorType) VALUES (775653, 'Πάτρα Αγιά', 'VNIES-3143', 0, 100, '%', 'Humidity');
INSERT INTO MEASUREMENT (DateTime, SensorID, MeasValue) VALUES (TO_DATE('10/05/18 14:45', 'DD/MM/YY HH24:MI'), 775653, 69);
INSERT INTO MEASUREMENT (DateTime, SensorID, MeasValue) VALUES (TO_DATE('10/05/18 14:45', 'DD/MM/YY HH24:MI'), 26307, 1007.7);
INSERT INTO SENSOR (SerialNumber, CityPlaced, SensorModel, MinimValue, MaximValue, Unit, SensorType) VALUES (30822, 'Πάτρα Αγιά', 'EOYL-8367', 0.0, 21.9, 'km/h', 'Wind');
INSERT INTO MEASUREMENT (DateTime, SensorID, MeasValue) VALUES (TO_DATE('10/05/18 14:45', 'DD/MM/YY HH24:MI'), 30822, 8.0);
INSERT INTO SENSOR (SerialNumber, CityPlaced, SensorModel, MinimValue, MaximValue, Unit, SensorType) VALUES (321218, 'Πάτρα Δροσιά', 'NCPRQ-152', -53.0, 73.9, '°C', 'Temperature');
INSERT INTO MEASUREMENT (DateTime, SensorID, MeasValue) VALUES (TO_DATE('10/05/18 14:45', 'DD/MM/YY HH24:MI'), 321218, 21.4);
INSERT INTO SENSOR (SerialNumber, CityPlaced, SensorModel, MinimValue, MaximValue, Unit, SensorType) VALUES (797336, 'Πάτρα Δροσιά', 'HMFIQ-9007', 0, 100, '%', 'Humidity');
INSERT INTO MEASUREMENT (DateTime, SensorID, MeasValue) VALUES (TO_DATE('10/05/18 14:45', 'DD/MM/YY HH24:MI'), 797336, 59);
INSERT INTO SENSOR (SerialNumber, CityPlaced, SensorModel, MinimValue, MaximValue, Unit, SensorType) VALUES (85622, 'Πάτρα Δροσιά', 'SQYI-231', 730.0, 1072.9, 'hPa', 'Pressure');
INSERT INTO MEASUREMENT (DateTime, SensorID, MeasValue) VALUES (TO_DATE('10/05/18 14:45', 'DD/MM/YY HH24:MI'), 85622, 1007.6);
INSERT INTO SENSOR (SerialNumber, CityPlaced, SensorModel, MinimValue, MaximValue, Unit, SensorType) VALUES (60698, 'Πάτρα Δροσιά', 'YFUT-7348', 0.0, 20.9, 'km/h', 'Wind');
INSERT INTO MEASUREMENT (DateTime, SensorID, MeasValue) VALUES (TO_DATE('10/05/18 14:45', 'DD/MM/YY HH24:MI'), 60698, 8.3);
INSERT INTO SENSOR (SerialNumber, CityPlaced, SensorModel, MinimValue, MaximValue, Unit, SensorType) VALUES (976333, 'Πάτρα Κετχ', 'HOTGL-627', -52.0, 79.9, '°C', 'Temperature');
INSERT INTO MEASUREMENT (DateTime, SensorID, MeasValue) VALUES (TO_DATE('10/05/18 14:45', 'DD/MM/YY HH24:MI'), 976333, 21.6);
INSERT INTO SENSOR (SerialNumber, CityPlaced, SensorModel, MinimValue, MaximValue, Unit, SensorType) VALUES (852628, 'Πάτρα Κετχ', 'VSLCW-9691', 0, 100, '%', 'Humidity');
INSERT INTO MEASUREMENT (DateTime, SensorID, MeasValue) VALUES (TO_DATE('10/05/18 14:45', 'DD/MM/YY HH24:MI'), 852628, 59);
INSERT INTO SENSOR (SerialNumber, CityPlaced, SensorModel, MinimValue, MaximValue, Unit, SensorType) VALUES (62199, 'Πάτρα Κετχ', 'LTRU-437', 703.0, 1096.9, 'hPa', 'Pressure');
INSERT INTO MEASUREMENT (DateTime, SensorID, MeasValue) VALUES (TO_DATE('10/05/18 14:45', 'DD/MM/YY HH24:MI'), 62199, 1007.7);
INSERT INTO SENSOR (SerialNumber, CityPlaced, SensorModel, MinimValue, MaximValue, Unit, SensorType) VALUES (11292, 'Πάτρα Κετχ', 'RVIX-1827', 0.0, 24.9, 'km/h', 'Wind');
INSERT INTO MEASUREMENT (DateTime, SensorID, MeasValue) VALUES (TO_DATE('10/05/18 14:45', 'DD/MM/YY HH24:MI'), 11292, 4.5);
INSERT INTO SENSOR (SerialNumber, CityPlaced, SensorModel, MinimValue, MaximValue, Unit, SensorType) VALUES (649017, 'Ρίο Καστελόκαμπος', 'UAFHR-477', -59.0, 70.9, '°C', 'Temperature');
INSERT INTO MEASUREMENT (DateTime, SensorID, MeasValue) VALUES (TO_DATE('10/05/18 14:45', 'DD/MM/YY HH24:MI'), 649017, 22.8);
INSERT INTO SENSOR (SerialNumber, CityPlaced, SensorModel, MinimValue, MaximValue, Unit, SensorType) VALUES (620615, 'Ρίο Καστελόκαμπος', 'TZJTI-4317', 0, 100, '%', 'Humidity');
INSERT INTO MEASUREMENT (DateTime, SensorID, MeasValue) VALUES (TO_DATE('10/05/18 14:45', 'DD/MM/YY HH24:MI'), 620615, 60);
INSERT INTO SENSOR (SerialNumber, CityPlaced, SensorModel, MinimValue, MaximValue, Unit, SensorType) VALUES (82931, 'Ρίο Καστελόκαμπος', 'SWTJ-453', 716.0, 1100.9, 'hPa', 'Pressure');
INSERT INTO MEASUREMENT (DateTime, SensorID, MeasValue) VALUES (TO_DATE('10/05/18 14:45', 'DD/MM/YY HH24:MI'), 82931, 1008.5);
INSERT INTO SENSOR (SerialNumber, CityPlaced, SensorModel, MinimValue, MaximValue, Unit, SensorType) VALUES (71771, 'Ρίο Καστελόκαμπος', 'YLZA-5192', 0.0, 22.9, 'km/h', 'Wind');
INSERT INTO MEASUREMENT (DateTime, SensorID, MeasValue) VALUES (TO_DATE('10/05/18 14:45', 'DD/MM/YY HH24:MI'), 71771, 6.2);
INSERT INTO SENSOR (SerialNumber, CityPlaced, SensorModel, MinimValue, MaximValue, Unit, SensorType) VALUES (274169, 'Καπελέτο Βάρδας', 'YZJFV-555', -50.0, 67.9, '°C', 'Temperature');
INSERT INTO MEASUREMENT (DateTime, SensorID, MeasValue) VALUES (TO_DATE('10/05/18 14:45', 'DD/MM/YY HH24:MI'), 274169, 23.3);
INSERT INTO SENSOR (SerialNumber, CityPlaced, SensorModel, MinimValue, MaximValue, Unit, SensorType) VALUES (911216, 'Καπελέτο Βάρδας', 'HVKDV-2026', 0, 100, '%', 'Humidity');
INSERT INTO MEASUREMENT (DateTime, SensorID, MeasValue) VALUES (TO_DATE('10/05/18 14:45', 'DD/MM/YY HH24:MI'), 911216, 60);
INSERT INTO SENSOR (SerialNumber, CityPlaced, SensorModel, MinimValue, MaximValue, Unit, SensorType) VALUES (64258, 'Καπελέτο Βάρδας', 'QZJY-264', 732.0, 1086.9, 'hPa', 'Pressure');
INSERT INTO MEASUREMENT (DateTime, SensorID, MeasValue) VALUES (TO_DATE('10/05/18 14:45', 'DD/MM/YY HH24:MI'), 64258, 1006.8);
INSERT INTO SENSOR (SerialNumber, CityPlaced, SensorModel, MinimValue, MaximValue, Unit, SensorType) VALUES (98714, 'Καπελέτο Βάρδας', 'UQAS-3927', 0.0, 23.9, 'km/h', 'Wind');
INSERT INTO MEASUREMENT (DateTime, SensorID, MeasValue) VALUES (TO_DATE('10/05/18 14:45', 'DD/MM/YY HH24:MI'), 98714, 4.8);
INSERT INTO SENSOR (SerialNumber, CityPlaced, SensorModel, MinimValue, MaximValue, Unit, SensorType) VALUES (206834, 'Πύργος Νεάπολη', 'IYSDB-816', -58.0, 70.9, '°C', 'Temperature');
INSERT INTO MEASUREMENT (DateTime, SensorID, MeasValue) VALUES (TO_DATE('10/05/18 14:48', 'DD/MM/YY HH24:MI'), 206834, 23.9);
INSERT INTO SENSOR (SerialNumber, CityPlaced, SensorModel, MinimValue, MaximValue, Unit, SensorType) VALUES (592253, 'Πύργος Νεάπολη', 'MNBOW-4232', 0, 100, '%', 'Humidity');
INSERT INTO MEASUREMENT (DateTime, SensorID, MeasValue) VALUES (TO_DATE('10/05/18 14:48', 'DD/MM/YY HH24:MI'), 592253, 64);
INSERT INTO SENSOR (SerialNumber, CityPlaced, SensorModel, MinimValue, MaximValue, Unit, SensorType) VALUES (26700, 'Πύργος Νεάπολη', 'AUZT-172', 711.0, 1090.9, 'hPa', 'Pressure');
INSERT INTO MEASUREMENT (DateTime, SensorID, MeasValue) VALUES (TO_DATE('10/05/18 14:48', 'DD/MM/YY HH24:MI'), 26700, 1007.0);
INSERT INTO SENSOR (SerialNumber, CityPlaced, SensorModel, MinimValue, MaximValue, Unit, SensorType) VALUES (78717, 'Πύργος Νεάπολη', 'DZDN-0161', 0.0, 24.9, 'km/h', 'Wind');
INSERT INTO MEASUREMENT (DateTime, SensorID, MeasValue) VALUES (TO_DATE('10/05/18 14:48', 'DD/MM/YY HH24:MI'), 78717, 2.7);
INSERT INTO SENSOR (SerialNumber, CityPlaced, SensorModel, MinimValue, MaximValue, Unit, SensorType) VALUES (763558, 'Πύργος', 'NWVDS-761', -55.0, 72.9, '°C', 'Temperature');
INSERT INTO MEASUREMENT (DateTime, SensorID, MeasValue) VALUES (TO_DATE('10/05/18 14:46', 'DD/MM/YY HH24:MI'), 763558, 23.7);
INSERT INTO SENSOR (SerialNumber, CityPlaced, SensorModel, MinimValue, MaximValue, Unit, SensorType) VALUES (324574, 'Πύργος', 'RMMKZ-6259', 0, 100, '%', 'Humidity');
INSERT INTO MEASUREMENT (DateTime, SensorID, MeasValue) VALUES (TO_DATE('10/05/18 14:46', 'DD/MM/YY HH24:MI'), 324574, 59);
INSERT INTO SENSOR (SerialNumber, CityPlaced, SensorModel, MinimValue, MaximValue, Unit, SensorType) VALUES (41394, 'Πύργος', 'AXPU-345', 729.0, 1059.9, 'hPa', 'Pressure');
INSERT INTO MEASUREMENT (DateTime, SensorID, MeasValue) VALUES (TO_DATE('10/05/18 14:46', 'DD/MM/YY HH24:MI'), 41394, 1006.5);
INSERT INTO SENSOR (SerialNumber, CityPlaced, SensorModel, MinimValue, MaximValue, Unit, SensorType) VALUES (95237, 'Πύργος', 'XDKM-5919', 0.0, 25.9, 'km/h', 'Wind');
INSERT INTO MEASUREMENT (DateTime, SensorID, MeasValue) VALUES (TO_DATE('10/05/18 14:46', 'DD/MM/YY HH24:MI'), 95237, 6.7);
INSERT INTO SENSOR (SerialNumber, CityPlaced, SensorModel, MinimValue, MaximValue, Unit, SensorType) VALUES (238053, 'Δερβένι', 'NRCYO-016', -51.0, 69.9, '°C', 'Temperature');
INSERT INTO MEASUREMENT (DateTime, SensorID, MeasValue) VALUES (TO_DATE('10/05/18 14:35', 'DD/MM/YY HH24:MI'), 238053, 21.7);
INSERT INTO SENSOR (SerialNumber, CityPlaced, SensorModel, MinimValue, MaximValue, Unit, SensorType) VALUES (128975, 'Δερβένι', 'RPYGC-0789', 0, 100, '%', 'Humidity');
INSERT INTO MEASUREMENT (DateTime, SensorID, MeasValue) VALUES (TO_DATE('10/05/18 14:35', 'DD/MM/YY HH24:MI'), 128975, 65);
INSERT INTO SENSOR (SerialNumber, CityPlaced, SensorModel, MinimValue, MaximValue, Unit, SensorType) VALUES (50408, 'Δερβένι', 'CTNL-827', 712.0, 1082.9, 'hPa', 'Pressure');
INSERT INTO MEASUREMENT (DateTime, SensorID, MeasValue) VALUES (TO_DATE('10/05/18 14:35', 'DD/MM/YY HH24:MI'), 50408, 1005.4);
INSERT INTO SENSOR (SerialNumber, CityPlaced, SensorModel, MinimValue, MaximValue, Unit, SensorType) VALUES (53081, 'Δερβένι', 'QGDN-6034', 0.0, 23.9, 'km/h', 'Wind');
INSERT INTO MEASUREMENT (DateTime, SensorID, MeasValue) VALUES (TO_DATE('10/05/18 14:35', 'DD/MM/YY HH24:MI'), 53081, 4.8);
INSERT INTO SENSOR (SerialNumber, CityPlaced, SensorModel, MinimValue, MaximValue, Unit, SensorType) VALUES (894777, 'Καίσαρι - Ζήρια', 'NCGUY-499', -57.0, 65.9, '°C', 'Temperature');
INSERT INTO MEASUREMENT (DateTime, SensorID, MeasValue) VALUES (TO_DATE('10/05/18 14:48', 'DD/MM/YY HH24:MI'), 894777, 18.9);
INSERT INTO SENSOR (SerialNumber, CityPlaced, SensorModel, MinimValue, MaximValue, Unit, SensorType) VALUES (467398, 'Καίσαρι - Ζήρια', 'FQTZG-3126', 0, 100, '%', 'Humidity');
INSERT INTO MEASUREMENT (DateTime, SensorID, MeasValue) VALUES (TO_DATE('10/05/18 14:48', 'DD/MM/YY HH24:MI'), 467398, 46);
INSERT INTO SENSOR (SerialNumber, CityPlaced, SensorModel, MinimValue, MaximValue, Unit, SensorType) VALUES (72025, 'Καίσαρι - Ζήρια', 'PIEO-469', 700.0, 1051.9, 'hPa', 'Pressure');
INSERT INTO MEASUREMENT (DateTime, SensorID, MeasValue) VALUES (TO_DATE('10/05/18 14:48', 'DD/MM/YY HH24:MI'), 72025, 1008.8);
INSERT INTO SENSOR (SerialNumber, CityPlaced, SensorModel, MinimValue, MaximValue, Unit, SensorType) VALUES (34685, 'Καίσαρι - Ζήρια', 'BNUZ-1411', 0.0, 22.9, 'km/h', 'Wind');
INSERT INTO MEASUREMENT (DateTime, SensorID, MeasValue) VALUES (TO_DATE('10/05/18 14:48', 'DD/MM/YY HH24:MI'), 34685, 3.8);
INSERT INTO SENSOR (SerialNumber, CityPlaced, SensorModel, MinimValue, MaximValue, Unit, SensorType) VALUES (323998, 'Κόρινθος', 'ENNQL-498', -58.0, 63.9, '°C', 'Temperature');
INSERT INTO MEASUREMENT (DateTime, SensorID, MeasValue) VALUES (TO_DATE('10/05/18 14:47', 'DD/MM/YY HH24:MI'), 323998, 22.8);
INSERT INTO SENSOR (SerialNumber, CityPlaced, SensorModel, MinimValue, MaximValue, Unit, SensorType) VALUES (800576, 'Κόρινθος', 'FMNEY-8072', 0, 100, '%', 'Humidity');
INSERT INTO MEASUREMENT (DateTime, SensorID, MeasValue) VALUES (TO_DATE('10/05/18 14:47', 'DD/MM/YY HH24:MI'), 800576, 67);
INSERT INTO SENSOR (SerialNumber, CityPlaced, SensorModel, MinimValue, MaximValue, Unit, SensorType) VALUES (65480, 'Κόρινθος', 'OMXR-148', 714.0, 1053.9, 'hPa', 'Pressure');
INSERT INTO MEASUREMENT (DateTime, SensorID, MeasValue) VALUES (TO_DATE('10/05/18 14:47', 'DD/MM/YY HH24:MI'), 65480, 1003.8);
INSERT INTO SENSOR (SerialNumber, CityPlaced, SensorModel, MinimValue, MaximValue, Unit, SensorType) VALUES (41727, 'Κόρινθος', 'QZCU-2230', 0.0, 22.9, 'km/h', 'Wind');
INSERT INTO MEASUREMENT (DateTime, SensorID, MeasValue) VALUES (TO_DATE('10/05/18 14:47', 'DD/MM/YY HH24:MI'), 41727, 0.0);
INSERT INTO SENSOR (SerialNumber, CityPlaced, SensorModel, MinimValue, MaximValue, Unit, SensorType) VALUES (234691, 'Λαλιώτη', 'NPMYX-355', -57.0, 63.9, '°C', 'Temperature');
INSERT INTO MEASUREMENT (DateTime, SensorID, MeasValue) VALUES (TO_DATE('10/05/18 14:48', 'DD/MM/YY HH24:MI'), 234691, 21.1);
INSERT INTO SENSOR (SerialNumber, CityPlaced, SensorModel, MinimValue, MaximValue, Unit, SensorType) VALUES (910465, 'Λαλιώτη', 'AZMBS-1162', 0, 100, '%', 'Humidity');
INSERT INTO MEASUREMENT (DateTime, SensorID, MeasValue) VALUES (TO_DATE('10/05/18 14:48', 'DD/MM/YY HH24:MI'), 910465, 58);
INSERT INTO SENSOR (SerialNumber, CityPlaced, SensorModel, MinimValue, MaximValue, Unit, SensorType) VALUES (54156, 'Λαλιώτη', 'NGFD-437', 704.0, 1068.9, 'hPa', 'Pressure');
INSERT INTO MEASUREMENT (DateTime, SensorID, MeasValue) VALUES (TO_DATE('10/05/18 14:48', 'DD/MM/YY HH24:MI'), 54156, 1005.8);
INSERT INTO SENSOR (SerialNumber, CityPlaced, SensorModel, MinimValue, MaximValue, Unit, SensorType) VALUES (88381, 'Λαλιώτη', 'SOSV-4238', 0.0, 24.9, 'km/h', 'Wind');
INSERT INTO MEASUREMENT (DateTime, SensorID, MeasValue) VALUES (TO_DATE('10/05/18 14:48', 'DD/MM/YY HH24:MI'), 88381, 7.2);
INSERT INTO SENSOR (SerialNumber, CityPlaced, SensorModel, MinimValue, MaximValue, Unit, SensorType) VALUES (573505, 'Συκιά', 'DUFBC-126', -53.0, 63.9, '°C', 'Temperature');
INSERT INTO MEASUREMENT (DateTime, SensorID, MeasValue) VALUES (TO_DATE('10/05/18 14:45', 'DD/MM/YY HH24:MI'), 573505, 21.8);
INSERT INTO SENSOR (SerialNumber, CityPlaced, SensorModel, MinimValue, MaximValue, Unit, SensorType) VALUES (455213, 'Συκιά', 'FIZMQ-3453', 0, 100, '%', 'Humidity');
INSERT INTO MEASUREMENT (DateTime, SensorID, MeasValue) VALUES (TO_DATE('10/05/18 14:45', 'DD/MM/YY HH24:MI'), 455213, 64);
INSERT INTO SENSOR (SerialNumber, CityPlaced, SensorModel, MinimValue, MaximValue, Unit, SensorType) VALUES (63826, 'Συκιά', 'JEFB-889', 729.0, 1054.9, 'hPa', 'Pressure');
INSERT INTO MEASUREMENT (DateTime, SensorID, MeasValue) VALUES (TO_DATE('10/05/18 14:45', 'DD/MM/YY HH24:MI'), 63826, 1005.3);
INSERT INTO SENSOR (SerialNumber, CityPlaced, SensorModel, MinimValue, MaximValue, Unit, SensorType) VALUES (29709, 'Συκιά', 'JUKT-0838', 0.0, 22.9, 'km/h', 'Wind');
INSERT INTO MEASUREMENT (DateTime, SensorID, MeasValue) VALUES (TO_DATE('10/05/18 14:45', 'DD/MM/YY HH24:MI'), 29709, 12.6);
INSERT INTO SENSOR (SerialNumber, CityPlaced, SensorModel, MinimValue, MaximValue, Unit, SensorType) VALUES (546718, 'Γεράκι', 'UQSNO-223', -60.0, 68.9, '°C', 'Temperature');
INSERT INTO MEASUREMENT (DateTime, SensorID, MeasValue) VALUES (TO_DATE('10/05/18 14:38', 'DD/MM/YY HH24:MI'), 546718, 22.6);
INSERT INTO SENSOR (SerialNumber, CityPlaced, SensorModel, MinimValue, MaximValue, Unit, SensorType) VALUES (915619, 'Γεράκι', 'RHMIK-9812', 0, 100, '%', 'Humidity');
INSERT INTO MEASUREMENT (DateTime, SensorID, MeasValue) VALUES (TO_DATE('10/05/18 14:38', 'DD/MM/YY HH24:MI'), 915619, 48);
INSERT INTO SENSOR (SerialNumber, CityPlaced, SensorModel, MinimValue, MaximValue, Unit, SensorType) VALUES (70904, 'Γεράκι', 'MLDZ-082', 705.0, 1091.9, 'hPa', 'Pressure');
INSERT INTO MEASUREMENT (DateTime, SensorID, MeasValue) VALUES (TO_DATE('10/05/18 14:38', 'DD/MM/YY HH24:MI'), 70904, 1007.5);
INSERT INTO SENSOR (SerialNumber, CityPlaced, SensorModel, MinimValue, MaximValue, Unit, SensorType) VALUES (58169, 'Γεράκι', 'YACE-8818', 0.0, 23.9, 'km/h', 'Wind');
INSERT INTO MEASUREMENT (DateTime, SensorID, MeasValue) VALUES (TO_DATE('10/05/18 14:38', 'DD/MM/YY HH24:MI'), 58169, 11.0);
INSERT INTO SENSOR (SerialNumber, CityPlaced, SensorModel, MinimValue, MaximValue, Unit, SensorType) VALUES (161879, 'Βελανιδιά Κρεμμύδια', 'FJIVJ-924', -57.0, 65.9, '°C', 'Temperature');
INSERT INTO MEASUREMENT (DateTime, SensorID, MeasValue) VALUES (TO_DATE('10/05/18 14:44', 'DD/MM/YY HH24:MI'), 161879, 20.7);
INSERT INTO SENSOR (SerialNumber, CityPlaced, SensorModel, MinimValue, MaximValue, Unit, SensorType) VALUES (584717, 'Βελανιδιά Κρεμμύδια', 'VBUSB-3986', 0, 100, '%', 'Humidity');
INSERT INTO MEASUREMENT (DateTime, SensorID, MeasValue) VALUES (TO_DATE('10/05/18 14:44', 'DD/MM/YY HH24:MI'), 584717, 73);
INSERT INTO SENSOR (SerialNumber, CityPlaced, SensorModel, MinimValue, MaximValue, Unit, SensorType) VALUES (31232, 'Βελανιδιά Κρεμμύδια', 'VASH-804', 704.0, 1086.9, 'hPa', 'Pressure');
INSERT INTO MEASUREMENT (DateTime, SensorID, MeasValue) VALUES (TO_DATE('10/05/18 14:44', 'DD/MM/YY HH24:MI'), 31232, 1004.8);
INSERT INTO SENSOR (SerialNumber, CityPlaced, SensorModel, MinimValue, MaximValue, Unit, SensorType) VALUES (90005, 'Βελανιδιά Κρεμμύδια', 'ZHSQ-3177', 0.0, 20.9, 'km/h', 'Wind');
INSERT INTO MEASUREMENT (DateTime, SensorID, MeasValue) VALUES (TO_DATE('10/05/18 14:44', 'DD/MM/YY HH24:MI'), 90005, 4.3);
INSERT INTO SENSOR (SerialNumber, CityPlaced, SensorModel, MinimValue, MaximValue, Unit, SensorType) VALUES (991333, 'Καλαμάτα Κέντρο', 'QTMTH-195', -55.0, 74.9, '°C', 'Temperature');
INSERT INTO MEASUREMENT (DateTime, SensorID, MeasValue) VALUES (TO_DATE('10/05/18 14:41', 'DD/MM/YY HH24:MI'), 991333, 21.1);
INSERT INTO SENSOR (SerialNumber, CityPlaced, SensorModel, MinimValue, MaximValue, Unit, SensorType) VALUES (306968, 'Καλαμάτα Κέντρο', 'CYMNJ-7614', 0, 100, '%', 'Humidity');
INSERT INTO MEASUREMENT (DateTime, SensorID, MeasValue) VALUES (TO_DATE('10/05/18 14:41', 'DD/MM/YY HH24:MI'), 306968, 66);
INSERT INTO SENSOR (SerialNumber, CityPlaced, SensorModel, MinimValue, MaximValue, Unit, SensorType) VALUES (54306, 'Καλαμάτα Κέντρο', 'MZPH-894', 738.0, 1082.9, 'hPa', 'Pressure');
INSERT INTO MEASUREMENT (DateTime, SensorID, MeasValue) VALUES (TO_DATE('10/05/18 14:41', 'DD/MM/YY HH24:MI'), 54306, 1005.7);
INSERT INTO SENSOR (SerialNumber, CityPlaced, SensorModel, MinimValue, MaximValue, Unit, SensorType) VALUES (94311, 'Καλαμάτα Κέντρο', 'TAEM-8131', 0.0, 22.9, 'km/h', 'Wind');
INSERT INTO MEASUREMENT (DateTime, SensorID, MeasValue) VALUES (TO_DATE('10/05/18 14:41', 'DD/MM/YY HH24:MI'), 94311, 2.7);
INSERT INTO SENSOR (SerialNumber, CityPlaced, SensorModel, MinimValue, MaximValue, Unit, SensorType) VALUES (570031, 'Καλαμάτα Νησάκι', 'JIVAF-927', -59.0, 64.9, '°C', 'Temperature');
INSERT INTO MEASUREMENT (DateTime, SensorID, MeasValue) VALUES (TO_DATE('10/05/18 14:45', 'DD/MM/YY HH24:MI'), 570031, 21.5);
INSERT INTO SENSOR (SerialNumber, CityPlaced, SensorModel, MinimValue, MaximValue, Unit, SensorType) VALUES (415743, 'Καλαμάτα Νησάκι', 'XCTJW-8369', 0, 100, '%', 'Humidity');
INSERT INTO MEASUREMENT (DateTime, SensorID, MeasValue) VALUES (TO_DATE('10/05/18 14:45', 'DD/MM/YY HH24:MI'), 415743, 57);
INSERT INTO SENSOR (SerialNumber, CityPlaced, SensorModel, MinimValue, MaximValue, Unit, SensorType) VALUES (57158, 'Καλαμάτα Νησάκι', 'VTNP-038', 707.0, 1094.9, 'hPa', 'Pressure');
INSERT INTO MEASUREMENT (DateTime, SensorID, MeasValue) VALUES (TO_DATE('10/05/18 14:45', 'DD/MM/YY HH24:MI'), 57158, 1005.2);
INSERT INTO SENSOR (SerialNumber, CityPlaced, SensorModel, MinimValue, MaximValue, Unit, SensorType) VALUES (19584, 'Καλαμάτα Νησάκι', 'GUDN-3316', 0.0, 25.9, 'km/h', 'Wind');
INSERT INTO MEASUREMENT (DateTime, SensorID, MeasValue) VALUES (TO_DATE('10/05/18 14:45', 'DD/MM/YY HH24:MI'), 19584, 11.0);
INSERT INTO SENSOR (SerialNumber, CityPlaced, SensorModel, MinimValue, MaximValue, Unit, SensorType) VALUES (276389, 'Κορομηλιά', 'HSQVD-248', -56.0, 72.9, '°C', 'Temperature');
INSERT INTO MEASUREMENT (DateTime, SensorID, MeasValue) VALUES (TO_DATE('10/05/18 14:45', 'DD/MM/YY HH24:MI'), 276389, 20.2);
INSERT INTO SENSOR (SerialNumber, CityPlaced, SensorModel, MinimValue, MaximValue, Unit, SensorType) VALUES (883452, 'Κορομηλιά', 'XVDRE-9295', 0, 100, '%', 'Humidity');
INSERT INTO MEASUREMENT (DateTime, SensorID, MeasValue) VALUES (TO_DATE('10/05/18 14:45', 'DD/MM/YY HH24:MI'), 883452, 62);
INSERT INTO SENSOR (SerialNumber, CityPlaced, SensorModel, MinimValue, MaximValue, Unit, SensorType) VALUES (58292, 'Κορομηλιά', 'FHRK-188', 706.0, 1063.9, 'hPa', 'Pressure');
INSERT INTO MEASUREMENT (DateTime, SensorID, MeasValue) VALUES (TO_DATE('10/05/18 14:45', 'DD/MM/YY HH24:MI'), 58292, 1007.5);
INSERT INTO SENSOR (SerialNumber, CityPlaced, SensorModel, MinimValue, MaximValue, Unit, SensorType) VALUES (80143, 'Κορομηλιά', 'PREP-0016', 0.0, 20.9, 'km/h', 'Wind');
INSERT INTO MEASUREMENT (DateTime, SensorID, MeasValue) VALUES (TO_DATE('10/05/18 14:45', 'DD/MM/YY HH24:MI'), 80143, 1.9);
INSERT INTO SENSOR (SerialNumber, CityPlaced, SensorModel, MinimValue, MaximValue, Unit, SensorType) VALUES (622214, 'Μάνεσης', 'FWKXE-810', -56.0, 71.9, '°C', 'Temperature');
INSERT INTO MEASUREMENT (DateTime, SensorID, MeasValue) VALUES (TO_DATE('10/05/18 14:40', 'DD/MM/YY HH24:MI'), 622214, 21.6);
INSERT INTO SENSOR (SerialNumber, CityPlaced, SensorModel, MinimValue, MaximValue, Unit, SensorType) VALUES (861025, 'Μάνεσης', 'CLTYA-1175', 0, 100, '%', 'Humidity');
INSERT INTO MEASUREMENT (DateTime, SensorID, MeasValue) VALUES (TO_DATE('10/05/18 14:40', 'DD/MM/YY HH24:MI'), 861025, 62);
INSERT INTO SENSOR (SerialNumber, CityPlaced, SensorModel, MinimValue, MaximValue, Unit, SensorType) VALUES (52860, 'Μάνεσης', 'SHGW-551', 715.0, 1071.9, 'hPa', 'Pressure');
INSERT INTO MEASUREMENT (DateTime, SensorID, MeasValue) VALUES (TO_DATE('10/05/18 14:40', 'DD/MM/YY HH24:MI'), 52860, 1006.9);
INSERT INTO SENSOR (SerialNumber, CityPlaced, SensorModel, MinimValue, MaximValue, Unit, SensorType) VALUES (23249, 'Μάνεσης', 'HYDU-5942', 0.0, 22.9, 'km/h', 'Wind');
INSERT INTO MEASUREMENT (DateTime, SensorID, MeasValue) VALUES (TO_DATE('10/05/18 14:40', 'DD/MM/YY HH24:MI'), 23249, 7.5);
INSERT INTO SENSOR (SerialNumber, CityPlaced, SensorModel, MinimValue, MaximValue, Unit, SensorType) VALUES (152697, 'Νέδουσα Ταϋγέτου', 'XQZZV-664', -59.0, 67.9, '°C', 'Temperature');
INSERT INTO MEASUREMENT (DateTime, SensorID, MeasValue) VALUES (TO_DATE('10/05/18 14:44', 'DD/MM/YY HH24:MI'), 152697, 16.9);
INSERT INTO SENSOR (SerialNumber, CityPlaced, SensorModel, MinimValue, MaximValue, Unit, SensorType) VALUES (704676, 'Νέδουσα Ταϋγέτου', 'DFFTY-3962', 0, 100, '%', 'Humidity');
INSERT INTO MEASUREMENT (DateTime, SensorID, MeasValue) VALUES (TO_DATE('10/05/18 14:44', 'DD/MM/YY HH24:MI'), 704676, 69);
INSERT INTO SENSOR (SerialNumber, CityPlaced, SensorModel, MinimValue, MaximValue, Unit, SensorType) VALUES (82852, 'Νέδουσα Ταϋγέτου', 'TVLW-408', 731.0, 1053.9, 'hPa', 'Pressure');
INSERT INTO MEASUREMENT (DateTime, SensorID, MeasValue) VALUES (TO_DATE('10/05/18 14:44', 'DD/MM/YY HH24:MI'), 82852, 1007.9);
INSERT INTO SENSOR (SerialNumber, CityPlaced, SensorModel, MinimValue, MaximValue, Unit, SensorType) VALUES (38043, 'Νέδουσα Ταϋγέτου', 'YOYZ-8409', 0.0, 25.9, 'km/h', 'Wind');
INSERT INTO MEASUREMENT (DateTime, SensorID, MeasValue) VALUES (TO_DATE('10/05/18 14:44', 'DD/MM/YY HH24:MI'), 38043, 2.7);
INSERT INTO SENSOR (SerialNumber, CityPlaced, SensorModel, MinimValue, MaximValue, Unit, SensorType) VALUES (629293, 'Φοινικούντα', 'DSTQX-611', -54.0, 76.9, '°C', 'Temperature');
INSERT INTO MEASUREMENT (DateTime, SensorID, MeasValue) VALUES (TO_DATE('10/05/18 14:48', 'DD/MM/YY HH24:MI'), 629293, 22.7);
INSERT INTO SENSOR (SerialNumber, CityPlaced, SensorModel, MinimValue, MaximValue, Unit, SensorType) VALUES (125941, 'Φοινικούντα', 'NMOJG-0186', 0, 100, '%', 'Humidity');
INSERT INTO MEASUREMENT (DateTime, SensorID, MeasValue) VALUES (TO_DATE('10/05/18 14:48', 'DD/MM/YY HH24:MI'), 125941, 65);
INSERT INTO SENSOR (SerialNumber, CityPlaced, SensorModel, MinimValue, MaximValue, Unit, SensorType) VALUES (48999, 'Φοινικούντα', 'HJNP-066', 710.0, 1098.9, 'hPa', 'Pressure');
INSERT INTO MEASUREMENT (DateTime, SensorID, MeasValue) VALUES (TO_DATE('10/05/18 14:48', 'DD/MM/YY HH24:MI'), 48999, 1008.3);
INSERT INTO SENSOR (SerialNumber, CityPlaced, SensorModel, MinimValue, MaximValue, Unit, SensorType) VALUES (53251, 'Φοινικούντα', 'FLWF-6019', 0.0, 25.9, 'km/h', 'Wind');
INSERT INTO MEASUREMENT (DateTime, SensorID, MeasValue) VALUES (TO_DATE('10/05/18 14:48', 'DD/MM/YY HH24:MI'), 53251, 9.2);
INSERT INTO SENSOR (SerialNumber, CityPlaced, SensorModel, MinimValue, MaximValue, Unit, SensorType) VALUES (580702, 'Αμφιλοχία', 'NDMVN-010', -57.0, 72.9, '°C', 'Temperature');
INSERT INTO MEASUREMENT (DateTime, SensorID, MeasValue) VALUES (TO_DATE('10/05/18 14:44', 'DD/MM/YY HH24:MI'), 580702, 23.8);
INSERT INTO SENSOR (SerialNumber, CityPlaced, SensorModel, MinimValue, MaximValue, Unit, SensorType) VALUES (537525, 'Αμφιλοχία', 'YUOZA-6030', 0, 100, '%', 'Humidity');
INSERT INTO MEASUREMENT (DateTime, SensorID, MeasValue) VALUES (TO_DATE('10/05/18 14:44', 'DD/MM/YY HH24:MI'), 537525, 69);
INSERT INTO MEASUREMENT (DateTime, SensorID, MeasValue) VALUES (TO_DATE('10/05/18 14:44', 'DD/MM/YY HH24:MI'), 93843, 1007.3);
INSERT INTO SENSOR (SerialNumber, CityPlaced, SensorModel, MinimValue, MaximValue, Unit, SensorType) VALUES (56963, 'Αμφιλοχία', 'ZKTE-8269', 0.0, 23.9, 'km/h', 'Wind');
INSERT INTO MEASUREMENT (DateTime, SensorID, MeasValue) VALUES (TO_DATE('10/05/18 14:44', 'DD/MM/YY HH24:MI'), 56963, 11.3);
INSERT INTO SENSOR (SerialNumber, CityPlaced, SensorModel, MinimValue, MaximValue, Unit, SensorType) VALUES (959619, 'Ναύπακτος', 'LWZEP-986', -59.0, 80.9, '°C', 'Temperature');
INSERT INTO MEASUREMENT (DateTime, SensorID, MeasValue) VALUES (TO_DATE('10/05/18 14:38', 'DD/MM/YY HH24:MI'), 959619, 20.6);
INSERT INTO SENSOR (SerialNumber, CityPlaced, SensorModel, MinimValue, MaximValue, Unit, SensorType) VALUES (552706, 'Ναύπακτος', 'QMMJL-0418', 0, 100, '%', 'Humidity');
INSERT INTO MEASUREMENT (DateTime, SensorID, MeasValue) VALUES (TO_DATE('10/05/18 14:38', 'DD/MM/YY HH24:MI'), 552706, 70);
INSERT INTO SENSOR (SerialNumber, CityPlaced, SensorModel, MinimValue, MaximValue, Unit, SensorType) VALUES (19737, 'Ναύπακτος', 'ERNJ-576', 728.0, 1088.9, 'hPa', 'Pressure');
INSERT INTO MEASUREMENT (DateTime, SensorID, MeasValue) VALUES (TO_DATE('10/05/18 14:38', 'DD/MM/YY HH24:MI'), 19737, 1006.9);
INSERT INTO SENSOR (SerialNumber, CityPlaced, SensorModel, MinimValue, MaximValue, Unit, SensorType) VALUES (15803, 'Ναύπακτος', 'SHBS-7576', 0.0, 23.9, 'km/h', 'Wind');
INSERT INTO MEASUREMENT (DateTime, SensorID, MeasValue) VALUES (TO_DATE('10/05/18 14:38', 'DD/MM/YY HH24:MI'), 15803, 15.8);
INSERT INTO SENSOR (SerialNumber, CityPlaced, SensorModel, MinimValue, MaximValue, Unit, SensorType) VALUES (250978, 'Παναιτώλιο', 'ZKXAQ-550', -53.0, 74.9, '°C', 'Temperature');
INSERT INTO MEASUREMENT (DateTime, SensorID, MeasValue) VALUES (TO_DATE('10/05/18 14:45', 'DD/MM/YY HH24:MI'), 250978, 20.6);
INSERT INTO SENSOR (SerialNumber, CityPlaced, SensorModel, MinimValue, MaximValue, Unit, SensorType) VALUES (516691, 'Παναιτώλιο', 'NESQC-0120', 0, 100, '%', 'Humidity');
INSERT INTO MEASUREMENT (DateTime, SensorID, MeasValue) VALUES (TO_DATE('10/05/18 14:45', 'DD/MM/YY HH24:MI'), 516691, 68);
INSERT INTO SENSOR (SerialNumber, CityPlaced, SensorModel, MinimValue, MaximValue, Unit, SensorType) VALUES (25765, 'Παναιτώλιο', 'CAMP-017', 700.0, 1090.9, 'hPa', 'Pressure');
INSERT INTO MEASUREMENT (DateTime, SensorID, MeasValue) VALUES (TO_DATE('10/05/18 14:45', 'DD/MM/YY HH24:MI'), 25765, 1006.2);
INSERT INTO SENSOR (SerialNumber, CityPlaced, SensorModel, MinimValue, MaximValue, Unit, SensorType) VALUES (14537, 'Παναιτώλιο', 'LXKC-5212', 0.0, 25.9, 'km/h', 'Wind');
INSERT INTO MEASUREMENT (DateTime, SensorID, MeasValue) VALUES (TO_DATE('10/05/18 14:45', 'DD/MM/YY HH24:MI'), 14537, 7.8);
INSERT INTO SENSOR (SerialNumber, CityPlaced, SensorModel, MinimValue, MaximValue, Unit, SensorType) VALUES (128356, 'Άγιος Δημήτριος', 'VFQRJ-995', -54.0, 63.9, '°C', 'Temperature');
INSERT INTO MEASUREMENT (DateTime, SensorID, MeasValue) VALUES (TO_DATE('10/05/18 14:48', 'DD/MM/YY HH24:MI'), 128356, 25.2);
INSERT INTO SENSOR (SerialNumber, CityPlaced, SensorModel, MinimValue, MaximValue, Unit, SensorType) VALUES (407337, 'Άγιος Δημήτριος', 'HBTCC-2461', 0, 100, '%', 'Humidity');
INSERT INTO MEASUREMENT (DateTime, SensorID, MeasValue) VALUES (TO_DATE('10/05/18 14:48', 'DD/MM/YY HH24:MI'), 407337, 51);
INSERT INTO SENSOR (SerialNumber, CityPlaced, SensorModel, MinimValue, MaximValue, Unit, SensorType) VALUES (83836, 'Άγιος Δημήτριος', 'NYJE-395', 700.0, 1075.9, 'hPa', 'Pressure');
INSERT INTO MEASUREMENT (DateTime, SensorID, MeasValue) VALUES (TO_DATE('10/05/18 14:48', 'DD/MM/YY HH24:MI'), 83836, 1005.8);
INSERT INTO SENSOR (SerialNumber, CityPlaced, SensorModel, MinimValue, MaximValue, Unit, SensorType) VALUES (84050, 'Άγιος Δημήτριος', 'DQWC-3603', 0.0, 24.9, 'km/h', 'Wind');
INSERT INTO MEASUREMENT (DateTime, SensorID, MeasValue) VALUES (TO_DATE('10/05/18 14:48', 'DD/MM/YY HH24:MI'), 84050, 11.0);
INSERT INTO SENSOR (SerialNumber, CityPlaced, SensorModel, MinimValue, MaximValue, Unit, SensorType) VALUES (600397, 'Άνω Μελίσσια', 'QAPNS-695', -60.0, 77.9, '°C', 'Temperature');
INSERT INTO MEASUREMENT (DateTime, SensorID, MeasValue) VALUES (TO_DATE('10/05/18 14:48', 'DD/MM/YY HH24:MI'), 600397, 21.8);
INSERT INTO SENSOR (SerialNumber, CityPlaced, SensorModel, MinimValue, MaximValue, Unit, SensorType) VALUES (718880, 'Άνω Μελίσσια', 'CRCLH-7797', 0, 100, '%', 'Humidity');
INSERT INTO MEASUREMENT (DateTime, SensorID, MeasValue) VALUES (TO_DATE('10/05/18 14:48', 'DD/MM/YY HH24:MI'), 718880, 52);
INSERT INTO SENSOR (SerialNumber, CityPlaced, SensorModel, MinimValue, MaximValue, Unit, SensorType) VALUES (79537, 'Άνω Μελίσσια', 'YZHC-090', 731.0, 1054.9, 'hPa', 'Pressure');
INSERT INTO MEASUREMENT (DateTime, SensorID, MeasValue) VALUES (TO_DATE('10/05/18 14:48', 'DD/MM/YY HH24:MI'), 79537, 1005.7);
INSERT INTO SENSOR (SerialNumber, CityPlaced, SensorModel, MinimValue, MaximValue, Unit, SensorType) VALUES (19163, 'Άνω Μελίσσια', 'MAVQ-3411', 0.0, 23.9, 'km/h', 'Wind');
INSERT INTO MEASUREMENT (DateTime, SensorID, MeasValue) VALUES (TO_DATE('10/05/18 14:48', 'DD/MM/YY HH24:MI'), 19163, 5.3);
INSERT INTO SENSOR (SerialNumber, CityPlaced, SensorModel, MinimValue, MaximValue, Unit, SensorType) VALUES (401269, 'Ύδρα', 'ALDEQ-661', -59.0, 68.9, '°C', 'Temperature');
INSERT INTO MEASUREMENT (DateTime, SensorID, MeasValue) VALUES (TO_DATE('10/05/18 14:47', 'DD/MM/YY HH24:MI'), 401269, 25.3);
INSERT INTO SENSOR (SerialNumber, CityPlaced, SensorModel, MinimValue, MaximValue, Unit, SensorType) VALUES (751924, 'Ύδρα', 'NWIIW-8175', 0, 100, '%', 'Humidity');
INSERT INTO MEASUREMENT (DateTime, SensorID, MeasValue) VALUES (TO_DATE('10/05/18 14:47', 'DD/MM/YY HH24:MI'), 751924, 52);
INSERT INTO SENSOR (SerialNumber, CityPlaced, SensorModel, MinimValue, MaximValue, Unit, SensorType) VALUES (83693, 'Ύδρα', 'NRGG-325', 731.0, 1080.9, 'hPa', 'Pressure');
INSERT INTO MEASUREMENT (DateTime, SensorID, MeasValue) VALUES (TO_DATE('10/05/18 14:47', 'DD/MM/YY HH24:MI'), 83693, 1005.6);
INSERT INTO SENSOR (SerialNumber, CityPlaced, SensorModel, MinimValue, MaximValue, Unit, SensorType) VALUES (23870, 'Ύδρα', 'AHYL-1739', 0.0, 20.9, 'km/h', 'Wind');
INSERT INTO MEASUREMENT (DateTime, SensorID, MeasValue) VALUES (TO_DATE('10/05/18 14:47', 'DD/MM/YY HH24:MI'), 23870, 1.9);
INSERT INTO SENSOR (SerialNumber, CityPlaced, SensorModel, MinimValue, MaximValue, Unit, SensorType) VALUES (393632, 'Αγία Παρασκευή', 'PWENV-235', -59.0, 62.9, '°C', 'Temperature');
INSERT INTO MEASUREMENT (DateTime, SensorID, MeasValue) VALUES (TO_DATE('10/05/18 14:45', 'DD/MM/YY HH24:MI'), 393632, 23.1);
INSERT INTO SENSOR (SerialNumber, CityPlaced, SensorModel, MinimValue, MaximValue, Unit, SensorType) VALUES (504178, 'Αγία Παρασκευή', 'KPLBF-5788', 0, 100, '%', 'Humidity');
INSERT INTO MEASUREMENT (DateTime, SensorID, MeasValue) VALUES (TO_DATE('10/05/18 14:45', 'DD/MM/YY HH24:MI'), 504178, 62);
INSERT INTO SENSOR (SerialNumber, CityPlaced, SensorModel, MinimValue, MaximValue, Unit, SensorType) VALUES (59461, 'Αγία Παρασκευή', 'DGOC-437', 729.0, 1088.9, 'hPa', 'Pressure');
INSERT INTO MEASUREMENT (DateTime, SensorID, MeasValue) VALUES (TO_DATE('10/05/18 14:45', 'DD/MM/YY HH24:MI'), 59461, 1004.3);
INSERT INTO SENSOR (SerialNumber, CityPlaced, SensorModel, MinimValue, MaximValue, Unit, SensorType) VALUES (37750, 'Αγία Παρασκευή', 'AEHW-6499', 0.0, 24.9, 'km/h', 'Wind');
INSERT INTO MEASUREMENT (DateTime, SensorID, MeasValue) VALUES (TO_DATE('10/05/18 14:45', 'DD/MM/YY HH24:MI'), 37750, 5.4);
INSERT INTO SENSOR (SerialNumber, CityPlaced, SensorModel, MinimValue, MaximValue, Unit, SensorType) VALUES (489729, 'Αγιος Στέφανος 2', 'ETNEP-394', -58.0, 74.9, '°C', 'Temperature');
INSERT INTO MEASUREMENT (DateTime, SensorID, MeasValue) VALUES (TO_DATE('10/05/18 14:47', 'DD/MM/YY HH24:MI'), 489729, 21.4);
INSERT INTO SENSOR (SerialNumber, CityPlaced, SensorModel, MinimValue, MaximValue, Unit, SensorType) VALUES (650468, 'Αγιος Στέφανος 2', 'XLEAV-5126', 0, 100, '%', 'Humidity');
INSERT INTO MEASUREMENT (DateTime, SensorID, MeasValue) VALUES (TO_DATE('10/05/18 14:47', 'DD/MM/YY HH24:MI'), 650468, 68);
INSERT INTO SENSOR (SerialNumber, CityPlaced, SensorModel, MinimValue, MaximValue, Unit, SensorType) VALUES (50421, 'Αγιος Στέφανος 2', 'DWCH-044', 710.0, 1081.9, 'hPa', 'Pressure');
INSERT INTO MEASUREMENT (DateTime, SensorID, MeasValue) VALUES (TO_DATE('10/05/18 14:47', 'DD/MM/YY HH24:MI'), 50421, 1007.3);
INSERT INTO SENSOR (SerialNumber, CityPlaced, SensorModel, MinimValue, MaximValue, Unit, SensorType) VALUES (93133, 'Αγιος Στέφανος 2', 'JDBZ-7165', 0.0, 25.9, 'km/h', 'Wind');
INSERT INTO MEASUREMENT (DateTime, SensorID, MeasValue) VALUES (TO_DATE('10/05/18 14:47', 'DD/MM/YY HH24:MI'), 93133, 0.0);
INSERT INTO SENSOR (SerialNumber, CityPlaced, SensorModel, MinimValue, MaximValue, Unit, SensorType) VALUES (615085, 'Αγιος Στέφανος', 'CWNUZ-866', -52.0, 68.9, '°C', 'Temperature');
INSERT INTO MEASUREMENT (DateTime, SensorID, MeasValue) VALUES (TO_DATE('10/05/18 14:49', 'DD/MM/YY HH24:MI'), 615085, 21.0);
INSERT INTO SENSOR (SerialNumber, CityPlaced, SensorModel, MinimValue, MaximValue, Unit, SensorType) VALUES (979266, 'Αγιος Στέφανος', 'OSPXF-7858', 0, 100, '%', 'Humidity');
INSERT INTO MEASUREMENT (DateTime, SensorID, MeasValue) VALUES (TO_DATE('10/05/18 14:49', 'DD/MM/YY HH24:MI'), 979266, 69);
INSERT INTO SENSOR (SerialNumber, CityPlaced, SensorModel, MinimValue, MaximValue, Unit, SensorType) VALUES (39157, 'Αγιος Στέφανος', 'AEOC-165', 718.0, 1066.9, 'hPa', 'Pressure');
INSERT INTO MEASUREMENT (DateTime, SensorID, MeasValue) VALUES (TO_DATE('10/05/18 14:49', 'DD/MM/YY HH24:MI'), 39157, 1007.2);
INSERT INTO SENSOR (SerialNumber, CityPlaced, SensorModel, MinimValue, MaximValue, Unit, SensorType) VALUES (68290, 'Αγιος Στέφανος', 'DXON-2571', 0.0, 23.9, 'km/h', 'Wind');
INSERT INTO MEASUREMENT (DateTime, SensorID, MeasValue) VALUES (TO_DATE('10/05/18 14:49', 'DD/MM/YY HH24:MI'), 68290, 1.6);
INSERT INTO SENSOR (SerialNumber, CityPlaced, SensorModel, MinimValue, MaximValue, Unit, SensorType) VALUES (577150, 'Αθήνα Άνω Κυψέλη', 'LUODR-031', -54.0, 74.9, '°C', 'Temperature');
INSERT INTO MEASUREMENT (DateTime, SensorID, MeasValue) VALUES (TO_DATE('10/05/18 14:45', 'DD/MM/YY HH24:MI'), 577150, 27.6);
INSERT INTO SENSOR (SerialNumber, CityPlaced, SensorModel, MinimValue, MaximValue, Unit, SensorType) VALUES (609506, 'Αθήνα Άνω Κυψέλη', 'YDUQI-9315', 0, 100, '%', 'Humidity');
INSERT INTO MEASUREMENT (DateTime, SensorID, MeasValue) VALUES (TO_DATE('10/05/18 14:45', 'DD/MM/YY HH24:MI'), 609506, 40);
INSERT INTO SENSOR (SerialNumber, CityPlaced, SensorModel, MinimValue, MaximValue, Unit, SensorType) VALUES (52510, 'Αθήνα Άνω Κυψέλη', 'EFKV-128', 749.0, 1096.9, 'hPa', 'Pressure');
INSERT INTO MEASUREMENT (DateTime, SensorID, MeasValue) VALUES (TO_DATE('10/05/18 14:45', 'DD/MM/YY HH24:MI'), 52510, 1005.2);
INSERT INTO SENSOR (SerialNumber, CityPlaced, SensorModel, MinimValue, MaximValue, Unit, SensorType) VALUES (64955, 'Αθήνα Άνω Κυψέλη', 'RRRS-0818', 0.0, 25.9, 'km/h', 'Wind');
INSERT INTO MEASUREMENT (DateTime, SensorID, MeasValue) VALUES (TO_DATE('10/05/18 14:45', 'DD/MM/YY HH24:MI'), 64955, 0.0);
INSERT INTO SENSOR (SerialNumber, CityPlaced, SensorModel, MinimValue, MaximValue, Unit, SensorType) VALUES (510849, 'Αθήνα Χαροκόπειο Πανεπιστήμιο', 'XWHQE-657', -54.0, 60.9, '°C', 'Temperature');
INSERT INTO MEASUREMENT (DateTime, SensorID, MeasValue) VALUES (TO_DATE('10/05/18 14:42', 'DD/MM/YY HH24:MI'), 510849, 25.7);
INSERT INTO SENSOR (SerialNumber, CityPlaced, SensorModel, MinimValue, MaximValue, Unit, SensorType) VALUES (136401, 'Αθήνα Χαροκόπειο Πανεπιστήμιο', 'DYTRC-7601', 0, 100, '%', 'Humidity');
INSERT INTO MEASUREMENT (DateTime, SensorID, MeasValue) VALUES (TO_DATE('10/05/18 14:42', 'DD/MM/YY HH24:MI'), 136401, 46);
INSERT INTO SENSOR (SerialNumber, CityPlaced, SensorModel, MinimValue, MaximValue, Unit, SensorType) VALUES (32285, 'Αθήνα Χαροκόπειο Πανεπιστήμιο', 'DEUT-408', 727.0, 1099.9, 'hPa', 'Pressure');
INSERT INTO MEASUREMENT (DateTime, SensorID, MeasValue) VALUES (TO_DATE('10/05/18 14:42', 'DD/MM/YY HH24:MI'), 32285, 1005.3);
INSERT INTO SENSOR (SerialNumber, CityPlaced, SensorModel, MinimValue, MaximValue, Unit, SensorType) VALUES (50623, 'Αθήνα Χαροκόπειο Πανεπιστήμιο', 'IIDG-1825', 0.0, 23.9, 'km/h', 'Wind');
INSERT INTO MEASUREMENT (DateTime, SensorID, MeasValue) VALUES (TO_DATE('10/05/18 14:42', 'DD/MM/YY HH24:MI'), 50623, 1.9);
INSERT INTO SENSOR (SerialNumber, CityPlaced, SensorModel, MinimValue, MaximValue, Unit, SensorType) VALUES (695094, 'Αιγάλεω 2', 'FFTBE-208', -57.0, 74.9, '°C', 'Temperature');
INSERT INTO MEASUREMENT (DateTime, SensorID, MeasValue) VALUES (TO_DATE('10/05/18 14:48', 'DD/MM/YY HH24:MI'), 695094, 25.9);
INSERT INTO SENSOR (SerialNumber, CityPlaced, SensorModel, MinimValue, MaximValue, Unit, SensorType) VALUES (781826, 'Αιγάλεω 2', 'GHAOE-3546', 0, 100, '%', 'Humidity');
INSERT INTO MEASUREMENT (DateTime, SensorID, MeasValue) VALUES (TO_DATE('10/05/18 14:48', 'DD/MM/YY HH24:MI'), 781826, 44);
INSERT INTO SENSOR (SerialNumber, CityPlaced, SensorModel, MinimValue, MaximValue, Unit, SensorType) VALUES (72667, 'Αιγάλεω 2', 'HIFY-390', 713.0, 1074.9, 'hPa', 'Pressure');
INSERT INTO MEASUREMENT (DateTime, SensorID, MeasValue) VALUES (TO_DATE('10/05/18 14:48', 'DD/MM/YY HH24:MI'), 72667, 1006.3);
INSERT INTO SENSOR (SerialNumber, CityPlaced, SensorModel, MinimValue, MaximValue, Unit, SensorType) VALUES (15859, 'Αιγάλεω 2', 'KQGG-2418', 0.0, 20.9, 'km/h', 'Wind');
INSERT INTO MEASUREMENT (DateTime, SensorID, MeasValue) VALUES (TO_DATE('10/05/18 14:48', 'DD/MM/YY HH24:MI'), 15859, 2.5);
INSERT INTO SENSOR (SerialNumber, CityPlaced, SensorModel, MinimValue, MaximValue, Unit, SensorType) VALUES (584662, 'Αιγάλεω', 'BJTTR-498', -52.0, 67.9, '°C', 'Temperature');
INSERT INTO MEASUREMENT (DateTime, SensorID, MeasValue) VALUES (TO_DATE('10/05/18 14:43', 'DD/MM/YY HH24:MI'), 584662, 25.6);
INSERT INTO SENSOR (SerialNumber, CityPlaced, SensorModel, MinimValue, MaximValue, Unit, SensorType) VALUES (642973, 'Αιγάλεω', 'JWXFP-6816', 0, 100, '%', 'Humidity');
INSERT INTO MEASUREMENT (DateTime, SensorID, MeasValue) VALUES (TO_DATE('10/05/18 14:43', 'DD/MM/YY HH24:MI'), 642973, 44);
INSERT INTO SENSOR (SerialNumber, CityPlaced, SensorModel, MinimValue, MaximValue, Unit, SensorType) VALUES (76539, 'Αιγάλεω', 'NJTZ-911', 748.0, 1067.9, 'hPa', 'Pressure');
INSERT INTO MEASUREMENT (DateTime, SensorID, MeasValue) VALUES (TO_DATE('10/05/18 14:43', 'DD/MM/YY HH24:MI'), 76539, 1006.6);
INSERT INTO SENSOR (SerialNumber, CityPlaced, SensorModel, MinimValue, MaximValue, Unit, SensorType) VALUES (65590, 'Αιγάλεω', 'YITG-6925', 0.0, 20.9, 'km/h', 'Wind');
INSERT INTO MEASUREMENT (DateTime, SensorID, MeasValue) VALUES (TO_DATE('10/05/18 14:43', 'DD/MM/YY HH24:MI'), 65590, 8.1);
INSERT INTO SENSOR (SerialNumber, CityPlaced, SensorModel, MinimValue, MaximValue, Unit, SensorType) VALUES (211608, 'Ανάβυσσος', 'UWLFW-634', -60.0, 65.9, '°C', 'Temperature');
INSERT INTO MEASUREMENT (DateTime, SensorID, MeasValue) VALUES (TO_DATE('10/05/18 14:39', 'DD/MM/YY HH24:MI'), 211608, 23.3);
INSERT INTO SENSOR (SerialNumber, CityPlaced, SensorModel, MinimValue, MaximValue, Unit, SensorType) VALUES (913399, 'Ανάβυσσος', 'IGXRK-8039', 0, 100, '%', 'Humidity');
INSERT INTO MEASUREMENT (DateTime, SensorID, MeasValue) VALUES (TO_DATE('10/05/18 14:39', 'DD/MM/YY HH24:MI'), 913399, 67);
INSERT INTO SENSOR (SerialNumber, CityPlaced, SensorModel, MinimValue, MaximValue, Unit, SensorType) VALUES (60847, 'Ανάβυσσος', 'QOKS-132', 737.0, 1099.9, 'hPa', 'Pressure');
INSERT INTO MEASUREMENT (DateTime, SensorID, MeasValue) VALUES (TO_DATE('10/05/18 14:39', 'DD/MM/YY HH24:MI'), 60847, 1004.9);
INSERT INTO SENSOR (SerialNumber, CityPlaced, SensorModel, MinimValue, MaximValue, Unit, SensorType) VALUES (73157, 'Ανάβυσσος', 'JHLP-2458', 0.0, 23.9, 'km/h', 'Wind');
INSERT INTO MEASUREMENT (DateTime, SensorID, MeasValue) VALUES (TO_DATE('10/05/18 14:39', 'DD/MM/YY HH24:MI'), 73157, 2.4);
INSERT INTO SENSOR (SerialNumber, CityPlaced, SensorModel, MinimValue, MaximValue, Unit, SensorType) VALUES (843604, 'Ασπρόπυργος SV1EJD', 'VCPNH-934', -51.0, 78.9, '°C', 'Temperature');
INSERT INTO MEASUREMENT (DateTime, SensorID, MeasValue) VALUES (TO_DATE('10/05/18 14:30', 'DD/MM/YY HH24:MI'), 843604, 25.4);
INSERT INTO SENSOR (SerialNumber, CityPlaced, SensorModel, MinimValue, MaximValue, Unit, SensorType) VALUES (522093, 'Ασπρόπυργος SV1EJD', 'VDIPA-2657', 0, 100, '%', 'Humidity');
INSERT INTO MEASUREMENT (DateTime, SensorID, MeasValue) VALUES (TO_DATE('10/05/18 14:30', 'DD/MM/YY HH24:MI'), 522093, 43);
INSERT INTO MEASUREMENT (DateTime, SensorID, MeasValue) VALUES (TO_DATE('10/05/18 14:30', 'DD/MM/YY HH24:MI'), 55674, 1004.8);
INSERT INTO SENSOR (SerialNumber, CityPlaced, SensorModel, MinimValue, MaximValue, Unit, SensorType) VALUES (16090, 'Ασπρόπυργος SV1EJD', 'QCIK-1874', 0.0, 25.9, 'km/h', 'Wind');
INSERT INTO MEASUREMENT (DateTime, SensorID, MeasValue) VALUES (TO_DATE('10/05/18 14:30', 'DD/MM/YY HH24:MI'), 16090, 14.8);
INSERT INTO SENSOR (SerialNumber, CityPlaced, SensorModel, MinimValue, MaximValue, Unit, SensorType) VALUES (768671, 'Αυλώνας', 'KZITX-085', -52.0, 72.9, '°C', 'Temperature');
INSERT INTO MEASUREMENT (DateTime, SensorID, MeasValue) VALUES (TO_DATE('10/05/18 14:48', 'DD/MM/YY HH24:MI'), 768671, 23.7);
INSERT INTO SENSOR (SerialNumber, CityPlaced, SensorModel, MinimValue, MaximValue, Unit, SensorType) VALUES (741392, 'Αυλώνας', 'GJXDD-2695', 0, 100, '%', 'Humidity');
INSERT INTO MEASUREMENT (DateTime, SensorID, MeasValue) VALUES (TO_DATE('10/05/18 14:48', 'DD/MM/YY HH24:MI'), 741392, 53);
INSERT INTO SENSOR (SerialNumber, CityPlaced, SensorModel, MinimValue, MaximValue, Unit, SensorType) VALUES (55636, 'Αυλώνας', 'EUFC-392', 736.0, 1053.9, 'hPa', 'Pressure');
INSERT INTO MEASUREMENT (DateTime, SensorID, MeasValue) VALUES (TO_DATE('10/05/18 14:48', 'DD/MM/YY HH24:MI'), 55636, 1005.5);
INSERT INTO SENSOR (SerialNumber, CityPlaced, SensorModel, MinimValue, MaximValue, Unit, SensorType) VALUES (85730, 'Αυλώνας', 'CAMK-8990', 0.0, 24.9, 'km/h', 'Wind');
INSERT INTO MEASUREMENT (DateTime, SensorID, MeasValue) VALUES (TO_DATE('10/05/18 14:48', 'DD/MM/YY HH24:MI'), 85730, 6.7);
INSERT INTO SENSOR (SerialNumber, CityPlaced, SensorModel, MinimValue, MaximValue, Unit, SensorType) VALUES (137743, 'Αχαρναί Άγιος Πέτρος', 'BOFOL-622', -56.0, 74.9, '°C', 'Temperature');
INSERT INTO MEASUREMENT (DateTime, SensorID, MeasValue) VALUES (TO_DATE('10/05/18 14:47', 'DD/MM/YY HH24:MI'), 137743, 24.9);
INSERT INTO SENSOR (SerialNumber, CityPlaced, SensorModel, MinimValue, MaximValue, Unit, SensorType) VALUES (512372, 'Αχαρναί Άγιος Πέτρος', 'KXHEP-0042', 0, 100, '%', 'Humidity');
INSERT INTO MEASUREMENT (DateTime, SensorID, MeasValue) VALUES (TO_DATE('10/05/18 14:47', 'DD/MM/YY HH24:MI'), 512372, 45);
INSERT INTO SENSOR (SerialNumber, CityPlaced, SensorModel, MinimValue, MaximValue, Unit, SensorType) VALUES (64979, 'Αχαρναί Άγιος Πέτρος', 'QLEC-160', 721.0, 1080.9, 'hPa', 'Pressure');
INSERT INTO MEASUREMENT (DateTime, SensorID, MeasValue) VALUES (TO_DATE('10/05/18 14:47', 'DD/MM/YY HH24:MI'), 64979, 1005.4);
INSERT INTO SENSOR (SerialNumber, CityPlaced, SensorModel, MinimValue, MaximValue, Unit, SensorType) VALUES (95689, 'Αχαρναί Άγιος Πέτρος', 'KVCY-0595', 0.0, 20.9, 'km/h', 'Wind');
INSERT INTO MEASUREMENT (DateTime, SensorID, MeasValue) VALUES (TO_DATE('10/05/18 14:47', 'DD/MM/YY HH24:MI'), 95689, 3.5);
INSERT INTO SENSOR (SerialNumber, CityPlaced, SensorModel, MinimValue, MaximValue, Unit, SensorType) VALUES (219177, 'Αχαρναί 2', 'ATRFB-412', -55.0, 61.9, '°C', 'Temperature');
INSERT INTO MEASUREMENT (DateTime, SensorID, MeasValue) VALUES (TO_DATE('10/05/18 14:45', 'DD/MM/YY HH24:MI'), 219177, 25.0);
INSERT INTO SENSOR (SerialNumber, CityPlaced, SensorModel, MinimValue, MaximValue, Unit, SensorType) VALUES (412211, 'Αχαρναί 2', 'LYFMX-7989', 0, 100, '%', 'Humidity');
INSERT INTO MEASUREMENT (DateTime, SensorID, MeasValue) VALUES (TO_DATE('10/05/18 14:45', 'DD/MM/YY HH24:MI'), 412211, 53);
INSERT INTO SENSOR (SerialNumber, CityPlaced, SensorModel, MinimValue, MaximValue, Unit, SensorType) VALUES (67981, 'Αχαρναί 2', 'VLBB-273', 729.0, 1085.9, 'hPa', 'Pressure');
INSERT INTO MEASUREMENT (DateTime, SensorID, MeasValue) VALUES (TO_DATE('10/05/18 14:45', 'DD/MM/YY HH24:MI'), 67981, 1005.8);
INSERT INTO SENSOR (SerialNumber, CityPlaced, SensorModel, MinimValue, MaximValue, Unit, SensorType) VALUES (98129, 'Αχαρναί 2', 'NXNJ-4168', 0.0, 22.9, 'km/h', 'Wind');
INSERT INTO MEASUREMENT (DateTime, SensorID, MeasValue) VALUES (TO_DATE('10/05/18 14:45', 'DD/MM/YY HH24:MI'), 98129, 5.0);
INSERT INTO SENSOR (SerialNumber, CityPlaced, SensorModel, MinimValue, MaximValue, Unit, SensorType) VALUES (562428, 'Αχαρναί', 'JBUGO-957', -56.0, 65.9, '°C', 'Temperature');
INSERT INTO MEASUREMENT (DateTime, SensorID, MeasValue) VALUES (TO_DATE('10/05/18 14:48', 'DD/MM/YY HH24:MI'), 562428, 23.9);
INSERT INTO SENSOR (SerialNumber, CityPlaced, SensorModel, MinimValue, MaximValue, Unit, SensorType) VALUES (757323, 'Αχαρναί', 'KATPH-6717', 0, 100, '%', 'Humidity');
INSERT INTO MEASUREMENT (DateTime, SensorID, MeasValue) VALUES (TO_DATE('10/05/18 14:48', 'DD/MM/YY HH24:MI'), 757323, 47);
INSERT INTO SENSOR (SerialNumber, CityPlaced, SensorModel, MinimValue, MaximValue, Unit, SensorType) VALUES (26145, 'Αχαρναί', 'YRVA-239', 737.0, 1099.9, 'hPa', 'Pressure');
INSERT INTO MEASUREMENT (DateTime, SensorID, MeasValue) VALUES (TO_DATE('10/05/18 14:48', 'DD/MM/YY HH24:MI'), 26145, 1005.3);
INSERT INTO SENSOR (SerialNumber, CityPlaced, SensorModel, MinimValue, MaximValue, Unit, SensorType) VALUES (55682, 'Αχαρναί', 'CIVZ-6706', 0.0, 24.9, 'km/h', 'Wind');
INSERT INTO MEASUREMENT (DateTime, SensorID, MeasValue) VALUES (TO_DATE('10/05/18 14:48', 'DD/MM/YY HH24:MI'), 55682, 1.3);
INSERT INTO SENSOR (SerialNumber, CityPlaced, SensorModel, MinimValue, MaximValue, Unit, SensorType) VALUES (173570, 'Βάρκιζα', 'OYYVA-510', -53.0, 72.9, '°C', 'Temperature');
INSERT INTO MEASUREMENT (DateTime, SensorID, MeasValue) VALUES (TO_DATE('10/05/18 14:46', 'DD/MM/YY HH24:MI'), 173570, 23.6);
INSERT INTO SENSOR (SerialNumber, CityPlaced, SensorModel, MinimValue, MaximValue, Unit, SensorType) VALUES (989623, 'Βάρκιζα', 'ALUOB-3013', 0, 100, '%', 'Humidity');
INSERT INTO MEASUREMENT (DateTime, SensorID, MeasValue) VALUES (TO_DATE('10/05/18 14:46', 'DD/MM/YY HH24:MI'), 989623, 56);
INSERT INTO SENSOR (SerialNumber, CityPlaced, SensorModel, MinimValue, MaximValue, Unit, SensorType) VALUES (57432, 'Βάρκιζα', 'ZTOS-398', 722.0, 1076.9, 'hPa', 'Pressure');
INSERT INTO MEASUREMENT (DateTime, SensorID, MeasValue) VALUES (TO_DATE('10/05/18 14:46', 'DD/MM/YY HH24:MI'), 57432, 1006.3);
INSERT INTO SENSOR (SerialNumber, CityPlaced, SensorModel, MinimValue, MaximValue, Unit, SensorType) VALUES (96420, 'Βάρκιζα', 'BRCP-6347', 0.0, 25.9, 'km/h', 'Wind');
INSERT INTO MEASUREMENT (DateTime, SensorID, MeasValue) VALUES (TO_DATE('10/05/18 14:46', 'DD/MM/YY HH24:MI'), 96420, 8.1);
INSERT INTO SENSOR (SerialNumber, CityPlaced, SensorModel, MinimValue, MaximValue, Unit, SensorType) VALUES (784508, 'Βύρωνας', 'NBYPI-591', -51.0, 62.9, '°C', 'Temperature');
INSERT INTO MEASUREMENT (DateTime, SensorID, MeasValue) VALUES (TO_DATE('10/05/18 14:47', 'DD/MM/YY HH24:MI'), 784508, 24.6);
INSERT INTO SENSOR (SerialNumber, CityPlaced, SensorModel, MinimValue, MaximValue, Unit, SensorType) VALUES (587295, 'Βύρωνας', 'WUUHY-5744', 0, 100, '%', 'Humidity');
INSERT INTO MEASUREMENT (DateTime, SensorID, MeasValue) VALUES (TO_DATE('10/05/18 14:47', 'DD/MM/YY HH24:MI'), 587295, 35);
INSERT INTO SENSOR (SerialNumber, CityPlaced, SensorModel, MinimValue, MaximValue, Unit, SensorType) VALUES (39293, 'Βύρωνας', 'TXNH-992', 748.0, 1098.9, 'hPa', 'Pressure');
INSERT INTO MEASUREMENT (DateTime, SensorID, MeasValue) VALUES (TO_DATE('10/05/18 14:47', 'DD/MM/YY HH24:MI'), 39293, 1007.0);
INSERT INTO SENSOR (SerialNumber, CityPlaced, SensorModel, MinimValue, MaximValue, Unit, SensorType) VALUES (32603, 'Βύρωνας', 'MIGQ-9243', 0.0, 25.9, 'km/h', 'Wind');
INSERT INTO MEASUREMENT (DateTime, SensorID, MeasValue) VALUES (TO_DATE('10/05/18 14:47', 'DD/MM/YY HH24:MI'), 32603, 5.1);
INSERT INTO SENSOR (SerialNumber, CityPlaced, SensorModel, MinimValue, MaximValue, Unit, SensorType) VALUES (703132, 'Γαλάτσι 2', 'CVLWT-490', -56.0, 69.9, '°C', 'Temperature');
INSERT INTO MEASUREMENT (DateTime, SensorID, MeasValue) VALUES (TO_DATE('10/05/18 14:40', 'DD/MM/YY HH24:MI'), 703132, 24.1);
INSERT INTO SENSOR (SerialNumber, CityPlaced, SensorModel, MinimValue, MaximValue, Unit, SensorType) VALUES (709004, 'Γαλάτσι 2', 'SKPCI-1219', 0, 100, '%', 'Humidity');
INSERT INTO MEASUREMENT (DateTime, SensorID, MeasValue) VALUES (TO_DATE('10/05/18 14:40', 'DD/MM/YY HH24:MI'), 709004, 49);
INSERT INTO SENSOR (SerialNumber, CityPlaced, SensorModel, MinimValue, MaximValue, Unit, SensorType) VALUES (17324, 'Γαλάτσι 2', 'HZMF-247', 733.0, 1063.9, 'hPa', 'Pressure');
INSERT INTO MEASUREMENT (DateTime, SensorID, MeasValue) VALUES (TO_DATE('10/05/18 14:40', 'DD/MM/YY HH24:MI'), 17324, 1006.0);
INSERT INTO SENSOR (SerialNumber, CityPlaced, SensorModel, MinimValue, MaximValue, Unit, SensorType) VALUES (10622, 'Γαλάτσι 2', 'UZBO-2856', 0.0, 20.9, 'km/h', 'Wind');
INSERT INTO MEASUREMENT (DateTime, SensorID, MeasValue) VALUES (TO_DATE('10/05/18 14:40', 'DD/MM/YY HH24:MI'), 10622, 2.7);
INSERT INTO SENSOR (SerialNumber, CityPlaced, SensorModel, MinimValue, MaximValue, Unit, SensorType) VALUES (475006, 'Γαλάτσι', 'RBGVH-203', -53.0, 61.9, '°C', 'Temperature');
INSERT INTO MEASUREMENT (DateTime, SensorID, MeasValue) VALUES (TO_DATE('10/05/18 14:48', 'DD/MM/YY HH24:MI'), 475006, 28.5);
INSERT INTO SENSOR (SerialNumber, CityPlaced, SensorModel, MinimValue, MaximValue, Unit, SensorType) VALUES (684666, 'Γαλάτσι', 'WWXAE-0215', 0, 100, '%', 'Humidity');
INSERT INTO MEASUREMENT (DateTime, SensorID, MeasValue) VALUES (TO_DATE('10/05/18 14:48', 'DD/MM/YY HH24:MI'), 684666, 59);
INSERT INTO SENSOR (SerialNumber, CityPlaced, SensorModel, MinimValue, MaximValue, Unit, SensorType) VALUES (97272, 'Γαλάτσι', 'KTKC-022', 723.0, 1081.9, 'hPa', 'Pressure');
INSERT INTO MEASUREMENT (DateTime, SensorID, MeasValue) VALUES (TO_DATE('10/05/18 14:48', 'DD/MM/YY HH24:MI'), 97272, 1004.6);
INSERT INTO SENSOR (SerialNumber, CityPlaced, SensorModel, MinimValue, MaximValue, Unit, SensorType) VALUES (85395, 'Γαλάτσι', 'CSEC-5560', 0.0, 23.9, 'km/h', 'Wind');
INSERT INTO MEASUREMENT (DateTime, SensorID, MeasValue) VALUES (TO_DATE('10/05/18 14:48', 'DD/MM/YY HH24:MI'), 85395, 4.7);
INSERT INTO SENSOR (SerialNumber, CityPlaced, SensorModel, MinimValue, MaximValue, Unit, SensorType) VALUES (907628, 'Διόνυσσος 2', 'QYNFO-006', -58.0, 70.9, '°C', 'Temperature');
INSERT INTO MEASUREMENT (DateTime, SensorID, MeasValue) VALUES (TO_DATE('10/05/18 14:44', 'DD/MM/YY HH24:MI'), 907628, 20.6);
INSERT INTO SENSOR (SerialNumber, CityPlaced, SensorModel, MinimValue, MaximValue, Unit, SensorType) VALUES (161384, 'Διόνυσσος 2', 'XBWRN-2877', 0, 100, '%', 'Humidity');
INSERT INTO MEASUREMENT (DateTime, SensorID, MeasValue) VALUES (TO_DATE('10/05/18 14:44', 'DD/MM/YY HH24:MI'), 161384, 59);
INSERT INTO SENSOR (SerialNumber, CityPlaced, SensorModel, MinimValue, MaximValue, Unit, SensorType) VALUES (31566, 'Διόνυσσος 2', 'XLSF-286', 705.0, 1078.9, 'hPa', 'Pressure');
INSERT INTO MEASUREMENT (DateTime, SensorID, MeasValue) VALUES (TO_DATE('10/05/18 14:44', 'DD/MM/YY HH24:MI'), 31566, 1006.0);
INSERT INTO SENSOR (SerialNumber, CityPlaced, SensorModel, MinimValue, MaximValue, Unit, SensorType) VALUES (38938, 'Διόνυσσος 2', 'NHKK-5780', 0.0, 21.9, 'km/h', 'Wind');
INSERT INTO MEASUREMENT (DateTime, SensorID, MeasValue) VALUES (TO_DATE('10/05/18 14:44', 'DD/MM/YY HH24:MI'), 38938, 5.9);
INSERT INTO SENSOR (SerialNumber, CityPlaced, SensorModel, MinimValue, MaximValue, Unit, SensorType) VALUES (743950, 'Διόνυσσος', 'UBKSL-802', -59.0, 72.9, '°C', 'Temperature');
INSERT INTO MEASUREMENT (DateTime, SensorID, MeasValue) VALUES (TO_DATE('10/05/18 14:36', 'DD/MM/YY HH24:MI'), 743950, 21.3);
INSERT INTO SENSOR (SerialNumber, CityPlaced, SensorModel, MinimValue, MaximValue, Unit, SensorType) VALUES (223467, 'Διόνυσσος', 'HSDKS-2007', 0, 100, '%', 'Humidity');
INSERT INTO MEASUREMENT (DateTime, SensorID, MeasValue) VALUES (TO_DATE('10/05/18 14:36', 'DD/MM/YY HH24:MI'), 223467, 58);
INSERT INTO SENSOR (SerialNumber, CityPlaced, SensorModel, MinimValue, MaximValue, Unit, SensorType) VALUES (22695, 'Διόνυσσος', 'ORCP-967', 728.0, 1094.9, 'hPa', 'Pressure');
INSERT INTO MEASUREMENT (DateTime, SensorID, MeasValue) VALUES (TO_DATE('10/05/18 14:36', 'DD/MM/YY HH24:MI'), 22695, 1007.7);
INSERT INTO SENSOR (SerialNumber, CityPlaced, SensorModel, MinimValue, MaximValue, Unit, SensorType) VALUES (63090, 'Διόνυσσος', 'ZDYV-3170', 0.0, 20.9, 'km/h', 'Wind');
INSERT INTO MEASUREMENT (DateTime, SensorID, MeasValue) VALUES (TO_DATE('10/05/18 14:36', 'DD/MM/YY HH24:MI'), 63090, 4.3);
INSERT INTO SENSOR (SerialNumber, CityPlaced, SensorModel, MinimValue, MaximValue, Unit, SensorType) VALUES (578089, 'Δροσιά', 'GQYEJ-695', -52.0, 65.9, '°C', 'Temperature');
INSERT INTO MEASUREMENT (DateTime, SensorID, MeasValue) VALUES (TO_DATE('10/05/18 14:44', 'DD/MM/YY HH24:MI'), 578089, 23.1);
INSERT INTO SENSOR (SerialNumber, CityPlaced, SensorModel, MinimValue, MaximValue, Unit, SensorType) VALUES (197096, 'Δροσιά', 'FLGDB-6121', 0, 100, '%', 'Humidity');
INSERT INTO MEASUREMENT (DateTime, SensorID, MeasValue) VALUES (TO_DATE('10/05/18 14:44', 'DD/MM/YY HH24:MI'), 197096, 52);
INSERT INTO SENSOR (SerialNumber, CityPlaced, SensorModel, MinimValue, MaximValue, Unit, SensorType) VALUES (50741, 'Δροσιά', 'PHZY-977', 740.0, 1081.9, 'hPa', 'Pressure');
INSERT INTO MEASUREMENT (DateTime, SensorID, MeasValue) VALUES (TO_DATE('10/05/18 14:44', 'DD/MM/YY HH24:MI'), 50741, 1005.3);
INSERT INTO SENSOR (SerialNumber, CityPlaced, SensorModel, MinimValue, MaximValue, Unit, SensorType) VALUES (48469, 'Δροσιά', 'FXYR-0743', 0.0, 21.9, 'km/h', 'Wind');
INSERT INTO MEASUREMENT (DateTime, SensorID, MeasValue) VALUES (TO_DATE('10/05/18 14:44', 'DD/MM/YY HH24:MI'), 48469, 2.2);
INSERT INTO SENSOR (SerialNumber, CityPlaced, SensorModel, MinimValue, MaximValue, Unit, SensorType) VALUES (611152, 'Εκάλη', 'VWXZE-093', -50.0, 71.9, '°C', 'Temperature');
INSERT INTO MEASUREMENT (DateTime, SensorID, MeasValue) VALUES (TO_DATE('10/05/18 14:41', 'DD/MM/YY HH24:MI'), 611152, 22.3);
INSERT INTO SENSOR (SerialNumber, CityPlaced, SensorModel, MinimValue, MaximValue, Unit, SensorType) VALUES (238427, 'Εκάλη', 'ZURFF-2594', 0, 100, '%', 'Humidity');
INSERT INTO MEASUREMENT (DateTime, SensorID, MeasValue) VALUES (TO_DATE('10/05/18 14:41', 'DD/MM/YY HH24:MI'), 238427, 53);
INSERT INTO SENSOR (SerialNumber, CityPlaced, SensorModel, MinimValue, MaximValue, Unit, SensorType) VALUES (23052, 'Εκάλη', 'HXXZ-828', 737.0, 1069.9, 'hPa', 'Pressure');
INSERT INTO MEASUREMENT (DateTime, SensorID, MeasValue) VALUES (TO_DATE('10/05/18 14:41', 'DD/MM/YY HH24:MI'), 23052, 1006.3);
INSERT INTO SENSOR (SerialNumber, CityPlaced, SensorModel, MinimValue, MaximValue, Unit, SensorType) VALUES (52949, 'Εκάλη', 'ALJK-2157', 0.0, 23.9, 'km/h', 'Wind');
INSERT INTO MEASUREMENT (DateTime, SensorID, MeasValue) VALUES (TO_DATE('10/05/18 14:41', 'DD/MM/YY HH24:MI'), 52949, 4.0);
INSERT INTO SENSOR (SerialNumber, CityPlaced, SensorModel, MinimValue, MaximValue, Unit, SensorType) VALUES (363486, 'Ζωγράφου - Ε.Μ.Π. - Σχολή Τοπογράφων', 'IVCJQ-904', -58.0, 76.9, '°C', 'Temperature');
INSERT INTO MEASUREMENT (DateTime, SensorID, MeasValue) VALUES (TO_DATE('10/05/18 14:45', 'DD/MM/YY HH24:MI'), 363486, 24.6);
INSERT INTO SENSOR (SerialNumber, CityPlaced, SensorModel, MinimValue, MaximValue, Unit, SensorType) VALUES (496330, 'Ζωγράφου - Ε.Μ.Π. - Σχολή Τοπογράφων', 'VPLPH-4673', 0, 100, '%', 'Humidity');
INSERT INTO MEASUREMENT (DateTime, SensorID, MeasValue) VALUES (TO_DATE('10/05/18 14:45', 'DD/MM/YY HH24:MI'), 496330, 49);
INSERT INTO SENSOR (SerialNumber, CityPlaced, SensorModel, MinimValue, MaximValue, Unit, SensorType) VALUES (52006, 'Ζωγράφου - Ε.Μ.Π. - Σχολή Τοπογράφων', 'TLPG-761', 712.0, 1065.9, 'hPa', 'Pressure');
INSERT INTO MEASUREMENT (DateTime, SensorID, MeasValue) VALUES (TO_DATE('10/05/18 14:45', 'DD/MM/YY HH24:MI'), 52006, 1006.3);
INSERT INTO SENSOR (SerialNumber, CityPlaced, SensorModel, MinimValue, MaximValue, Unit, SensorType) VALUES (20041, 'Ζωγράφου - Ε.Μ.Π. - Σχολή Τοπογράφων', 'CPWC-7862', 0.0, 23.9, 'km/h', 'Wind');
INSERT INTO MEASUREMENT (DateTime, SensorID, MeasValue) VALUES (TO_DATE('10/05/18 14:45', 'DD/MM/YY HH24:MI'), 20041, 3.8);
INSERT INTO SENSOR (SerialNumber, CityPlaced, SensorModel, MinimValue, MaximValue, Unit, SensorType) VALUES (536709, 'Ηλιούπολη', 'FFAAS-650', -59.0, 64.9, '°C', 'Temperature');
INSERT INTO MEASUREMENT (DateTime, SensorID, MeasValue) VALUES (TO_DATE('10/05/18 14:48', 'DD/MM/YY HH24:MI'), 536709, 24.4);
INSERT INTO SENSOR (SerialNumber, CityPlaced, SensorModel, MinimValue, MaximValue, Unit, SensorType) VALUES (565667, 'Ηλιούπολη', 'EZXFZ-0228', 0, 100, '%', 'Humidity');
INSERT INTO MEASUREMENT (DateTime, SensorID, MeasValue) VALUES (TO_DATE('10/05/18 14:48', 'DD/MM/YY HH24:MI'), 565667, 49);
INSERT INTO SENSOR (SerialNumber, CityPlaced, SensorModel, MinimValue, MaximValue, Unit, SensorType) VALUES (60003, 'Ηλιούπολη', 'XURO-771', 746.0, 1093.9, 'hPa', 'Pressure');
INSERT INTO MEASUREMENT (DateTime, SensorID, MeasValue) VALUES (TO_DATE('10/05/18 14:48', 'DD/MM/YY HH24:MI'), 60003, 1006.9);
INSERT INTO SENSOR (SerialNumber, CityPlaced, SensorModel, MinimValue, MaximValue, Unit, SensorType) VALUES (40336, 'Ηλιούπολη', 'KCVJ-7092', 0.0, 24.9, 'km/h', 'Wind');
INSERT INTO MEASUREMENT (DateTime, SensorID, MeasValue) VALUES (TO_DATE('10/05/18 14:48', 'DD/MM/YY HH24:MI'), 40336, 0.5);
INSERT INTO SENSOR (SerialNumber, CityPlaced, SensorModel, MinimValue, MaximValue, Unit, SensorType) VALUES (534492, 'Καλαμάκι - AirMar', 'BMGIN-888', -58.0, 73.9, '°C', 'Temperature');
INSERT INTO MEASUREMENT (DateTime, SensorID, MeasValue) VALUES (TO_DATE('10/05/18 14:48', 'DD/MM/YY HH24:MI'), 534492, 23.2);
INSERT INTO SENSOR (SerialNumber, CityPlaced, SensorModel, MinimValue, MaximValue, Unit, SensorType) VALUES (549413, 'Καλαμάκι - AirMar', 'CDHOV-6717', 0, 100, '%', 'Humidity');
INSERT INTO MEASUREMENT (DateTime, SensorID, MeasValue) VALUES (TO_DATE('10/05/18 14:48', 'DD/MM/YY HH24:MI'), 549413, 48);
INSERT INTO SENSOR (SerialNumber, CityPlaced, SensorModel, MinimValue, MaximValue, Unit, SensorType) VALUES (63607, 'Καλαμάκι - AirMar', 'IGNJ-990', 702.0, 1063.9, 'hPa', 'Pressure');
INSERT INTO MEASUREMENT (DateTime, SensorID, MeasValue) VALUES (TO_DATE('10/05/18 14:48', 'DD/MM/YY HH24:MI'), 63607, 1005.7);
INSERT INTO SENSOR (SerialNumber, CityPlaced, SensorModel, MinimValue, MaximValue, Unit, SensorType) VALUES (67679, 'Καλαμάκι - AirMar', 'IBLO-1269', 0.0, 25.9, 'km/h', 'Wind');
INSERT INTO MEASUREMENT (DateTime, SensorID, MeasValue) VALUES (TO_DATE('10/05/18 14:48', 'DD/MM/YY HH24:MI'), 67679, 4.0);
INSERT INTO SENSOR (SerialNumber, CityPlaced, SensorModel, MinimValue, MaximValue, Unit, SensorType) VALUES (268623, 'Καλύβια Θορικού', 'AFRGP-963', -51.0, 66.9, '°C', 'Temperature');
INSERT INTO MEASUREMENT (DateTime, SensorID, MeasValue) VALUES (TO_DATE('10/05/18 14:46', 'DD/MM/YY HH24:MI'), 268623, 23.9);
INSERT INTO SENSOR (SerialNumber, CityPlaced, SensorModel, MinimValue, MaximValue, Unit, SensorType) VALUES (337964, 'Καλύβια Θορικού', 'NLSGP-9376', 0, 100, '%', 'Humidity');
INSERT INTO MEASUREMENT (DateTime, SensorID, MeasValue) VALUES (TO_DATE('10/05/18 14:46', 'DD/MM/YY HH24:MI'), 337964, 54);
INSERT INTO SENSOR (SerialNumber, CityPlaced, SensorModel, MinimValue, MaximValue, Unit, SensorType) VALUES (98457, 'Καλύβια Θορικού', 'AHPC-739', 750.0, 1051.9, 'hPa', 'Pressure');
INSERT INTO MEASUREMENT (DateTime, SensorID, MeasValue) VALUES (TO_DATE('10/05/18 14:46', 'DD/MM/YY HH24:MI'), 98457, 1007.1);
INSERT INTO SENSOR (SerialNumber, CityPlaced, SensorModel, MinimValue, MaximValue, Unit, SensorType) VALUES (27442, 'Καλύβια Θορικού', 'WQYZ-4522', 0.0, 24.9, 'km/h', 'Wind');
INSERT INTO MEASUREMENT (DateTime, SensorID, MeasValue) VALUES (TO_DATE('10/05/18 14:46', 'DD/MM/YY HH24:MI'), 27442, 4.8);
INSERT INTO SENSOR (SerialNumber, CityPlaced, SensorModel, MinimValue, MaximValue, Unit, SensorType) VALUES (346664, 'Κηφισιά', 'MBXND-076', -53.0, 76.9, '°C', 'Temperature');
INSERT INTO MEASUREMENT (DateTime, SensorID, MeasValue) VALUES (TO_DATE('10/05/18 14:44', 'DD/MM/YY HH24:MI'), 346664, 23.8);
INSERT INTO SENSOR (SerialNumber, CityPlaced, SensorModel, MinimValue, MaximValue, Unit, SensorType) VALUES (494869, 'Κηφισιά', 'QSJYR-0137', 0, 100, '%', 'Humidity');
INSERT INTO MEASUREMENT (DateTime, SensorID, MeasValue) VALUES (TO_DATE('10/05/18 14:44', 'DD/MM/YY HH24:MI'), 494869, 49);
INSERT INTO SENSOR (SerialNumber, CityPlaced, SensorModel, MinimValue, MaximValue, Unit, SensorType) VALUES (20219, 'Κηφισιά', 'ODJM-290', 746.0, 1065.9, 'hPa', 'Pressure');
INSERT INTO MEASUREMENT (DateTime, SensorID, MeasValue) VALUES (TO_DATE('10/05/18 14:44', 'DD/MM/YY HH24:MI'), 20219, 1006.5);
INSERT INTO SENSOR (SerialNumber, CityPlaced, SensorModel, MinimValue, MaximValue, Unit, SensorType) VALUES (43263, 'Κηφισιά', 'ODLM-1074', 0.0, 22.9, 'km/h', 'Wind');
INSERT INTO MEASUREMENT (DateTime, SensorID, MeasValue) VALUES (TO_DATE('10/05/18 14:44', 'DD/MM/YY HH24:MI'), 43263, 2.7);
INSERT INTO SENSOR (SerialNumber, CityPlaced, SensorModel, MinimValue, MaximValue, Unit, SensorType) VALUES (128727, 'Κορυδαλλός', 'RJORZ-006', -60.0, 78.9, '°C', 'Temperature');
INSERT INTO MEASUREMENT (DateTime, SensorID, MeasValue) VALUES (TO_DATE('10/05/18 14:48', 'DD/MM/YY HH24:MI'), 128727, 23.9);
INSERT INTO SENSOR (SerialNumber, CityPlaced, SensorModel, MinimValue, MaximValue, Unit, SensorType) VALUES (426853, 'Κορυδαλλός', 'NRZUM-8795', 0, 100, '%', 'Humidity');
INSERT INTO MEASUREMENT (DateTime, SensorID, MeasValue) VALUES (TO_DATE('10/05/18 14:48', 'DD/MM/YY HH24:MI'), 426853, 50);
INSERT INTO SENSOR (SerialNumber, CityPlaced, SensorModel, MinimValue, MaximValue, Unit, SensorType) VALUES (22915, 'Κορυδαλλός', 'WBZW-214', 740.0, 1077.9, 'hPa', 'Pressure');
INSERT INTO MEASUREMENT (DateTime, SensorID, MeasValue) VALUES (TO_DATE('10/05/18 14:48', 'DD/MM/YY HH24:MI'), 22915, 1007.1);
INSERT INTO SENSOR (SerialNumber, CityPlaced, SensorModel, MinimValue, MaximValue, Unit, SensorType) VALUES (57458, 'Κορυδαλλός', 'NWZF-1294', 0.0, 20.9, 'km/h', 'Wind');
INSERT INTO MEASUREMENT (DateTime, SensorID, MeasValue) VALUES (TO_DATE('10/05/18 14:48', 'DD/MM/YY HH24:MI'), 57458, 9.7);
INSERT INTO SENSOR (SerialNumber, CityPlaced, SensorModel, MinimValue, MaximValue, Unit, SensorType) VALUES (755148, 'Λαύριο 2', 'ABMLI-041', -58.0, 70.9, '°C', 'Temperature');
INSERT INTO MEASUREMENT (DateTime, SensorID, MeasValue) VALUES (TO_DATE('10/05/18 14:45', 'DD/MM/YY HH24:MI'), 755148, 23.2);
INSERT INTO SENSOR (SerialNumber, CityPlaced, SensorModel, MinimValue, MaximValue, Unit, SensorType) VALUES (593461, 'Λαύριο 2', 'CTHRR-3552', 0, 100, '%', 'Humidity');
INSERT INTO MEASUREMENT (DateTime, SensorID, MeasValue) VALUES (TO_DATE('10/05/18 14:45', 'DD/MM/YY HH24:MI'), 593461, 63);
INSERT INTO SENSOR (SerialNumber, CityPlaced, SensorModel, MinimValue, MaximValue, Unit, SensorType) VALUES (90695, 'Λαύριο 2', 'IYHC-856', 718.0, 1070.9, 'hPa', 'Pressure');
INSERT INTO MEASUREMENT (DateTime, SensorID, MeasValue) VALUES (TO_DATE('10/05/18 14:45', 'DD/MM/YY HH24:MI'), 90695, 1005.7);
INSERT INTO SENSOR (SerialNumber, CityPlaced, SensorModel, MinimValue, MaximValue, Unit, SensorType) VALUES (77222, 'Λαύριο 2', 'HIRL-0657', 0.0, 25.9, 'km/h', 'Wind');
INSERT INTO MEASUREMENT (DateTime, SensorID, MeasValue) VALUES (TO_DATE('10/05/18 14:45', 'DD/MM/YY HH24:MI'), 77222, 9.7);
INSERT INTO SENSOR (SerialNumber, CityPlaced, SensorModel, MinimValue, MaximValue, Unit, SensorType) VALUES (430096, 'Λαύριο', 'PHOMM-365', -55.0, 68.9, '°C', 'Temperature');
INSERT INTO MEASUREMENT (DateTime, SensorID, MeasValue) VALUES (TO_DATE('10/05/18 14:38', 'DD/MM/YY HH24:MI'), 430096, 23.1);
INSERT INTO SENSOR (SerialNumber, CityPlaced, SensorModel, MinimValue, MaximValue, Unit, SensorType) VALUES (398986, 'Λαύριο', 'VTGHD-9883', 0, 100, '%', 'Humidity');
INSERT INTO MEASUREMENT (DateTime, SensorID, MeasValue) VALUES (TO_DATE('10/05/18 14:38', 'DD/MM/YY HH24:MI'), 398986, 65);
INSERT INTO SENSOR (SerialNumber, CityPlaced, SensorModel, MinimValue, MaximValue, Unit, SensorType) VALUES (97345, 'Λαύριο', 'ZSXI-712', 734.0, 1077.9, 'hPa', 'Pressure');
INSERT INTO MEASUREMENT (DateTime, SensorID, MeasValue) VALUES (TO_DATE('10/05/18 14:38', 'DD/MM/YY HH24:MI'), 97345, 1003.9);
INSERT INTO SENSOR (SerialNumber, CityPlaced, SensorModel, MinimValue, MaximValue, Unit, SensorType) VALUES (60745, 'Λαύριο', 'KMYN-0770', 0.0, 21.9, 'km/h', 'Wind');
INSERT INTO MEASUREMENT (DateTime, SensorID, MeasValue) VALUES (TO_DATE('10/05/18 14:38', 'DD/MM/YY HH24:MI'), 60745, 18.8);
INSERT INTO SENSOR (SerialNumber, CityPlaced, SensorModel, MinimValue, MaximValue, Unit, SensorType) VALUES (284674, 'Λυκόβρυση', 'QEXZP-603', -54.0, 63.9, '°C', 'Temperature');
INSERT INTO MEASUREMENT (DateTime, SensorID, MeasValue) VALUES (TO_DATE('10/05/18 14:45', 'DD/MM/YY HH24:MI'), 284674, 22.9);
INSERT INTO SENSOR (SerialNumber, CityPlaced, SensorModel, MinimValue, MaximValue, Unit, SensorType) VALUES (114506, 'Λυκόβρυση', 'GJWDH-3434', 0, 100, '%', 'Humidity');
INSERT INTO MEASUREMENT (DateTime, SensorID, MeasValue) VALUES (TO_DATE('10/05/18 14:45', 'DD/MM/YY HH24:MI'), 114506, 56);
INSERT INTO SENSOR (SerialNumber, CityPlaced, SensorModel, MinimValue, MaximValue, Unit, SensorType) VALUES (59691, 'Λυκόβρυση', 'YFCP-116', 719.0, 1093.9, 'hPa', 'Pressure');
INSERT INTO MEASUREMENT (DateTime, SensorID, MeasValue) VALUES (TO_DATE('10/05/18 14:45', 'DD/MM/YY HH24:MI'), 59691, 1006.5);
INSERT INTO MEASUREMENT (DateTime, SensorID, MeasValue) VALUES (TO_DATE('10/05/18 14:45', 'DD/MM/YY HH24:MI'), 73474, 7.7);
INSERT INTO SENSOR (SerialNumber, CityPlaced, SensorModel, MinimValue, MaximValue, Unit, SensorType) VALUES (660954, 'Μαραθώνας Παραλία', 'SSIRY-039', -59.0, 63.9, '°C', 'Temperature');
INSERT INTO MEASUREMENT (DateTime, SensorID, MeasValue) VALUES (TO_DATE('10/05/18 14:48', 'DD/MM/YY HH24:MI'), 660954, 23.9);
INSERT INTO SENSOR (SerialNumber, CityPlaced, SensorModel, MinimValue, MaximValue, Unit, SensorType) VALUES (648502, 'Μαραθώνας Παραλία', 'GYBHO-2265', 0, 100, '%', 'Humidity');
INSERT INTO MEASUREMENT (DateTime, SensorID, MeasValue) VALUES (TO_DATE('10/05/18 14:48', 'DD/MM/YY HH24:MI'), 648502, 74);
INSERT INTO SENSOR (SerialNumber, CityPlaced, SensorModel, MinimValue, MaximValue, Unit, SensorType) VALUES (89325, 'Μαραθώνας Παραλία', 'MGOA-359', 745.0, 1093.9, 'hPa', 'Pressure');
INSERT INTO MEASUREMENT (DateTime, SensorID, MeasValue) VALUES (TO_DATE('10/05/18 14:48', 'DD/MM/YY HH24:MI'), 89325, 1006.8);
INSERT INTO SENSOR (SerialNumber, CityPlaced, SensorModel, MinimValue, MaximValue, Unit, SensorType) VALUES (48301, 'Μαραθώνας Παραλία', 'XENL-2250', 0.0, 25.9, 'km/h', 'Wind');
INSERT INTO MEASUREMENT (DateTime, SensorID, MeasValue) VALUES (TO_DATE('10/05/18 14:48', 'DD/MM/YY HH24:MI'), 48301, 4.4);
INSERT INTO SENSOR (SerialNumber, CityPlaced, SensorModel, MinimValue, MaximValue, Unit, SensorType) VALUES (360447, 'Μαρούσι Κοκκινιά', 'DIJXU-212', -59.0, 77.9, '°C', 'Temperature');
INSERT INTO MEASUREMENT (DateTime, SensorID, MeasValue) VALUES (TO_DATE('10/05/18 14:45', 'DD/MM/YY HH24:MI'), 360447, 23.6);
INSERT INTO SENSOR (SerialNumber, CityPlaced, SensorModel, MinimValue, MaximValue, Unit, SensorType) VALUES (854658, 'Μαρούσι Κοκκινιά', 'UFPAH-7238', 0, 100, '%', 'Humidity');
INSERT INTO MEASUREMENT (DateTime, SensorID, MeasValue) VALUES (TO_DATE('10/05/18 14:45', 'DD/MM/YY HH24:MI'), 854658, 47);
INSERT INTO SENSOR (SerialNumber, CityPlaced, SensorModel, MinimValue, MaximValue, Unit, SensorType) VALUES (25780, 'Μαρούσι Κοκκινιά', 'JZAQ-427', 742.0, 1094.9, 'hPa', 'Pressure');
INSERT INTO MEASUREMENT (DateTime, SensorID, MeasValue) VALUES (TO_DATE('10/05/18 14:45', 'DD/MM/YY HH24:MI'), 25780, 1007.4);
INSERT INTO SENSOR (SerialNumber, CityPlaced, SensorModel, MinimValue, MaximValue, Unit, SensorType) VALUES (19527, 'Μαρούσι Κοκκινιά', 'WMAI-2802', 0.0, 20.9, 'km/h', 'Wind');
INSERT INTO MEASUREMENT (DateTime, SensorID, MeasValue) VALUES (TO_DATE('10/05/18 14:45', 'DD/MM/YY HH24:MI'), 19527, 3.7);
INSERT INTO SENSOR (SerialNumber, CityPlaced, SensorModel, MinimValue, MaximValue, Unit, SensorType) VALUES (198133, 'Μενίδι', 'ILDUQ-301', -59.0, 61.9, '°C', 'Temperature');
INSERT INTO MEASUREMENT (DateTime, SensorID, MeasValue) VALUES (TO_DATE('10/05/18 14:44', 'DD/MM/YY HH24:MI'), 198133, 26.2);
INSERT INTO SENSOR (SerialNumber, CityPlaced, SensorModel, MinimValue, MaximValue, Unit, SensorType) VALUES (768874, 'Μενίδι', 'KARRE-9297', 0, 100, '%', 'Humidity');
INSERT INTO MEASUREMENT (DateTime, SensorID, MeasValue) VALUES (TO_DATE('10/05/18 14:44', 'DD/MM/YY HH24:MI'), 768874, 45);
INSERT INTO SENSOR (SerialNumber, CityPlaced, SensorModel, MinimValue, MaximValue, Unit, SensorType) VALUES (84072, 'Μενίδι', 'AVKD-945', 726.0, 1099.9, 'hPa', 'Pressure');
INSERT INTO MEASUREMENT (DateTime, SensorID, MeasValue) VALUES (TO_DATE('10/05/18 14:44', 'DD/MM/YY HH24:MI'), 84072, 1004.8);
INSERT INTO MEASUREMENT (DateTime, SensorID, MeasValue) VALUES (TO_DATE('10/05/18 14:44', 'DD/MM/YY HH24:MI'), 76945, 3.2);
INSERT INTO SENSOR (SerialNumber, CityPlaced, SensorModel, MinimValue, MaximValue, Unit, SensorType) VALUES (545514, 'Νέα Κηφισιά', 'FZOBJ-796', -59.0, 78.9, '°C', 'Temperature');
INSERT INTO MEASUREMENT (DateTime, SensorID, MeasValue) VALUES (TO_DATE('10/05/18 14:47', 'DD/MM/YY HH24:MI'), 545514, 24.2);
INSERT INTO SENSOR (SerialNumber, CityPlaced, SensorModel, MinimValue, MaximValue, Unit, SensorType) VALUES (743120, 'Νέα Κηφισιά', 'UQMTM-2650', 0, 100, '%', 'Humidity');
INSERT INTO MEASUREMENT (DateTime, SensorID, MeasValue) VALUES (TO_DATE('10/05/18 14:47', 'DD/MM/YY HH24:MI'), 743120, 50);
INSERT INTO SENSOR (SerialNumber, CityPlaced, SensorModel, MinimValue, MaximValue, Unit, SensorType) VALUES (44346, 'Νέα Κηφισιά', 'UUCN-854', 720.0, 1064.9, 'hPa', 'Pressure');
INSERT INTO MEASUREMENT (DateTime, SensorID, MeasValue) VALUES (TO_DATE('10/05/18 14:47', 'DD/MM/YY HH24:MI'), 44346, 1004.8);
INSERT INTO SENSOR (SerialNumber, CityPlaced, SensorModel, MinimValue, MaximValue, Unit, SensorType) VALUES (29658, 'Νέα Κηφισιά', 'AEEI-0766', 0.0, 20.9, 'km/h', 'Wind');
INSERT INTO MEASUREMENT (DateTime, SensorID, MeasValue) VALUES (TO_DATE('10/05/18 14:47', 'DD/MM/YY HH24:MI'), 29658, 8.8);
INSERT INTO SENSOR (SerialNumber, CityPlaced, SensorModel, MinimValue, MaximValue, Unit, SensorType) VALUES (557407, 'Νέο Φάληρο 2', 'IDVOM-692', -50.0, 77.9, '°C', 'Temperature');
INSERT INTO MEASUREMENT (DateTime, SensorID, MeasValue) VALUES (TO_DATE('10/05/18 14:45', 'DD/MM/YY HH24:MI'), 557407, 26.5);
INSERT INTO SENSOR (SerialNumber, CityPlaced, SensorModel, MinimValue, MaximValue, Unit, SensorType) VALUES (575837, 'Νέο Φάληρο 2', 'TWGSF-7107', 0, 100, '%', 'Humidity');
INSERT INTO MEASUREMENT (DateTime, SensorID, MeasValue) VALUES (TO_DATE('10/05/18 14:45', 'DD/MM/YY HH24:MI'), 575837, 49);
INSERT INTO SENSOR (SerialNumber, CityPlaced, SensorModel, MinimValue, MaximValue, Unit, SensorType) VALUES (17561, 'Νέο Φάληρο 2', 'FVED-575', 730.0, 1077.9, 'hPa', 'Pressure');
INSERT INTO MEASUREMENT (DateTime, SensorID, MeasValue) VALUES (TO_DATE('10/05/18 14:45', 'DD/MM/YY HH24:MI'), 17561, 1003.0);
INSERT INTO SENSOR (SerialNumber, CityPlaced, SensorModel, MinimValue, MaximValue, Unit, SensorType) VALUES (30924, 'Νέο Φάληρο 2', 'SEPE-7063', 0.0, 21.9, 'km/h', 'Wind');
INSERT INTO MEASUREMENT (DateTime, SensorID, MeasValue) VALUES (TO_DATE('10/05/18 14:45', 'DD/MM/YY HH24:MI'), 30924, 10.8);
INSERT INTO SENSOR (SerialNumber, CityPlaced, SensorModel, MinimValue, MaximValue, Unit, SensorType) VALUES (296247, 'Νίκαια Περιβολάκι', 'OXWAG-304', -58.0, 60.9, '°C', 'Temperature');
INSERT INTO MEASUREMENT (DateTime, SensorID, MeasValue) VALUES (TO_DATE('10/05/18 14:47', 'DD/MM/YY HH24:MI'), 296247, 25.6);
INSERT INTO SENSOR (SerialNumber, CityPlaced, SensorModel, MinimValue, MaximValue, Unit, SensorType) VALUES (288034, 'Νίκαια Περιβολάκι', 'YPPNV-6389', 0, 100, '%', 'Humidity');
INSERT INTO MEASUREMENT (DateTime, SensorID, MeasValue) VALUES (TO_DATE('10/05/18 14:47', 'DD/MM/YY HH24:MI'), 288034, 65);
INSERT INTO SENSOR (SerialNumber, CityPlaced, SensorModel, MinimValue, MaximValue, Unit, SensorType) VALUES (55512, 'Νίκαια Περιβολάκι', 'RKVU-256', 726.0, 1056.9, 'hPa', 'Pressure');
INSERT INTO MEASUREMENT (DateTime, SensorID, MeasValue) VALUES (TO_DATE('10/05/18 14:47', 'DD/MM/YY HH24:MI'), 55512, 1004.5);
INSERT INTO SENSOR (SerialNumber, CityPlaced, SensorModel, MinimValue, MaximValue, Unit, SensorType) VALUES (35827, 'Νίκαια Περιβολάκι', 'DHTN-4043', 0.0, 20.9, 'km/h', 'Wind');
INSERT INTO MEASUREMENT (DateTime, SensorID, MeasValue) VALUES (TO_DATE('10/05/18 14:47', 'DD/MM/YY HH24:MI'), 35827, 12.0);
INSERT INTO SENSOR (SerialNumber, CityPlaced, SensorModel, MinimValue, MaximValue, Unit, SensorType) VALUES (513913, 'Παλαιό Φάληρο 2', 'GBVMY-185', -53.0, 62.9, '°C', 'Temperature');
INSERT INTO MEASUREMENT (DateTime, SensorID, MeasValue) VALUES (TO_DATE('10/05/18 14:45', 'DD/MM/YY HH24:MI'), 513913, 24.9);
INSERT INTO SENSOR (SerialNumber, CityPlaced, SensorModel, MinimValue, MaximValue, Unit, SensorType) VALUES (907910, 'Παλαιό Φάληρο 2', 'JCYAC-8815', 0, 100, '%', 'Humidity');
INSERT INTO MEASUREMENT (DateTime, SensorID, MeasValue) VALUES (TO_DATE('10/05/18 14:45', 'DD/MM/YY HH24:MI'), 907910, 50);
INSERT INTO SENSOR (SerialNumber, CityPlaced, SensorModel, MinimValue, MaximValue, Unit, SensorType) VALUES (77712, 'Παλαιό Φάληρο 2', 'YBKB-915', 741.0, 1081.9, 'hPa', 'Pressure');
INSERT INTO MEASUREMENT (DateTime, SensorID, MeasValue) VALUES (TO_DATE('10/05/18 14:45', 'DD/MM/YY HH24:MI'), 77712, 1004.7);
INSERT INTO SENSOR (SerialNumber, CityPlaced, SensorModel, MinimValue, MaximValue, Unit, SensorType) VALUES (69231, 'Παλαιό Φάληρο 2', 'YZNI-4026', 0.0, 25.9, 'km/h', 'Wind');
INSERT INTO MEASUREMENT (DateTime, SensorID, MeasValue) VALUES (TO_DATE('10/05/18 14:45', 'DD/MM/YY HH24:MI'), 69231, 2.4);
INSERT INTO SENSOR (SerialNumber, CityPlaced, SensorModel, MinimValue, MaximValue, Unit, SensorType) VALUES (233833, 'Παλλήνη Κάντζα', 'UEIOR-643', -59.0, 63.9, '°C', 'Temperature');
INSERT INTO MEASUREMENT (DateTime, SensorID, MeasValue) VALUES (TO_DATE('10/05/18 14:40', 'DD/MM/YY HH24:MI'), 233833, 24.1);
INSERT INTO SENSOR (SerialNumber, CityPlaced, SensorModel, MinimValue, MaximValue, Unit, SensorType) VALUES (690267, 'Παλλήνη Κάντζα', 'CIVQP-4233', 0, 100, '%', 'Humidity');
INSERT INTO MEASUREMENT (DateTime, SensorID, MeasValue) VALUES (TO_DATE('10/05/18 14:40', 'DD/MM/YY HH24:MI'), 690267, 50);
INSERT INTO SENSOR (SerialNumber, CityPlaced, SensorModel, MinimValue, MaximValue, Unit, SensorType) VALUES (40225, 'Παλλήνη Κάντζα', 'OYRU-707', 701.0, 1066.9, 'hPa', 'Pressure');
INSERT INTO MEASUREMENT (DateTime, SensorID, MeasValue) VALUES (TO_DATE('10/05/18 14:40', 'DD/MM/YY HH24:MI'), 40225, 1005.1);
INSERT INTO SENSOR (SerialNumber, CityPlaced, SensorModel, MinimValue, MaximValue, Unit, SensorType) VALUES (59090, 'Παλλήνη Κάντζα', 'NGNX-5895', 0.0, 25.9, 'km/h', 'Wind');
INSERT INTO MEASUREMENT (DateTime, SensorID, MeasValue) VALUES (TO_DATE('10/05/18 14:40', 'DD/MM/YY HH24:MI'), 59090, 3.9);
INSERT INTO SENSOR (SerialNumber, CityPlaced, SensorModel, MinimValue, MaximValue, Unit, SensorType) VALUES (623211, 'Πειραιάς Λόφος Βώκου', 'WVSHV-987', -51.0, 76.9, '°C', 'Temperature');
INSERT INTO MEASUREMENT (DateTime, SensorID, MeasValue) VALUES (TO_DATE('10/05/18 14:43', 'DD/MM/YY HH24:MI'), 623211, 24.8);
INSERT INTO SENSOR (SerialNumber, CityPlaced, SensorModel, MinimValue, MaximValue, Unit, SensorType) VALUES (576796, 'Πειραιάς Λόφος Βώκου', 'LKAUU-0396', 0, 100, '%', 'Humidity');
INSERT INTO MEASUREMENT (DateTime, SensorID, MeasValue) VALUES (TO_DATE('10/05/18 14:43', 'DD/MM/YY HH24:MI'), 576796, 48);
INSERT INTO SENSOR (SerialNumber, CityPlaced, SensorModel, MinimValue, MaximValue, Unit, SensorType) VALUES (85646, 'Πειραιάς Λόφος Βώκου', 'HPDA-752', 726.0, 1096.9, 'hPa', 'Pressure');
INSERT INTO MEASUREMENT (DateTime, SensorID, MeasValue) VALUES (TO_DATE('10/05/18 14:43', 'DD/MM/YY HH24:MI'), 85646, 1006.7);
INSERT INTO SENSOR (SerialNumber, CityPlaced, SensorModel, MinimValue, MaximValue, Unit, SensorType) VALUES (27693, 'Πειραιάς Λόφος Βώκου', 'YXPX-5579', 0.0, 21.9, 'km/h', 'Wind');
INSERT INTO MEASUREMENT (DateTime, SensorID, MeasValue) VALUES (TO_DATE('10/05/18 14:43', 'DD/MM/YY HH24:MI'), 27693, 3.7);
INSERT INTO SENSOR (SerialNumber, CityPlaced, SensorModel, MinimValue, MaximValue, Unit, SensorType) VALUES (247735, 'Πειραιάς', 'SMTUE-424', -54.0, 75.9, '°C', 'Temperature');
INSERT INTO MEASUREMENT (DateTime, SensorID, MeasValue) VALUES (TO_DATE('10/05/18 14:48', 'DD/MM/YY HH24:MI'), 247735, 24.0);
INSERT INTO SENSOR (SerialNumber, CityPlaced, SensorModel, MinimValue, MaximValue, Unit, SensorType) VALUES (315358, 'Πειραιάς', 'POUQG-8084', 0, 100, '%', 'Humidity');
INSERT INTO MEASUREMENT (DateTime, SensorID, MeasValue) VALUES (TO_DATE('10/05/18 14:48', 'DD/MM/YY HH24:MI'), 315358, 58);
INSERT INTO SENSOR (SerialNumber, CityPlaced, SensorModel, MinimValue, MaximValue, Unit, SensorType) VALUES (83449, 'Πειραιάς', 'HLIK-016', 701.0, 1072.9, 'hPa', 'Pressure');
INSERT INTO MEASUREMENT (DateTime, SensorID, MeasValue) VALUES (TO_DATE('10/05/18 14:48', 'DD/MM/YY HH24:MI'), 83449, 1005.8);
INSERT INTO SENSOR (SerialNumber, CityPlaced, SensorModel, MinimValue, MaximValue, Unit, SensorType) VALUES (25527, 'Πειραιάς', 'BXCD-8727', 0.0, 23.9, 'km/h', 'Wind');
INSERT INTO MEASUREMENT (DateTime, SensorID, MeasValue) VALUES (TO_DATE('10/05/18 14:48', 'DD/MM/YY HH24:MI'), 25527, 5.9);
INSERT INTO SENSOR (SerialNumber, CityPlaced, SensorModel, MinimValue, MaximValue, Unit, SensorType) VALUES (971779, 'Περαμα', 'OPGRB-157', -50.0, 73.9, '°C', 'Temperature');
INSERT INTO MEASUREMENT (DateTime, SensorID, MeasValue) VALUES (TO_DATE('10/05/18 14:45', 'DD/MM/YY HH24:MI'), 971779, 25.3);
INSERT INTO SENSOR (SerialNumber, CityPlaced, SensorModel, MinimValue, MaximValue, Unit, SensorType) VALUES (374078, 'Περαμα', 'OSYBS-6108', 0, 100, '%', 'Humidity');
INSERT INTO MEASUREMENT (DateTime, SensorID, MeasValue) VALUES (TO_DATE('10/05/18 14:45', 'DD/MM/YY HH24:MI'), 374078, 40);
INSERT INTO SENSOR (SerialNumber, CityPlaced, SensorModel, MinimValue, MaximValue, Unit, SensorType) VALUES (67381, 'Περαμα', 'JXWW-477', 731.0, 1093.9, 'hPa', 'Pressure');
INSERT INTO MEASUREMENT (DateTime, SensorID, MeasValue) VALUES (TO_DATE('10/05/18 14:45', 'DD/MM/YY HH24:MI'), 67381, 1006.6);
INSERT INTO SENSOR (SerialNumber, CityPlaced, SensorModel, MinimValue, MaximValue, Unit, SensorType) VALUES (13489, 'Περαμα', 'XYIQ-5638', 0.0, 20.9, 'km/h', 'Wind');
INSERT INTO MEASUREMENT (DateTime, SensorID, MeasValue) VALUES (TO_DATE('10/05/18 14:45', 'DD/MM/YY HH24:MI'), 13489, 12.7);
INSERT INTO SENSOR (SerialNumber, CityPlaced, SensorModel, MinimValue, MaximValue, Unit, SensorType) VALUES (538801, 'Πόρτο Ράφτη Λιμικό', 'FPAWX-110', -55.0, 73.9, '°C', 'Temperature');
INSERT INTO MEASUREMENT (DateTime, SensorID, MeasValue) VALUES (TO_DATE('10/05/18 14:47', 'DD/MM/YY HH24:MI'), 538801, 24.9);
INSERT INTO SENSOR (SerialNumber, CityPlaced, SensorModel, MinimValue, MaximValue, Unit, SensorType) VALUES (172936, 'Πόρτο Ράφτη Λιμικό', 'JROSL-6358', 0, 100, '%', 'Humidity');
INSERT INTO MEASUREMENT (DateTime, SensorID, MeasValue) VALUES (TO_DATE('10/05/18 14:47', 'DD/MM/YY HH24:MI'), 172936, 46);
INSERT INTO SENSOR (SerialNumber, CityPlaced, SensorModel, MinimValue, MaximValue, Unit, SensorType) VALUES (52180, 'Πόρτο Ράφτη Λιμικό', 'MNCR-798', 722.0, 1053.9, 'hPa', 'Pressure');
INSERT INTO MEASUREMENT (DateTime, SensorID, MeasValue) VALUES (TO_DATE('10/05/18 14:47', 'DD/MM/YY HH24:MI'), 52180, 1002.8);
INSERT INTO SENSOR (SerialNumber, CityPlaced, SensorModel, MinimValue, MaximValue, Unit, SensorType) VALUES (52387, 'Πόρτο Ράφτη Λιμικό', 'FYPE-1587', 0.0, 21.9, 'km/h', 'Wind');
INSERT INTO MEASUREMENT (DateTime, SensorID, MeasValue) VALUES (TO_DATE('10/05/18 14:47', 'DD/MM/YY HH24:MI'), 52387, 14.0);
INSERT INTO SENSOR (SerialNumber, CityPlaced, SensorModel, MinimValue, MaximValue, Unit, SensorType) VALUES (800237, 'Ρέα', 'RFCMA-447', -58.0, 63.9, '°C', 'Temperature');
INSERT INTO MEASUREMENT (DateTime, SensorID, MeasValue) VALUES (TO_DATE('10/05/18 14:45', 'DD/MM/YY HH24:MI'), 800237, 22.3);
INSERT INTO SENSOR (SerialNumber, CityPlaced, SensorModel, MinimValue, MaximValue, Unit, SensorType) VALUES (493181, 'Ρέα', 'UERFX-1648', 0, 100, '%', 'Humidity');
INSERT INTO MEASUREMENT (DateTime, SensorID, MeasValue) VALUES (TO_DATE('10/05/18 14:45', 'DD/MM/YY HH24:MI'), 493181, 58);
INSERT INTO SENSOR (SerialNumber, CityPlaced, SensorModel, MinimValue, MaximValue, Unit, SensorType) VALUES (17939, 'Ρέα', 'VJOZ-646', 702.0, 1071.9, 'hPa', 'Pressure');
INSERT INTO MEASUREMENT (DateTime, SensorID, MeasValue) VALUES (TO_DATE('10/05/18 14:45', 'DD/MM/YY HH24:MI'), 17939, 1004.4);
INSERT INTO SENSOR (SerialNumber, CityPlaced, SensorModel, MinimValue, MaximValue, Unit, SensorType) VALUES (87229, 'Ρέα', 'JRXW-5742', 0.0, 21.9, 'km/h', 'Wind');
INSERT INTO MEASUREMENT (DateTime, SensorID, MeasValue) VALUES (TO_DATE('10/05/18 14:45', 'DD/MM/YY HH24:MI'), 87229, 0.3);
INSERT INTO SENSOR (SerialNumber, CityPlaced, SensorModel, MinimValue, MaximValue, Unit, SensorType) VALUES (567784, 'Σαλαμίνα', 'AYION-075', -53.0, 75.9, '°C', 'Temperature');
INSERT INTO MEASUREMENT (DateTime, SensorID, MeasValue) VALUES (TO_DATE('10/05/18 14:39', 'DD/MM/YY HH24:MI'), 567784, 24.9);
INSERT INTO SENSOR (SerialNumber, CityPlaced, SensorModel, MinimValue, MaximValue, Unit, SensorType) VALUES (700908, 'Σαλαμίνα', 'AHBEA-9495', 0, 100, '%', 'Humidity');
INSERT INTO MEASUREMENT (DateTime, SensorID, MeasValue) VALUES (TO_DATE('10/05/18 14:39', 'DD/MM/YY HH24:MI'), 700908, 53);
INSERT INTO SENSOR (SerialNumber, CityPlaced, SensorModel, MinimValue, MaximValue, Unit, SensorType) VALUES (88470, 'Σαλαμίνα', 'RTIG-735', 724.0, 1067.9, 'hPa', 'Pressure');
INSERT INTO MEASUREMENT (DateTime, SensorID, MeasValue) VALUES (TO_DATE('10/05/18 14:39', 'DD/MM/YY HH24:MI'), 88470, 1004.9);
INSERT INTO SENSOR (SerialNumber, CityPlaced, SensorModel, MinimValue, MaximValue, Unit, SensorType) VALUES (56743, 'Σαλαμίνα', 'AGFG-8036', 0.0, 21.9, 'km/h', 'Wind');
INSERT INTO MEASUREMENT (DateTime, SensorID, MeasValue) VALUES (TO_DATE('10/05/18 14:39', 'DD/MM/YY HH24:MI'), 56743, 5.1);
INSERT INTO SENSOR (SerialNumber, CityPlaced, SensorModel, MinimValue, MaximValue, Unit, SensorType) VALUES (293700, 'Σχινιάς', 'PUFPL-415', -52.0, 72.9, '°C', 'Temperature');
INSERT INTO MEASUREMENT (DateTime, SensorID, MeasValue) VALUES (TO_DATE('10/05/18 14:40', 'DD/MM/YY HH24:MI'), 293700, 20.5);
INSERT INTO SENSOR (SerialNumber, CityPlaced, SensorModel, MinimValue, MaximValue, Unit, SensorType) VALUES (879497, 'Σχινιάς', 'NTOYX-3698', 0, 100, '%', 'Humidity');
INSERT INTO MEASUREMENT (DateTime, SensorID, MeasValue) VALUES (TO_DATE('10/05/18 14:40', 'DD/MM/YY HH24:MI'), 879497, 0);
INSERT INTO SENSOR (SerialNumber, CityPlaced, SensorModel, MinimValue, MaximValue, Unit, SensorType) VALUES (65243, 'Σχινιάς', 'EJFN-667', 701.0, 1098.9, 'hPa', 'Pressure');
INSERT INTO MEASUREMENT (DateTime, SensorID, MeasValue) VALUES (TO_DATE('10/05/18 14:40', 'DD/MM/YY HH24:MI'), 65243, 1005.1);
INSERT INTO SENSOR (SerialNumber, CityPlaced, SensorModel, MinimValue, MaximValue, Unit, SensorType) VALUES (11722, 'Σχινιάς', 'RQCA-2323', 0.0, 21.9, 'km/h', 'Wind');
INSERT INTO MEASUREMENT (DateTime, SensorID, MeasValue) VALUES (TO_DATE('10/05/18 14:40', 'DD/MM/YY HH24:MI'), 11722, 5.1);
INSERT INTO SENSOR (SerialNumber, CityPlaced, SensorModel, MinimValue, MaximValue, Unit, SensorType) VALUES (354997, 'Υμηττός', 'QGUDP-389', -59.0, 78.9, '°C', 'Temperature');
INSERT INTO MEASUREMENT (DateTime, SensorID, MeasValue) VALUES (TO_DATE('10/05/18 14:43', 'DD/MM/YY HH24:MI'), 354997, 24.7);
INSERT INTO SENSOR (SerialNumber, CityPlaced, SensorModel, MinimValue, MaximValue, Unit, SensorType) VALUES (443622, 'Υμηττός', 'LLDYO-3204', 0, 100, '%', 'Humidity');
INSERT INTO MEASUREMENT (DateTime, SensorID, MeasValue) VALUES (TO_DATE('10/05/18 14:43', 'DD/MM/YY HH24:MI'), 443622, 54);
INSERT INTO MEASUREMENT (DateTime, SensorID, MeasValue) VALUES (TO_DATE('10/05/18 14:43', 'DD/MM/YY HH24:MI'), 39427, 753.8);
INSERT INTO SENSOR (SerialNumber, CityPlaced, SensorModel, MinimValue, MaximValue, Unit, SensorType) VALUES (78516, 'Υμηττός', 'TPJX-2096', 0.0, 20.9, 'km/h', 'Wind');
INSERT INTO MEASUREMENT (DateTime, SensorID, MeasValue) VALUES (TO_DATE('10/05/18 14:43', 'DD/MM/YY HH24:MI'), 78516, 5.4);
INSERT INTO SENSOR (SerialNumber, CityPlaced, SensorModel, MinimValue, MaximValue, Unit, SensorType) VALUES (259316, 'Χαλάνδρι 2', 'OBHMP-153', -50.0, 65.9, '°C', 'Temperature');
INSERT INTO MEASUREMENT (DateTime, SensorID, MeasValue) VALUES (TO_DATE('10/05/18 14:48', 'DD/MM/YY HH24:MI'), 259316, 23.6);
INSERT INTO SENSOR (SerialNumber, CityPlaced, SensorModel, MinimValue, MaximValue, Unit, SensorType) VALUES (125112, 'Χαλάνδρι 2', 'HZGBN-2758', 0, 100, '%', 'Humidity');
INSERT INTO MEASUREMENT (DateTime, SensorID, MeasValue) VALUES (TO_DATE('10/05/18 14:48', 'DD/MM/YY HH24:MI'), 125112, 50);
INSERT INTO SENSOR (SerialNumber, CityPlaced, SensorModel, MinimValue, MaximValue, Unit, SensorType) VALUES (89797, 'Χαλάνδρι 2', 'APEA-722', 729.0, 1054.9, 'hPa', 'Pressure');
INSERT INTO MEASUREMENT (DateTime, SensorID, MeasValue) VALUES (TO_DATE('10/05/18 14:48', 'DD/MM/YY HH24:MI'), 89797, 1005.3);
INSERT INTO SENSOR (SerialNumber, CityPlaced, SensorModel, MinimValue, MaximValue, Unit, SensorType) VALUES (595003, 'Αράχωβα', 'DJEWU-727', -55.0, 61.9, '°C', 'Temperature');
INSERT INTO MEASUREMENT (DateTime, SensorID, MeasValue) VALUES (TO_DATE('10/05/18 14:40', 'DD/MM/YY HH24:MI'), 595003, 17.8);
INSERT INTO SENSOR (SerialNumber, CityPlaced, SensorModel, MinimValue, MaximValue, Unit, SensorType) VALUES (652928, 'Αράχωβα', 'LXFLX-3350', 0, 100, '%', 'Humidity');
INSERT INTO MEASUREMENT (DateTime, SensorID, MeasValue) VALUES (TO_DATE('10/05/18 14:40', 'DD/MM/YY HH24:MI'), 652928, 56);
INSERT INTO SENSOR (SerialNumber, CityPlaced, SensorModel, MinimValue, MaximValue, Unit, SensorType) VALUES (60770, 'Αράχωβα', 'NNNE-080', 700.0, 1060.9, 'hPa', 'Pressure');
INSERT INTO MEASUREMENT (DateTime, SensorID, MeasValue) VALUES (TO_DATE('10/05/18 14:40', 'DD/MM/YY HH24:MI'), 60770, 1005.2);
INSERT INTO SENSOR (SerialNumber, CityPlaced, SensorModel, MinimValue, MaximValue, Unit, SensorType) VALUES (33540, 'Αράχωβα', 'KACJ-4496', 0.0, 21.9, 'km/h', 'Wind');
INSERT INTO MEASUREMENT (DateTime, SensorID, MeasValue) VALUES (TO_DATE('10/05/18 14:40', 'DD/MM/YY HH24:MI'), 33540, 0.3);
INSERT INTO SENSOR (SerialNumber, CityPlaced, SensorModel, MinimValue, MaximValue, Unit, SensorType) VALUES (528531, 'Λιβαδειά', 'IRWWI-913', -60.0, 73.9, '°C', 'Temperature');
INSERT INTO MEASUREMENT (DateTime, SensorID, MeasValue) VALUES (TO_DATE('10/05/18 14:35', 'DD/MM/YY HH24:MI'), 528531, 24.3);
INSERT INTO SENSOR (SerialNumber, CityPlaced, SensorModel, MinimValue, MaximValue, Unit, SensorType) VALUES (434701, 'Λιβαδειά', 'AUEHY-7121', 0, 100, '%', 'Humidity');
INSERT INTO MEASUREMENT (DateTime, SensorID, MeasValue) VALUES (TO_DATE('10/05/18 14:35', 'DD/MM/YY HH24:MI'), 434701, 46);
INSERT INTO SENSOR (SerialNumber, CityPlaced, SensorModel, MinimValue, MaximValue, Unit, SensorType) VALUES (28379, 'Λιβαδειά', 'CETW-368', 749.0, 1097.9, 'hPa', 'Pressure');
INSERT INTO MEASUREMENT (DateTime, SensorID, MeasValue) VALUES (TO_DATE('10/05/18 14:35', 'DD/MM/YY HH24:MI'), 28379, 1006.3);
INSERT INTO MEASUREMENT (DateTime, SensorID, MeasValue) VALUES (TO_DATE('10/05/18 14:35', 'DD/MM/YY HH24:MI'), 63006, 2.1);
INSERT INTO SENSOR (SerialNumber, CityPlaced, SensorModel, MinimValue, MaximValue, Unit, SensorType) VALUES (115707, 'Οινόφυτα', 'QNJYP-048', -51.0, 73.9, '°C', 'Temperature');
INSERT INTO MEASUREMENT (DateTime, SensorID, MeasValue) VALUES (TO_DATE('10/05/18 14:45', 'DD/MM/YY HH24:MI'), 115707, 21.6);
INSERT INTO SENSOR (SerialNumber, CityPlaced, SensorModel, MinimValue, MaximValue, Unit, SensorType) VALUES (623446, 'Οινόφυτα', 'DNVAV-9333', 0, 100, '%', 'Humidity');
INSERT INTO MEASUREMENT (DateTime, SensorID, MeasValue) VALUES (TO_DATE('10/05/18 14:45', 'DD/MM/YY HH24:MI'), 623446, 71);
INSERT INTO SENSOR (SerialNumber, CityPlaced, SensorModel, MinimValue, MaximValue, Unit, SensorType) VALUES (53682, 'Οινόφυτα', 'ZLHL-918', 708.0, 1080.9, 'hPa', 'Pressure');
INSERT INTO MEASUREMENT (DateTime, SensorID, MeasValue) VALUES (TO_DATE('10/05/18 14:45', 'DD/MM/YY HH24:MI'), 53682, 1006.3);
INSERT INTO SENSOR (SerialNumber, CityPlaced, SensorModel, MinimValue, MaximValue, Unit, SensorType) VALUES (11152, 'Οινόφυτα', 'TFSL-4862', 0.0, 23.9, 'km/h', 'Wind');
INSERT INTO MEASUREMENT (DateTime, SensorID, MeasValue) VALUES (TO_DATE('10/05/18 14:45', 'DD/MM/YY HH24:MI'), 11152, 5.0);
INSERT INTO SENSOR (SerialNumber, CityPlaced, SensorModel, MinimValue, MaximValue, Unit, SensorType) VALUES (143304, 'Παρνασσός Σκαμνός', 'XFVCQ-591', -52.0, 79.9, '°C', 'Temperature');
INSERT INTO MEASUREMENT (DateTime, SensorID, MeasValue) VALUES (TO_DATE('10/05/18 14:44', 'DD/MM/YY HH24:MI'), 143304, 14.3);
INSERT INTO SENSOR (SerialNumber, CityPlaced, SensorModel, MinimValue, MaximValue, Unit, SensorType) VALUES (318592, 'Παρνασσός Σκαμνός', 'ADMLJ-4750', 0, 100, '%', 'Humidity');
INSERT INTO MEASUREMENT (DateTime, SensorID, MeasValue) VALUES (TO_DATE('10/05/18 14:44', 'DD/MM/YY HH24:MI'), 318592, 66);
INSERT INTO SENSOR (SerialNumber, CityPlaced, SensorModel, MinimValue, MaximValue, Unit, SensorType) VALUES (93464, 'Παρνασσός Σκαμνός', 'AIEK-222', 734.0, 1082.9, 'hPa', 'Pressure');
INSERT INTO MEASUREMENT (DateTime, SensorID, MeasValue) VALUES (TO_DATE('10/05/18 14:44', 'DD/MM/YY HH24:MI'), 93464, 1018.0);
INSERT INTO SENSOR (SerialNumber, CityPlaced, SensorModel, MinimValue, MaximValue, Unit, SensorType) VALUES (53256, 'Παρνασσός Σκαμνός', 'GMUT-1147', 0.0, 21.9, 'km/h', 'Wind');
INSERT INTO MEASUREMENT (DateTime, SensorID, MeasValue) VALUES (TO_DATE('10/05/18 14:44', 'DD/MM/YY HH24:MI'), 53256, 0.0);
INSERT INTO SENSOR (SerialNumber, CityPlaced, SensorModel, MinimValue, MaximValue, Unit, SensorType) VALUES (853090, 'Ιστιαία', 'SWWHI-549', -52.0, 74.9, '°C', 'Temperature');
INSERT INTO MEASUREMENT (DateTime, SensorID, MeasValue) VALUES (TO_DATE('10/05/18 14:45', 'DD/MM/YY HH24:MI'), 853090, 19.4);
INSERT INTO SENSOR (SerialNumber, CityPlaced, SensorModel, MinimValue, MaximValue, Unit, SensorType) VALUES (324180, 'Ιστιαία', 'AYTZD-0200', 0, 100, '%', 'Humidity');
INSERT INTO MEASUREMENT (DateTime, SensorID, MeasValue) VALUES (TO_DATE('10/05/18 14:45', 'DD/MM/YY HH24:MI'), 324180, 75);
INSERT INTO SENSOR (SerialNumber, CityPlaced, SensorModel, MinimValue, MaximValue, Unit, SensorType) VALUES (77520, 'Ιστιαία', 'NRUC-649', 728.0, 1053.9, 'hPa', 'Pressure');
INSERT INTO MEASUREMENT (DateTime, SensorID, MeasValue) VALUES (TO_DATE('10/05/18 14:45', 'DD/MM/YY HH24:MI'), 77520, 1007.8);
INSERT INTO SENSOR (SerialNumber, CityPlaced, SensorModel, MinimValue, MaximValue, Unit, SensorType) VALUES (70639, 'Ιστιαία', 'AXZP-8533', 0.0, 24.9, 'km/h', 'Wind');
INSERT INTO MEASUREMENT (DateTime, SensorID, MeasValue) VALUES (TO_DATE('10/05/18 14:45', 'DD/MM/YY HH24:MI'), 70639, 5.6);
INSERT INTO SENSOR (SerialNumber, CityPlaced, SensorModel, MinimValue, MaximValue, Unit, SensorType) VALUES (947597, 'Κάρυστος', 'MWUVU-827', -57.0, 60.9, '°C', 'Temperature');
INSERT INTO MEASUREMENT (DateTime, SensorID, MeasValue) VALUES (TO_DATE('10/05/18 14:39', 'DD/MM/YY HH24:MI'), 947597, 22.6);
INSERT INTO SENSOR (SerialNumber, CityPlaced, SensorModel, MinimValue, MaximValue, Unit, SensorType) VALUES (214837, 'Κάρυστος', 'QWIYA-7642', 0, 100, '%', 'Humidity');
INSERT INTO MEASUREMENT (DateTime, SensorID, MeasValue) VALUES (TO_DATE('10/05/18 14:39', 'DD/MM/YY HH24:MI'), 214837, 70);
INSERT INTO SENSOR (SerialNumber, CityPlaced, SensorModel, MinimValue, MaximValue, Unit, SensorType) VALUES (39548, 'Κάρυστος', 'TWOJ-170', 719.0, 1070.9, 'hPa', 'Pressure');
INSERT INTO MEASUREMENT (DateTime, SensorID, MeasValue) VALUES (TO_DATE('10/05/18 14:39', 'DD/MM/YY HH24:MI'), 39548, 1006.4);
INSERT INTO SENSOR (SerialNumber, CityPlaced, SensorModel, MinimValue, MaximValue, Unit, SensorType) VALUES (14728, 'Κάρυστος', 'SQNG-6608', 0.0, 22.9, 'km/h', 'Wind');
INSERT INTO MEASUREMENT (DateTime, SensorID, MeasValue) VALUES (TO_DATE('10/05/18 14:39', 'DD/MM/YY HH24:MI'), 14728, 7.0);
INSERT INTO SENSOR (SerialNumber, CityPlaced, SensorModel, MinimValue, MaximValue, Unit, SensorType) VALUES (296929, 'Καβοντόρος Πρινιά', 'CUNKX-774', -54.0, 66.9, '°C', 'Temperature');
INSERT INTO MEASUREMENT (DateTime, SensorID, MeasValue) VALUES (TO_DATE('10/05/18 14:44', 'DD/MM/YY HH24:MI'), 296929, 19.9);
INSERT INTO SENSOR (SerialNumber, CityPlaced, SensorModel, MinimValue, MaximValue, Unit, SensorType) VALUES (266189, 'Καβοντόρος Πρινιά', 'BBPIW-6234', 0, 100, '%', 'Humidity');
INSERT INTO MEASUREMENT (DateTime, SensorID, MeasValue) VALUES (TO_DATE('10/05/18 14:44', 'DD/MM/YY HH24:MI'), 266189, 78);
INSERT INTO SENSOR (SerialNumber, CityPlaced, SensorModel, MinimValue, MaximValue, Unit, SensorType) VALUES (19040, 'Καβοντόρος Πρινιά', 'HBQV-338', 720.0, 1062.9, 'hPa', 'Pressure');
INSERT INTO MEASUREMENT (DateTime, SensorID, MeasValue) VALUES (TO_DATE('10/05/18 14:44', 'DD/MM/YY HH24:MI'), 19040, 1004.7);
INSERT INTO SENSOR (SerialNumber, CityPlaced, SensorModel, MinimValue, MaximValue, Unit, SensorType) VALUES (96338, 'Καβοντόρος Πρινιά', 'XKFI-0119', 0.0, 21.9, 'km/h', 'Wind');
INSERT INTO MEASUREMENT (DateTime, SensorID, MeasValue) VALUES (TO_DATE('10/05/18 14:44', 'DD/MM/YY HH24:MI'), 96338, 12.1);
INSERT INTO SENSOR (SerialNumber, CityPlaced, SensorModel, MinimValue, MaximValue, Unit, SensorType) VALUES (926841, 'Σέττα', 'NNHAG-076', -59.0, 64.9, '°C', 'Temperature');
INSERT INTO MEASUREMENT (DateTime, SensorID, MeasValue) VALUES (TO_DATE('10/05/18 14:44', 'DD/MM/YY HH24:MI'), 926841, 11.9);
INSERT INTO SENSOR (SerialNumber, CityPlaced, SensorModel, MinimValue, MaximValue, Unit, SensorType) VALUES (477729, 'Σέττα', 'MDCSZ-9529', 0, 100, '%', 'Humidity');
INSERT INTO MEASUREMENT (DateTime, SensorID, MeasValue) VALUES (TO_DATE('10/05/18 14:44', 'DD/MM/YY HH24:MI'), 477729, 86);
INSERT INTO SENSOR (SerialNumber, CityPlaced, SensorModel, MinimValue, MaximValue, Unit, SensorType) VALUES (62502, 'Σέττα', 'EHFJ-820', 724.0, 1067.9, 'hPa', 'Pressure');
INSERT INTO MEASUREMENT (DateTime, SensorID, MeasValue) VALUES (TO_DATE('10/05/18 14:44', 'DD/MM/YY HH24:MI'), 62502, 1006.1);
INSERT INTO SENSOR (SerialNumber, CityPlaced, SensorModel, MinimValue, MaximValue, Unit, SensorType) VALUES (25574, 'Σέττα', 'IHTX-2821', 0.0, 25.9, 'km/h', 'Wind');
INSERT INTO MEASUREMENT (DateTime, SensorID, MeasValue) VALUES (TO_DATE('10/05/18 14:44', 'DD/MM/YY HH24:MI'), 25574, 0.5);
INSERT INTO SENSOR (SerialNumber, CityPlaced, SensorModel, MinimValue, MaximValue, Unit, SensorType) VALUES (815600, 'Χαλκίδα, Δροσιά Ανθηδώνος', 'BLEZG-375', -50.0, 75.9, '°C', 'Temperature');
INSERT INTO MEASUREMENT (DateTime, SensorID, MeasValue) VALUES (TO_DATE('10/05/18 14:36', 'DD/MM/YY HH24:MI'), 815600, 17.2);
INSERT INTO SENSOR (SerialNumber, CityPlaced, SensorModel, MinimValue, MaximValue, Unit, SensorType) VALUES (832877, 'Χαλκίδα, Δροσιά Ανθηδώνος', 'RYHUW-1902', 0, 100, '%', 'Humidity');
INSERT INTO MEASUREMENT (DateTime, SensorID, MeasValue) VALUES (TO_DATE('10/05/18 14:36', 'DD/MM/YY HH24:MI'), 832877, 85);
INSERT INTO SENSOR (SerialNumber, CityPlaced, SensorModel, MinimValue, MaximValue, Unit, SensorType) VALUES (54834, 'Χαλκίδα, Δροσιά Ανθηδώνος', 'NYZL-187', 739.0, 1067.9, 'hPa', 'Pressure');
INSERT INTO MEASUREMENT (DateTime, SensorID, MeasValue) VALUES (TO_DATE('10/05/18 14:36', 'DD/MM/YY HH24:MI'), 54834, 1006.3);
INSERT INTO SENSOR (SerialNumber, CityPlaced, SensorModel, MinimValue, MaximValue, Unit, SensorType) VALUES (83042, 'Χαλκίδα, Δροσιά Ανθηδώνος', 'LNHL-5552', 0.0, 24.9, 'km/h', 'Wind');
INSERT INTO MEASUREMENT (DateTime, SensorID, MeasValue) VALUES (TO_DATE('10/05/18 14:36', 'DD/MM/YY HH24:MI'), 83042, 4.5);
INSERT INTO SENSOR (SerialNumber, CityPlaced, SensorModel, MinimValue, MaximValue, Unit, SensorType) VALUES (658195, 'Χαλκίδα', 'SIKCY-331', -59.0, 68.9, '°C', 'Temperature');
INSERT INTO MEASUREMENT (DateTime, SensorID, MeasValue) VALUES (TO_DATE('10/05/18 14:45', 'DD/MM/YY HH24:MI'), 658195, 20.2);
INSERT INTO SENSOR (SerialNumber, CityPlaced, SensorModel, MinimValue, MaximValue, Unit, SensorType) VALUES (818643, 'Χαλκίδα', 'UYDPG-1461', 0, 100, '%', 'Humidity');
INSERT INTO MEASUREMENT (DateTime, SensorID, MeasValue) VALUES (TO_DATE('10/05/18 14:45', 'DD/MM/YY HH24:MI'), 818643, 76);
INSERT INTO SENSOR (SerialNumber, CityPlaced, SensorModel, MinimValue, MaximValue, Unit, SensorType) VALUES (57440, 'Χαλκίδα', 'XUFA-624', 731.0, 1100.9, 'hPa', 'Pressure');
INSERT INTO MEASUREMENT (DateTime, SensorID, MeasValue) VALUES (TO_DATE('10/05/18 14:45', 'DD/MM/YY HH24:MI'), 57440, 1006.4);
INSERT INTO SENSOR (SerialNumber, CityPlaced, SensorModel, MinimValue, MaximValue, Unit, SensorType) VALUES (38833, 'Χαλκίδα', 'HFDQ-5859', 0.0, 21.9, 'km/h', 'Wind');
INSERT INTO MEASUREMENT (DateTime, SensorID, MeasValue) VALUES (TO_DATE('10/05/18 14:45', 'DD/MM/YY HH24:MI'), 38833, 9.8);
INSERT INTO SENSOR (SerialNumber, CityPlaced, SensorModel, MinimValue, MaximValue, Unit, SensorType) VALUES (418666, 'Ωρεοί', 'BXBQV-531', -51.0, 70.9, '°C', 'Temperature');
INSERT INTO MEASUREMENT (DateTime, SensorID, MeasValue) VALUES (TO_DATE('10/05/18 14:20', 'DD/MM/YY HH24:MI'), 418666, 21.1);
INSERT INTO SENSOR (SerialNumber, CityPlaced, SensorModel, MinimValue, MaximValue, Unit, SensorType) VALUES (224553, 'Ωρεοί', 'ENVBD-7345', 0, 100, '%', 'Humidity');
INSERT INTO MEASUREMENT (DateTime, SensorID, MeasValue) VALUES (TO_DATE('10/05/18 14:20', 'DD/MM/YY HH24:MI'), 224553, 65);
INSERT INTO SENSOR (SerialNumber, CityPlaced, SensorModel, MinimValue, MaximValue, Unit, SensorType) VALUES (84906, 'Ωρεοί', 'TVGS-207', 732.0, 1095.9, 'hPa', 'Pressure');
INSERT INTO MEASUREMENT (DateTime, SensorID, MeasValue) VALUES (TO_DATE('10/05/18 14:20', 'DD/MM/YY HH24:MI'), 84906, 1004.6);
INSERT INTO SENSOR (SerialNumber, CityPlaced, SensorModel, MinimValue, MaximValue, Unit, SensorType) VALUES (41012, 'Ωρεοί', 'LNEO-1288', 0.0, 20.9, 'km/h', 'Wind');
INSERT INTO MEASUREMENT (DateTime, SensorID, MeasValue) VALUES (TO_DATE('10/05/18 14:20', 'DD/MM/YY HH24:MI'), 41012, 5.1);
INSERT INTO SENSOR (SerialNumber, CityPlaced, SensorModel, MinimValue, MaximValue, Unit, SensorType) VALUES (990653, 'Αμφίκλεια Δαδί', 'LUJAN-973', -53.0, 73.9, '°C', 'Temperature');
INSERT INTO MEASUREMENT (DateTime, SensorID, MeasValue) VALUES (TO_DATE('10/05/18 14:45', 'DD/MM/YY HH24:MI'), 990653, 20.6);
INSERT INTO SENSOR (SerialNumber, CityPlaced, SensorModel, MinimValue, MaximValue, Unit, SensorType) VALUES (318229, 'Αμφίκλεια Δαδί', 'XFNKC-6890', 0, 100, '%', 'Humidity');
INSERT INTO MEASUREMENT (DateTime, SensorID, MeasValue) VALUES (TO_DATE('10/05/18 14:45', 'DD/MM/YY HH24:MI'), 318229, 53);
INSERT INTO SENSOR (SerialNumber, CityPlaced, SensorModel, MinimValue, MaximValue, Unit, SensorType) VALUES (96547, 'Αμφίκλεια Δαδί', 'QZLS-087', 734.0, 1050.9, 'hPa', 'Pressure');
INSERT INTO MEASUREMENT (DateTime, SensorID, MeasValue) VALUES (TO_DATE('10/05/18 14:45', 'DD/MM/YY HH24:MI'), 96547, 1006.2);
INSERT INTO SENSOR (SerialNumber, CityPlaced, SensorModel, MinimValue, MaximValue, Unit, SensorType) VALUES (67872, 'Αμφίκλεια Δαδί', 'BSLW-0459', 0.0, 21.9, 'km/h', 'Wind');
INSERT INTO MEASUREMENT (DateTime, SensorID, MeasValue) VALUES (TO_DATE('10/05/18 14:45', 'DD/MM/YY HH24:MI'), 67872, 4.8);
INSERT INTO SENSOR (SerialNumber, CityPlaced, SensorModel, MinimValue, MaximValue, Unit, SensorType) VALUES (565586, 'Καμμένα Βούρλα, Καινούργιο', 'EWULI-540', -53.0, 74.9, '°C', 'Temperature');
INSERT INTO MEASUREMENT (DateTime, SensorID, MeasValue) VALUES (TO_DATE('10/05/18 14:43', 'DD/MM/YY HH24:MI'), 565586, 20.4);
INSERT INTO SENSOR (SerialNumber, CityPlaced, SensorModel, MinimValue, MaximValue, Unit, SensorType) VALUES (872790, 'Καμμένα Βούρλα, Καινούργιο', 'YYPUO-0392', 0, 100, '%', 'Humidity');
INSERT INTO MEASUREMENT (DateTime, SensorID, MeasValue) VALUES (TO_DATE('10/05/18 14:43', 'DD/MM/YY HH24:MI'), 872790, 74);
INSERT INTO SENSOR (SerialNumber, CityPlaced, SensorModel, MinimValue, MaximValue, Unit, SensorType) VALUES (55847, 'Καμμένα Βούρλα, Καινούργιο', 'ORKK-198', 739.0, 1051.9, 'hPa', 'Pressure');
INSERT INTO MEASUREMENT (DateTime, SensorID, MeasValue) VALUES (TO_DATE('10/05/18 14:43', 'DD/MM/YY HH24:MI'), 55847, 1006.6);
INSERT INTO SENSOR (SerialNumber, CityPlaced, SensorModel, MinimValue, MaximValue, Unit, SensorType) VALUES (88028, 'Καμμένα Βούρλα, Καινούργιο', 'XLSM-8335', 0.0, 25.9, 'km/h', 'Wind');
INSERT INTO MEASUREMENT (DateTime, SensorID, MeasValue) VALUES (TO_DATE('10/05/18 14:43', 'DD/MM/YY HH24:MI'), 88028, 3.5);
INSERT INTO SENSOR (SerialNumber, CityPlaced, SensorModel, MinimValue, MaximValue, Unit, SensorType) VALUES (617456, 'Λαμία Άμπλιανη', 'WSCZT-832', -51.0, 80.9, '°C', 'Temperature');
INSERT INTO MEASUREMENT (DateTime, SensorID, MeasValue) VALUES (TO_DATE('10/05/18 14:40', 'DD/MM/YY HH24:MI'), 617456, 22.2);
INSERT INTO SENSOR (SerialNumber, CityPlaced, SensorModel, MinimValue, MaximValue, Unit, SensorType) VALUES (730616, 'Λαμία Άμπλιανη', 'LTLWZ-6435', 0, 100, '%', 'Humidity');
INSERT INTO MEASUREMENT (DateTime, SensorID, MeasValue) VALUES (TO_DATE('10/05/18 14:40', 'DD/MM/YY HH24:MI'), 730616, 51);
INSERT INTO SENSOR (SerialNumber, CityPlaced, SensorModel, MinimValue, MaximValue, Unit, SensorType) VALUES (66753, 'Λαμία Άμπλιανη', 'CLLM-386', 714.0, 1098.9, 'hPa', 'Pressure');
INSERT INTO MEASUREMENT (DateTime, SensorID, MeasValue) VALUES (TO_DATE('10/05/18 14:40', 'DD/MM/YY HH24:MI'), 66753, 1005.4);
INSERT INTO SENSOR (SerialNumber, CityPlaced, SensorModel, MinimValue, MaximValue, Unit, SensorType) VALUES (24719, 'Λαμία Άμπλιανη', 'XATG-8891', 0.0, 23.9, 'km/h', 'Wind');
INSERT INTO MEASUREMENT (DateTime, SensorID, MeasValue) VALUES (TO_DATE('10/05/18 14:40', 'DD/MM/YY HH24:MI'), 24719, 9.5);
INSERT INTO SENSOR (SerialNumber, CityPlaced, SensorModel, MinimValue, MaximValue, Unit, SensorType) VALUES (690171, 'Ράχες', 'FNNKS-974', -53.0, 68.9, '°C', 'Temperature');
INSERT INTO MEASUREMENT (DateTime, SensorID, MeasValue) VALUES (TO_DATE('10/05/18 14:45', 'DD/MM/YY HH24:MI'), 690171, 19.0);
INSERT INTO SENSOR (SerialNumber, CityPlaced, SensorModel, MinimValue, MaximValue, Unit, SensorType) VALUES (145850, 'Ράχες', 'SNICH-0215', 0, 100, '%', 'Humidity');
INSERT INTO MEASUREMENT (DateTime, SensorID, MeasValue) VALUES (TO_DATE('10/05/18 14:45', 'DD/MM/YY HH24:MI'), 145850, 75);
INSERT INTO SENSOR (SerialNumber, CityPlaced, SensorModel, MinimValue, MaximValue, Unit, SensorType) VALUES (46881, 'Ράχες', 'UDTU-049', 745.0, 1070.9, 'hPa', 'Pressure');
INSERT INTO MEASUREMENT (DateTime, SensorID, MeasValue) VALUES (TO_DATE('10/05/18 14:45', 'DD/MM/YY HH24:MI'), 46881, 1006.8);
INSERT INTO SENSOR (SerialNumber, CityPlaced, SensorModel, MinimValue, MaximValue, Unit, SensorType) VALUES (92329, 'Ράχες', 'LHBR-8847', 0.0, 20.9, 'km/h', 'Wind');
INSERT INTO MEASUREMENT (DateTime, SensorID, MeasValue) VALUES (TO_DATE('10/05/18 14:45', 'DD/MM/YY HH24:MI'), 92329, 9.1);
INSERT INTO SENSOR (SerialNumber, CityPlaced, SensorModel, MinimValue, MaximValue, Unit, SensorType) VALUES (103016, 'Aγόριανη Επτάλοφος', 'IKFAN-780', -51.0, 71.9, '°C', 'Temperature');
INSERT INTO MEASUREMENT (DateTime, SensorID, MeasValue) VALUES (TO_DATE('10/05/18 14:08', 'DD/MM/YY HH24:MI'), 103016, 15.1);
INSERT INTO SENSOR (SerialNumber, CityPlaced, SensorModel, MinimValue, MaximValue, Unit, SensorType) VALUES (948687, 'Aγόριανη Επτάλοφος', 'VZBSN-7651', 0, 100, '%', 'Humidity');
INSERT INTO MEASUREMENT (DateTime, SensorID, MeasValue) VALUES (TO_DATE('10/05/18 14:08', 'DD/MM/YY HH24:MI'), 948687, 76);
INSERT INTO SENSOR (SerialNumber, CityPlaced, SensorModel, MinimValue, MaximValue, Unit, SensorType) VALUES (16619, 'Aγόριανη Επτάλοφος', 'UZVR-664', 714.0, 1083.9, 'hPa', 'Pressure');
INSERT INTO MEASUREMENT (DateTime, SensorID, MeasValue) VALUES (TO_DATE('10/05/18 14:08', 'DD/MM/YY HH24:MI'), 16619, 1010.9);
INSERT INTO SENSOR (SerialNumber, CityPlaced, SensorModel, MinimValue, MaximValue, Unit, SensorType) VALUES (41844, 'Aγόριανη Επτάλοφος', 'APGH-3433', 0.0, 20.9, 'km/h', 'Wind');
INSERT INTO MEASUREMENT (DateTime, SensorID, MeasValue) VALUES (TO_DATE('10/05/18 14:08', 'DD/MM/YY HH24:MI'), 41844, 1.3);
INSERT INTO SENSOR (SerialNumber, CityPlaced, SensorModel, MinimValue, MaximValue, Unit, SensorType) VALUES (642736, 'Παρνασσός Πολύδροσο', 'CXPOC-627', -56.0, 74.9, '°C', 'Temperature');
INSERT INTO MEASUREMENT (DateTime, SensorID, MeasValue) VALUES (TO_DATE('10/05/18 14:48', 'DD/MM/YY HH24:MI'), 642736, 20.6);
INSERT INTO SENSOR (SerialNumber, CityPlaced, SensorModel, MinimValue, MaximValue, Unit, SensorType) VALUES (816463, 'Παρνασσός Πολύδροσο', 'XDVFH-4613', 0, 100, '%', 'Humidity');
INSERT INTO MEASUREMENT (DateTime, SensorID, MeasValue) VALUES (TO_DATE('10/05/18 14:48', 'DD/MM/YY HH24:MI'), 816463, 50);
INSERT INTO SENSOR (SerialNumber, CityPlaced, SensorModel, MinimValue, MaximValue, Unit, SensorType) VALUES (79220, 'Παρνασσός Πολύδροσο', 'TCPR-545', 748.0, 1074.9, 'hPa', 'Pressure');
INSERT INTO MEASUREMENT (DateTime, SensorID, MeasValue) VALUES (TO_DATE('10/05/18 14:48', 'DD/MM/YY HH24:MI'), 79220, 1001.1);
INSERT INTO SENSOR (SerialNumber, CityPlaced, SensorModel, MinimValue, MaximValue, Unit, SensorType) VALUES (24408, 'Παρνασσός Πολύδροσο', 'YSGS-3529', 0.0, 24.9, 'km/h', 'Wind');
INSERT INTO MEASUREMENT (DateTime, SensorID, MeasValue) VALUES (TO_DATE('10/05/18 14:48', 'DD/MM/YY HH24:MI'), 24408, 0.3);

COMMIT;

MERGE INTO MONTHLY_STATISTICS
USING (SELECT S.CITYPLACED AS City, MIN(M.MEASVALUE) AS Minim, MAX(M.MEASVALUE) AS Maxim, ROUND(AVG(M.MEASVALUE),1) AS Avrg, S.SENSORTYPE AS S_Type, TO_CHAR(M.DATETIME, 'MM/YY') AS CurDate
FROM MEASUREMENT M INNER JOIN SENSOR S ON M.SENSORID = S.SERIALNUMBER
WHERE TO_CHAR(M.DATETIME, 'MM/YY') = '05/18'
GROUP BY S.CITYPLACED, S.SENSORTYPE, TO_CHAR(M.DATETIME, 'MM/YY')) TMP
ON (TMP.City = M_STATCITY AND TMP.CurDate = TO_CHAR(MONTHID, 'MM/YY') AND TMP.S_Type = M_STATTYPE)
WHEN NOT MATCHED THEN INSERT (MONTHID, M_STATCITY, M_STATMIN, M_STATMAX, M_STATAVG, M_STATTYPE) VALUES (TO_DATE(TMP.CurDate, 'MM/YY'), TMP.City, TMP.Minim, TMP.Maxim, TMP.Avrg, TMP.S_Type)
WHEN MATCHED THEN UPDATE SET M_STATMIN = TMP.Minim, M_STATMAX = TMP.Maxim, M_STATAVG = TMP.Avrg;

MERGE INTO DAILY_STATISTICS
USING (SELECT S.CITYPLACED AS City, MIN(M.MEASVALUE) AS Minim, MAX(M.MEASVALUE) AS Maxim, ROUND(AVG(M.MEASVALUE),1) AS Avrg, S.SENSORTYPE AS S_Type, TO_CHAR(M.DATETIME, 'DD/MM/YY') AS CurDate
FROM MEASUREMENT M INNER JOIN SENSOR S ON M.SENSORID = S.SERIALNUMBER
WHERE TO_CHAR(M.DATETIME, 'DD/MM/YY') = '10/05/18'
GROUP BY S.CITYPLACED, S.SENSORTYPE, TO_CHAR(M.DATETIME, 'DD/MM/YY')) TMP
ON (TMP.City = D_STATCITY AND TMP.CurDate = TO_CHAR(DAYID, 'DD/MM/YY') AND TMP.S_Type = D_STATTYPE)
WHEN NOT MATCHED THEN INSERT (DAYID, D_STATCITY, D_STATMIN, D_STATMAX, D_STATAVG, D_STATTYPE) VALUES (TO_DATE(TMP.CurDate, 'DD/MM/YY'), TMP.City, TMP.Minim, TMP.Maxim, TMP.Avrg, TMP.S_Type)
WHEN MATCHED THEN UPDATE SET D_STATMIN = TMP.Minim, D_STATMAX = TMP.Maxim, D_STATAVG = TMP.Avrg;

COMMIT;

-- Source: https://stackoverflow.com/questions/12903446

